<?xml version="1.0"?>
<VTKFile type="UnstructuredGrid" version="0.1" byte_order="LittleEndian">
  <UnstructuredGrid>
    <Piece NumberOfPoints="1630" NumberOfCells="2923">
      <Points>
        <DataArray type="Float64" NumberOfComponents="3" format="ascii">
          1.635853 1.072314 0.0
          0.574476 1.456341 0.0
          1.088250 1.262736 0.0
          0.596648 1.380228 0.0
          0.0 1.350975 0.0
          2.385401 1.364018 0.0
          1.500000 1.500000 0.0
          3.187395 1.202769 0.0
          3.403672 1.251448 0.0
          0.210874 1.464854 0.0
          3.342986 1.370670 0.0
          0.239330 0.686685 0.0
          0.0 0.605848 0.0
          2.992321 0.626828 0.0
          3.500000 0.655523 0.0
          3.119956 0.500000 0.0
          1.000000 1.000000 0.0
          1.512862 1.361524 0.0
          0.273754 0.766152 0.0
          0.531851 0.795917 0.0
          0.503156 0.666779 0.0
          3.319299 1.192808 0.0
          2.740054 1.302196 0.0
          2.517316 0.769995 0.0
          3.015256 0.805443 0.0
          0.859903 0.500000 0.0
          0.921158 1.194313 0.0
          0.491699 0.766121 0.0
          2.625245 0.785651 0.0
          2.740081 0.500000 0.0
          0.250894 1.342327 0.0
          2.992353 1.004127 0.0
          2.375315 1.088966 0.0
          0.600698 0.954851 0.0
          1.403740 1.173712 0.0
          0.779915 0.500000 0.0
          0.503209 1.044271 0.0
          2.522109 1.302240 0.0
          1.420923 1.401765 0.0
          3.003884 1.282268 0.0
          0.136167 1.203267 0.0
          2.563748 0.565561 0.0
          2.642496 1.014129 0.0
          3.325033 1.143138 0.0
          3.420993 0.607640 0.0
          0.245112 1.014506 0.0
          2.602958 1.361234 0.0
          3.500000 0.754874 0.0
          2.567988 1.282362 0.0
          3.415466 1.421844 0.0
          0.158566 1.380621 0.0
          0.090286 1.223142 0.0
          0.463057 1.014475 0.0
          0.388535 1.282703 0.0
          3.141442 0.845154 0.0
          0.835257 0.804895 0.0
          3.256177 0.984208 0.0
          1.575248 1.457604 0.0
          2.561614 0.852747 0.0
          2.711351 1.173060 0.0
          2.860441 1.014087 0.0
          3.456980 1.127437 0.0
          3.354839 1.272413 0.0
          2.889143 1.143223 0.0
          0.040817 0.629050 0.0
          2.745024 0.582672 0.0
          3.198773 0.725935 0.0
          2.039893 1.322148 0.0
          3.302130 1.341822 0.0
          2.613794 0.884993 0.0
          0.594970 1.004522 0.0
          0.222004 0.526063 0.0
          2.224185 1.022558 0.0
          0.646579 0.934977 0.0
          0.291046 1.372123 0.0
          3.175943 1.302111 0.0
          1.328900 1.000000 0.0
          0.525427 1.457011 0.0
          2.079602 1.351524 0.0
          3.407384 0.824026 0.0
          2.791585 0.855156 0.0
          1.082513 1.312395 0.0
          2.520107 0.500000 0.0
          0.925490 0.740877 0.0
          2.500000 0.799987 0.0
          2.650000 1.428538 0.0
          0.327043 0.524102 0.0
          2.561315 0.654443 0.0
          2.906673 0.617704 0.0
          1.134131 1.242861 0.0
          0.738573 0.895350 0.0
          2.390198 1.312205 0.0
          1.525000 1.457538 0.0
          1.349579 1.035324 0.0
          0.359903 0.553372 0.0
          2.521107 0.726677 0.0
          0.283829 0.664478 0.0
          2.527868 0.895213 0.0
          3.392750 0.923107 0.0
          3.227475 0.855071 0.0
          1.799936 1.144584 0.0
          2.803110 1.133306 0.0
          2.316410 1.205163 0.0
          1.225891 1.203112 0.0
          3.150000 1.500000 0.0
          0.153541 1.054277 0.0
          2.625185 1.162833 0.0
          0.635068 0.656827 0.0
          0.313960 1.173440 0.0
          3.411132 1.152565 0.0
          1.719171 1.000000 0.0
          3.279153 1.163015 0.0
          2.424624 1.391663 0.0
          3.135716 0.894825 0.0
          3.043958 0.934579 0.0
          1.174283 1.272658 0.0
          0.114145 1.024568 0.0
          1.396871 1.053159 0.0
          2.500000 0.560039 0.0
          2.500000 0.640026 0.0
          3.299912 0.500000 0.0
          2.335815 1.023021 0.0
          1.123368 1.000000 0.0
          1.443483 1.060376 0.0
          3.454509 0.680724 0.0
          2.699903 1.272395 0.0
          3.055409 0.835237 0.0
          0.319688 1.123769 0.0
          0.193522 1.084053 0.0
          3.461320 0.629105 0.0
          2.946473 1.024004 0.0
          1.776405 1.341871 0.0
          0.982684 0.690016 0.0
          0.043020 0.829386 0.0
          2.450000 1.500000 0.0
          2.325000 1.469814 0.0
          0.841578 1.133675 0.0
          1.698952 1.023021 0.0
          2.900014 0.534590 0.0
          1.226157 1.000000 0.0
          1.203274 1.409018 0.0
          0.640850 0.984648 0.0
          3.500000 1.152274 0.0
          0.910431 1.292277 0.0
          0.147575 0.726447 0.0
          2.734328 1.351867 0.0
          0.222199 1.213189 0.0
          0.520448 1.272751 0.0
          1.000000 0.939961 0.0
          2.900037 0.500000 0.0
          2.583500 0.524242 0.0
          0.839905 0.500000 0.0
          3.115545 1.414250 0.0
          0.878181 0.558858 0.0
          3.500000 0.903899 0.0
          0.382807 1.332374 0.0
          2.253377 1.000000 0.0
          0.216417 0.885368 0.0
          3.375537 1.073463 0.0
          0.728877 1.455044 0.0
          2.137824 1.232775 0.0
          1.564292 1.292470 0.0
          1.802699 1.416957 0.0
          2.376632 1.000000 0.0
          3.204572 1.053756 0.0
          2.694174 1.322073 0.0
          0.629340 0.706497 0.0
          3.348009 1.321945 0.0
          0.245369 1.392466 0.0
          3.015329 1.182934 0.0
          3.273426 1.212686 0.0
          0.113637 0.562400 0.0
          0.245059 0.637014 0.0
          0.101017 0.746491 0.0
          0.744120 1.223050 0.0
          2.193842 1.057245 0.0
          0.360050 0.500000 0.0
          1.000000 0.859974 0.0
          3.238926 0.755729 0.0
          0.035191 0.582437 0.0
          3.399898 0.500000 0.0
          2.654042 1.292250 0.0
          1.000000 0.540042 0.0
          2.523381 0.626143 0.0
          0.539984 0.500000 0.0
          2.745778 1.252523 0.0
          2.940748 1.073675 0.0
          2.620100 0.500000 0.0
          3.020995 0.755754 0.0
          3.135790 1.272317 0.0
          2.000000 1.500000 0.0
          0.497427 0.716450 0.0
          2.562548 1.331674 0.0
          3.500000 1.400650 0.0
          3.158619 0.696141 0.0
          0.025559 0.541802 0.0
          2.410726 1.023424 0.0
          0.187855 0.519290 0.0
          1.808378 1.024408 0.0
          1.000000 0.640026 0.0
          3.079969 0.500000 0.0
          1.410986 1.000000 0.0
          0.544906 0.527465 0.0
          2.275121 1.173604 0.0
          2.688301 0.616760 0.0
          3.175870 0.924619 0.0
          2.751431 0.825362 0.0
          0.239384 1.064177 0.0
          2.603100 0.984422 0.0
          3.250448 1.033878 0.0
          2.150628 1.000000 0.0
          3.152893 0.745812 0.0
          2.470529 1.371846 0.0
          3.003804 0.904785 0.0
          3.066934 1.113386 0.0
          3.187321 0.825277 0.0
          0.789948 0.825683 0.0
          2.117244 1.058734 0.0
          0.850000 1.500000 0.0
          2.700000 1.500000 0.0
          3.170144 0.974290 0.0
          0.721101 0.666748 0.0
          2.556713 1.052635 0.0
          1.390533 1.000000 0.0
          0.715372 0.716419 0.0
          0.042104 0.926334 0.0
          2.889069 0.765731 0.0
          0.726883 0.994570 0.0
          0.197398 1.417748 0.0
          3.112740 0.716018 0.0
          0.939895 0.500000 0.0
          2.822214 0.605399 0.0
          0.354058 0.825744 0.0
          3.120170 0.560424 0.0
          2.640097 0.500000 0.0
          3.216023 0.954413 0.0
          0.579969 0.500000 0.0
          0.520394 0.895259 0.0
          3.365137 1.172926 0.0
          0.719928 0.500000 0.0
          3.021579 1.457473 0.0
          2.840056 0.500000 0.0
          2.121723 1.023336 0.0
          1.919832 1.232733 0.0
          3.359387 0.845111 0.0
          0.814007 0.627748 0.0
          0.085400 1.267550 0.0
          2.441809 1.242675 0.0
          3.181596 0.874948 0.0
          2.476265 1.322199 0.0
          2.780207 1.331990 0.0
          2.034906 1.058842 0.0
          0.114265 0.645980 0.0
          1.426491 1.351842 0.0
          2.877692 1.242565 0.0
          1.095068 1.215580 0.0
          1.747813 1.212971 0.0
          3.072660 1.063715 0.0
          2.952280 1.351814 0.0
          0.617883 0.805839 0.0
          1.443744 1.203186 0.0
          1.908421 1.332157 0.0
          2.649607 0.585561 0.0
          2.532502 0.803348 0.0
          2.596103 0.637328 0.0
          2.143549 1.183103 0.0
          0.087866 0.849640 0.0
          0.233602 0.736356 0.0
          2.722729 0.696226 0.0
          2.671171 1.143204 0.0
          3.164418 1.023961 0.0
          2.963727 1.252479 0.0
          2.109467 1.000000 0.0
          3.233201 0.805400 0.0
          3.396869 0.874663 0.0
          0.583460 0.726372 0.0
          0.0 0.854224 0.0
          1.300000 1.500000 0.0
          1.676058 1.468896 0.0
          0.629394 1.083989 0.0
          2.125000 1.468571 0.0
          0.982684 0.769995 0.0
          0.732611 0.944899 0.0
          2.894795 0.716060 0.0
          3.379900 0.500000 0.0
          1.701933 1.232846 0.0
          1.246623 1.000000 0.0
          0.692459 0.915102 0.0
          2.500000 0.580037 0.0
          3.227548 1.232563 0.0
          0.0 1.052924 0.0
          0.417177 1.034349 0.0
          0.063958 0.556884 0.0
          2.521308 0.696710 0.0
          2.027393 1.000000 0.0
          3.210297 1.004084 0.0
          3.050000 1.500000 0.0
          2.023477 1.096449 0.0
          0.147855 1.103952 0.0
          1.540988 1.113373 0.0
          2.523376 0.666282 0.0
          1.883486 1.000000 0.0
          1.553906 1.388862 0.0
          3.181355 0.532171 0.0
          2.995506 1.421896 0.0
          0.100102 0.500000 0.0
          0.130438 1.252938 0.0
          1.000000 0.959958 0.0
          3.461241 0.513783 0.0
          3.061138 0.785561 0.0
          2.843263 1.163100 0.0
          0.308231 1.223111 0.0
          3.464755 1.464717 0.0
          3.390365 0.527278 0.0
          0.636322 1.409965 0.0
          1.000000 0.720008 0.0
          2.500000 0.700013 0.0
          0.795676 0.776012 0.0
          0.800000 1.500000 0.0
          0.862033 1.464185 0.0
          0.052084 0.757511 0.0
          0.108673 1.074268 0.0
          1.863008 1.000000 0.0
          1.581477 1.143458 0.0
          1.695574 1.068229 0.0
          0.359840 1.153565 0.0
          0.550000 1.500000 0.0
          0.974625 0.525392 0.0
          2.923571 1.222687 0.0
          2.700606 0.567568 0.0
          2.775000 1.469933 0.0
          1.690477 1.332188 0.0
          2.820287 0.984292 0.0
          0.543308 0.696576 0.0
          2.363010 1.186275 0.0
          2.848989 1.113429 0.0
          3.179938 0.500000 0.0
          2.900000 1.500000 0.0
          3.339050 1.415926 0.0
          1.300467 1.312376 0.0
          2.619519 0.835322 0.0
          0.018019 0.517276 0.0
          0.759919 0.500000 0.0
          2.633866 0.738036 0.0
          0.583513 1.103864 0.0
          1.376092 1.422081 0.0
          2.871892 0.914744 0.0
          0.778663 0.925114 0.0
          1.600000 1.500000 0.0
          2.768608 0.676349 0.0
          2.581106 0.797002 0.0
          2.163589 1.355001 0.0
          3.418407 1.051292 0.0
          2.980828 0.725977 0.0
          0.256623 1.292656 0.0
          0.518591 0.564278 0.0
          2.785859 0.904827 0.0
          0.589188 0.676701 0.0
          0.726392 1.370805 0.0
          0.942826 0.777062 0.0
          2.579327 1.182761 0.0
          0.365568 1.103895 0.0
          2.854715 1.063758 0.0
          0.078815 1.367195 0.0
          2.665399 0.815445 0.0
          3.500000 1.251625 0.0
          1.061752 1.000000 0.0
          2.624771 1.459718 0.0
          1.380771 1.371968 0.0
          3.460767 1.336257 0.0
          2.400000 1.500000 0.0
          3.300000 1.428789 0.0
          2.481957 1.272450 0.0
          1.137474 1.141005 0.0
          0.120669 0.521864 0.0
          0.382753 0.954882 0.0
          2.309842 1.252674 0.0
          0.857963 1.362427 0.0
          3.193047 0.775606 0.0
          0.340055 0.596378 0.0
          3.026781 1.083592 0.0
          3.147168 0.795483 0.0
          0.663817 1.163456 0.0
          3.147241 1.172975 0.0
          0.340056 0.500000 0.0
          2.017181 1.143738 0.0
          0.824372 0.905150 0.0
          3.500000 1.201949 0.0
          3.479893 0.500000 0.0
          0.302503 1.272781 0.0
          2.957925 0.924662 0.0
          1.000000 0.500000 0.0
          2.923497 0.845196 0.0
          2.906320 0.994210 0.0
          2.870047 0.517315 0.0
          2.774353 1.381364 0.0
          2.228350 1.194683 0.0
          3.244652 0.706058 0.0
          1.128402 1.292532 0.0
          0.988276 1.101599 0.0
          1.184991 1.000000 0.0
          2.000179 1.292398 0.0
          1.740503 1.078705 0.0
          3.500000 1.350975 0.0
          1.151316 1.093849 0.0
          0.973870 0.905553 0.0
          1.650335 1.302357 0.0
          2.998078 0.954456 0.0
          1.266043 1.232909 0.0
          0.348383 1.252907 0.0
          2.866166 0.964416 0.0
          0.851758 0.656874 0.0
          0.029845 0.727280 0.0
          2.500000 1.000000 0.0
          0.827379 0.572935 0.0
          0.250000 1.500000 0.0
          3.101288 0.815360 0.0
          0.300000 1.500000 0.0
          0.160095 0.500000 0.0
          0.0 1.003249 0.0
          3.447118 1.285573 0.0
          1.020650 1.000000 0.0
          3.066882 0.735865 0.0
          0.399938 0.805870 0.0
          2.659673 0.865116 0.0
          2.382901 1.421149 0.0
          3.324929 0.765618 0.0
          0.326231 1.452554 0.0
          0.043114 0.877242 0.0
          2.659743 1.242581 0.0
          2.109454 1.105718 0.0
          0.440023 0.500000 0.0
          1.340619 1.342172 0.0
          3.454826 1.177526 0.0
          3.313764 1.242503 0.0
          2.969376 0.825320 0.0
          1.566754 1.021701 0.0
          0.071497 1.460690 0.0
          0.850336 1.416916 0.0
          0.159268 1.004606 0.0
          2.665447 1.192878 0.0
          1.842482 1.000000 0.0
          3.072716 0.686049 0.0
          3.307856 1.292151 0.0
          2.585010 1.133546 0.0
          2.940023 0.500000 0.0
          0.099749 0.693506 0.0
          0.260076 0.500000 0.0
          1.594585 1.416929 0.0
          0.474568 1.292625 0.0
          2.238020 1.071224 0.0
          1.369166 1.092129 0.0
          0.405667 0.756207 0.0
          2.839380 0.557119 0.0
          2.960016 0.500000 0.0
          0.669164 0.530161 0.0
          2.762956 1.103510 0.0
          0.750000 1.500000 0.0
          0.354112 1.203236 0.0
          3.500000 1.450325 0.0
          1.977319 1.026951 0.0
          2.518968 0.833723 0.0
          1.349372 1.000000 0.0
          0.596395 1.422200 0.0
          2.800000 1.500000 0.0
          2.573714 1.232691 0.0
          1.456447 1.420878 0.0
          0.399992 1.183362 0.0
          1.000000 0.899966 0.0
          2.468945 1.422454 0.0
          0.772445 1.351945 0.0
          0.083286 0.523021 0.0
          1.030870 1.381860 0.0
          1.948574 1.361954 0.0
          1.954302 1.312281 0.0
          2.130092 1.000000 0.0
          3.038232 0.984250 0.0
          2.680092 0.500000 0.0
          1.630891 1.453393 0.0
          3.456487 0.735537 0.0
          2.557630 0.706612 0.0
          3.261976 1.312028 0.0
          0.526123 0.845588 0.0
          1.000000 0.799987 0.0
          0.812873 1.004563 0.0
          2.705621 1.222721 0.0
          2.401672 1.212932 0.0
          1.275073 1.134960 0.0
          0.963323 1.131820 0.0
          1.000000 0.759997 0.0
          0.784273 1.252845 0.0
          3.118539 1.043838 0.0
          3.456980 0.829386 0.0
          0.772780 0.974704 0.0
          1.776739 1.022810 0.0
          1.327256 1.070524 0.0
          2.557148 1.380585 0.0
          2.871966 1.292236 0.0
          2.784396 0.564030 0.0
          0.296149 0.522372 0.0
          1.950000 1.500000 0.0
          1.025000 1.470381 0.0
          1.669112 1.107624 0.0
          2.500000 0.620030 0.0
          0.658035 0.835635 0.0
          1.363532 1.143490 0.0
          3.200000 1.500000 0.0
          3.124338 1.371659 0.0
          1.431563 1.000000 0.0
          1.168554 1.322328 0.0
          2.540107 0.500000 0.0
          0.669492 0.736294 0.0
          0.411324 1.413747 0.0
          1.971194 1.162788 0.0
          0.463004 0.636983 0.0
          0.038448 1.333344 0.0
          0.692513 1.292594 0.0
          1.846974 1.023360 0.0
          0.898270 1.390294 0.0
          3.055483 1.212728 0.0
          3.101362 1.192852 0.0
          0.0 1.102599 0.0
          3.141516 1.222646 0.0
          3.338974 0.607956 0.0
          0.811284 1.381789 0.0
          0.250845 0.964836 0.0
          1.036624 1.332253 0.0
          3.381796 0.599741 0.0
          1.478249 1.282563 0.0
          2.417701 1.000000 0.0
          0.916569 0.591792 0.0
          1.072120 1.456907 0.0
          0.572003 0.825714 0.0
          1.000332 1.149168 0.0
          0.227874 0.786026 0.0
          1.483922 1.232967 0.0
          2.613868 1.262473 0.0
          0.0 1.450325 0.0
          2.860050 0.500000 0.0
          2.522821 0.866394 0.0
          0.117462 1.400449 0.0
          3.424850 0.526639 0.0
          2.757230 1.153181 0.0
          0.434416 1.262829 0.0
          1.095934 1.023439 0.0
          1.000000 0.680018 0.0
          3.330758 1.093467 0.0
          0.220085 0.500000 0.0
          1.575843 1.193140 0.0
          2.527835 1.252569 0.0
          1.925409 1.182791 0.0
          1.846332 1.126555 0.0
          3.370573 0.745658 0.0
          2.686432 1.416257 0.0
          0.830128 1.232984 0.0
          0.451547 0.736325 0.0
          1.234806 1.104977 0.0
          3.074936 1.447072 0.0
          1.534237 1.000000 0.0
          2.356045 1.000000 0.0
          3.020770 0.525005 0.0
          2.256184 1.120917 0.0
          2.170130 1.455112 0.0
          0.726829 0.617078 0.0
          1.476632 1.457623 0.0
          1.287765 1.000000 0.0
          1.879680 1.202927 0.0
          2.883343 0.815402 0.0
          3.251818 1.413503 0.0
          2.722802 1.073715 0.0
          0.273808 1.143644 0.0
          1.782219 1.292398 0.0
          0.100000 1.500000 0.0
          0.331091 0.646936 0.0
          0.445819 0.785995 0.0
          2.599448 1.034525 0.0
          2.500000 1.500000 0.0
          1.150000 1.500000 0.0
          3.084111 0.964373 0.0
          2.866240 1.341907 0.0
          3.053375 0.521748 0.0
          1.536003 1.163444 0.0
          1.318581 1.029755 0.0
          1.286397 1.020647 0.0
          2.085355 1.302246 0.0
          0.804166 1.423769 0.0
          2.171100 1.000000 0.0
          2.645692 1.388242 0.0
          0.965619 0.592803 0.0
          3.459893 0.500000 0.0
          0.963780 1.175560 0.0
          1.000000 0.700013 0.0
          0.187722 0.756230 0.0
          0.698241 1.242923 0.0
          0.977824 0.626127 0.0
          0.440090 0.835666 0.0
          2.678379 0.716353 0.0
          3.336301 1.043775 0.0
          1.375421 1.465347 0.0
          1.636992 1.000000 0.0
          2.854641 0.686266 0.0
          1.616514 1.000000 0.0
          0.302449 0.895290 0.0
          1.438095 1.252770 0.0
          0.350000 1.500000 0.0
          3.045224 0.559234 0.0
          0.460769 1.389151 0.0
          1.250000 1.500000 0.0
          1.714705 1.123472 0.0
          0.680839 1.391083 0.0
          2.045786 1.021582 0.0
          1.102918 1.000000 0.0
          2.491527 1.100156 0.0
          0.554818 0.974726 0.0
          2.436107 1.292400 0.0
          2.298619 1.352372 0.0
          0.619956 0.500000 0.0
          2.683627 0.666996 0.0
          3.198846 1.103427 0.0
          0.0 1.201949 0.0
          0.937722 0.878495 0.0
          0.445573 0.525215 0.0
          3.411379 0.675854 0.0
          2.190489 1.020543 0.0
          0.785252 0.875893 0.0
          0.789992 1.203188 0.0
          1.000000 0.819982 0.0
          0.330465 1.400094 0.0
          0.508884 0.617109 0.0
          0.761253 0.696545 0.0
          3.124265 0.994167 0.0
          2.500000 0.959958 0.0
          3.393400 1.300838 0.0
          3.213651 0.561226 0.0
          2.523446 0.584165 0.0
          1.879209 1.058657 0.0
          2.818945 1.456532 0.0
          0.938145 1.093851 0.0
          2.762883 0.726020 0.0
          3.381247 1.023794 0.0
          1.903282 1.380365 0.0
          0.566600 0.557983 0.0
          0.365881 1.419089 0.0
          0.418061 0.531219 0.0
          3.279915 0.500000 0.0
          1.316233 1.109771 0.0
          2.100000 1.500000 0.0
          2.797384 1.182977 0.0
          3.221823 1.282234 0.0
          0.170537 0.905242 0.0
          2.072856 1.080582 0.0
          2.998191 1.331896 0.0
          1.696205 1.282517 0.0
          3.037788 0.607257 0.0
          0.881615 1.163638 0.0
          0.474514 0.915133 0.0
          0.981003 0.560522 0.0
          2.631081 1.113396 0.0
          2.750000 1.500000 0.0
          1.386405 1.021438 0.0
          3.107018 0.765683 0.0
          3.500000 0.524577 0.0
          3.209665 1.379947 0.0
          3.026762 0.706027 0.0
          0.549313 0.647202 0.0
          1.011077 1.200674 0.0
          0.126317 1.301862 0.0
          2.837464 0.835279 0.0
          0.040558 1.024798 0.0
          0.451299 1.427594 0.0
          0.551293 1.408242 0.0
          0.943182 0.998681 0.0
          3.500000 1.052924 0.0
          2.479350 1.000000 0.0
          2.524184 0.549514 0.0
          0.681002 1.014444 0.0
          0.967828 0.841394 0.0
          1.981114 1.446935 0.0
          3.289969 0.684883 0.0
          3.149607 0.529874 0.0
          0.181995 0.805901 0.0
          0.663764 0.785965 0.0
          2.950000 1.500000 0.0
          3.500000 0.854224 0.0
          2.751504 1.202852 0.0
          1.000000 0.580037 0.0
          3.426939 0.645932 0.0
          0.703969 1.193253 0.0
          0.034959 1.464956 0.0
          2.726638 0.649004 0.0
          0.639950 0.500000 0.0
          2.525127 0.930050 0.0
          0.279482 0.716481 0.0
          2.500000 0.660022 0.0
          2.516830 1.351603 0.0
          0.0 1.400650 0.0
          2.089014 1.000000 0.0
          2.952535 0.597786 0.0
          1.288275 1.414847 0.0
          1.707662 1.183176 0.0
          0.846348 0.706052 0.0
          0.468424 1.341768 0.0
          2.375306 1.033466 0.0
          0.083184 1.319355 0.0
          1.386499 1.322298 0.0
          1.059654 1.033061 0.0
          0.411414 0.706583 0.0
          2.770067 0.517704 0.0
          2.505677 1.136592 0.0
          3.193121 1.153098 0.0
          3.465217 0.868940 0.0
          0.531905 1.173409 0.0
          0.749845 1.173384 0.0
          0.574392 0.521779 0.0
          2.600102 0.500000 0.0
          0.073169 1.144137 0.0
          0.074506 1.097848 0.0
          2.549899 1.423041 0.0
          3.211237 0.614001 0.0
          1.369908 1.000000 0.0
          2.550000 1.500000 0.0
          0.486024 1.193283 0.0
          3.078459 1.391536 0.0
          3.256251 1.361699 0.0
          2.648221 0.964458 0.0
          0.125640 0.925230 0.0
          2.986627 1.053798 0.0
          0.411449 1.084020 0.0
          2.514480 1.061085 0.0
          2.600726 1.413715 0.0
          0.982683 0.869972 0.0
          2.210591 1.420398 0.0
          0.262351 1.242985 0.0
          3.341993 0.994100 0.0
          2.183703 1.212898 0.0
          3.089911 1.292194 0.0
          1.271771 1.183238 0.0
          2.418768 1.063341 0.0
          3.099963 0.500000 0.0
          1.287504 1.059149 0.0
          2.700088 0.500000 0.0
          0.904721 1.341504 0.0
          2.178335 1.262087 0.0
          2.586399 0.754087 0.0
          0.085692 0.899967 0.0
          0.577731 0.776043 0.0
          1.180011 1.222987 0.0
          1.143955 1.000000 0.0
          0.371372 0.677068 0.0
          1.254587 1.332250 0.0
          0.420031 0.500000 0.0
          0.612155 0.855510 0.0
          3.457826 1.077903 0.0
          0.204985 0.984712 0.0
          2.034364 1.371826 0.0
          3.339905 0.500000 0.0
          2.068437 1.000000 0.0
          3.139950 0.500000 0.0
          0.319593 0.746211 0.0
          2.900521 0.666389 0.0
          0.818672 0.954835 0.0
          2.641751 0.690103 0.0
          1.191126 1.122316 0.0
          1.667249 1.153731 0.0
          0.296721 0.944961 0.0
          0.537579 0.746246 0.0
          2.520180 0.520711 0.0
          2.335468 1.063717 0.0
          2.980008 0.500000 0.0
          1.247763 1.423550 0.0
          3.415011 1.101297 0.0
          2.814035 0.655921 0.0
          0.537633 1.123738 0.0
          0.248603 0.565710 0.0
          2.658519 0.535584 0.0
          0.605555 0.534822 0.0
          0.650000 1.500000 0.0
          2.894040 1.418657 0.0
          3.319228 0.815313 0.0
          3.313508 0.864988 0.0
          3.370617 1.123227 0.0
          0.290993 0.994631 0.0
          2.075000 1.456699 0.0
          0.222145 0.835697 0.0
          2.619574 1.212770 0.0
          0.950524 1.321988 0.0
          0.050000 1.500000 0.0
          3.500000 0.705199 0.0
          0.0 0.524577 0.0
          0.744240 0.845647 0.0
          1.949525 1.029237 0.0
          0.949475 0.557819 0.0
          1.816224 1.370899 0.0
          0.778483 1.302476 0.0
          2.912119 1.322030 0.0
          3.044031 1.312071 0.0
          1.660978 1.026801 0.0
          1.000000 0.879970 0.0
          2.335734 1.107946 0.0
          1.397938 1.222976 0.0
          1.076529 1.361528 0.0
          3.202766 1.422232 0.0
          2.125944 1.329842 0.0
          0.457329 1.064146 0.0
          2.540483 1.154685 0.0
          0.038591 1.383070 0.0
          2.980901 1.103469 0.0
          3.296313 1.014000 0.0
          2.523269 0.993545 0.0
          2.736834 0.535401 0.0
          1.150812 1.052253 0.0
          0.400037 0.500000 0.0
          1.932761 1.076165 0.0
          0.936021 1.042074 0.0
          0.509996 0.517313 0.0
          3.353661 0.894783 0.0
          1.524140 1.262674 0.0
          0.480296 1.242954 0.0
          0.457275 0.686654 0.0
          0.889899 0.517319 0.0
          1.450012 1.154670 0.0
          0.437405 0.562554 0.0
          0.937386 1.420457 0.0
          1.392228 1.272627 0.0
          2.994171 1.379679 0.0
          3.239000 1.133221 0.0
          0.301702 0.558000 0.0
          3.432135 0.858254 0.0
          2.988106 0.522349 0.0
          0.451601 1.113816 0.0
          1.111191 1.103466 0.0
          0.600335 0.580759 0.0
          0.392861 0.580382 0.0
          0.241141 0.601079 0.0
          3.112813 1.093509 0.0
          3.255975 0.587414 0.0
          1.214435 1.302454 0.0
          2.924706 1.456047 0.0
          2.952199 0.974333 0.0
          1.185739 1.173316 0.0
          1.850000 1.500000 0.0
          2.850000 1.500000 0.0
          2.880044 0.500000 0.0
          0.039406 1.124938 0.0
          2.228193 1.152940 0.0
          0.508991 1.372092 0.0
          1.595874 1.000000 0.0
          0.227927 1.163518 0.0
          2.745706 0.875033 0.0
          0.841461 0.755985 0.0
          0.187775 1.133722 0.0
          2.917846 1.272358 0.0
          2.120793 1.378804 0.0
          1.854838 1.089891 0.0
          3.221749 0.904742 0.0
          2.820243 1.361469 0.0
          2.495747 1.175388 0.0
          2.894868 1.093552 0.0
          3.300000 1.500000 0.0
          1.610173 1.272596 0.0
          0.861318 0.897609 0.0
          0.675220 0.686623 0.0
          0.035307 0.791716 0.0
          0.870192 1.262659 0.0
          3.360495 1.222382 0.0
          0.140097 0.500000 0.0
          1.914370 1.029772 0.0
          2.975104 0.775645 0.0
          2.608257 1.312021 0.0
          0.858016 0.608103 0.0
          3.381679 1.399084 0.0
          2.935022 1.123346 0.0
          0.943738 0.929961 0.0
          0.823608 1.458596 0.0
          1.594756 1.048891 0.0
          2.808762 0.706143 0.0
          1.657518 1.000000 0.0
          2.883417 1.192894 0.0
          2.711320 0.795575 0.0
          0.514650 1.322333 0.0
          2.447533 1.192996 0.0
          2.558290 1.000735 0.0
          3.309910 0.517317 0.0
          1.002462 1.253376 0.0
          2.397082 1.000000 0.0
          0.074744 0.652494 0.0
          0.543361 1.074067 0.0
          2.335459 1.000000 0.0
          1.986224 1.000000 0.0
          0.560546 0.925055 0.0
          2.500000 0.540042 0.0
          3.429351 0.948738 0.0
          2.546805 0.525357 0.0
          0.761304 1.074039 0.0
          2.705552 0.845239 0.0
          2.300000 1.500000 0.0
          0.862756 0.937337 0.0
          3.500000 1.003249 0.0
          2.500000 0.839978 0.0
          1.875000 1.456699 0.0
          2.500000 0.939961 0.0
          2.803036 0.755814 0.0
          2.850000 1.428089 0.0
          1.900125 1.423073 0.0
          0.0 0.903899 0.0
          0.965875 0.733787 0.0
          3.500000 0.605848 0.0
          0.899898 0.500000 0.0
          0.480008 0.500000 0.0
          2.814720 1.408690 0.0
          1.656053 1.252721 0.0
          0.320062 0.500000 0.0
          2.533560 1.202898 0.0
          2.808835 1.083634 0.0
          3.267628 0.884865 0.0
          0.554872 1.352218 0.0
          2.289904 1.081160 0.0
          0.819908 0.500000 0.0
          2.263978 1.272530 0.0
          0.325132 0.696218 0.0
          2.510072 0.510189 0.0
          0.233656 1.113847 0.0
          0.500000 1.500000 0.0
          2.076030 1.401558 0.0
          1.828116 1.272561 0.0
          2.250000 1.500000 0.0
          1.982266 1.064064 0.0
          0.040252 1.075408 0.0
          0.151157 1.422637 0.0
          1.489728 1.183689 0.0
          0.679938 0.500000 0.0
          1.684533 1.381363 0.0
          0.595240 0.627377 0.0
          2.315009 1.000000 0.0
          0.210742 1.312530 0.0
          2.548725 0.752504 0.0
          0.434362 0.885337 0.0
          2.097667 1.202976 0.0
          0.376167 1.379940 0.0
          3.335739 0.664753 0.0
          0.600752 1.332343 0.0
          2.671911 0.766166 0.0
          0.965366 0.660022 0.0
          1.000000 0.600034 0.0
          1.042579 1.283092 0.0
          0.394210 0.855541 0.0
          2.157169 1.024952 0.0
          0.976325 1.020950 0.0
          0.379739 1.457419 0.0
          2.650000 1.500000 0.0
          0.976006 0.990932 0.0
          0.040107 0.500000 0.0
          0.359784 0.776072 0.0
          1.753542 1.163302 0.0
          1.549531 1.429170 0.0
          3.009530 0.855114 0.0
          3.296865 0.586419 0.0
          0.130391 0.875447 0.0
          0.046198 1.177914 0.0
          0.331145 1.024428 0.0
          0.405720 1.133691 0.0
          2.350056 1.282478 0.0
          2.412852 1.115286 0.0
          0.864600 1.311902 0.0
          3.019992 0.500000 0.0
          1.554871 1.000000 0.0
          1.205611 1.000000 0.0
          1.724415 1.456548 0.0
          1.604444 1.322267 0.0
          1.452159 1.000000 0.0
          0.417123 0.656858 0.0
          0.874487 0.828238 0.0
          2.218553 1.291795 0.0
          0.709644 0.766090 0.0
          0.164972 0.954932 0.0
          2.728528 1.024046 0.0
          0.979076 0.934962 0.0
          1.499707 1.084718 0.0
          1.621629 1.173254 0.0
          0.686731 0.964773 0.0
          0.180092 0.500000 0.0
          3.439714 0.903620 0.0
          2.917771 0.894868 0.0
          0.887491 1.113755 0.0
          0.900983 0.912416 0.0
          0.939490 0.629130 0.0
          2.500000 0.720008 0.0
          1.248858 1.381921 0.0
          1.942775 1.410694 0.0
          2.212405 1.342035 0.0
          1.904126 1.000000 0.0
          1.639508 1.400718 0.0
          3.290571 1.063669 0.0
          2.500000 0.520044 0.0
          2.620228 0.522628 0.0
          1.047800 1.160912 0.0
          2.500000 0.779992 0.0
          0.120158 1.352184 0.0
          1.925223 1.455411 0.0
          2.774408 1.004169 0.0
          3.199933 0.500000 0.0
          2.739980 0.924704 0.0
          0.700000 1.500000 0.0
          0.200000 1.500000 0.0
          0.0 0.804549 0.0
          3.284879 1.113344 0.0
          0.652307 0.885306 0.0
          2.191739 1.000000 0.0
          2.500000 0.680018 0.0
          0.739032 0.561481 0.0
          0.922964 0.827234 0.0
          1.252439 1.025703 0.0
          2.200000 1.500000 0.0
          3.450000 1.500000 0.0
          0.342655 1.302578 0.0
          1.352073 1.242834 0.0
          3.375069 0.695646 0.0
          3.032609 0.656191 0.0
          2.424953 1.455600 0.0
          2.900594 1.043881 0.0
          0.170590 1.282734 0.0
          2.472360 1.466087 0.0
          0.836294 0.858716 0.0
          3.239924 0.500000 0.0
          1.122674 1.342203 0.0
          1.060253 1.198104 0.0
          1.627054 1.123993 0.0
          2.848916 0.735937 0.0
          3.464809 0.582437 0.0
          0.485971 0.815792 0.0
          0.635122 1.034319 0.0
          2.370919 1.463788 0.0
          2.500000 0.979956 0.0
          0.042116 1.284379 0.0
          3.216097 1.331905 0.0
          2.517905 1.452381 0.0
          0.959893 0.500000 0.0
          3.414557 0.717150 0.0
          0.394264 1.233032 0.0
          2.407379 1.163200 0.0
          0.0 0.559027 0.0
          0.086044 0.797766 0.0
          0.652361 1.262798 0.0
          3.000000 0.500000 0.0
          0.623237 1.456223 0.0
          2.873942 1.459717 0.0
          1.736357 1.312314 0.0
          0.858505 0.985018 0.0
          1.700000 1.500000 0.0
          0.477205 0.535690 0.0
          0.475442 1.460128 0.0
          2.469191 1.060970 0.0
          1.680065 1.428225 0.0
          2.131929 1.282129 0.0
          0.150000 1.500000 0.0
          0.606427 0.905181 0.0
          3.280099 0.536767 0.0
          1.097884 1.171546 0.0
          3.307782 0.914659 0.0
          2.006779 1.000000 0.0
          2.273843 1.000000 0.0
          2.949723 1.407925 0.0
          0.887452 0.734218 0.0
          1.742085 1.262642 0.0
          0.422807 1.361820 0.0
          1.400000 1.500000 0.0
          2.500000 0.819982 0.0
          0.200088 0.500000 0.0
          0.739924 0.500000 0.0
          2.512665 1.400716 0.0
          0.199379 0.657352 0.0
          2.820062 0.500000 0.0
          1.740832 1.031382 0.0
          1.924613 1.000000 0.0
          2.637529 1.063907 0.0
          2.293339 1.402384 0.0
          2.975176 1.153140 0.0
          1.945129 1.000000 0.0
          2.057431 1.173432 0.0
          2.567914 0.904870 0.0
          1.452144 1.019024 0.0
          0.761567 1.407738 0.0
          3.081702 0.585781 0.0
          0.990811 1.352088 0.0
          0.925740 1.144882 0.0
          0.423767 0.609299 0.0
          0.612209 1.233002 0.0
          1.534319 1.019022 0.0
          0.961900 1.223681 0.0
          2.791659 1.232648 0.0
          0.080444 0.998089 0.0
          1.900000 1.500000 0.0
          1.174768 1.017969 0.0
          2.806179 0.523435 0.0
          2.263352 1.031267 0.0
          0.063553 0.721165 0.0
          0.818569 1.332154 0.0
          0.136120 0.825776 0.0
          0.824336 1.282589 0.0
          1.495793 1.134739 0.0
          0.675274 1.064115 0.0
          2.027254 1.464991 0.0
          1.930480 1.131945 0.0
          3.452679 1.227380 0.0
          0.020107 0.500000 0.0
          2.780072 0.500000 0.0
          0.566275 0.875384 0.0
          2.986592 0.676254 0.0
          0.749796 0.795886 0.0
          2.282736 1.455014 0.0
          0.083395 0.948519 0.0
          3.273354 0.835194 0.0
          0.640797 0.607156 0.0
          0.325416 1.074098 0.0
          0.799912 0.500000 0.0
          0.044429 0.520000 0.0
          1.100000 1.500000 0.0
          0.380044 0.500000 0.0
          3.084185 1.341865 0.0
          2.958006 1.302143 0.0
          1.000000 0.779992 0.0
          0.360414 0.519721 0.0
          2.500000 0.600034 0.0
          2.600685 0.677735 0.0
          1.071065 1.411748 0.0
          0.468786 0.964804 0.0
          2.906393 1.371701 0.0
          0.699933 0.500000 0.0
          3.385854 0.972417 0.0
          3.410992 0.775563 0.0
          3.160380 1.407354 0.0
          1.513776 1.000000 0.0
          2.688375 0.994252 0.0
          1.988808 1.391638 0.0
          3.368275 0.562630 0.0
          2.339677 1.384252 0.0
          1.882426 1.019715 0.0
          3.319908 0.500000 0.0
          2.047841 1.000000 0.0
          2.780134 0.954498 0.0
          0.556428 0.599016 0.0
          2.030155 1.421319 0.0
          1.465844 1.380379 0.0
          1.812708 1.099769 0.0
          1.868269 1.302359 0.0
          2.998712 0.571704 0.0
          0.450000 1.500000 0.0
          1.661781 1.203050 0.0
          2.524448 1.022975 0.0
          0.141732 0.776137 0.0
          0.641070 1.361870 0.0
          0.281393 1.464273 0.0
          3.219928 0.500000 0.0
          1.350000 1.500000 0.0
          1.801396 1.000000 0.0
          1.164541 1.000000 0.0
          3.427690 1.460803 0.0
          0.801451 1.103844 0.0
          1.162199 1.372750 0.0
          0.508938 0.994600 0.0
          1.224622 1.459090 0.0
          0.776557 1.457279 0.0
          2.717073 1.123378 0.0
          0.500000 0.500000 0.0
          1.623805 1.024043 0.0
          0.814195 0.524442 0.0
          2.173448 1.309761 0.0
          1.599287 1.371168 0.0
          2.831738 0.884950 0.0
          1.104622 1.426318 0.0
          3.118931 0.521491 0.0
          0.659944 0.500000 0.0
          1.545461 1.059767 0.0
          1.022099 1.067429 0.0
          2.500000 0.500000 0.0
          0.919896 0.534638 0.0
          1.000000 0.979956 0.0
          2.600000 1.500000 0.0
          0.589242 1.054193 0.0
          1.317651 1.163364 0.0
          2.369958 1.137491 0.0
          2.729843 1.401179 0.0
          0.268026 0.815823 0.0
          0.549090 1.024397 0.0
          2.580104 0.500000 0.0
          0.772922 0.523698 0.0
          3.406260 1.202192 0.0
          3.483115 0.516033 0.0
          1.472607 1.000000 0.0
          0.989946 0.510022 0.0
          3.000000 1.500000 0.0
          2.725386 1.455933 0.0
          3.085619 0.535525 0.0
          2.694101 0.944581 0.0
          2.690090 0.517317 0.0
          3.119244 0.665298 0.0
          2.326694 1.163450 0.0
          2.050000 1.500000 0.0
          2.344320 1.332088 0.0
          1.821851 1.000000 0.0
          0.933057 0.700516 0.0
          0.600000 1.500000 0.0
          3.323462 1.459632 0.0
          0.342601 0.925086 0.0
          3.365063 0.795416 0.0
          2.091942 1.252648 0.0
          0.060105 0.500000 0.0
          3.275047 1.459392 0.0
          3.059977 0.500000 0.0
          3.032506 1.033921 0.0
          0.948017 0.524970 0.0
          2.771253 0.622525 0.0
          1.195143 1.065998 0.0
          0.400000 1.500000 0.0
          0.377025 1.004553 0.0
          3.377254 1.450546 0.0
          1.914137 1.282463 0.0
          3.038537 1.361430 0.0
          0.777373 0.598217 0.0
          0.932098 1.463351 0.0
          0.199249 1.034382 0.0
          3.049683 0.884908 0.0
          3.009605 1.232603 0.0
          0.0 1.251625 0.0
          2.724080 0.610571 0.0
          3.293512 0.630004 0.0
          1.272530 1.098314 0.0
          0.096015 1.173471 0.0
          0.721154 1.044241 0.0
          2.541412 1.103732 0.0
          2.350000 1.500000 0.0
          0.956360 1.272719 0.0
          0.700514 0.532814 0.0
          1.570021 1.242800 0.0
          3.500000 1.500000 0.0
          1.128505 1.022242 0.0
          1.518413 1.312203 0.0
          1.862541 1.352031 0.0
          1.822389 1.322235 0.0
          0.176319 1.233063 0.0
          3.061208 1.163057 0.0
          3.259919 0.500000 0.0
          2.212235 1.000000 0.0
          0.119892 0.974899 0.0
          2.860733 0.637440 0.0
          1.311923 1.213035 0.0
          3.128374 1.454813 0.0
          0.210716 0.935042 0.0
          0.738383 1.272713 0.0
          2.603668 0.599139 0.0
          1.346347 1.292502 0.0
          3.246518 0.531331 0.0
          1.049351 1.235831 0.0
          2.149275 1.133433 0.0
          1.780829 1.000000 0.0
          1.494340 1.030363 0.0
          0.264098 0.524592 0.0
          2.500000 0.919963 0.0
          2.785933 1.282319 0.0
          2.831812 1.262442 0.0
          2.940674 0.696183 0.0
          0.680949 0.636952 0.0
          1.080657 1.131218 0.0
          0.703916 0.815761 0.0
          1.784651 1.061089 0.0
          0.388482 0.905212 0.0
          1.260315 1.282580 0.0
          2.438248 1.000000 0.0
          1.698604 1.000000 0.0
          1.013771 1.025169 0.0
          2.800067 0.500000 0.0
          3.122938 0.611922 0.0
          2.162581 1.404471 0.0
          0.077947 1.418020 0.0
          0.244196 1.444207 0.0
          3.130064 1.321988 0.0
          2.087262 1.034051 0.0
          1.787964 1.242765 0.0
          0.377975 0.629467 0.0
          3.244726 1.083550 0.0
          3.095563 0.865031 0.0
          0.978523 1.455531 0.0
          2.648425 1.341775 0.0
          1.739776 1.000000 0.0
          3.233274 1.182892 0.0
          2.677051 1.093587 0.0
          0.159045 0.630585 0.0
          0.916186 1.242892 0.0
          0.835836 1.183366 0.0
          2.874792 0.586916 0.0
          0.296775 1.322452 0.0
          2.524689 0.965376 0.0
          0.077417 1.047917 0.0
          0.606480 1.282672 0.0
          0.807047 0.676787 0.0
          3.095636 1.242523 0.0
          1.267260 1.000000 0.0
          0.572057 1.203205 0.0
          0.205014 1.362201 0.0
          0.103217 1.123970 0.0
          0.313906 0.795948 0.0
          2.814561 1.033964 0.0
          1.831466 1.060741 0.0
          1.308261 1.000000 0.0
          2.121305 1.427604 0.0
          2.451351 1.097396 0.0
          1.873994 1.252683 0.0
          1.050000 1.500000 0.0
          0.285264 1.044302 0.0
          2.395945 1.262603 0.0
          3.474441 0.541802 0.0
          2.837538 1.212771 0.0
          1.960004 1.262566 0.0
          2.487683 1.222780 0.0
          1.274060 1.459792 0.0
          2.150000 1.500000 0.0
          3.284805 0.735852 0.0
          1.148004 1.419093 0.0
          1.104329 1.061208 0.0
          0.717944 1.414196 0.0
          2.934948 0.745854 0.0
          2.430505 1.342352 0.0
          0.336927 1.352249 0.0
          0.262297 0.865493 0.0
          0.852964 1.034363 0.0
          0.888362 0.683616 0.0
          1.615901 1.222925 0.0
          1.000000 0.839978 0.0
          0.977719 1.057460 0.0
          0.460016 0.500000 0.0
          0.182047 1.183393 0.0
          0.256569 0.915164 0.0
          0.964712 0.965271 0.0
          0.042099 0.975833 0.0
          3.204870 0.672194 0.0
          0.559977 0.500000 0.0
          0.176265 0.855572 0.0
          3.458865 0.779711 0.0
          2.297054 1.033201 0.0
          0.240081 0.500000 0.0
          2.005887 1.242694 0.0
          3.107088 1.143180 0.0
          3.033966 1.409544 0.0
          1.041287 1.000000 0.0
          3.500000 1.301300 0.0
          0.428593 1.312353 0.0
          2.355893 1.233114 0.0
          2.839295 0.516312 0.0
          2.500000 0.899966 0.0
          0.715425 1.093912 0.0
          2.929297 1.173017 0.0
          3.420684 1.330505 0.0
          1.768606 1.387379 0.0
          0.470005 0.587615 0.0
          0.950000 1.500000 0.0
          0.894582 1.440766 0.0
          2.946400 0.646512 0.0
          0.480242 0.865463 0.0
          0.686784 1.342265 0.0
          0.996490 1.302485 0.0
          0.514666 0.944930 0.0
          1.889231 1.105598 0.0
          3.298993 1.388682 0.0
          2.689227 1.370695 0.0
          0.0 1.301300 0.0
          3.250167 0.650265 0.0
          1.432379 1.302424 0.0
          0.282647 0.603143 0.0
          1.760224 1.000000 0.0
          0.599963 0.500000 0.0
          3.417502 0.564433 0.0
          1.452535 1.108003 0.0
          0.286536 1.424606 0.0
          2.573884 1.458143 0.0
          2.757207 0.775699 0.0
          0.422905 0.984679 0.0
          2.298992 1.131011 0.0
          0.617937 1.183331 0.0
          2.717258 0.745938 0.0
          2.877618 0.865073 0.0
          0.279536 1.093973 0.0
          3.049758 1.262398 0.0
          1.558564 1.342141 0.0
          3.209931 0.517316 0.0
          1.833839 1.222876 0.0
          3.167872 0.578846 0.0
          3.302056 0.964331 0.0
          1.000000 0.620030 0.0
          0.889925 0.868208 0.0
          1.416322 1.022228 0.0
          1.678149 1.000000 0.0
          1.000000 0.919963 0.0
          2.734254 0.974375 0.0
          2.963651 0.874991 0.0
          1.493221 1.000000 0.0
          0.560600 1.302547 0.0
          0.623612 0.756168 0.0
          1.777784 1.458749 0.0
          0.919896 0.500000 0.0
          1.115360 1.388579 0.0
          1.730444 1.361559 0.0
          2.223916 1.242612 0.0
          1.793694 1.193093 0.0
          3.078386 1.014044 0.0
          1.082299 1.000000 0.0
          2.699826 0.894910 0.0
          1.800000 1.500000 0.0
          2.859476 1.388465 0.0
          3.462534 0.977761 0.0
          1.200000 1.500000 0.0
          0.755524 0.746216 0.0
          2.919737 0.569243 0.0
          3.385148 0.643292 0.0
          1.750000 1.500000 0.0
          3.321757 0.558502 0.0
          1.550000 1.500000 0.0
          1.000000 1.500000 0.0
          0.193484 0.706637 0.0
          2.269484 1.223156 0.0
          3.350000 1.500000 0.0
          3.400000 1.500000 0.0
          2.253575 1.419423 0.0
          1.587325 1.094156 0.0
          1.000000 0.740003 0.0
          0.371297 1.054224 0.0
          2.660095 0.500000 0.0
          0.426514 1.459476 0.0
          2.011573 1.192956 0.0
          2.257320 1.323017 0.0
          3.089837 0.914702 0.0
          2.843190 0.785608 0.0
          2.912046 0.944539 0.0
          3.500000 0.953574 0.0
          1.756455 1.425308 0.0
          3.039984 0.500000 0.0
          0.365498 0.726394 0.0
          1.472373 1.331846 0.0
          3.459880 1.028046 0.0
          1.409944 1.126057 0.0
          1.066312 1.085171 0.0
          3.423029 0.999851 0.0
          1.334891 1.391843 0.0
          3.439895 0.500000 0.0
          0.141895 1.153596 0.0
          0.924373 0.662568 0.0
          1.422695 1.453525 0.0
          3.079241 0.635300 0.0
          3.466320 0.937518 0.0
          3.351660 0.522165 0.0
          1.529869 1.213003 0.0
          0.202534 0.611679 0.0
          0.854801 0.525460 0.0
          0.0 0.655523 0.0
          0.0 1.500000 0.0
          1.306195 1.262706 0.0
          3.500000 0.500000 0.0
          0.801218 0.726266 0.0
          1.723871 1.408485 0.0
          2.560104 0.611377 0.0
          3.347349 0.943900 0.0
          2.008668 1.024491 0.0
          0.156425 0.536136 0.0
          0.970748 0.808932 0.0
          0.440144 1.213158 0.0
          0.497481 1.093942 0.0
          0.153338 0.676855 0.0
          0.676501 1.447078 0.0
          2.246201 1.377091 0.0
          0.729926 0.517316 0.0
          0.0 1.152274 0.0
          0.795717 1.153522 0.0
          2.973586 1.457223 0.0
          1.856126 1.407717 0.0
          1.208706 1.352125 0.0
          1.976333 1.112268 0.0
          2.459631 1.140633 0.0
          2.682649 1.043923 0.0
          2.826013 0.934621 0.0
          0.807177 1.054165 0.0
          1.139859 1.193191 0.0
          0.172527 1.459407 0.0
          0.658089 1.213127 0.0
          1.220163 1.252783 0.0
          2.448481 1.017723 0.0
          0.646632 1.312469 0.0
          3.458983 1.423545 0.0
          1.766705 1.113353 0.0
          0.847294 1.083963 0.0
          0.159851 0.585127 0.0
          1.000000 0.660022 0.0
          2.958791 0.548460 0.0
          0.120100 0.500000 0.0
          0.280072 0.500000 0.0
          0.119919 1.451655 0.0
          2.046059 1.272518 0.0
          3.469613 1.378592 0.0
          0.910985 0.962445 0.0
          0.428634 0.935008 0.0
          3.165772 0.640763 0.0
          3.250000 1.500000 0.0
          0.767034 1.024366 0.0
          1.827521 1.455106 0.0
          2.155001 1.083762 0.0
          2.826086 1.312113 0.0
          0.875908 1.213278 0.0
          3.330591 0.715759 0.0
          3.159944 0.500000 0.0
          2.920031 0.500000 0.0
          3.177484 1.455674 0.0
          0.044644 0.684425 0.0
          2.201241 1.112724 0.0
          1.575387 1.000000 0.0
          1.650000 1.500000 0.0
          0.709697 1.143583 0.0
          0.577785 1.153534 0.0
          3.359903 0.500000 0.0
          2.199074 1.379799 0.0
          3.152967 1.123304 0.0
          1.032047 1.116625 0.0
          2.929223 0.795525 0.0
          2.062993 1.124778 0.0
          2.768682 1.053840 0.0
          3.385824 1.351299 0.0
          0.766463 0.647572 0.0
          0.623665 1.133660 0.0
          0.979893 0.500000 0.0
          2.760076 0.500000 0.0
          1.294739 1.362047 0.0
          0.080104 0.500000 0.0
          0.898947 1.014413 0.0
          0.879900 0.500000 0.0
          0.638683 0.521087 0.0
          0.336873 0.974757 0.0
          2.103395 1.153309 0.0
          2.332866 1.431417 0.0
          0.491753 1.143613 0.0
          0.0 0.953574 0.0
          1.000000 0.520044 0.0
          0.495537 1.419036 0.0
          2.489909 1.026289 0.0
          0.036337 1.428239 0.0
          0.203017 0.563294 0.0
          2.600717 0.716153 0.0
          1.027582 1.430112 0.0
          2.232740 1.000000 0.0
          3.021055 1.133263 0.0
          2.566139 0.953424 0.0
          1.231620 1.153442 0.0
          2.560105 0.500000 0.0
          0.0 0.754874 0.0
          3.100000 1.500000 0.0
          0.944655 1.371371 0.0
          0.308178 0.845619 0.0
          0.164862 1.332405 0.0
          0.895590 0.639555 0.0
          2.294389 1.000000 0.0
          0.042395 1.229090 0.0
          2.969451 1.202810 0.0
          0.348330 0.875415 0.0
          2.639041 0.638854 0.0
          2.770242 1.430566 0.0
          0.685435 0.578486 0.0
          0.787998 0.559583 0.0
          3.225793 1.458340 0.0
          1.450000 1.500000 0.0
          0.984978 1.402126 0.0
          0.732665 1.322390 0.0
          0.081759 0.605338 0.0
          0.0 0.705199 0.0
          0.216471 1.262860 0.0
          0.124451 0.606669 0.0
          0.669545 1.113786 0.0
          0.268079 1.193314 0.0
          1.215557 1.027340 0.0
          0.387915 0.519528 0.0
          2.500000 0.879970 0.0
          1.885416 1.153236 0.0
          1.328318 1.451128 0.0
          2.500000 0.740003 0.0
          0.892719 1.063954 0.0
          2.613407 0.556151 0.0
          0.519992 0.500000 0.0
          1.965677 1.212801 0.0
          1.000000 0.560039 0.0
          3.261903 0.934536 0.0
          2.653947 0.914787 0.0
          3.500000 0.559027 0.0
          3.428316 1.381534 0.0
          1.994454 1.342076 0.0
          1.644656 1.351852 0.0
          2.458713 1.000000 0.0
          0.639063 0.558713 0.0
          3.170218 1.351782 0.0
          2.304022 1.302527 0.0
          0.566328 1.252876 0.0
          2.931028 0.521532 0.0
          0.887997 0.782140 0.0
          2.672899 1.459509 0.0
          1.357801 1.193164 0.0
          2.500000 0.859974 0.0
          3.129991 0.944496 0.0
          0.698216 0.865447 0.0
          3.181669 1.252440 0.0
          2.797311 0.805485 0.0
          3.419896 0.500000 0.0
          3.267702 1.262357 0.0
          2.225739 1.461650 0.0
          3.279080 0.785523 0.0
          2.720085 0.500000 0.0
          0.0 0.500000 0.0
          0.445872 1.163487 0.0
          3.500000 1.102599 0.0
          2.051776 1.222833 0.0
          0.300067 0.500000 0.0
          2.592536 1.084217 0.0
          0.755575 1.123712 0.0
          1.126571 1.459787 0.0
          2.189429 1.163227 0.0
          1.242692 1.064097 0.0
          1.416270 1.087458 0.0
          1.505650 1.413794 0.0
          3.158693 1.073632 0.0
          2.500000 0.759997 0.0
          0.900000 1.500000 0.0
          0.526176 1.223080 0.0
          3.500000 0.804549 0.0
          1.965763 1.000000 0.0
          1.176000 1.458109 0.0
          2.608194 0.934678 0.0
          1.839816 1.173878 0.0
        </DataArray>
      </Points>
      <Cells>
        <DataArray type="Int32" Name="connectivity" format="ascii">
          469 1069 1035 79 1337 492 1129 1337 79 1035 1021 469 500 677 190 96 1367 573 1161 159 1081 998 677 500 1559 1249 262 453 138 1289 159 1319 1081 1441 345 1577 1508 1246 1130 324 402 608 557 1342 722 498 231 1211 1129 479 1337 1037 479 1129 5 425 1135 1466 314 609 1502 217 946 1211 65 498 1343 1269 421 1343 705 1269 461 263 58 1246 152 1130 156 72 1544 601 1164 846 990 1136 301 965 1087 558 756 1276 610 559 702 121 110 1072 137 122 1235 611 966 1092 400 201 1389 223 94 643 832 523 1414 1134 673 1483 1590 1577 698 1441 969 1080 508 756 610 1138 559 121 887 1155 1092 747 846 436 1511 58 263 350 1154 198 1254 110 137 1268 1267 1483 529 1303 583 565 210 946 475 0 796 324 1059 1460 888 1394 1255 1188 1555 1338 1060 876 796 599 1077 790 1073 366 705 1343 462 93 76 324 502 0 1283 1072 110 696 1276 756 163 702 559 608 502 324 718 835 1365 1626 790 1077 1390 796 876 933 1338 1555 294 1460 1059 1131 1255 1394 1212 556 762 1368 1072 1283 884 702 163 272 1276 696 1404 705 366 719 93 462 958 1227 51 609 1319 1466 1218 414 245 1365 1334 718 246 703 1033 718 1334 1498 1033 703 515 418 1461 865 1425 774 234 644 1056 1241 943 588 685 1327 676 626 29 809 1608 1127 1232 930 336 303 1506 1423 905 315 1472 899 1501 1385 718 1498 722 152 557 1075 1534 1109 1176 1332 307 1061 1471 837 951 1115 1104 388 308 589 230 1175 1398 1398 819 907 234 994 187 865 374 1491 685 656 1583 284 1448 1515 1530 1451 25 307 976 148 118 634 288 1391 405 468 477 1194 1425 151 1165 917 980 197 418 755 882 1137 120 882 644 1608 1194 740 468 730 797 1387 594 943 1122 183 503 177 730 1327 1114 1185 35 547 71 1067 1489 942 199 898 461 1599 342 1468 1068 1526 707 29 239 1468 1127 545 132 1489 315 132 591 84 263 1066 1023 1383 1152 1000 1383 336 1270 1093 1105 996 23 84 483 281 1120 316 95 986 489 281 1423 1578 23 1622 911 86 1613 1171 1531 690 757 1170 15 616 775 1369 738 1192 200 1369 713 236 454 1595 445 200 580 1208 1335 202 184 908 1049 1329 184 814 1581 768 828 454 1163 814 908 1367 379 573 1507 138 149 1018 425 112 946 175 1502 149 138 842 1509 885 446 1289 138 1411 446 1095 1509 112 469 1018 262 1249 1580 1434 560 964 51 1556 958 1 77 670 1348 97 1257 123 1255 977 140 1473 987 373 1057 1262 1262 830 373 1596 359 1010 865 1461 374 234 774 994 588 656 685 1608 809 1194 315 905 132 828 1490 454 454 1490 1595 964 560 1043 447 1256 1339 1184 150 1548 1562 414 1218 1575 97 1348 510 766 82 762 404 1212 835 1225 1365 916 450 1094 1574 643 94 450 561 1510 1451 414 1165 1304 1272 562 153 1175 530 1492 1256 447 714 150 1184 394 138 453 1158 1473 140 731 1516 1467 832 643 821 835 1251 1056 172 1367 96 93 117 451 1498 1271 1385 633 1251 835 133 862 1041 1596 83 359 57 478 348 345 38 1445 530 869 153 1062 83 1596 1135 425 1534 112 425 5 1164 874 846 359 1462 1010 263 935 350 1467 1421 731 846 874 436 1041 266 133 246 1556 51 900 1291 631 1501 162 1472 678 1225 939 826 1367 773 461 58 539 431 643 750 1084 983 637 240 1342 557 350 935 743 1344 420 365 1056 956 835 246 1033 1556 1446 1271 1195 562 280 1304 420 1351 632 812 635 866 1534 135 1109 1134 527 523 977 1371 123 1560 909 636 1141 923 782 441 517 1199 608 402 1486 512 1426 948 286 1011 139 1510 175 450 1051 737 1483 1061 304 1471 1242 623 1007 1318 810 404 369 1495 1587 365 420 1103 266 428 133 1281 1565 1543 1528 471 1206 1587 1351 369 433 1103 1186 62 864 8 1486 402 1264 8 420 632 1493 1273 540 365 1103 387 1044 314 1466 998 988 677 348 478 1512 773 1256 826 1264 1143 1486 805 1273 1540 1604 541 180 119 300 693 241 1347 1071 176 1121 384 946 217 242 916 1094 1338 363 1273 805 71 773 1541 636 330 1560 1165 414 1562 153 414 1451 744 428 266 124 479 1037 948 642 512 345 598 1577 530 1554 869 1445 598 345 1094 450 72 1561 1591 455 451 495 93 433 1186 109 1561 1009 563 946 623 175 1527 698 987 1441 698 1527 670 463 1 1037 622 124 561 844 1510 1041 862 320 58 97 539 450 175 72 77 1538 670 645 1226 739 1559 761 1123 677 1101 190 939 1225 523 1365 1225 678 1235 810 1318 1623 319 1355 1281 822 1565 1134 1414 1448 1466 1319 159 1562 1009 1185 1276 251 610 387 1103 433 739 495 645 1496 872 1332 821 1049 1353 981 710 154 977 1255 1172 437 1273 1493 1355 1219 1623 1082 1271 1446 1195 1271 1498 1079 1546 691 1212 1618 556 837 777 1061 453 231 498 1123 264 1559 1561 455 1232 1496 1332 671 1385 233 679 923 1304 782 1145 1490 828 983 1579 637 1361 635 812 498 65 809 631 1291 1032 1053 1166 802 154 1447 981 705 1173 1269 8 864 1186 404 830 1318 1232 1009 1561 1191 553 1181 1502 175 1510 702 767 121 533 995 665 1072 324 137 8 632 62 1062 1325 1200 1022 971 1388 57 448 478 1262 1057 995 1422 299 1172 369 420 1344 828 560 1145 691 97 1079 369 1351 420 750 643 811 1560 1191 1181 612 708 1475 1124 531 1543 523 956 1414 557 152 1246 1128 891 1440 415 9 1274 427 1372 627 870 49 1215 1388 860 1022 1196 798 1180 168 74 1372 782 1101 1141 1215 338 870 1264 402 1072 1620 92 564 1272 731 562 1051 1305 737 44 527 1370 916 561 450 1229 444 804 767 916 1338 1475 1305 612 1370 1310 1028 1079 97 58 1461 171 374 774 1580 994 809 329 1194 905 1200 132 1370 527 1134 826 379 1367 109 61 433 299 977 1172 1274 1151 415 506 1563 1499 1057 1025 995 438 319 873 252 885 1567 1376 203 561 650 251 1276 367 1373 729 627 642 427 637 488 1084 1028 44 1370 804 708 1229 1414 956 1056 987 769 140 1103 8 1186 773 833 1541 360 444 106 1385 679 303 1010 1462 676 1472 903 899 168 1372 1274 1372 74 627 264 1249 1559 453 1347 394 94 1121 1574 377 524 1096 1580 1249 41 812 866 790 1376 798 1196 802 1166 351 822 1551 1565 1082 1192 233 1353 1049 355 1499 1563 1207 1508 1563 506 1483 737 196 1467 1516 989 1559 262 204 41 150 1580 1597 553 1191 923 852 1304 544 1235 1318 531 501 1543 1173 1328 1269 320 862 1549 1440 891 1408 1172 874 1422 1010 971 1596 1207 1563 568 106 444 657 804 444 360 729 85 367 702 32 767 343 1542 761 1009 1218 563 785 143 1231 109 770 61 1200 83 1062 809 65 329 916 1376 561 87 1123 480 1541 833 1450 1449 929 581 299 1099 977 515 703 363 1109 1421 1075 1543 501 1281 1520 385 297 225 428 744 605 1192 1082 425 1031 1534 906 1028 1586 1040 179 12 1215 49 1156 822 518 1551 852 1272 1304 1052 1457 967 1173 399 1328 1551 1083 1565 297 385 1474 551 1629 100 665 590 533 1577 1314 698 720 1373 1177 438 524 377 1576 1629 551 566 1576 550 822 1355 518 518 741 1551 1177 1373 367 1035 1373 720 1452 64 1509 852 351 1272 399 637 1328 1173 1518 399 566 1629 1576 550 1576 1102 741 143 785 581 929 1099 385 1078 1427 1355 438 518 1520 1078 385 1518 533 399 564 466 1620 513 385 1427 1402 1629 1384 1588 67 754 100 1629 1402 1384 1629 566 401 67 1588 1518 995 533 401 1588 474 474 1312 401 1312 1216 243 474 1216 1312 1518 1262 995 1582 1312 243 401 1312 1340 1340 1312 1582 937 1078 1533 1144 1216 261 1533 1078 1520 261 1216 474 1612 1078 937 1306 1216 1144 792 1352 131 792 131 1238 1494 67 401 131 571 1238 742 1053 160 160 1053 1205 1238 571 924 1063 571 1046 1046 571 131 1277 571 1063 608 699 763 1147 699 285 1510 1617 1253 763 699 1147 285 699 256 1253 1617 265 1237 1472 792 953 699 608 734 1617 396 931 1052 991 931 991 1589 968 1589 1167 968 406 1589 1589 991 1167 910 406 859 1052 478 991 859 406 968 652 406 910 1401 972 742 1589 406 331 331 406 652 1128 1459 98 733 1459 1128 1386 1459 733 1278 748 573 733 807 1386 1386 807 56 573 748 919 209 992 1279 818 706 970 748 1435 919 542 647 684 56 295 235 212 694 1069 574 452 555 723 568 662 164 209 1279 807 992 209 723 662 1034 555 706 818 807 209 56 970 706 748 128 1220 207 10 1362 68 1428 989 972 105 1220 128 1467 989 1428 481 1034 648 555 452 706 1429 113 1600 1592 507 1275 232 1552 1300 1449 548 1233 680 1149 592 918 1428 972 1298 228 50 220 1600 205 709 618 825 1517 618 709 68 1362 723 205 235 220 209 295 56 648 1034 75 21 170 111 1600 113 205 1211 231 771 1074 1285 657 1349 1513 1571 723 1034 481 235 295 220 1221 114 213 555 27 574 1069 694 496 1584 235 854 574 27 1029 815 1459 1058 357 932 107 107 932 1112 21 434 170 934 1020 1569 748 706 1435 1463 1610 721 552 426 1505 1429 114 1221 1476 975 569 569 1285 1476 232 952 423 229 660 422 1300 758 952 114 407 213 878 1374 206 1600 578 1429 1505 426 1316 56 235 1584 1375 291 1214 407 476 31 723 1362 568 1558 1552 232 189 522 1602 19 532 482 778 1204 244 1535 772 711 1233 548 1326 1159 52 1125 1265 1558 945 592 1149 144 11 1417 1070 886 344 772 721 1610 1535 600 771 1244 918 1593 1428 1097 1149 680 482 1029 19 511 166 861 36 52 1159 1300 952 232 1476 1285 1074 382 1524 1571 1203 1558 1265 267 1417 11 258 1126 794 794 1126 579 932 831 1112 771 231 1244 959 1424 1113 1435 758 919 1377 1524 382 655 237 1360 1113 1424 361 31 476 1209 825 618 1279 1594 1086 1293 543 1345 53 98 1459 815 1097 680 1336 43 21 111 1139 356 1477 651 824 258 578 114 1429 411 700 1294 1295 522 189 1357 237 655 1126 1407 579 194 1334 66 250 855 395 422 660 309 1558 232 945 1300 1552 1182 208 1546 1628 1308 207 45 482 532 1106 226 1519 567 392 435 1393 1481 1086 1377 1532 1214 959 22 125 185 973 511 224 1019 60 393 711 721 1535 519 1222 169 68 723 481 296 557 1550 772 344 1514 724 1628 1585 104 1246 1508 776 1044 1466 1377 1086 1297 1392 999 975 711 772 1514 1140 831 932 1585 1628 69 759 88 1356 1550 1246 104 922 77 326 1005 992 546 824 1061 258 274 981 98 975 1521 569 1395 879 147 349 771 875 18 758 1300 1522 1587 870 999 332 1301 636 1045 841 1500 1478 893 1360 889 613 764 525 1331 1038 467 1463 237 482 1106 1378 1374 878 1050 77 922 1301 60 362 1186 864 238 213 407 390 268 1378 596 875 771 600 449 879 701 745 532 19 1279 618 164 999 1521 975 126 416 1280 1380 207 1308 449 1345 543 1282 181 165 841 1045 337 1201 1044 776 978 548 323 1228 227 1500 1503 1258 1259 395 1181 145 24 309 126 1360 237 889 606 701 845 675 227 1228 1366 1436 253 1330 847 146 700 1456 1294 663 188 353 361 325 127 1217 824 651 1259 254 497 945 595 936 912 856 804 66 1334 397 1211 771 349 1130 507 1592 376 1593 918 1313 856 912 456 1521 913 362 60 1019 346 1379 982 1357 482 237 1553 1020 934 1321 112 5 1135 1534 1075 368 38 345 1019 393 130 214 257 834 1240 519 169 75 1275 189 109 1186 238 75 1592 1275 1209 476 1403 1132 975 1476 497 254 851 145 1181 1363 70 1178 1183 1396 166 511 248 113 54 1214 1424 959 709 1284 7 1279 992 1005 1275 1118 735 88 697 1356 1029 27 19 595 574 1029 848 356 1001 1263 1601 504 893 1478 1157 20 664 333 921 128 207 467 1610 1463 628 664 20 30 168 1298 823 1366 704 1357 1029 482 238 21 43 306 246 51 982 392 1393 397 1365 678 229 1195 194 1357 595 1029 147 879 449 779 778 244 1301 332 60 208 1628 724 214 1341 1240 1602 522 7 89 1479 746 1392 975 1132 168 228 1298 1403 476 578 1603 901 1430 424 364 894 649 957 1336 1464 772 1535 1403 257 1209 1572 847 570 732 146 1572 1297 1086 1594 795 1381 735 952 758 1435 289 1602 7 1571 1513 382 889 237 1106 1209 257 380 1410 1456 317 838 407 31 630 1403 578 211 229 194 1498 1334 194 75 1034 1592 765 27 191 1293 1086 1042 96 919 692 1042 1481 593 974 439 1243 816 1449 1233 528 1436 1366 1482 103 408 2 255 89 1157 1478 1487 681 511 973 491 257 1403 968 1167 1382 17 1236 1382 1298 50 1553 1366 253 704 859 161 1233 823 1250 1015 255 1479 89 654 1084 26 1527 987 749 1436 1236 17 1198 1593 961 486 247 1309 880 1313 247 269 59 440 1193 1585 1405 1183 1178 886 511 861 224 886 1178 344 649 1247 974 614 249 1321 212 1069 469 1349 1228 893 258 794 1119 789 90 1601 554 1098 490 600 759 283 701 1345 449 259 532 745 1244 88 759 974 753 439 572 1493 1054 1038 543 53 53 1345 155 789 1601 1263 779 244 815 1260 353 1320 955 1221 213 1477 356 1168 397 1334 1365 549 37 372 913 1301 362 126 309 416 914 1584 854 1058 1386 1584 613 889 33 423 595 945 108 311 1572 839 373 762 615 1593 1198 155 938 1322 1467 1428 615 80 1603 667 80 356 848 799 34 260 1015 1250 1454 1331 1323 602 317 1456 849 1179 645 505 339 1527 749 509 1158 1024 939 523 1412 1217 651 795 1061 1126 258 214 1240 1545 214 834 1341 834 1621 1517 834 491 1621 491 270 1621 1605 481 648 629 1456 1410 107 166 357 1001 1392 1193 630 220 270 340 58 350 350 743 28 114 476 407 267 692 18 978 323 1026 333 357 275 725 744 957 684 647 1089 557 1246 1550 205 113 248 1015 1245 1598 1055 1106 751 229 442 1195 424 69 340 940 3 915 651 39 795 250 395 145 1620 1142 17 704 253 368 1569 1020 1239 1239 306 40 957 1097 1336 170 434 1605 311 732 1572 1463 817 543 1005 43 111 1275 735 189 735 1381 1295 546 780 43 1301 1521 999 323 1422 1026 597 807 733 534 18 1182 919 758 692 80 206 1603 901 638 875 424 340 364 1047 1324 484 69 1079 58 439 1220 105 253 1436 1142 99 914 854 1055 889 1106 221 1523 629 1465 1286 1070 973 224 1410 1417 1465 1070 38 253 1142 1406 1501 840 1415 57 348 726 1209 380 901 1027 1430 875 600 1027 1464 803 36 803 52 36 375 1203 1265 915 879 1395 711 1514 1297 328 877 1350 1190 1471 240 318 1161 873 886 1464 36 1532 959 781 146 847 1572 783 1182 1323 938 627 1322 1141 677 1133 1393 213 390 346 1168 1379 1280 113 1429 1168 356 80 1603 1430 667 80 848 206 1405 1585 424 1183 886 36 1532 764 1203 1058 1459 1386 745 275 1396 1294 1456 629 1001 356 1139 1132 42 724 60 332 410 1349 1571 1100 267 11 692 232 423 945 921 207 1380 818 970 514 52 291 1375 955 24 126 1280 1429 1221 380 257 214 346 410 1477 1240 169 1545 75 189 1602 854 235 205 848 1405 894 1605 443 481 603 260 535 1482 836 115 115 509 398 883 665 1252 1287 26 1088 1159 1360 613 1497 1265 936 602 1558 1203 959 1113 1308 1038 1463 543 1392 1132 1193 443 62 167 1042 593 516 939 1412 1016 491 1403 630 1514 1377 1297 3 670 915 1566 793 470 42 575 208 1378 941 596 960 727 829 780 109 238 970 748 1278 439 116 1243 1431 982 390 381 215 54 678 1505 1316 70 613 33 127 108 570 1139 332 999 1503 250 1258 682 1471 1190 967 1397 1413 1564 564 6 1002 159 457 604 948 1213 393 838 130 709 7 383 136 983 654 936 595 1357 1571 1524 279 18 1300 1182 1396 511 681 191 818 20 191 555 818 849 700 1062 1048 967 1413 60 410 393 52 1375 1125 458 1038 409 354 934 1569 779 815 1058 1042 516 1484 609 1150 1358 88 1411 697 1313 912 549 37 249 372 360 106 784 106 269 440 1162 456 542 1019 130 186 1431 390 838 982 1393 390 161 816 1233 816 535 1449 603 799 260 1245 736 1179 1454 1250 339 749 836 1266 115 89 746 746 1479 839 115 836 509 398 2 89 944 883 1252 70 33 141 33 1055 73 11 96 692 1523 1294 629 624 789 216 849 1062 1596 1179 487 645 509 1473 1158 451 1438 505 302 17 1382 1477 332 1139 794 851 1119 851 328 271 432 368 1441 1543 1565 472 380 214 1545 1621 618 1517 289 1605 648 141 979 675 1532 781 764 1113 1380 1308 127 570 1380 317 216 1108 1293 1042 1484 306 51 40 1261 107 1112 1265 945 936 155 1064 938 1065 1445 1564 277 1577 1153 577 1627 1409 318 873 218 776 1466 1002 326 1 1201 417 427 604 1054 1480 1003 786 437 572 1379 392 982 378 273 215 66 178 378 33 889 1055 1569 1239 146 751 532 259 681 1263 504 886 772 1464 849 1456 700 896 1496 1047 1125 655 1360 649 725 957 91 1198 961 1039 1475 880 48 37 549 912 360 465 456 913 101 1393 955 213 346 1477 1168 859 968 161 603 1366 823 1015 1454 1245 746 839 103 1504 1288 654 1349 1100 1228 732 354 1569 921 847 850 268 596 617 96 573 919 1108 789 1263 973 1410 1108 317 55 216 1022 624 216 839 1479 373 355 1140 628 762 556 1547 432 1250 704 1428 1593 615 540 363 997 1399 1124 800 1124 1543 472 368 345 1441 368 253 38 390 407 838 726 380 806 1168 80 667 270 164 1621 959 1308 781 817 147 449 42 208 724 490 1098 793 1016 1037 552 458 467 1038 783 534 1182 689 1211 349 216 789 1108 1293 1484 940 1523 245 1294 516 1566 1358 670 845 915 1566 470 358 386 347 624 979 227 675 1497 936 655 570 847 921 191 20 333 1464 1535 829 470 1081 358 386 896 760 353 1107 663 131 1352 1400 102 334 1346 1346 486 1309 486 880 247 269 1162 59 569 1521 456 913 362 335 362 1019 857 161 1236 816 816 528 535 603 823 799 1179 505 1598 1454 1266 408 339 749 1266 509 1024 398 1287 863 1504 654 983 1084 1470 1157 136 1615 893 1157 936 1357 655 157 783 1323 681 973 1263 1039 334 1180 339 1250 432 5 1135 1198 645 451 505 1158 1399 1024 624 90 789 1321 249 212 432 704 368 1135 1075 615 970 1278 1085 302 1620 17 1616 1627 577 764 602 1203 1624 1594 147 759 1260 283 1022 386 624 105 321 116 878 941 1378 437 1493 572 1627 140 1160 1346 1309 961 1309 614 91 1313 549 372 360 784 465 106 440 784 1162 542 59 456 101 542 913 335 101 362 857 335 335 63 310 1019 186 857 857 871 63 130 726 186 1431 346 982 416 54 1280 834 257 491 211 194 66 638 1378 268 375 1532 1203 375 1214 1532 1308 45 781 570 921 1380 268 617 689 1039 1180 962 1135 615 1198 617 1559 204 1464 829 803 1017 653 1446 1321 212 112 651 258 1119 1075 1467 615 914 1058 1584 1183 36 1159 1331 157 1323 817 1624 147 1064 512 938 754 923 1141 1346 961 376 486 1039 880 1313 372 247 372 249 614 465 48 549 59 485 440 335 310 101 1168 667 1379 1517 383 1341 206 1374 1603 901 875 1027 289 648 1602 848 1001 1405 600 1244 759 1245 1179 1598 268 689 349 751 259 504 259 1396 681 55 1022 216 839 762 1547 221 563 1523 443 68 481 1039 962 1475 91 5 1198 424 1585 69 617 204 689 1438 34 505 491 630 270 896 1047 760 69 1628 1079 651 1119 39 794 497 851 250 22 1258 145 165 22 1363 1282 165 432 1441 1527 1422 0 1026 587 46 1282 630 1600 220 373 404 762 961 1593 376 1431 410 346 968 1382 161 528 1366 603 103 736 408 1266 836 1482 1482 115 746 839 1547 103 115 398 89 2 944 1252 944 1359 883 883 1231 1088 1113 127 1380 229 422 442 509 836 1473 649 974 725 1167 302 1382 361 960 325 780 238 43 793 1096 470 486 334 1039 913 1521 1301 126 1280 1221 416 381 54 528 1236 1436 704 1250 823 1454 408 1245 108 458 311 817 449 543 751 504 1006 259 745 1396 1410 317 1108 191 27 555 940 915 1395 91 1321 5 1118 1217 795 1399 800 1024 987 1473 749 155 1322 1014 1481 687 593 851 271 1119 250 145 22 1363 587 1282 587 729 46 1124 472 800 578 476 114 426 1204 778 1499 1207 858 1190 240 296 576 1035 720 925 1109 895 840 899 1091 1409 1160 607 1116 1616 577 1354 1281 1416 457 1161 318 1146 1050 922 1288 625 1470 1157 1487 136 1183 1159 613 1497 375 1265 259 681 504 1239 40 1330 245 411 1294 1377 382 1481 1064 606 512 1261 1112 1561 1418 102 376 1195 1498 194 1125 1497 655 692 758 18 91 614 1321 653 1082 1446 732 1569 146 1038 53 409 224 629 1410 1001 1139 1392 1132 724 1193 1293 940 1395 69 58 340 794 579 497 323 299 1422 861 166 107 1140 932 664 211 660 229 397 1316 178 397 678 1316 678 939 1505 859 1233 1326 528 603 535 883 1088 665 1287 1504 26 863 554 1504 1470 1615 1157 1100 675 1228 1030 141 675 33 73 141 1055 1006 73 1006 287 73 108 1572 570 1624 1297 1594 745 19 765 931 1589 331 1358 1150 1484 939 1016 1505 40 1443 1330 386 760 347 1097 1041 1149 1261 1561 563 472 526 800 1465 252 1286 53 155 1014 1260 1107 353 30 1298 934 1064 701 606 381 378 215 1030 1178 70 73 979 141 70 1183 613 275 166 1396 745 765 275 1424 727 361 940 1150 3 593 1248 516 240 557 296 837 1471 682 1597 1191 219 1501 899 840 1445 564 1564 1466 159 1002 1 1044 1201 427 948 604 1159 1125 1360 1624 711 1297 849 1596 55 1091 998 500 393 410 1431 211 66 378 848 894 206 66 397 178 1386 56 1584 1405 424 894 1316 426 1607 1288 554 625 1331 1247 157 1005 546 43 1055 751 1006 224 221 629 317 849 55 630 578 1600 53 1014 409 818 514 20 516 1248 1566 358 609 1358 157 1336 783 534 267 18 393 1431 838 1393 435 955 381 211 378 1517 709 383 178 273 378 1316 1607 178 825 111 1284 99 854 248 638 349 875 1228 1500 893 1331 525 1247 1594 1395 147 765 191 333 724 1585 1193 442 1446 1195 970 1085 514 1566 1248 793 50 540 997 212 469 112 144 1465 1417 380 1545 806 638 268 349 816 1236 528 1015 1598 799 408 736 1245 1454 339 1266 2 81 944 883 1359 1231 1504 654 26 1288 136 654 1487 983 136 764 1331 602 157 649 1336 973 1108 1263 340 28 364 1139 999 1392 1473 836 749 1142 1436 17 1284 289 7 283 226 1027 854 205 248 1239 1330 146 1260 1320 283 546 597 158 1353 355 628 825 1279 1005 781 525 764 735 1295 189 221 1261 563 1118 722 1217 1322 74 1290 1503 1259 497 395 1560 1181 597 733 639 733 1128 639 1420 1215 1156 337 1045 837 1091 899 998 1409 1627 1160 457 159 1161 326 77 1 1054 1493 1480 215 273 99 1275 507 1118 1566 358 1358 556 487 1547 1503 855 250 1258 1089 1259 1413 1397 1406 600 283 1027 1504 554 1288 1463 721 817 534 592 267 361 727 960 514 628 20 1496 1529 1047 340 350 28 105 298 321 215 99 248 825 1005 111 1030 70 141 157 1247 649 978 1026 763 423 574 595 817 721 1624 1594 1293 1395 1085 1353 514 914 779 1058 1382 1236 161 823 1015 799 1266 1482 408 1482 746 103 1024 81 398 2 1252 255 1231 1287 1088 11 172 96 504 1601 1006 339 432 1527 1420 1156 1013 858 1202 1419 104 1508 506 337 837 682 464 636 841 219 1191 658 949 1597 219 1177 367 949 370 1018 134 1315 562 1012 1197 782 646 834 1517 1341 221 861 1261 167 1522 10 1064 1345 701 442 1017 1446 1406 1397 1501 1598 34 799 1239 1020 306 516 1358 1484 1288 1470 136 1615 1349 893 1100 1030 675 1042 1086 1481 1140 664 628 1182 1552 1323 443 167 68 1607 1111 273 215 248 54 1016 552 1505 1346 334 486 1309 91 961 912 804 360 106 657 269 269 1285 1162 1162 569 456 857 63 335 726 806 186 398 81 2 765 333 275 333 664 357 1320 226 283 736 487 1179 800 81 1024 851 254 328 729 496 46 1037 1129 552 894 878 206 42 1074 575 102 1346 376 912 465 549 1162 1285 569 709 825 1284 224 861 221 546 158 780 1119 271 39 597 639 158 81 526 944 244 274 815 514 1353 628 1547 487 736 458 325 467 1118 795 735 28 941 364 743 343 28 579 1503 497 1027 226 1430 648 75 1602 505 34 1598 1547 736 103 287 979 73 1113 361 127 19 27 765 155 1345 1064 800 526 81 567 1519 392 664 932 357 1553 666 1020 974 1243 725 357 166 275 759 1356 1260 1443 850 1330 458 409 311 1298 1553 934 168 1274 228 130 31 726 347 493 282 1628 1546 1079 54 113 1280 1484 1150 940 546 992 597 439 105 116 1132 1476 42 918 972 1401 978 763 1147 11 1070 172 347 90 624 311 389 732 282 493 227 944 526 1359 1326 548 978 354 30 934 858 1207 1202 949 367 1597 1001 1193 1405 850 847 1330 1214 291 1424 279 1524 344 409 389 311 325 960 467 247 614 1309 167 10 68 596 941 343 1522 870 10 726 31 1209 309 660 416 1336 680 783 754 1141 1133 880 856 1313 343 941 28 50 997 1553 1607 273 178 227 493 1500 372 614 247 657 1285 269 955 435 24 701 879 845 410 332 1477 1014 389 409 145 1363 165 127 325 108 955 126 1221 829 1610 960 597 992 807 423 452 574 1601 90 287 274 98 815 845 879 915 997 666 1553 186 871 857 838 31 130 1006 1601 287 39 1381 795 306 666 246 169 1076 1545 1603 1374 901 1571 279 1100 1624 721 711 381 660 211 1261 861 107 1106 532 751 1290 74 30 806 1076 871 1125 1375 1497 706 452 1435 1475 856 880 108 325 458 662 1130 1592 484 1324 1478 602 1552 1558 1419 1215 1420 1605 434 443 1222 1557 169 51 1227 40 1588 754 1133 829 727 803 422 188 663 298 1299 321 144 173 446 1323 1552 602 960 1610 467 273 1111 99 1341 520 1240 226 567 1430 364 941 878 592 1417 267 1034 662 1592 520 522 1295 1500 484 1478 1545 1076 806 364 878 894 167 632 1522 1481 382 687 901 1374 638 1435 452 952 806 871 186 1443 298 850 732 389 354 1379 567 392 416 660 381 914 1111 779 638 1374 1378 1476 1074 42 552 1204 426 1041 320 173 1320 1519 226 443 434 62 1443 1299 298 579 855 1503 1497 1375 375 1247 753 974 1535 1610 829 1430 567 667 375 1375 1214 1615 1513 1349 392 1519 435 1418 376 918 1407 855 579 439 753 1220 1046 131 1400 347 282 90 493 484 1500 979 282 227 1400 931 331 45 525 781 1202 1215 1419 99 1111 914 207 1220 45 910 859 1326 40 1227 1443 111 170 1284 1178 279 344 592 144 1417 383 520 1341 353 867 1320 144 446 1465 1356 13 1107 1129 1204 552 1381 1222 519 1322 1290 1014 687 174 593 712 174 687 1107 13 1017 105 128 298 1529 1324 1047 1350 877 63 1320 867 1519 1424 291 727 164 618 1621 287 282 979 1443 1227 1299 1020 666 306 783 680 534 1326 978 1147 667 567 1379 1470 712 1615 442 663 1017 760 493 347 1248 490 793 62 632 167 90 282 287 1465 446 252 1047 484 760 525 753 1247 7 522 383 760 484 493 354 1290 30 534 680 592 238 864 21 271 1557 1222 270 295 164 952 452 423 24 188 309 727 291 803 803 291 52 1100 279 1030 863 1098 554 1514 1524 1377 271 1222 39 1615 712 1513 309 188 422 850 128 921 188 867 353 520 519 1240 344 1524 1514 144 1149 173 627 74 1322 1149 1041 173 422 663 442 1030 279 1178 434 864 62 1519 867 435 30 74 168 169 1557 1076 289 170 1605 663 1107 1017 625 712 1470 21 864 434 45 753 525 1204 79 244 625 174 712 1129 79 1204 435 867 24 24 867 188 383 522 520 1607 778 1111 1356 1107 1260 1478 1324 1487 1111 778 779 164 295 209 254 1311 877 1014 1290 389 244 79 274 784 429 536 697 13 1356 871 1350 63 39 1222 1381 382 1513 687 1284 170 289 1295 519 520 185 125 485 389 1290 354 1118 507 722 426 778 1607 593 174 1248 1220 753 45 542 684 59 1381 519 1295 1259 1311 254 1017 13 653 298 128 850 254 877 328 1513 712 687 220 295 270 554 490 625 328 1557 271 1418 918 1401 1046 1400 331 793 1098 1096 101 647 542 1076 1350 871 910 1326 1147 1588 1133 473 174 490 1248 1258 185 1089 625 490 174 1557 1350 1076 1282 868 181 465 536 48 165 125 22 328 1350 1557 59 684 485 63 877 310 536 429 181 249 694 212 877 1311 310 1089 1311 1259 1089 185 684 46 192 868 13 1145 653 440 429 784 181 868 536 697 1145 13 310 647 101 536 868 48 784 536 465 684 185 485 22 185 1258 485 429 440 868 192 48 46 868 1282 181 125 165 496 192 46 1311 647 310 1089 647 1311 37 694 249 37 192 694 694 192 496 48 192 37 125 429 485 1502 1510 1253 1046 331 652 474 1588 473 910 1147 285 396 1418 1401 181 429 125 1533 1520 430 430 1502 1253 734 396 1401 652 910 285 953 608 1486 1063 1046 652 261 474 473 734 1401 742 1533 430 1253 261 473 640 953 1486 100 1063 652 285 640 1472 1237 953 100 1402 265 1617 734 256 699 953 261 640 1237 1063 285 256 734 742 160 1533 1253 265 1277 1063 256 1144 261 1237 256 953 1402 1237 792 1238 937 1533 265 265 734 160 937 265 160 1277 256 1402 1144 1237 1238 1144 1238 924 584 67 1494 924 571 1277 1205 1053 584 1277 1402 1384 937 160 1205 1205 584 1494 1612 937 1205 924 1277 1384 1306 1144 924 1306 924 1384 1612 1205 1494 1494 401 1340 1427 1078 1612 1612 1494 1340 1306 1384 566 243 1216 1306 1427 1612 1340 243 1306 566 1427 1340 1582 243 566 550 1565 1083 472 526 1083 1359 1582 243 550 513 1427 1582 472 1083 526 1576 551 1361 513 1582 550 1474 385 513 513 550 1102 1102 1576 1361 744 266 957 1097 266 1041 1562 1218 1009 957 266 1097 0 874 1164 34 820 260 1102 1361 812 1474 513 1102 1080 1255 123 1438 820 34 863 963 1098 728 1229 612 1487 1579 983 1529 1579 1324 453 1289 231 1370 541 1310 926 297 1474 1474 1102 812 633 835 718 299 581 1099 787 124 14 683 492 1625 1452 1509 1568 897 1408 1432 1611 752 672 387 433 142 403 369 1344 1536 1333 419 1004 133 276 1469 958 619 1364 515 4 290 927 521 142 61 1611 521 843 1469 672 1437 897 904 225 1536 419 668 290 1098 963 1096 1355 319 438 1595 1490 1411 1324 1579 1487 744 1110 225 1449 581 548 323 581 299 1418 203 102 820 929 260 363 805 515 873 585 438 1359 785 1231 1448 1414 882 71 1541 197 863 143 963 1185 1009 1468 535 929 1449 1229 708 612 1099 929 820 494 1264 1072 1069 717 1035 433 61 142 927 843 521 1469 843 958 1536 225 1333 290 668 927 1333 668 419 1611 61 752 897 1437 1408 752 1437 672 473 988 640 677 988 1133 564 92 6 1415 92 57 963 143 741 1231 143 1287 728 612 1051 1172 1255 1087 741 785 1551 1551 785 1083 923 78 852 548 581 323 396 203 1418 140 1317 1158 446 885 252 1083 785 1359 12 64 1452 260 929 535 1175 791 530 1202 338 1215 926 1474 812 761 1542 1123 620 1388 1010 633 718 1385 469 1021 1018 584 78 67 754 78 923 1103 420 8 737 32 702 587 85 729 1438 1371 820 634 41 1458 1549 412 320 1074 1614 575 1096 524 470 225 1110 1333 1133 988 473 6 92 1415 780 770 109 427 642 948 1287 143 863 518 377 741 737 1305 962 1397 162 1501 395 909 1560 1407 909 855 1302 1143 1264 958 1556 619 620 984 1388 963 377 1096 741 377 963 1150 314 3 1217 1342 824 1146 1426 1050 948 1426 1213 245 869 411 763 502 608 0 502 1026 1116 531 1616 203 844 561 492 1337 1625 931 1457 1052 1352 1457 1400 1310 541 308 351 1166 989 1587 1495 1485 1286 1488 1450 650 217 430 1286 1450 1070 1439 830 1262 245 414 869 619 1556 1223 1271 233 1385 305 471 1528 1520 650 430 1053 802 584 1567 292 171 67 78 754 1567 1570 252 742 1166 1053 989 1166 972 61 770 752 444 1614 657 1229 1614 444 1110 1090 1333 438 377 518 657 1614 1074 470 524 1081 671 947 813 480 300 87 1130 801 1508 133 428 276 904 428 225 707 498 809 1031 135 1534 1164 796 0 621 1049 821 819 1175 153 1539 728 1051 158 770 780 198 1302 1264 38 466 1445 700 1325 1062 293 300 480 826 1256 499 855 909 395 896 984 1496 731 1606 562 313 1370 1134 1458 87 183 1093 453 498 86 94 826 208 881 1546 1606 1421 1109 1018 1031 425 540 928 1493 1625 1337 47 670 1538 845 277 1314 1577 1160 1314 607 1397 1433 162 228 9 1480 173 1095 446 1411 1490 697 124 129 14 609 314 1150 1523 1218 245 1364 1033 515 722 1342 1217 1450 1488 1541 88 1289 1411 231 1289 1244 373 830 404 653 605 1082 1081 585 1161 967 278 1052 1213 1426 1146 478 448 991 1167 448 302 1061 777 1126 573 379 1278 3 463 670 725 1110 744 1225 956 523 824 304 1061 14 129 906 562 1606 1012 925 1606 1109 787 479 124 1412 527 44 1616 1317 1627 1567 885 64 1026 502 763 1307 531 1116 179 1567 64 995 1025 665 436 874 1172 1302 853 1143 770 352 752 1472 162 792 1274 9 228 1028 129 44 1400 1457 931 1099 1371 977 1479 1057 373 926 812 790 584 802 78 1112 1591 1561 10 338 1362 985 530 588 620 1010 676 633 1385 303 322 517 441 1084 590 26 1088 590 665 1018 1021 134 576 1021 1035 820 1371 1099 1085 821 1353 94 379 826 1070 1450 172 1304 280 782 666 703 246 363 703 997 1556 1033 1223 1130 152 507 1276 217 650 158 352 770 276 428 904 1363 553 587 568 371 1207 1480 928 228 1197 1101 782 297 650 1520 881 222 1148 1486 1143 100 985 1554 530 1577 598 1153 1065 598 1445 329 262 774 617 761 1559 343 761 596 1081 1319 358 1016 622 1037 427 1151 1372 1518 1439 1262 417 1151 427 459 1485 193 695 1540 537 370 1031 1018 121 767 1338 324 796 137 98 891 1128 767 798 916 1281 1219 822 852 802 351 1442 541 1604 693 300 1008 538 1347 241 55 971 1022 1117 1121 176 1461 1488 171 972 1166 742 705 1439 1173 1126 777 1407 1296 1011 286 1563 801 568 1333 1090 668 1337 479 47 1560 330 1191 568 801 662 78 802 852 203 1196 102 228 928 50 154 710 683 233 1192 1170 1620 466 1142 916 798 1376 404 810 1212 1050 1538 77 782 280 646 1315 280 562 1510 844 1617 774 262 1580 620 872 984 1109 135 895 926 251 297 464 330 636 1191 330 658 1362 371 568 1376 1196 203 689 1224 1211 1048 278 967 515 805 4 334 1196 1180 1281 501 1416 512 642 938 487 1226 645 44 686 1412 411 1325 700 1522 1351 1587 1045 777 837 218 319 1623 355 641 1140 674 41 634 1003 9 415 1475 708 856 665 1025 1252 1022 860 386 403 1495 369 1211 1224 65 399 488 637 76 582 1303 396 844 203 1549 862 1004 1060 1094 156 1090 1292 668 1073 866 990 1223 1033 1364 639 352 158 575 881 208 752 352 1437 1453 688 786 1013 312 1234 1509 412 1568 984 860 1388 1354 1219 1281 537 688 1453 1234 312 459 274 827 981 1485 49 1587 845 1538 606 645 495 451 1141 1101 677 607 1314 277 320 1095 173 697 1490 1145 1194 329 774 438 585 524 1082 233 1271 563 1218 1523 47 479 787 659 117 93 1200 942 132 731 1421 1606 1318 830 1439 1007 623 586 1580 150 994 379 832 1278 1075 1421 1467 575 222 881 411 1554 1325 156 1094 72 1616 1169 1317 94 832 379 984 872 1496 990 866 1136 1244 1289 88 1373 717 729 729 717 496 640 903 1472 1145 605 653 171 471 374 1627 1317 140 1303 582 583 352 1440 1437 892 41 674 140 769 1160 991 448 1167 1158 1317 1399 1541 1488 1461 896 860 984 639 1440 352 329 1224 204 1243 1110 725 1085 832 821 87 264 1123 906 129 1028 1618 1226 556 1012 1606 925 698 769 987 962 32 737 292 471 171 1307 501 531 1160 769 1314 582 739 583 881 1291 1546 1596 971 55 1573 1618 1212 405 872 620 695 805 1540 1496 671 1529 1180 32 962 1241 1251 1023 626 1462 483 930 455 1171 1506 679 757 1422 874 0 204 262 329 792 162 1352 668 1292 927 179 64 12 1623 1219 1354 1485 1495 193 179 292 1567 1458 264 87 1445 466 564 831 775 1591 1411 138 1595 255 1057 1479 739 1226 1618 1318 1439 705 777 902 1407 671 813 1529 831 1591 1112 958 715 1227 870 338 10 478 278 1512 162 1433 1352 1050 669 1538 448 954 302 1388 971 1010 1243 1090 1110 1095 412 1509 65 1224 329 171 1570 1567 26 590 1088 1128 1440 639 134 1021 576 1292 716 927 728 222 1229 523 527 1412 588 791 656 1529 813 1579 679 233 1170 1045 902 777 637 813 1328 1200 1444 942 997 703 666 1084 488 590 1437 1440 1408 100 1143 551 507 152 722 869 1554 411 1579 813 637 988 903 640 41 1249 1458 1539 1051 1483 1181 553 1363 117 1619 451 436 1172 1087 1573 1212 1092 496 717 1069 1080 123 1389 198 1264 494 190 1101 1197 1408 1447 1432 822 1219 1355 1538 669 606 1153 598 1065 1471 304 240 1023 1251 1383 483 1462 281 1171 455 1531 757 679 1170 596 761 617 1460 251 926 358 1319 609 1412 622 1016 1591 775 1531 1161 585 873 1272 1516 731 1383 1251 633 281 1462 359 998 903 988 1372 1151 1274 451 1619 1438 540 1273 363 202 641 355 1173 1439 1518 612 1305 1051 1052 278 478 1072 402 324 1438 1619 1371 962 1305 1475 808 1291 881 1229 222 1614 415 1151 417 116 1090 1243 1317 1169 1399 313 1134 1448 819 153 1451 634 1458 183 1165 1562 1185 1093 498 707 293 480 95 86 826 499 989 1516 351 124 686 129 355 1049 814 1230 1031 370 1508 801 1563 743 935 480 981 827 710 1 463 1044 195 292 179 1614 222 575 64 885 1509 981 891 98 302 954 1620 50 928 540 71 1256 773 351 1516 1272 927 716 843 1493 928 1480 1035 717 1373 255 1025 1057 869 414 153 480 1542 743 899 903 998 1546 1291 691 1432 1447 154 1143 853 551 716 715 843 116 1292 1090 739 1011 583 1620 954 92 240 304 1342 23 935 263 1314 769 698 492 827 79 430 217 1502 662 801 1130 1230 135 1031 683 710 492 1278 832 1085 338 371 1362 314 463 3 4 805 695 1148 222 728 531 1169 1616 1338 1094 1060 790 866 1073 967 1433 1397 93 582 76 252 1570 1286 455 1591 1531 1342 304 824 193 1495 403 1142 466 38 905 83 1200 1044 463 314 646 280 1315 321 1292 116 1617 844 396 1618 1011 739 1367 833 773 172 833 1367 1539 1483 673 57 954 448 965 436 1087 966 1573 1092 553 85 587 1080 1389 508 582 495 739 1586 1310 661 788 195 1040 1092 1235 747 1254 198 494 388 1187 308 1115 341 1104 529 1483 196 475 946 242 611 1235 544 223 1389 659 843 715 958 888 1460 460 1188 1255 1080 599 796 1164 1328 947 1269 1371 1619 123 1426 669 1050 123 117 1389 1407 902 909 524 585 1081 895 135 1230 321 716 1292 658 330 464 1156 312 1013 786 688 437 610 1460 294 121 1338 933 137 796 1390 460 790 1626 1087 1255 1131 814 202 355 1512 278 1048 835 956 1225 102 1196 334 1587 49 870 1212 810 1092 494 1072 1368 196 702 884 1416 501 1307 659 93 719 242 1276 272 544 705 1404 1554 1444 1325 938 642 627 530 791 588 813 947 1328 1056 1251 1241 676 1462 626 1232 455 930 303 679 1506 1115 292 195 1123 1542 480 743 1542 343 460 926 790 544 1318 705 196 737 702 636 902 1045 632 1351 1522 1299 716 321 873 319 218 1028 1310 1586 1040 195 179 1140 641 831 367 85 1597 197 1541 1461 594 985 588 882 1414 1056 730 620 676 1468 1009 1232 1383 633 303 281 359 905 533 488 399 1124 1169 531 606 669 512 92 954 57 1207 371 1202 197 1461 418 1194 774 1425 882 1056 644 594 588 943 730 676 1327 1457 1433 967 707 809 29 1468 1232 1127 1383 303 336 281 905 1423 86 1121 94 1093 1347 453 87 300 183 313 541 1370 1299 715 716 1145 560 605 386 860 896 590 488 533 1156 49 1485 580 1192 605 79 827 274 1252 1025 255 327 791 1210 1352 1433 1457 1568 412 1549 856 708 804 1480 9 1003 1399 1169 1124 320 412 1095 551 853 1361 1227 715 1299 556 1226 487 307 1332 976 950 1332 1176 204 1224 689 1210 1175 230 1398 1175 819 313 1448 284 819 1451 1530 118 674 634 151 1451 1165 755 1448 882 976 405 1391 468 405 730 1122 634 183 1165 1185 1114 1067 71 197 1599 461 539 199 942 594 132 942 1489 342 1185 1468 1066 263 461 23 263 84 1105 1093 707 293 95 316 1613 86 499 1578 95 23 1531 775 616 1369 775 713 1170 1192 738 200 1192 580 713 202 1335 184 202 814 814 1049 908 1329 1049 621 1525 327 1036 1595 138 1507 842 138 394 182 327 1537 198 517 1302 909 902 636 1004 862 133 891 1447 1408 580 560 1434 622 686 124 1180 798 32 32 798 767 1257 97 691 512 669 1426 480 935 95 1539 1148 728 866 635 1136 1339 1256 71 1548 150 892 1043 560 828 892 766 510 539 97 1575 499 1256 1492 656 791 327 994 150 714 1485 312 1156 437 688 1540 459 312 1485 1540 688 537 1540 1273 437 950 947 671 359 83 905 635 517 1136 1302 517 635 1210 791 1175 1412 686 622 1199 517 198 171 1488 1570 1570 1488 1286 139 1011 1573 691 1291 900 1202 371 338 72 623 1242 621 643 431 1389 117 659 242 217 1276 1450 833 172 175 623 72 671 1332 950 297 251 650 831 641 775 460 1460 926 1458 1249 264 775 641 713 821 643 621 942 1444 985 1206 471 1115 892 150 41 1092 810 1235 985 1444 1554 730 405 620 594 942 985 180 541 313 183 300 119 1071 1347 1093 384 1121 86 881 1148 808 1361 853 635 1325 1444 1200 1597 85 553 129 686 44 981 1447 891 674 766 892 1573 1011 1618 635 853 1302 713 641 202 605 560 580 1032 1291 808 811 643 1574 93 495 582 1115 471 292 123 1619 117 710 827 492 95 935 23 610 251 1460 413 1148 1539 1269 947 16 1332 872 976 976 872 405 374 471 305 308 1187 1310 195 341 1115 1136 517 322 808 1148 413 583 1011 1296 16 947 950 308 541 1442 1008 300 293 394 1347 538 1574 1121 1117 586 623 946 766 920 82 1310 1187 661 788 341 195 661 1187 1455 1609 341 788 421 1269 16 413 1539 673 223 659 719 475 242 272 611 544 1404 529 196 884 1254 494 1368 747 1235 122 508 1389 201 139 1573 966 1511 436 965 565 583 1296 1544 72 1242 301 1136 322 599 1164 601 586 946 210 1590 1483 1267 888 460 1626 558 1087 1131 1268 137 1390 1199 198 1154 887 121 933 400 1092 1155 1188 1080 969 1138 610 294 1032 808 413 16 950 1176 1206 1115 951 1036 1210 230 589 308 1442 1548 892 510 180 313 284 907 819 1530 187 994 714 1491 374 305 890 674 118 1583 656 182 25 1451 151 1515 1448 755 148 976 1391 1257 691 900 288 634 1122 917 1165 1114 740 1194 477 1137 882 120 1067 197 980 1599 539 1575 199 594 1387 503 183 119 797 730 177 1339 71 547 35 1185 342 1066 461 898 1068 1468 239 1105 707 1526 591 132 545 1008 293 316 1613 499 1492 1152 1383 1000 1071 1093 1270 1622 23 996 986 95 1578 1120 281 489 384 86 911 690 1531 616 842 394 538 15 1170 738 811 1574 1117 445 1595 1507 236 713 1335 1208 580 1434 1329 621 431 1581 814 1163 1043 828 768 1036 327 1210 656 327 182 993 766 890 1104 341 1609 1455 1187 388 82 920 1174 391 1189 1525 1537 1189 391 1174 920 993 890 766 674 327 1189 1537 1525 1189 327 993 920 766 
        </DataArray>
        <DataArray type="Int32" Name="offsets" format="ascii">
          3 6 9 12 15 18 21 24 27 30 33 36 39 42 45 48 51 54 57 60 63 66 69 72 75 78 81 84 87 90 93 96 99 102 105 108 111 114 117 120 123 126 129 132 135 138 141 144 147 150 153 156 159 162 165 168 171 174 177 180 183 186 189 192 195 198 201 204 207 210 213 216 219 222 225 228 231 234 237 240 243 246 249 252 255 258 261 264 267 270 273 276 279 282 285 288 291 294 297 300 303 306 309 312 315 318 321 324 327 330 333 336 339 342 345 348 351 354 357 360 363 366 369 372 375 378 381 384 387 390 393 396 399 402 405 408 411 414 417 420 423 426 429 432 435 438 441 444 447 450 453 456 459 462 465 468 471 474 477 480 483 486 489 492 495 498 501 504 507 510 513 516 519 522 525 528 531 534 537 540 543 546 549 552 555 558 561 564 567 570 573 576 579 582 585 588 591 594 597 600 603 606 609 612 615 618 621 624 627 630 633 636 639 642 645 648 651 654 657 660 663 666 669 672 675 678 681 684 687 690 693 696 699 702 705 708 711 714 717 720 723 726 729 732 735 738 741 744 747 750 753 756 759 762 765 768 771 774 777 780 783 786 789 792 795 798 801 804 807 810 813 816 819 822 825 828 831 834 837 840 843 846 849 852 855 858 861 864 867 870 873 876 879 882 885 888 891 894 897 900 903 906 909 912 915 918 921 924 927 930 933 936 939 942 945 948 951 954 957 960 963 966 969 972 975 978 981 984 987 990 993 996 999 1002 1005 1008 1011 1014 1017 1020 1023 1026 1029 1032 1035 1038 1041 1044 1047 1050 1053 1056 1059 1062 1065 1068 1071 1074 1077 1080 1083 1086 1089 1092 1095 1098 1101 1104 1107 1110 1113 1116 1119 1122 1125 1128 1131 1134 1137 1140 1143 1146 1149 1152 1155 1158 1161 1164 1167 1170 1173 1176 1179 1182 1185 1188 1191 1194 1197 1200 1203 1206 1209 1212 1215 1218 1221 1224 1227 1230 1233 1236 1239 1242 1245 1248 1251 1254 1257 1260 1263 1266 1269 1272 1275 1278 1281 1284 1287 1290 1293 1296 1299 1302 1305 1308 1311 1314 1317 1320 1323 1326 1329 1332 1335 1338 1341 1344 1347 1350 1353 1356 1359 1362 1365 1368 1371 1374 1377 1380 1383 1386 1389 1392 1395 1398 1401 1404 1407 1410 1413 1416 1419 1422 1425 1428 1431 1434 1437 1440 1443 1446 1449 1452 1455 1458 1461 1464 1467 1470 1473 1476 1479 1482 1485 1488 1491 1494 1497 1500 1503 1506 1509 1512 1515 1518 1521 1524 1527 1530 1533 1536 1539 1542 1545 1548 1551 1554 1557 1560 1563 1566 1569 1572 1575 1578 1581 1584 1587 1590 1593 1596 1599 1602 1605 1608 1611 1614 1617 1620 1623 1626 1629 1632 1635 1638 1641 1644 1647 1650 1653 1656 1659 1662 1665 1668 1671 1674 1677 1680 1683 1686 1689 1692 1695 1698 1701 1704 1707 1710 1713 1716 1719 1722 1725 1728 1731 1734 1737 1740 1743 1746 1749 1752 1755 1758 1761 1764 1767 1770 1773 1776 1779 1782 1785 1788 1791 1794 1797 1800 1803 1806 1809 1812 1815 1818 1821 1824 1827 1830 1833 1836 1839 1842 1845 1848 1851 1854 1857 1860 1863 1866 1869 1872 1875 1878 1881 1884 1887 1890 1893 1896 1899 1902 1905 1908 1911 1914 1917 1920 1923 1926 1929 1932 1935 1938 1941 1944 1947 1950 1953 1956 1959 1962 1965 1968 1971 1974 1977 1980 1983 1986 1989 1992 1995 1998 2001 2004 2007 2010 2013 2016 2019 2022 2025 2028 2031 2034 2037 2040 2043 2046 2049 2052 2055 2058 2061 2064 2067 2070 2073 2076 2079 2082 2085 2088 2091 2094 2097 2100 2103 2106 2109 2112 2115 2118 2121 2124 2127 2130 2133 2136 2139 2142 2145 2148 2151 2154 2157 2160 2163 2166 2169 2172 2175 2178 2181 2184 2187 2190 2193 2196 2199 2202 2205 2208 2211 2214 2217 2220 2223 2226 2229 2232 2235 2238 2241 2244 2247 2250 2253 2256 2259 2262 2265 2268 2271 2274 2277 2280 2283 2286 2289 2292 2295 2298 2301 2304 2307 2310 2313 2316 2319 2322 2325 2328 2331 2334 2337 2340 2343 2346 2349 2352 2355 2358 2361 2364 2367 2370 2373 2376 2379 2382 2385 2388 2391 2394 2397 2400 2403 2406 2409 2412 2415 2418 2421 2424 2427 2430 2433 2436 2439 2442 2445 2448 2451 2454 2457 2460 2463 2466 2469 2472 2475 2478 2481 2484 2487 2490 2493 2496 2499 2502 2505 2508 2511 2514 2517 2520 2523 2526 2529 2532 2535 2538 2541 2544 2547 2550 2553 2556 2559 2562 2565 2568 2571 2574 2577 2580 2583 2586 2589 2592 2595 2598 2601 2604 2607 2610 2613 2616 2619 2622 2625 2628 2631 2634 2637 2640 2643 2646 2649 2652 2655 2658 2661 2664 2667 2670 2673 2676 2679 2682 2685 2688 2691 2694 2697 2700 2703 2706 2709 2712 2715 2718 2721 2724 2727 2730 2733 2736 2739 2742 2745 2748 2751 2754 2757 2760 2763 2766 2769 2772 2775 2778 2781 2784 2787 2790 2793 2796 2799 2802 2805 2808 2811 2814 2817 2820 2823 2826 2829 2832 2835 2838 2841 2844 2847 2850 2853 2856 2859 2862 2865 2868 2871 2874 2877 2880 2883 2886 2889 2892 2895 2898 2901 2904 2907 2910 2913 2916 2919 2922 2925 2928 2931 2934 2937 2940 2943 2946 2949 2952 2955 2958 2961 2964 2967 2970 2973 2976 2979 2982 2985 2988 2991 2994 2997 3000 3003 3006 3009 3012 3015 3018 3021 3024 3027 3030 3033 3036 3039 3042 3045 3048 3051 3054 3057 3060 3063 3066 3069 3072 3075 3078 3081 3084 3087 3090 3093 3096 3099 3102 3105 3108 3111 3114 3117 3120 3123 3126 3129 3132 3135 3138 3141 3144 3147 3150 3153 3156 3159 3162 3165 3168 3171 3174 3177 3180 3183 3186 3189 3192 3195 3198 3201 3204 3207 3210 3213 3216 3219 3222 3225 3228 3231 3234 3237 3240 3243 3246 3249 3252 3255 3258 3261 3264 3267 3270 3273 3276 3279 3282 3285 3288 3291 3294 3297 3300 3303 3306 3309 3312 3315 3318 3321 3324 3327 3330 3333 3336 3339 3342 3345 3348 3351 3354 3357 3360 3363 3366 3369 3372 3375 3378 3381 3384 3387 3390 3393 3396 3399 3402 3405 3408 3411 3414 3417 3420 3423 3426 3429 3432 3435 3438 3441 3444 3447 3450 3453 3456 3459 3462 3465 3468 3471 3474 3477 3480 3483 3486 3489 3492 3495 3498 3501 3504 3507 3510 3513 3516 3519 3522 3525 3528 3531 3534 3537 3540 3543 3546 3549 3552 3555 3558 3561 3564 3567 3570 3573 3576 3579 3582 3585 3588 3591 3594 3597 3600 3603 3606 3609 3612 3615 3618 3621 3624 3627 3630 3633 3636 3639 3642 3645 3648 3651 3654 3657 3660 3663 3666 3669 3672 3675 3678 3681 3684 3687 3690 3693 3696 3699 3702 3705 3708 3711 3714 3717 3720 3723 3726 3729 3732 3735 3738 3741 3744 3747 3750 3753 3756 3759 3762 3765 3768 3771 3774 3777 3780 3783 3786 3789 3792 3795 3798 3801 3804 3807 3810 3813 3816 3819 3822 3825 3828 3831 3834 3837 3840 3843 3846 3849 3852 3855 3858 3861 3864 3867 3870 3873 3876 3879 3882 3885 3888 3891 3894 3897 3900 3903 3906 3909 3912 3915 3918 3921 3924 3927 3930 3933 3936 3939 3942 3945 3948 3951 3954 3957 3960 3963 3966 3969 3972 3975 3978 3981 3984 3987 3990 3993 3996 3999 4002 4005 4008 4011 4014 4017 4020 4023 4026 4029 4032 4035 4038 4041 4044 4047 4050 4053 4056 4059 4062 4065 4068 4071 4074 4077 4080 4083 4086 4089 4092 4095 4098 4101 4104 4107 4110 4113 4116 4119 4122 4125 4128 4131 4134 4137 4140 4143 4146 4149 4152 4155 4158 4161 4164 4167 4170 4173 4176 4179 4182 4185 4188 4191 4194 4197 4200 4203 4206 4209 4212 4215 4218 4221 4224 4227 4230 4233 4236 4239 4242 4245 4248 4251 4254 4257 4260 4263 4266 4269 4272 4275 4278 4281 4284 4287 4290 4293 4296 4299 4302 4305 4308 4311 4314 4317 4320 4323 4326 4329 4332 4335 4338 4341 4344 4347 4350 4353 4356 4359 4362 4365 4368 4371 4374 4377 4380 4383 4386 4389 4392 4395 4398 4401 4404 4407 4410 4413 4416 4419 4422 4425 4428 4431 4434 4437 4440 4443 4446 4449 4452 4455 4458 4461 4464 4467 4470 4473 4476 4479 4482 4485 4488 4491 4494 4497 4500 4503 4506 4509 4512 4515 4518 4521 4524 4527 4530 4533 4536 4539 4542 4545 4548 4551 4554 4557 4560 4563 4566 4569 4572 4575 4578 4581 4584 4587 4590 4593 4596 4599 4602 4605 4608 4611 4614 4617 4620 4623 4626 4629 4632 4635 4638 4641 4644 4647 4650 4653 4656 4659 4662 4665 4668 4671 4674 4677 4680 4683 4686 4689 4692 4695 4698 4701 4704 4707 4710 4713 4716 4719 4722 4725 4728 4731 4734 4737 4740 4743 4746 4749 4752 4755 4758 4761 4764 4767 4770 4773 4776 4779 4782 4785 4788 4791 4794 4797 4800 4803 4806 4809 4812 4815 4818 4821 4824 4827 4830 4833 4836 4839 4842 4845 4848 4851 4854 4857 4860 4863 4866 4869 4872 4875 4878 4881 4884 4887 4890 4893 4896 4899 4902 4905 4908 4911 4914 4917 4920 4923 4926 4929 4932 4935 4938 4941 4944 4947 4950 4953 4956 4959 4962 4965 4968 4971 4974 4977 4980 4983 4986 4989 4992 4995 4998 5001 5004 5007 5010 5013 5016 5019 5022 5025 5028 5031 5034 5037 5040 5043 5046 5049 5052 5055 5058 5061 5064 5067 5070 5073 5076 5079 5082 5085 5088 5091 5094 5097 5100 5103 5106 5109 5112 5115 5118 5121 5124 5127 5130 5133 5136 5139 5142 5145 5148 5151 5154 5157 5160 5163 5166 5169 5172 5175 5178 5181 5184 5187 5190 5193 5196 5199 5202 5205 5208 5211 5214 5217 5220 5223 5226 5229 5232 5235 5238 5241 5244 5247 5250 5253 5256 5259 5262 5265 5268 5271 5274 5277 5280 5283 5286 5289 5292 5295 5298 5301 5304 5307 5310 5313 5316 5319 5322 5325 5328 5331 5334 5337 5340 5343 5346 5349 5352 5355 5358 5361 5364 5367 5370 5373 5376 5379 5382 5385 5388 5391 5394 5397 5400 5403 5406 5409 5412 5415 5418 5421 5424 5427 5430 5433 5436 5439 5442 5445 5448 5451 5454 5457 5460 5463 5466 5469 5472 5475 5478 5481 5484 5487 5490 5493 5496 5499 5502 5505 5508 5511 5514 5517 5520 5523 5526 5529 5532 5535 5538 5541 5544 5547 5550 5553 5556 5559 5562 5565 5568 5571 5574 5577 5580 5583 5586 5589 5592 5595 5598 5601 5604 5607 5610 5613 5616 5619 5622 5625 5628 5631 5634 5637 5640 5643 5646 5649 5652 5655 5658 5661 5664 5667 5670 5673 5676 5679 5682 5685 5688 5691 5694 5697 5700 5703 5706 5709 5712 5715 5718 5721 5724 5727 5730 5733 5736 5739 5742 5745 5748 5751 5754 5757 5760 5763 5766 5769 5772 5775 5778 5781 5784 5787 5790 5793 5796 5799 5802 5805 5808 5811 5814 5817 5820 5823 5826 5829 5832 5835 5838 5841 5844 5847 5850 5853 5856 5859 5862 5865 5868 5871 5874 5877 5880 5883 5886 5889 5892 5895 5898 5901 5904 5907 5910 5913 5916 5919 5922 5925 5928 5931 5934 5937 5940 5943 5946 5949 5952 5955 5958 5961 5964 5967 5970 5973 5976 5979 5982 5985 5988 5991 5994 5997 6000 6003 6006 6009 6012 6015 6018 6021 6024 6027 6030 6033 6036 6039 6042 6045 6048 6051 6054 6057 6060 6063 6066 6069 6072 6075 6078 6081 6084 6087 6090 6093 6096 6099 6102 6105 6108 6111 6114 6117 6120 6123 6126 6129 6132 6135 6138 6141 6144 6147 6150 6153 6156 6159 6162 6165 6168 6171 6174 6177 6180 6183 6186 6189 6192 6195 6198 6201 6204 6207 6210 6213 6216 6219 6222 6225 6228 6231 6234 6237 6240 6243 6246 6249 6252 6255 6258 6261 6264 6267 6270 6273 6276 6279 6282 6285 6288 6291 6294 6297 6300 6303 6306 6309 6312 6315 6318 6321 6324 6327 6330 6333 6336 6339 6342 6345 6348 6351 6354 6357 6360 6363 6366 6369 6372 6375 6378 6381 6384 6387 6390 6393 6396 6399 6402 6405 6408 6411 6414 6417 6420 6423 6426 6429 6432 6435 6438 6441 6444 6447 6450 6453 6456 6459 6462 6465 6468 6471 6474 6477 6480 6483 6486 6489 6492 6495 6498 6501 6504 6507 6510 6513 6516 6519 6522 6525 6528 6531 6534 6537 6540 6543 6546 6549 6552 6555 6558 6561 6564 6567 6570 6573 6576 6579 6582 6585 6588 6591 6594 6597 6600 6603 6606 6609 6612 6615 6618 6621 6624 6627 6630 6633 6636 6639 6642 6645 6648 6651 6654 6657 6660 6663 6666 6669 6672 6675 6678 6681 6684 6687 6690 6693 6696 6699 6702 6705 6708 6711 6714 6717 6720 6723 6726 6729 6732 6735 6738 6741 6744 6747 6750 6753 6756 6759 6762 6765 6768 6771 6774 6777 6780 6783 6786 6789 6792 6795 6798 6801 6804 6807 6810 6813 6816 6819 6822 6825 6828 6831 6834 6837 6840 6843 6846 6849 6852 6855 6858 6861 6864 6867 6870 6873 6876 6879 6882 6885 6888 6891 6894 6897 6900 6903 6906 6909 6912 6915 6918 6921 6924 6927 6930 6933 6936 6939 6942 6945 6948 6951 6954 6957 6960 6963 6966 6969 6972 6975 6978 6981 6984 6987 6990 6993 6996 6999 7002 7005 7008 7011 7014 7017 7020 7023 7026 7029 7032 7035 7038 7041 7044 7047 7050 7053 7056 7059 7062 7065 7068 7071 7074 7077 7080 7083 7086 7089 7092 7095 7098 7101 7104 7107 7110 7113 7116 7119 7122 7125 7128 7131 7134 7137 7140 7143 7146 7149 7152 7155 7158 7161 7164 7167 7170 7173 7176 7179 7182 7185 7188 7191 7194 7197 7200 7203 7206 7209 7212 7215 7218 7221 7224 7227 7230 7233 7236 7239 7242 7245 7248 7251 7254 7257 7260 7263 7266 7269 7272 7275 7278 7281 7284 7287 7290 7293 7296 7299 7302 7305 7308 7311 7314 7317 7320 7323 7326 7329 7332 7335 7338 7341 7344 7347 7350 7353 7356 7359 7362 7365 7368 7371 7374 7377 7380 7383 7386 7389 7392 7395 7398 7401 7404 7407 7410 7413 7416 7419 7422 7425 7428 7431 7434 7437 7440 7443 7446 7449 7452 7455 7458 7461 7464 7467 7470 7473 7476 7479 7482 7485 7488 7491 7494 7497 7500 7503 7506 7509 7512 7515 7518 7521 7524 7527 7530 7533 7536 7539 7542 7545 7548 7551 7554 7557 7560 7563 7566 7569 7572 7575 7578 7581 7584 7587 7590 7593 7596 7599 7602 7605 7608 7611 7614 7617 7620 7623 7626 7629 7632 7635 7638 7641 7644 7647 7650 7653 7656 7659 7662 7665 7668 7671 7674 7677 7680 7683 7686 7689 7692 7695 7698 7701 7704 7707 7710 7713 7716 7719 7722 7725 7728 7731 7734 7737 7740 7743 7746 7749 7752 7755 7758 7761 7764 7767 7770 7773 7776 7779 7782 7785 7788 7791 7794 7797 7800 7803 7806 7809 7812 7815 7818 7821 7824 7827 7830 7833 7836 7839 7842 7845 7848 7851 7854 7857 7860 7863 7866 7869 7872 7875 7878 7881 7884 7887 7890 7893 7896 7899 7902 7905 7908 7911 7914 7917 7920 7923 7926 7929 7932 7935 7938 7941 7944 7947 7950 7953 7956 7959 7962 7965 7968 7971 7974 7977 7980 7983 7986 7989 7992 7995 7998 8001 8004 8007 8010 8013 8016 8019 8022 8025 8028 8031 8034 8037 8040 8043 8046 8049 8052 8055 8058 8061 8064 8067 8070 8073 8076 8079 8082 8085 8088 8091 8094 8097 8100 8103 8106 8109 8112 8115 8118 8121 8124 8127 8130 8133 8136 8139 8142 8145 8148 8151 8154 8157 8160 8163 8166 8169 8172 8175 8178 8181 8184 8187 8190 8193 8196 8199 8202 8205 8208 8211 8214 8217 8220 8223 8226 8229 8232 8235 8238 8241 8244 8247 8250 8253 8256 8259 8262 8265 8268 8271 8274 8277 8280 8283 8286 8289 8292 8295 8298 8301 8304 8307 8310 8313 8316 8319 8322 8325 8328 8331 8334 8337 8340 8343 8346 8349 8352 8355 8358 8361 8364 8367 8370 8373 8376 8379 8382 8385 8388 8391 8394 8397 8400 8403 8406 8409 8412 8415 8418 8421 8424 8427 8430 8433 8436 8439 8442 8445 8448 8451 8454 8457 8460 8463 8466 8469 8472 8475 8478 8481 8484 8487 8490 8493 8496 8499 8502 8505 8508 8511 8514 8517 8520 8523 8526 8529 8532 8535 8538 8541 8544 8547 8550 8553 8556 8559 8562 8565 8568 8571 8574 8577 8580 8583 8586 8589 8592 8595 8598 8601 8604 8607 8610 8613 8616 8619 8622 8625 8628 8631 8634 8637 8640 8643 8646 8649 8652 8655 8658 8661 8664 8667 8670 8673 8676 8679 8682 8685 8688 8691 8694 8697 8700 8703 8706 8709 8712 8715 8718 8721 8724 8727 8730 8733 8736 8739 8742 8745 8748 8751 8754 8757 8760 8763 8766 8769 
        </DataArray>
        <DataArray type="UInt8" Name="types" format="ascii">
          5 5 5 5 5 5 5 5 5 5 5 5 5 5 5 5 5 5 5 5 5 5 5 5 5 5 5 5 5 5 5 5 5 5 5 5 5 5 5 5 5 5 5 5 5 5 5 5 5 5 5 5 5 5 5 5 5 5 5 5 5 5 5 5 5 5 5 5 5 5 5 5 5 5 5 5 5 5 5 5 5 5 5 5 5 5 5 5 5 5 5 5 5 5 5 5 5 5 5 5 5 5 5 5 5 5 5 5 5 5 5 5 5 5 5 5 5 5 5 5 5 5 5 5 5 5 5 5 5 5 5 5 5 5 5 5 5 5 5 5 5 5 5 5 5 5 5 5 5 5 5 5 5 5 5 5 5 5 5 5 5 5 5 5 5 5 5 5 5 5 5 5 5 5 5 5 5 5 5 5 5 5 5 5 5 5 5 5 5 5 5 5 5 5 5 5 5 5 5 5 5 5 5 5 5 5 5 5 5 5 5 5 5 5 5 5 5 5 5 5 5 5 5 5 5 5 5 5 5 5 5 5 5 5 5 5 5 5 5 5 5 5 5 5 5 5 5 5 5 5 5 5 5 5 5 5 5 5 5 5 5 5 5 5 5 5 5 5 5 5 5 5 5 5 5 5 5 5 5 5 5 5 5 5 5 5 5 5 5 5 5 5 5 5 5 5 5 5 5 5 5 5 5 5 5 5 5 5 5 5 5 5 5 5 5 5 5 5 5 5 5 5 5 5 5 5 5 5 5 5 5 5 5 5 5 5 5 5 5 5 5 5 5 5 5 5 5 5 5 5 5 5 5 5 5 5 5 5 5 5 5 5 5 5 5 5 5 5 5 5 5 5 5 5 5 5 5 5 5 5 5 5 5 5 5 5 5 5 5 5 5 5 5 5 5 5 5 5 5 5 5 5 5 5 5 5 5 5 5 5 5 5 5 5 5 5 5 5 5 5 5 5 5 5 5 5 5 5 5 5 5 5 5 5 5 5 5 5 5 5 5 5 5 5 5 5 5 5 5 5 5 5 5 5 5 5 5 5 5 5 5 5 5 5 5 5 5 5 5 5 5 5 5 5 5 5 5 5 5 5 5 5 5 5 5 5 5 5 5 5 5 5 5 5 5 5 5 5 5 5 5 5 5 5 5 5 5 5 5 5 5 5 5 5 5 5 5 5 5 5 5 5 5 5 5 5 5 5 5 5 5 5 5 5 5 5 5 5 5 5 5 5 5 5 5 5 5 5 5 5 5 5 5 5 5 5 5 5 5 5 5 5 5 5 5 5 5 5 5 5 5 5 5 5 5 5 5 5 5 5 5 5 5 5 5 5 5 5 5 5 5 5 5 5 5 5 5 5 5 5 5 5 5 5 5 5 5 5 5 5 5 5 5 5 5 5 5 5 5 5 5 5 5 5 5 5 5 5 5 5 5 5 5 5 5 5 5 5 5 5 5 5 5 5 5 5 5 5 5 5 5 5 5 5 5 5 5 5 5 5 5 5 5 5 5 5 5 5 5 5 5 5 5 5 5 5 5 5 5 5 5 5 5 5 5 5 5 5 5 5 5 5 5 5 5 5 5 5 5 5 5 5 5 5 5 5 5 5 5 5 5 5 5 5 5 5 5 5 5 5 5 5 5 5 5 5 5 5 5 5 5 5 5 5 5 5 5 5 5 5 5 5 5 5 5 5 5 5 5 5 5 5 5 5 5 5 5 5 5 5 5 5 5 5 5 5 5 5 5 5 5 5 5 5 5 5 5 5 5 5 5 5 5 5 5 5 5 5 5 5 5 5 5 5 5 5 5 5 5 5 5 5 5 5 5 5 5 5 5 5 5 5 5 5 5 5 5 5 5 5 5 5 5 5 5 5 5 5 5 5 5 5 5 5 5 5 5 5 5 5 5 5 5 5 5 5 5 5 5 5 5 5 5 5 5 5 5 5 5 5 5 5 5 5 5 5 5 5 5 5 5 5 5 5 5 5 5 5 5 5 5 5 5 5 5 5 5 5 5 5 5 5 5 5 5 5 5 5 5 5 5 5 5 5 5 5 5 5 5 5 5 5 5 5 5 5 5 5 5 5 5 5 5 5 5 5 5 5 5 5 5 5 5 5 5 5 5 5 5 5 5 5 5 5 5 5 5 5 5 5 5 5 5 5 5 5 5 5 5 5 5 5 5 5 5 5 5 5 5 5 5 5 5 5 5 5 5 5 5 5 5 5 5 5 5 5 5 5 5 5 5 5 5 5 5 5 5 5 5 5 5 5 5 5 5 5 5 5 5 5 5 5 5 5 5 5 5 5 5 5 5 5 5 5 5 5 5 5 5 5 5 5 5 5 5 5 5 5 5 5 5 5 5 5 5 5 5 5 5 5 5 5 5 5 5 5 5 5 5 5 5 5 5 5 5 5 5 5 5 5 5 5 5 5 5 5 5 5 5 5 5 5 5 5 5 5 5 5 5 5 5 5 5 5 5 5 5 5 5 5 5 5 5 5 5 5 5 5 5 5 5 5 5 5 5 5 5 5 5 5 5 5 5 5 5 5 5 5 5 5 5 5 5 5 5 5 5 5 5 5 5 5 5 5 5 5 5 5 5 5 5 5 5 5 5 5 5 5 5 5 5 5 5 5 5 5 5 5 5 5 5 5 5 5 5 5 5 5 5 5 5 5 5 5 5 5 5 5 5 5 5 5 5 5 5 5 5 5 5 5 5 5 5 5 5 5 5 5 5 5 5 5 5 5 5 5 5 5 5 5 5 5 5 5 5 5 5 5 5 5 5 5 5 5 5 5 5 5 5 5 5 5 5 5 5 5 5 5 5 5 5 5 5 5 5 5 5 5 5 5 5 5 5 5 5 5 5 5 5 5 5 5 5 5 5 5 5 5 5 5 5 5 5 5 5 5 5 5 5 5 5 5 5 5 5 5 5 5 5 5 5 5 5 5 5 5 5 5 5 5 5 5 5 5 5 5 5 5 5 5 5 5 5 5 5 5 5 5 5 5 5 5 5 5 5 5 5 5 5 5 5 5 5 5 5 5 5 5 5 5 5 5 5 5 5 5 5 5 5 5 5 5 5 5 5 5 5 5 5 5 5 5 5 5 5 5 5 5 5 5 5 5 5 5 5 5 5 5 5 5 5 5 5 5 5 5 5 5 5 5 5 5 5 5 5 5 5 5 5 5 5 5 5 5 5 5 5 5 5 5 5 5 5 5 5 5 5 5 5 5 5 5 5 5 5 5 5 5 5 5 5 5 5 5 5 5 5 5 5 5 5 5 5 5 5 5 5 5 5 5 5 5 5 5 5 5 5 5 5 5 5 5 5 5 5 5 5 5 5 5 5 5 5 5 5 5 5 5 5 5 5 5 5 5 5 5 5 5 5 5 5 5 5 5 5 5 5 5 5 5 5 5 5 5 5 5 5 5 5 5 5 5 5 5 5 5 5 5 5 5 5 5 5 5 5 5 5 5 5 5 5 5 5 5 5 5 5 5 5 5 5 5 5 5 5 5 5 5 5 5 5 5 5 5 5 5 5 5 5 5 5 5 5 5 5 5 5 5 5 5 5 5 5 5 5 5 5 5 5 5 5 5 5 5 5 5 5 5 5 5 5 5 5 5 5 5 5 5 5 5 5 5 5 5 5 5 5 5 5 5 5 5 5 5 5 5 5 5 5 5 5 5 5 5 5 5 5 5 5 5 5 5 5 5 5 5 5 5 5 5 5 5 5 5 5 5 5 5 5 5 5 5 5 5 5 5 5 5 5 5 5 5 5 5 5 5 5 5 5 5 5 5 5 5 5 5 5 5 5 5 5 5 5 5 5 5 5 5 5 5 5 5 5 5 5 5 5 5 5 5 5 5 5 5 5 5 5 5 5 5 5 5 5 5 5 5 5 5 5 5 5 5 5 5 5 5 5 5 5 5 5 5 5 5 5 5 5 5 5 5 5 5 5 5 5 5 5 5 5 5 5 5 5 5 5 5 5 5 5 5 5 5 5 5 5 5 5 5 5 5 5 5 5 5 5 5 5 5 5 5 5 5 5 5 5 5 5 5 5 5 5 5 5 5 5 5 5 5 5 5 5 5 5 5 5 5 5 5 5 5 5 5 5 5 5 5 5 5 5 5 5 5 5 5 5 5 5 5 5 5 5 5 5 5 5 5 5 5 5 5 5 5 5 5 5 5 5 5 5 5 5 5 5 5 5 5 5 5 5 5 5 5 5 5 5 5 5 5 5 5 5 5 5 5 5 5 5 5 5 5 5 5 5 5 5 5 5 5 5 5 5 5 5 5 5 5 5 5 5 5 5 5 5 5 5 5 5 5 5 5 5 5 5 5 5 5 5 5 5 5 5 5 5 5 5 5 5 5 5 5 5 5 5 5 5 5 5 5 5 5 5 5 5 5 5 5 5 5 5 5 5 5 5 5 5 5 5 5 5 5 5 5 5 5 5 5 5 5 5 5 5 5 5 5 5 5 5 5 5 5 5 5 5 5 5 5 5 5 5 5 5 5 5 5 5 5 5 5 5 5 5 5 5 5 5 5 5 5 5 5 5 5 5 5 5 5 5 5 5 5 5 5 5 5 5 5 5 5 5 5 5 5 5 5 5 5 5 5 5 5 5 5 5 5 5 5 5 5 5 5 5 5 5 5 5 5 5 5 5 5 5 5 5 5 5 5 5 5 5 5 5 5 5 5 5 5 5 5 5 5 5 5 5 5 5 5 5 5 5 5 5 5 5 5 5 5 5 5 5 5 5 5 5 5 5 5 5 5 5 5 5 5 5 5 5 5 5 5 5 5 5 5 5 5 5 5 5 5 5 5 5 5 5 5 5 5 5 5 5 5 5 5 5 5 5 5 5 5 5 5 5 5 5 5 5 5 5 5 5 5 5 5 5 5 5 5 5 5 5 5 5 5 5 5 5 5 5 5 5 5 5 5 5 5 5 5 5 5 5 5 5 5 5 5 5 5 5 5 5 5 5 5 5 5 5 5 5 5 5 5 5 5 5 5 5 5 5 5 5 5 5 5 5 5 5 5 5 5 5 5 5 5 5 5 5 5 5 5 5 5 5 5 5 5 5 5 5 5 5 5 5 5 5 5 5 5 5 5 5 5 5 5 5 5 5 5 5 5 5 5 5 5 5 5 5 5 5 5 5 5 5 5 5 5 5 5 5 5 5 5 5 5 5 5 5 5 5 5 5 5 5 5 5 5 5 5 5 5 5 5 5 5 5 5 5 5 5 5 5 5 5 5 5 5 5 5 5 5 5 5 5 5 5 5 5 5 5 5 5 5 5 5 5 5 5 5 5 5 5 5 5 5 5 5 5 5 5 5 5 5 5 5 5 5 5 5 5 5 5 5 5 5 5 5 5 5 5 5 5 5 5 5 5 5 5 5 5 5 5 5 5 5 5 5 5 5 5 5 5 5 5 5 5 5 5 5 5 5 5 5 5 5 5 5 5 5 5 5 5 5 5 5 5 5 5 5 5 5 5 5 5 5 5 5 5 5 5 5 5 5 5 5 5 5 5 5 5 5 5 5 5 5 5 5 5 5 5 5 5 5 5 5 5 5 5 5 5 5 5 5 5 5 5 5 5 5 5 5 5 5 5 5 5 5 5 5 5 5 5 5 5 5 5 5 5 5 5 5 5 5 5 5 5 5 5 5 5 5 5 5 5 5 5 5 5 5 5 5 5 5 5 5 5 5 5 5 5 5 5 5 5 5 5 5 5 5 5 5 5 5 5 5 5 5 5 5 5 5 5 5 5 5 5 5 5 5 5 5 5 5 5 5 5 5 5 5 5 5 5 5 5 5 5 5 5 5 5 5 5 5 5 5 5 5 5 5 5 5 5 5 5 5 5 5 5 5 5 5 5 5 5 5 5 5 5 5 5 5 5 5 5 5 5 5 5 5 5 5 5 5 5 5 5 5 5 5 5 5 5 5 5 5 5 5 5 5 5 5 5 5 5 5 5 5 5 5 5 5 5 5 5 5 5 5 5 5 5 5 5 5 5 5 5 5 5 5 5 5 5 5 5 5 5 5 5 5 5 5 5 5 5 5 5 5 5 5 5 5 5 5 5 5 5 5 5 5 5 5 5 5 5 5 5 5 5 5 5 5 5 5 5 5 5 5 5 5 5 5 5 5 5 5 5 5 5 5 5 5 5 5 5 5 5 5 5 5 5 5 5 5 5 5 5 5 5 5 5 5 5 5 5 5 5 5 5 5 5 5 5 5 5 5 5 5 5 5 5 5 5 5 5 5 5 5 5 5 5 5 5 5 5 5 5 5 5 5 5 5 5 5 5 5 5 5 5 5 5 5 5 5 5 5 5 5 5 5 5 5 5 5 5 5 5 5 5 5 5 5 5 5 5 5 5 5 5 5 5 5 5 5 5 5 5 5 5 5 5 5 5 5 5 5 5 5 5 5 5 5 5 5 5 5 5 5 5 5 5 5 5 5 5 5 5 5 5 5 5 5 5 5 5 5 5 5 5 5 5 5 5 5 5 5 5 5 5 5 5 5 5 5 5 5 5 5 5 5 5 5 5 5 5 5 5 5 5 5 5 5 5 5 5 5 5 
        </DataArray>
      </Cells>
      <PointData Scalars="value">
        <DataArray type="Float64" Name="value" format="ascii">
          1.000000 1.000000 1.000000 1.000000 1.000000 1.000000 1.000000 1.000000 1.000000 1.000000 1.000000 1.000000 1.000000 1.000000 1.000000 1.000000 1.000000 1.000000 1.000000 1.000000 1.000000 1.000000 1.000000 1.000000 1.000000 1.000000 1.000000 1.000000 1.000000 1.000000 1.000000 1.000000 1.000000 1.000000 1.000000 1.000000 1.000000 1.000000 1.000000 1.000000 1.000000 1.000000 1.000000 1.000000 1.000000 1.000000 1.000000 1.000000 1.000000 1.000000 1.000000 1.000000 1.000000 1.000000 1.000000 1.000000 1.000000 1.000000 1.000000 1.000000 1.000000 1.000000 1.000000 1.000000 1.000000 1.000000 1.000000 1.000000 1.000000 1.000000 1.000000 1.000000 1.000000 1.000000 1.000000 1.000000 1.000000 1.000000 1.000000 1.000000 1.000000 1.000000 1.000000 1.000000 1.000000 1.000000 1.000000 1.000000 1.000000 1.000000 1.000000 1.000000 1.000000 1.000000 1.000000 1.000000 1.000000 1.000000 1.000000 1.000000 1.000000 1.000000 1.000000 1.000000 1.000000 1.000000 1.000000 1.000000 1.000000 1.000000 1.000000 1.000000 1.000000 1.000000 1.000000 1.000000 1.000000 1.000000 1.000000 1.000000 1.000000 1.000000 1.000000 1.000000 1.000000 1.000000 1.000000 1.000000 1.000000 1.000000 1.000000 1.000000 1.000000 1.000000 1.000000 1.000000 1.000000 1.000000 1.000000 1.000000 1.000000 1.000000 1.000000 1.000000 1.000000 1.000000 1.000000 1.000000 1.000000 1.000000 1.000000 1.000000 1.000000 1.000000 1.000000 1.000000 1.000000 1.000000 1.000000 1.000000 1.000000 1.000000 1.000000 1.000000 1.000000 1.000000 1.000000 1.000000 1.000000 1.000000 1.000000 1.000000 1.000000 1.000000 1.000000 1.000000 1.000000 1.000000 1.000000 1.000000 1.000000 1.000000 1.000000 1.000000 1.000000 1.000000 1.000000 1.000000 1.000000 1.000000 1.000000 1.000000 1.000000 1.000000 1.000000 1.000000 1.000000 1.000000 1.000000 1.000000 1.000000 1.000000 1.000000 1.000000 1.000000 1.000000 1.000000 1.000000 1.000000 1.000000 1.000000 1.000000 1.000000 1.000000 1.000000 1.000000 1.000000 1.000000 1.000000 1.000000 1.000000 1.000000 1.000000 1.000000 1.000000 1.000000 1.000000 1.000000 1.000000 1.000000 1.000000 1.000000 1.000000 1.000000 1.000000 1.000000 1.000000 1.000000 1.000000 1.000000 1.000000 1.000000 1.000000 1.000000 1.000000 1.000000 1.000000 1.000000 1.000000 1.000000 1.000000 1.000000 1.000000 1.000000 1.000000 1.000000 1.000000 1.000000 1.000000 1.000000 1.000000 1.000000 1.000000 1.000000 1.000000 1.000000 1.000000 1.000000 1.000000 1.000000 1.000000 1.000000 1.000000 1.000000 1.000000 1.000000 1.000000 1.000000 1.000000 1.000000 1.000000 1.000000 1.000000 1.000000 1.000000 1.000000 1.000000 1.000000 1.000000 1.000000 1.000000 1.000000 1.000000 1.000000 1.000000 1.000000 1.000000 1.000000 1.000000 1.000000 1.000000 1.000000 1.000000 1.000000 1.000000 1.000000 1.000000 1.000000 1.000000 1.000000 1.000000 1.000000 1.000000 1.000000 1.000000 1.000000 1.000000 1.000000 1.000000 1.000000 1.000000 1.000000 1.000000 1.000000 1.000000 1.000000 1.000000 1.000000 1.000000 1.000000 1.000000 1.000000 1.000000 1.000000 1.000000 1.000000 1.000000 1.000000 1.000000 1.000000 1.000000 1.000000 1.000000 1.000000 1.000000 1.000000 1.000000 1.000000 1.000000 1.000000 1.000000 1.000000 1.000000 1.000000 1.000000 1.000000 1.000000 1.000000 1.000000 1.000000 1.000000 1.000000 1.000000 1.000000 1.000000 1.000000 1.000000 1.000000 1.000000 1.000000 1.000000 1.000000 1.000000 1.000000 1.000000 1.000000 1.000000 1.000000 1.000000 1.000000 1.000000 1.000000 1.000000 1.000000 1.000000 1.000000 1.000000 1.000000 1.000000 1.000000 1.000000 1.000000 1.000000 1.000000 1.000000 1.000000 1.000000 1.000000 1.000000 1.000000 1.000000 1.000000 1.000000 1.000000 1.000000 1.000000 1.000000 1.000000 1.000000 1.000000 1.000000 1.000000 1.000000 1.000000 1.000000 1.000000 1.000000 1.000000 1.000000 1.000000 1.000000 1.000000 1.000000 1.000000 1.000000 1.000000 1.000000 1.000000 1.000000 1.000000 1.000000 1.000000 1.000000 1.000000 1.000000 1.000000 1.000000 1.000000 1.000000 1.000000 1.000000 1.000000 1.000000 1.000000 1.000000 1.000000 1.000000 1.000000 1.000000 1.000000 1.000000 1.000000 1.000000 1.000000 1.000000 1.000000 1.000000 1.000000 1.000000 1.000000 1.000000 1.000000 1.000000 1.000000 1.000000 1.000000 1.000000 1.000000 1.000000 1.000000 1.000000 1.000000 1.000000 1.000000 1.000000 1.000000 1.000000 1.000000 1.000000 1.000000 1.000000 1.000000 1.000000 1.000000 1.000000 1.000000 1.000000 1.000000 1.000000 1.000000 1.000000 1.000000 1.000000 1.000000 1.000000 1.000000 1.000000 1.000000 1.000000 1.000000 1.000000 1.000000 1.000000 1.000000 1.000000 1.000000 1.000000 1.000000 1.000000 1.000000 1.000000 1.000000 1.000000 1.000000 1.000000 1.000000 1.000000 1.000000 1.000000 1.000000 1.000000 1.000000 1.000000 1.000000 1.000000 1.000000 1.000000 1.000000 1.000000 1.000000 1.000000 1.000000 1.000000 1.000000 1.000000 1.000000 1.000000 1.000000 1.000000 1.000000 1.000000 1.000000 1.000000 1.000000 1.000000 1.000000 1.000000 1.000000 1.000000 1.000000 1.000000 1.000000 1.000000 1.000000 1.000000 1.000000 1.000000 1.000000 1.000000 1.000000 1.000000 1.000000 1.000000 1.000000 1.000000 1.000000 1.000000 1.000000 1.000000 1.000000 1.000000 1.000000 1.000000 1.000000 1.000000 1.000000 1.000000 1.000000 1.000000 1.000000 1.000000 1.000000 1.000000 1.000000 1.000000 1.000000 1.000000 1.000000 1.000000 1.000000 1.000000 1.000000 1.000000 1.000000 1.000000 1.000000 1.000000 1.000000 1.000000 1.000000 1.000000 1.000000 1.000000 1.000000 1.000000 1.000000 1.000000 1.000000 1.000000 1.000000 1.000000 1.000000 1.000000 1.000000 1.000000 1.000000 1.000000 1.000000 1.000000 1.000000 1.000000 1.000000 1.000000 1.000000 1.000000 1.000000 1.000000 1.000000 1.000000 1.000000 1.000000 1.000000 1.000000 1.000000 1.000000 1.000000 1.000000 1.000000 1.000000 1.000000 1.000000 1.000000 1.000000 1.000000 1.000000 1.000000 1.000000 1.000000 1.000000 1.000000 1.000000 1.000000 1.000000 1.000000 1.000000 1.000000 1.000000 1.000000 1.000000 1.000000 1.000000 1.000000 1.000000 1.000000 1.000000 1.000000 1.000000 1.000000 1.000000 1.000000 1.000000 1.000000 1.000000 1.000000 1.000000 1.000000 1.000000 1.000000 1.000000 1.000000 1.000000 1.000000 1.000000 1.000000 1.000000 1.000000 1.000000 1.000000 1.000000 1.000000 1.000000 1.000000 1.000000 1.000000 1.000000 1.000000 1.000000 1.000000 1.000000 1.000000 1.000000 1.000000 1.000000 1.000000 1.000000 1.000000 1.000000 1.000000 1.000000 1.000000 1.000000 1.000000 1.000000 1.000000 1.000000 1.000000 1.000000 1.000000 1.000000 1.000000 1.000000 1.000000 1.000000 1.000000 1.000000 1.000000 1.000000 1.000000 1.000000 1.000000 1.000000 1.000000 1.000000 1.000000 1.000000 1.000000 1.000000 1.000000 1.000000 1.000000 1.000000 1.000000 1.000000 1.000000 1.000000 1.000000 1.000000 1.000000 1.000000 1.000000 1.000000 1.000000 1.000000 1.000000 1.000000 1.000000 1.000000 1.000000 1.000000 1.000000 1.000000 1.000000 1.000000 1.000000 1.000000 1.000000 1.000000 1.000000 1.000000 1.000000 1.000000 1.000000 1.000000 1.000000 1.000000 1.000000 1.000000 1.000000 1.000000 1.000000 1.000000 1.000000 1.000000 1.000000 1.000000 1.000000 1.000000 1.000000 1.000000 1.000000 1.000000 1.000000 1.000000 1.000000 1.000000 1.000000 1.000000 1.000000 1.000000 1.000000 1.000000 1.000000 1.000000 1.000000 1.000000 1.000000 1.000000 1.000000 1.000000 1.000000 1.000000 1.000000 1.000000 1.000000 1.000000 1.000000 1.000000 1.000000 1.000000 1.000000 1.000000 1.000000 1.000000 1.000000 1.000000 1.000000 1.000000 1.000000 1.000000 1.000000 1.000000 1.000000 1.000000 1.000000 1.000000 1.000000 1.000000 1.000000 1.000000 1.000000 1.000000 1.000000 1.000000 1.000000 1.000000 1.000000 1.000000 1.000000 1.000000 1.000000 1.000000 1.000000 1.000000 1.000000 1.000000 1.000000 1.000000 1.000000 1.000000 1.000000 1.000000 1.000000 1.000000 1.000000 1.000000 1.000000 1.000000 1.000000 1.000000 1.000000 1.000000 1.000000 1.000000 1.000000 1.000000 1.000000 1.000000 1.000000 1.000000 1.000000 1.000000 1.000000 1.000000 1.000000 1.000000 1.000000 1.000000 1.000000 1.000000 1.000000 1.000000 1.000000 1.000000 1.000000 1.000000 1.000000 1.000000 1.000000 1.000000 1.000000 1.000000 1.000000 1.000000 1.000000 1.000000 1.000000 1.000000 1.000000 1.000000 1.000000 1.000000 1.000000 1.000000 1.000000 1.000000 1.000000 1.000000 1.000000 1.000000 1.000000 1.000000 1.000000 1.000000 1.000000 1.000000 1.000000 1.000000 1.000000 1.000000 1.000000 1.000000 1.000000 1.000000 1.000000 1.000000 1.000000 1.000000 1.000000 1.000000 1.000000 1.000000 1.000000 1.000000 1.000000 1.000000 1.000000 1.000000 1.000000 1.000000 1.000000 1.000000 1.000000 1.000000 1.000000 1.000000 1.000000 1.000000 1.000000 1.000000 1.000000 1.000000 1.000000 1.000000 1.000000 1.000000 1.000000 1.000000 1.000000 1.000000 1.000000 1.000000 1.000000 1.000000 1.000000 1.000000 1.000000 1.000000 1.000000 1.000000 1.000000 1.000000 1.000000 1.000000 1.000000 1.000000 1.000000 1.000000 1.000000 1.000000 1.000000 1.000000 1.000000 1.000000 1.000000 1.000000 1.000000 1.000000 1.000000 1.000000 1.000000 1.000000 1.000000 1.000000 1.000000 1.000000 1.000000 1.000000 1.000000 1.000000 1.000000 1.000000 1.000000 1.000000 1.000000 1.000000 1.000000 1.000000 1.000000 1.000000 1.000000 1.000000 1.000000 1.000000 1.000000 1.000000 1.000000 1.000000 1.000000 1.000000 1.000000 1.000000 1.000000 1.000000 1.000000 1.000000 1.000000 1.000000 1.000000 1.000000 1.000000 1.000000 1.000000 1.000000 1.000000 1.000000 1.000000 1.000000 1.000000 1.000000 1.000000 1.000000 1.000000 1.000000 1.000000 1.000000 1.000000 1.000000 1.000000 1.000000 1.000000 1.000000 1.000000 1.000000 1.000000 1.000000 1.000000 1.000000 1.000000 1.000000 1.000000 1.000000 1.000000 1.000000 1.000000 1.000000 1.000000 1.000000 1.000000 1.000000 1.000000 1.000000 1.000000 1.000000 1.000000 1.000000 1.000000 1.000000 1.000000 1.000000 1.000000 1.000000 1.000000 1.000000 1.000000 1.000000 1.000000 1.000000 1.000000 1.000000 1.000000 1.000000 1.000000 1.000000 1.000000 1.000000 1.000000 1.000000 1.000000 1.000000 1.000000 1.000000 1.000000 1.000000 1.000000 1.000000 1.000000 1.000000 1.000000 1.000000 1.000000 1.000000 1.000000 1.000000 1.000000 1.000000 1.000000 1.000000 1.000000 1.000000 1.000000 1.000000 1.000000 1.000000 1.000000 1.000000 1.000000 1.000000 1.000000 1.000000 1.000000 1.000000 1.000000 1.000000 1.000000 1.000000 1.000000 1.000000 1.000000 1.000000 1.000000 1.000000 1.000000 1.000000 1.000000 1.000000 1.000000 1.000000 1.000000 1.000000 1.000000 1.000000 1.000000 1.000000 1.000000 1.000000 1.000000 1.000000 1.000000 1.000000 1.000000 1.000000 1.000000 1.000000 1.000000 1.000000 1.000000 1.000000 1.000000 1.000000 1.000000 1.000000 1.000000 1.000000 1.000000 1.000000 1.000000 1.000000 1.000000 1.000000 1.000000 1.000000 1.000000 1.000000 1.000000 1.000000 1.000000 1.000000 1.000000 1.000000 1.000000 1.000000 1.000000 1.000000 1.000000 1.000000 1.000000 1.000000 1.000000 1.000000 1.000000 1.000000 1.000000 1.000000 1.000000 1.000000 1.000000 1.000000 1.000000 1.000000 1.000000 1.000000 1.000000 1.000000 1.000000 1.000000 1.000000 1.000000 1.000000 1.000000 1.000000 1.000000 1.000000 1.000000 1.000000 1.000000 1.000000 1.000000 1.000000 1.000000 1.000000 1.000000 1.000000 1.000000 1.000000 1.000000 1.000000 1.000000 1.000000 1.000000 1.000000 1.000000 1.000000 1.000000 1.000000 1.000000 1.000000 1.000000 1.000000 1.000000 1.000000 1.000000 1.000000 1.000000 1.000000 1.000000 1.000000 1.000000 1.000000 1.000000 1.000000 1.000000 1.000000 1.000000 1.000000 1.000000 1.000000 1.000000 1.000000 1.000000 1.000000 1.000000 1.000000 1.000000 1.000000 1.000000 1.000000 1.000000 1.000000 1.000000 1.000000 1.000000 1.000000 1.000000 1.000000 1.000000 1.000000 1.000000 1.000000 1.000000 1.000000 1.000000 1.000000 1.000000 1.000000 1.000000 1.000000 1.000000 1.000000 1.000000 1.000000 1.000000 1.000000 1.000000 1.000000 1.000000 1.000000 1.000000 1.000000 1.000000 1.000000 1.000000 1.000000 1.000000 1.000000 1.000000 1.000000 1.000000 1.000000 1.000000 1.000000 1.000000 1.000000 1.000000 1.000000 1.000000 1.000000 1.000000 1.000000 1.000000 1.000000 1.000000 1.000000 1.000000 1.000000 1.000000 1.000000 1.000000 1.000000 1.000000 1.000000 1.000000 1.000000 1.000000 1.000000 1.000000 1.000000 1.000000 1.000000 1.000000 1.000000 1.000000 1.000000 1.000000 1.000000 1.000000 1.000000 1.000000 1.000000 1.000000 1.000000 1.000000 1.000000 1.000000 1.000000 1.000000 1.000000 1.000000 1.000000 1.000000 1.000000 1.000000 1.000000 1.000000 1.000000 1.000000 1.000000 1.000000 1.000000 1.000000 1.000000 1.000000 1.000000 1.000000 1.000000 1.000000 1.000000 1.000000 1.000000 1.000000 1.000000 1.000000 1.000000 1.000000 1.000000 1.000000 1.000000 1.000000 1.000000 1.000000 1.000000 1.000000 1.000000 1.000000 1.000000 1.000000 1.000000 1.000000 1.000000 1.000000 1.000000 1.000000 1.000000 1.000000 1.000000 1.000000 1.000000 1.000000 1.000000 1.000000 1.000000 1.000000 1.000000 1.000000 1.000000 1.000000 1.000000 1.000000 1.000000 1.000000 1.000000 1.000000 1.000000 1.000000 1.000000 1.000000 1.000000 1.000000 1.000000 1.000000 1.000000 1.000000 1.000000 1.000000 1.000000 1.000000 1.000000 1.000000 1.000000 1.000000 1.000000 1.000000 1.000000 1.000000 1.000000 1.000000 1.000000 1.000000 1.000000 1.000000 1.000000 1.000000 1.000000 1.000000 1.000000 1.000000 1.000000 1.000000 1.000000 1.000000 1.000000 1.000000 1.000000 1.000000 1.000000 1.000000 1.000000 1.000000 1.000000 1.000000 1.000000 1.000000 1.000000 1.000000 1.000000 1.000000 1.000000 1.000000 1.000000 1.000000 1.000000 1.000000 1.000000 1.000000 1.000000 1.000000 1.000000 1.000000 1.000000 1.000000 1.000000 1.000000 1.000000 1.000000 1.000000 1.000000 1.000000 1.000000 1.000000 1.000000 1.000000 1.000000 1.000000 1.000000 1.000000 1.000000 1.000000 1.000000 1.000000 1.000000 1.000000 1.000000 1.000000 1.000000 1.000000 1.000000 1.000000 1.000000 1.000000 1.000000 1.000000 1.000000 1.000000 1.000000 1.000000 1.000000 1.000000 1.000000 1.000000 1.000000 1.000000 1.000000 1.000000 1.000000 1.000000 1.000000 1.000000 1.000000 1.000000 1.000000 1.000000 1.000000 1.000000 1.000000 1.000000 1.000000 1.000000 1.000000 1.000000 1.000000 1.000000 1.000000 1.000000 1.000000 1.000000 1.000000 1.000000 1.000000 1.000000 1.000000 1.000000 1.000000 1.000000 1.000000 1.000000 1.000000 1.000000 1.000000 1.000000 1.000000 1.000000 1.000000 1.000000 1.000000 1.000000 1.000000 1.000000 1.000000 1.000000 1.000000 1.000000 1.000000 1.000000 1.000000 1.000000 1.000000 1.000000 1.000000 1.000000 1.000000 1.000000 1.000000 1.000000 1.000000 1.000000 1.000000 1.000000 1.000000 1.000000 1.000000 1.000000 1.000000 1.000000 1.000000 1.000000 1.000000 1.000000 1.000000 1.000000 1.000000 1.000000 
        </DataArray>
      </PointData>
    </Piece>
  </UnstructuredGrid>
</VTKFile>
