<?xml version="1.0"?>
<VTKFile type="UnstructuredGrid" version="0.1" byte_order="LittleEndian">
  <UnstructuredGrid>
    <Piece NumberOfPoints="2835" NumberOfCells="5174">
      <Points>
        <DataArray type="Float64" NumberOfComponents="3" format="ascii">
          2.965763 0.0 0.0
          1.350089 0.480548 0.0
          0.262625 0.051287 0.0
          2.337552 0.105846 0.0
          2.086121 0.819484 0.0
          2.016594 0.511086 0.0
          1.911883 0.548475 0.0
          0.330967 0.036661 0.0
          2.051351 0.833872 0.0
          1.821851 1.000000 0.0
          1.493966 0.768888 0.0
          1.201897 0.018058 0.0
          0.052932 0.240550 0.0
          1.151892 0.765150 0.0
          0.186537 0.344228 0.0
          2.937745 0.414062 0.0
          2.414541 0.712071 0.0
          3.171546 0.487305 0.0
          0.187483 0.389758 0.0
          0.611456 0.250527 0.0
          1.622701 0.567353 0.0
          0.842482 0.0 0.0
          3.105853 0.249719 0.0
          1.465090 0.138478 0.0
          1.060206 0.858745 0.0
          0.482921 0.017128 0.0
          2.493201 0.037414 0.0
          3.448340 0.270892 0.0
          0.986224 0.0 0.0
          2.088978 0.591626 0.0
          0.444745 0.319566 0.0
          1.540042 0.500000 0.0
          0.881154 0.466633 0.0
          0.340056 0.500000 0.0
          0.014719 0.014549 0.0
          1.000000 0.600034 0.0
          2.463092 0.759997 0.0
          0.351758 0.278673 0.0
          2.340047 0.018573 0.0
          3.179938 0.500000 0.0
          0.809308 0.152285 0.0
          3.090258 0.057910 0.0
          2.525684 0.456998 0.0
          2.801396 0.0 0.0
          0.125319 0.454689 0.0
          1.463830 0.320148 0.0
          1.188862 0.499945 0.0
          0.0 0.180018 0.0
          3.460637 0.125223 0.0
          1.407754 0.782495 0.0
          0.041563 0.084145 0.0
          2.397082 1.000000 0.0
          1.459650 0.920534 0.0
          1.473350 0.964716 0.0
          1.993983 0.587985 0.0
          1.554871 1.000000 0.0
          2.020650 0.0 0.0
          2.308261 0.0 0.0
          2.689885 0.433860 0.0
          0.975984 0.017287 0.0
          0.014595 0.485423 0.0
          0.086126 0.374623 0.0
          1.436020 0.907336 0.0
          2.172339 0.675843 0.0
          1.462041 0.359392 0.0
          1.053850 0.601713 0.0
          2.311006 0.415349 0.0
          3.405336 0.122922 0.0
          2.119197 0.044988 0.0
          2.725504 0.141409 0.0
          1.380221 0.982189 0.0
          3.208322 0.354292 0.0
          0.178023 0.425702 0.0
          1.467914 0.020856 0.0
          0.999564 0.445996 0.0
          3.428003 0.070010 0.0
          2.082308 0.421865 0.0
          1.412713 0.355308 0.0
          3.135805 0.050605 0.0
          1.525696 0.637938 0.0
          2.094973 0.952949 0.0
          2.790149 0.381862 0.0
          1.729322 0.986146 0.0
          1.676850 0.970580 0.0
          3.335459 0.0 0.0
          0.256939 0.016765 0.0
          2.351630 0.033671 0.0
          0.479560 0.111479 0.0
          2.510239 0.141909 0.0
          3.482683 0.110032 0.0
          2.534237 0.0 0.0
          1.826005 0.798888 0.0
          0.094180 0.122752 0.0
          0.017316 0.230005 0.0
          3.199933 0.500000 0.0
          2.444997 0.389684 0.0
          2.661639 0.411629 0.0
          0.534237 0.0 0.0
          0.455987 0.142768 0.0
          0.0 0.359974 0.0
          1.965864 0.577725 0.0
          1.772146 0.900818 0.0
          3.130191 0.482005 0.0
          2.604982 0.409176 0.0
          2.000000 0.220008 0.0
          2.422553 0.577079 0.0
          1.060339 0.022046 0.0
          0.165911 0.061152 0.0
          2.830925 0.480980 0.0
          0.267260 0.0 0.0
          2.018144 0.149788 0.0
          2.482666 0.057459 0.0
          2.000000 0.060039 0.0
          2.212062 0.941904 0.0
          0.322381 0.357209 0.0
          3.020623 0.113452 0.0
          2.315296 0.926288 0.0
          2.247691 0.359174 0.0
          0.119474 0.390328 0.0
          1.447985 0.029021 0.0
          2.517562 0.395216 0.0
          2.305962 0.658298 0.0
          0.017316 0.210011 0.0
          2.444521 0.518220 0.0
          1.883486 1.000000 0.0
          0.780829 0.0 0.0
          2.104754 0.888875 0.0
          0.946278 0.036332 0.0
          0.950839 0.411452 0.0
          2.191218 0.964918 0.0
          1.485020 0.389544 0.0
          0.734198 0.093884 0.0
          0.356951 0.368583 0.0
          2.500000 0.500000 0.0
          2.438248 1.000000 0.0
          0.920575 0.457043 0.0
          2.189049 0.584301 0.0
          1.411727 0.525114 0.0
          1.591128 0.807589 0.0
          2.005305 0.717229 0.0
          0.080104 0.500000 0.0
          2.751899 0.045730 0.0
          0.185405 0.031435 0.0
          2.000000 0.339978 0.0
          2.585106 0.243552 0.0
          2.542329 0.466754 0.0
          1.946233 0.835537 0.0
          0.391395 0.039797 0.0
          3.399898 0.500000 0.0
          2.444112 0.736644 0.0
          1.770527 0.982374 0.0
          2.636857 0.033208 0.0
          0.786747 0.050132 0.0
          2.942093 0.179614 0.0
          2.406805 0.938222 0.0
          0.190481 0.112809 0.0
          2.540107 0.500000 0.0
          3.482888 0.329980 0.0
          1.720008 0.500000 0.0
          2.088260 0.724495 0.0
          1.445944 0.609979 0.0
          1.327795 0.725284 0.0
          2.164541 0.0 0.0
          1.151177 0.177831 0.0
          0.525101 0.357938 0.0
          2.736497 0.463406 0.0
          2.715925 0.447061 0.0
          1.058087 0.717211 0.0
          3.500000 0.020044 0.0
          2.756987 0.314017 0.0
          1.831318 0.962236 0.0
          3.393612 0.483733 0.0
          2.576409 0.390506 0.0
          0.883486 0.0 0.0
          0.530891 0.484584 0.0
          0.745934 0.431587 0.0
          0.231599 0.482894 0.0
          1.018133 0.850743 0.0
          1.461453 0.090940 0.0
          0.867213 0.480668 0.0
          3.336285 0.063724 0.0
          2.266737 0.041591 0.0
          2.343406 0.143023 0.0
          2.000000 0.240003 0.0
          3.079969 0.500000 0.0
          3.012869 0.337696 0.0
          2.082299 0.0 0.0
          2.729427 0.482531 0.0
          0.493221 0.0 0.0
          0.519992 0.500000 0.0
          3.500000 0.439961 0.0
          2.052014 0.029023 0.0
          1.156326 0.723666 0.0
          2.463106 0.640026 0.0
          3.434818 0.138297 0.0
          1.059896 0.664868 0.0
          0.257123 0.193934 0.0
          1.417701 0.0 0.0
          3.442334 0.033725 0.0
          1.000000 0.839978 0.0
          0.721348 0.444017 0.0
          0.945129 0.0 0.0
          0.114749 0.351921 0.0
          0.0 0.200013 0.0
          2.800067 0.500000 0.0
          3.100642 0.018953 0.0
          1.513776 1.000000 0.0
          0.779915 0.500000 0.0
          0.562255 0.414062 0.0
          1.819982 0.500000 0.0
          2.114603 0.220980 0.0
          2.500000 0.819982 0.0
          0.036904 0.220008 0.0
          2.058500 0.201595 0.0
          1.000000 0.740003 0.0
          1.051577 0.986779 0.0
          1.412613 0.319148 0.0
          2.123368 0.0 0.0
          0.266906 0.460455 0.0
          0.735979 0.203277 0.0
          1.343336 0.092529 0.0
          1.955446 0.982257 0.0
          0.619956 0.500000 0.0
          0.339406 0.178315 0.0
          2.680821 0.057291 0.0
          3.019992 0.466564 0.0
          0.596040 0.346095 0.0
          2.305383 0.981605 0.0
          2.143760 0.038521 0.0
          0.119597 0.180530 0.0
          2.088539 0.773601 0.0
          1.242088 0.727134 0.0
          1.858436 0.572475 0.0
          1.742874 0.840891 0.0
          1.298250 0.981848 0.0
          1.239182 0.870914 0.0
          0.276106 0.408925 0.0
          1.149998 0.599368 0.0
          1.099277 0.013988 0.0
          3.171100 0.0 0.0
          1.710940 0.982769 0.0
          2.892112 0.380952 0.0
          0.145964 0.326361 0.0
          1.676479 0.541475 0.0
          1.320376 0.981326 0.0
          0.965763 0.0 0.0
          1.800223 0.669060 0.0
          2.380635 0.954768 0.0
          0.0 0.459958 0.0
          2.464494 0.740846 0.0
          1.017317 0.829980 0.0
          2.924613 0.0 0.0
          2.151425 0.521008 0.0
          2.459498 0.541372 0.0
          3.371110 0.480382 0.0
          1.184704 0.926287 0.0
          1.968273 0.646928 0.0
          1.545101 0.539352 0.0
          1.119359 0.659641 0.0
          2.813622 0.188451 0.0
          2.472607 0.0 0.0
          2.500000 0.680018 0.0
          3.050630 0.480663 0.0
          1.328900 1.000000 0.0
          3.448747 0.482076 0.0
          1.000000 0.520044 0.0
          1.938680 0.914968 0.0
          2.710712 0.023127 0.0
          2.706755 0.081099 0.0
          0.498592 0.082892 0.0
          3.138084 0.464240 0.0
          3.325229 0.017287 0.0
          2.828539 0.365200 0.0
          0.965697 0.032669 0.0
          0.236390 0.017724 0.0
          2.719171 0.0 0.0
          2.060768 0.371896 0.0
          1.731087 0.658921 0.0
          1.780215 0.819117 0.0
          3.456598 0.447314 0.0
          2.722979 0.184610 0.0
          2.765949 0.093883 0.0
          2.482715 0.670086 0.0
          1.159961 0.018565 0.0
          2.782405 0.465493 0.0
          0.440023 0.500000 0.0
          2.455257 0.255585 0.0
          2.309857 0.615676 0.0
          2.349875 0.518657 0.0
          0.310064 0.486088 0.0
          2.466093 0.660724 0.0
          0.225252 0.425421 0.0
          0.607266 0.200993 0.0
          1.551341 0.518393 0.0
          2.115031 0.410529 0.0
          2.940497 0.340787 0.0
          2.317389 0.579976 0.0
          3.191739 0.0 0.0
          1.000000 0.919963 0.0
          1.229475 0.525637 0.0
          0.993907 0.103941 0.0
          2.344557 0.939755 0.0
          2.130703 0.963669 0.0
          0.860262 0.098488 0.0
          1.367019 0.019644 0.0
          0.300067 0.500000 0.0
          2.810064 0.482684 0.0
          2.890595 0.482389 0.0
          1.769662 0.604585 0.0
          1.057893 0.802779 0.0
          1.632745 0.826039 0.0
          0.319564 0.017787 0.0
          1.354109 0.202008 0.0
          2.106158 0.437717 0.0
          1.382885 0.573363 0.0
          1.000000 0.720008 0.0
          2.870926 0.482518 0.0
          1.485362 0.029195 0.0
          3.184583 0.079844 0.0
          1.600034 0.500000 0.0
          1.000000 1.000000 0.0
          1.036544 0.721167 0.0
          2.780072 0.500000 0.0
          2.971680 0.397337 0.0
          1.483649 0.535369 0.0
          1.760783 0.686501 0.0
          1.014281 0.549956 0.0
          3.500000 0.060039 0.0
          0.503498 0.017761 0.0
          0.260076 0.500000 0.0
          1.863408 0.544405 0.0
          1.482682 0.090035 0.0
          1.410178 0.723920 0.0
          1.191262 0.034878 0.0
          1.085754 0.279582 0.0
          1.510350 0.573914 0.0
          3.278046 0.091766 0.0
          2.880044 0.500000 0.0
          1.883583 0.961117 0.0
          1.885255 0.593344 0.0
          2.057090 0.337246 0.0
          1.118478 0.815827 0.0
          1.500000 0.500000 0.0
          0.0 0.080037 0.0
          0.513580 0.176761 0.0
          1.500000 0.259997 0.0
          0.639950 0.500000 0.0
          2.441907 0.796568 0.0
          2.055018 0.437209 0.0
          1.121346 0.160803 0.0
          2.623479 0.050334 0.0
          0.914353 0.017679 0.0
          1.688691 0.983595 0.0
          0.821874 0.032053 0.0
          2.830218 0.069254 0.0
          1.428538 0.019837 0.0
          2.756793 0.359355 0.0
          2.464768 0.619388 0.0
          2.458713 1.000000 0.0
          1.602623 0.927115 0.0
          2.199103 0.296596 0.0
          0.452159 0.0 0.0
          0.739924 0.500000 0.0
          3.479850 0.411804 0.0
          1.689844 0.519010 0.0
          3.500000 0.339978 0.0
          0.431563 0.0 0.0
          0.415644 0.351399 0.0
          3.413874 0.374623 0.0
          0.591455 0.074244 0.0
          1.441303 0.464712 0.0
          1.500000 0.240003 0.0
          1.463096 0.459931 0.0
          2.014638 0.029196 0.0
          0.717597 0.465492 0.0
          3.424780 0.288276 0.0
          1.394757 0.437835 0.0
          0.526943 0.022311 0.0
          0.892731 0.443877 0.0
          3.440347 0.206668 0.0
          2.945129 0.0 0.0
          2.452896 0.305274 0.0
          0.657080 0.270519 0.0
          0.831408 0.483185 0.0
          2.371841 0.035278 0.0
          2.256157 0.941403 0.0
          2.411445 0.408422 0.0
          2.241769 0.322665 0.0
          1.309632 0.965397 0.0
          2.078247 0.985997 0.0
          3.500000 0.240003 0.0
          3.500000 0.160022 0.0
          2.082349 0.450303 0.0
          1.004614 0.283802 0.0
          2.017769 0.469973 0.0
          2.500000 0.740003 0.0
          2.580104 0.500000 0.0
          2.381710 0.017207 0.0
          0.071941 0.314128 0.0
          0.0 0.279992 0.0
          1.500000 0.399966 0.0
          0.449635 0.480841 0.0
          1.287762 0.963433 0.0
          3.299912 0.466476 0.0
          0.284873 0.133656 0.0
          2.057428 0.404192 0.0
          0.918105 0.155283 0.0
          1.857072 0.885249 0.0
          0.708021 0.117277 0.0
          2.757701 0.460544 0.0
          0.940938 0.465396 0.0
          0.560202 0.445532 0.0
          1.194038 0.658298 0.0
          2.018497 0.964408 0.0
          2.327943 0.324254 0.0
          0.349372 0.0 0.0
          0.030107 0.483921 0.0
          2.119033 0.540397 0.0
          1.084125 0.531831 0.0
          0.914894 0.243552 0.0
          0.149002 0.467552 0.0
          1.410584 0.591661 0.0
          1.578570 0.707706 0.0
          0.100458 0.278166 0.0
          3.309601 0.112697 0.0
          1.092240 0.985025 0.0
          1.036176 0.741760 0.0
          1.505848 0.894656 0.0
          2.693039 0.322181 0.0
          2.732359 0.037664 0.0
          1.433128 0.077445 0.0
          2.463456 0.721167 0.0
          1.657518 1.000000 0.0
          1.369291 0.883696 0.0
          3.264536 0.059283 0.0
          1.034288 0.547803 0.0
          2.484574 0.849818 0.0
          1.232740 0.0 0.0
          1.088273 0.474886 0.0
          3.119956 0.500000 0.0
          0.162793 0.093816 0.0
          1.793822 0.717171 0.0
          0.767644 0.037664 0.0
          0.899898 0.500000 0.0
          2.439102 0.818180 0.0
          2.817629 0.463691 0.0
          3.460906 0.147263 0.0
          2.325229 0.982593 0.0
          1.919963 0.500000 0.0
          2.256721 0.017388 0.0
          1.461906 0.500331 0.0
          3.469032 0.016350 0.0
          0.189069 0.481747 0.0
          2.116860 0.375355 0.0
          2.500438 0.445996 0.0
          3.374017 0.041387 0.0
          1.775147 0.933703 0.0
          3.429833 0.018440 0.0
          0.889118 0.483247 0.0
          0.391091 0.379905 0.0
          1.018262 0.510499 0.0
          1.448428 0.013110 0.0
          0.776989 0.417669 0.0
          3.480899 0.090256 0.0
          0.068913 0.072762 0.0
          1.916463 0.964458 0.0
          2.463837 0.679630 0.0
          1.573884 0.916555 0.0
          2.118642 0.942072 0.0
          2.433714 0.921717 0.0
          2.053983 0.609973 0.0
          1.789989 0.517316 0.0
          2.610882 0.483247 0.0
          1.027393 0.0 0.0
          0.186880 0.191221 0.0
          2.500000 0.959958 0.0
          3.059896 0.068446 0.0
          1.348343 0.234443 0.0
          2.356178 0.961407 0.0
          2.059953 0.142629 0.0
          1.312344 0.111514 0.0
          2.414661 0.510082 0.0
          1.828749 0.930232 0.0
          3.313736 0.051225 0.0
          0.644494 0.060805 0.0
          0.253024 0.116010 0.0
          1.500000 0.359974 0.0
          0.0 0.0 0.0
          1.421061 0.830662 0.0
          1.799987 0.500000 0.0
          1.061873 0.079241 0.0
          0.453704 0.031710 0.0
          1.184991 1.000000 0.0
          0.742752 0.262635 0.0
          0.060105 0.500000 0.0
          0.927150 0.127112 0.0
          1.042351 0.202717 0.0
          1.017317 0.889968 0.0
          2.598342 0.051465 0.0
          0.019313 0.091795 0.0
          0.229946 0.448366 0.0
          1.802239 0.883124 0.0
          3.192854 0.314888 0.0
          0.0 0.020044 0.0
          0.784075 0.447061 0.0
          3.466094 0.359897 0.0
          2.017318 0.090035 0.0
          1.460823 0.117311 0.0
          2.182185 0.033448 0.0
          2.035552 0.944390 0.0
          1.439902 0.140806 0.0
          1.630759 0.517578 0.0
          1.438956 0.541514 0.0
          0.885299 0.033499 0.0
          0.554871 0.0 0.0
          2.473746 0.087211 0.0
          0.075515 0.288320 0.0
          1.442146 0.282206 0.0
          0.893632 0.158593 0.0
          0.932989 0.095476 0.0
          3.035898 0.016237 0.0
          0.298411 0.386586 0.0
          2.547633 0.379943 0.0
          0.390446 0.083954 0.0
          1.387762 0.410516 0.0
          1.164709 0.963951 0.0
          2.017434 0.329885 0.0
          1.287889 0.941697 0.0
          2.475848 0.127299 0.0
          2.112194 0.258628 0.0
          1.356409 0.359323 0.0
          3.089014 0.035140 0.0
          2.478504 0.869806 0.0
          1.391473 0.469198 0.0
          0.209496 0.060991 0.0
          3.466302 0.339978 0.0
          2.865331 0.466738 0.0
          1.029079 0.442502 0.0
          3.157873 0.060504 0.0
          2.938210 0.445456 0.0
          2.657518 0.0 0.0
          0.859903 0.500000 0.0
          1.045365 0.573557 0.0
          2.764085 0.203434 0.0
          1.625914 0.981762 0.0
          2.503485 0.018094 0.0
          1.243073 0.910034 0.0
          2.091683 0.129335 0.0
          2.240041 0.174064 0.0
          0.270074 0.482684 0.0
          0.700020 0.433839 0.0
          0.965777 0.082472 0.0
          0.849904 0.486593 0.0
          2.664163 0.123463 0.0
          1.140023 0.017275 0.0
          1.939447 0.944288 0.0
          2.482482 0.710048 0.0
          1.462386 0.982705 0.0
          0.429388 0.481824 0.0
          1.246623 1.000000 0.0
          1.082649 0.764009 0.0
          0.643306 0.390895 0.0
          1.540354 0.795066 0.0
          3.254723 0.402069 0.0
          1.258795 0.273754 0.0
          0.960226 0.263747 0.0
          0.143955 0.0 0.0
          0.636992 0.0 0.0
          2.315009 1.000000 0.0
          2.185349 0.455142 0.0
          3.027393 0.0 0.0
          1.780829 1.000000 0.0
          0.589966 0.482277 0.0
          1.457124 0.062825 0.0
          2.017317 0.110032 0.0
          3.273841 0.037403 0.0
          0.729473 0.016178 0.0
          2.132968 0.604810 0.0
          0.090402 0.409467 0.0
          1.230681 0.485144 0.0
          3.295860 0.444005 0.0
          2.760224 0.0 0.0
          3.376632 0.0 0.0
          2.319508 0.018824 0.0
          1.969554 0.610217 0.0
          3.482683 0.130028 0.0
          2.171100 1.000000 0.0
          2.408417 0.098663 0.0
          2.711529 0.289510 0.0
          3.427360 0.482917 0.0
          2.089014 1.000000 0.0
          2.038345 0.200295 0.0
          1.120046 0.078195 0.0
          3.351658 0.207092 0.0
          1.231395 0.442385 0.0
          0.471678 0.483369 0.0
          3.315245 0.031824 0.0
          2.803750 0.239354 0.0
          0.770159 0.015550 0.0
          0.140097 0.500000 0.0
          1.434039 0.046763 0.0
          3.273197 0.318469 0.0
          0.616455 0.034011 0.0
          2.229931 0.925796 0.0
          2.462486 0.499255 0.0
          2.605431 0.105055 0.0
          2.033415 0.220229 0.0
          2.660095 0.500000 0.0
          3.150628 0.0 0.0
          1.839684 0.645277 0.0
          0.035960 0.378720 0.0
          2.056511 0.245695 0.0
          0.016849 0.470975 0.0
          2.965088 0.077997 0.0
          1.191739 0.0 0.0
          1.020650 1.000000 0.0
          0.121067 0.039352 0.0
          2.545835 0.153035 0.0
          1.321686 0.629787 0.0
          2.460056 0.056870 0.0
          2.986224 0.0 0.0
          2.081551 0.204485 0.0
          0.064195 0.460180 0.0
          3.039984 0.500000 0.0
          1.017777 0.809984 0.0
          2.076120 0.964577 0.0
          0.776118 0.340489 0.0
          1.095874 0.557322 0.0
          2.539774 0.263747 0.0
          0.567250 0.377497 0.0
          2.026771 0.586683 0.0
          0.072640 0.482917 0.0
          0.618236 0.300417 0.0
          2.070856 0.899169 0.0
          1.707957 0.865953 0.0
          1.462208 0.158448 0.0
          3.078726 0.017748 0.0
          2.143955 0.0 0.0
          1.623978 0.908716 0.0
          0.996523 0.018099 0.0
          3.482524 0.389722 0.0
          2.565113 0.018012 0.0
          2.500000 0.859974 0.0
          1.002986 0.419883 0.0
          2.579425 0.457043 0.0
          2.381058 0.620869 0.0
          0.499072 0.143163 0.0
          2.820832 0.440347 0.0
          0.696335 0.239145 0.0
          3.007879 0.451966 0.0
          1.534237 1.000000 0.0
          1.215687 0.348939 0.0
          2.042853 0.062883 0.0
          3.263610 0.017724 0.0
          1.824879 0.608722 0.0
          2.863222 0.123089 0.0
          0.298013 0.017750 0.0
          0.503779 0.422665 0.0
          0.399798 0.414332 0.0
          2.229929 0.557081 0.0
          1.945129 1.000000 0.0
          1.530700 0.596588 0.0
          1.086683 0.645730 0.0
          2.658842 0.036987 0.0
          1.133009 0.980316 0.0
          0.446998 0.102472 0.0
          2.014983 0.847578 0.0
          3.006779 0.0 0.0
          2.716441 0.231469 0.0
          0.221393 0.268766 0.0
          2.407762 0.985022 0.0
          3.253377 0.0 0.0
          2.017716 0.170020 0.0
          1.027092 0.037037 0.0
          0.369908 0.0 0.0
          1.482217 0.269995 0.0
          2.659129 0.157033 0.0
          2.630806 0.223410 0.0
          1.118302 0.017214 0.0
          1.259334 0.222763 0.0
          1.373692 0.074981 0.0
          1.210939 0.037198 0.0
          0.506647 0.109570 0.0
          2.894756 0.020291 0.0
          1.482344 0.210011 0.0
          0.664723 0.319420 0.0
          3.235913 0.336426 0.0
          1.906486 0.894910 0.0
          1.445758 0.752669 0.0
          0.458075 0.436509 0.0
          1.039312 0.882319 0.0
          2.735746 0.443233 0.0
          3.500000 0.220008 0.0
          0.508831 0.451349 0.0
          2.118339 0.183696 0.0
          1.222477 0.019061 0.0
          1.766264 0.643487 0.0
          0.835837 0.123463 0.0
          3.046079 0.365323 0.0
          2.082778 0.235752 0.0
          2.110680 0.019064 0.0
          1.637755 0.654677 0.0
          2.760076 0.500000 0.0
          1.820594 0.534128 0.0
          2.585642 0.017688 0.0
          1.969457 0.519547 0.0
          0.340176 0.455660 0.0
          1.348161 0.853230 0.0
          2.882071 0.414760 0.0
          3.029988 0.482686 0.0
          2.856701 0.390920 0.0
          2.484621 0.374688 0.0
          0.509938 0.478412 0.0
          0.822888 0.462248 0.0
          1.274430 0.426899 0.0
          0.677390 0.142120 0.0
          1.276366 0.850278 0.0
          2.842482 0.0 0.0
          1.273843 0.0 0.0
          2.692928 0.358705 0.0
          2.017821 0.230005 0.0
          2.019826 0.805789 0.0
          0.285118 0.097832 0.0
          2.672867 0.090182 0.0
          2.520107 0.500000 0.0
          1.500000 0.379970 0.0
          0.982437 0.395215 0.0
          2.783066 0.033789 0.0
          2.190105 0.944812 0.0
          2.093097 0.061385 0.0
          2.461654 0.826408 0.0
          1.463110 0.419963 0.0
          0.104989 0.310528 0.0
          1.233264 0.041591 0.0
          0.020072 0.449618 0.0
          3.222503 0.017477 0.0
          1.109467 0.0 0.0
          1.037954 0.499988 0.0
          0.949530 0.162337 0.0
          0.863008 0.0 0.0
          1.810275 0.516890 0.0
          1.012774 0.590165 0.0
          1.705267 0.592754 0.0
          2.228625 0.512629 0.0
          2.750661 0.163112 0.0
          2.079575 0.860747 0.0
          1.123482 0.851243 0.0
          2.311998 0.164955 0.0
          2.225529 0.606774 0.0
          0.095121 0.444857 0.0
          0.898484 0.467574 0.0
          3.447188 0.240543 0.0
          0.315526 0.114611 0.0
          2.827457 0.103124 0.0
          2.821851 0.0 0.0
          0.441861 0.017752 0.0
          0.760153 0.067703 0.0
          2.472908 0.037036 0.0
          1.189182 0.415683 0.0
          0.634669 0.466738 0.0
          3.216507 0.166185 0.0
          1.195813 0.085549 0.0
          2.534647 0.311299 0.0
          1.052064 0.970766 0.0
          0.952358 0.379901 0.0
          3.239924 0.500000 0.0
          1.322820 0.051203 0.0
          3.398854 0.058347 0.0
          3.410618 0.470386 0.0
          1.756216 0.536253 0.0
          1.312456 0.837845 0.0
          3.243061 0.016772 0.0
          1.156857 0.907077 0.0
          3.459028 0.413552 0.0
          0.559977 0.500000 0.0
          1.694245 0.561682 0.0
          3.243268 0.080133 0.0
          1.778365 0.538033 0.0
          1.284255 0.751651 0.0
          3.213941 0.065657 0.0
          0.063586 0.105753 0.0
          1.972241 0.900619 0.0
          2.383969 0.429003 0.0
          2.310989 0.499961 0.0
          0.893805 0.017393 0.0
          0.789288 0.023127 0.0
          1.698604 1.000000 0.0
          1.036744 0.798840 0.0
          1.856900 0.945237 0.0
          2.374797 0.888722 0.0
          1.650066 0.912102 0.0
          1.215212 0.299157 0.0
          0.558982 0.466711 0.0
          3.372527 0.108270 0.0
          1.481811 0.169386 0.0
          1.294389 0.0 0.0
          1.552760 0.617617 0.0
          2.059482 0.178701 0.0
          1.665090 0.746619 0.0
          1.759997 0.500000 0.0
          0.097538 0.087709 0.0
          1.461800 0.524078 0.0
          1.017317 0.630028 0.0
          1.037674 0.678277 0.0
          0.064887 0.139058 0.0
          1.205611 1.000000 0.0
          0.934885 0.018012 0.0
          0.174776 0.017097 0.0
          3.482804 0.349969 0.0
          3.455705 0.297974 0.0
          2.873247 0.017735 0.0
          0.143988 0.043129 0.0
          3.150758 0.132635 0.0
          1.482683 0.369972 0.0
          0.151535 0.407772 0.0
          2.199063 0.150432 0.0
          3.310192 0.078018 0.0
          1.300186 0.043356 0.0
          2.313427 0.541752 0.0
          1.639787 0.619647 0.0
          1.861616 0.965586 0.0
          3.109620 0.482502 0.0
          0.091076 0.158524 0.0
          0.139324 0.238116 0.0
          3.212235 0.0 0.0
          3.068435 0.425821 0.0
          0.500000 0.500000 0.0
          2.215884 0.017758 0.0
          2.347277 0.478914 0.0
          3.102108 0.414052 0.0
          1.710113 0.518233 0.0
          2.576380 0.158964 0.0
          1.017518 0.710048 0.0
          2.119235 0.299198 0.0
          1.984911 0.817957 0.0
          1.270068 0.925796 0.0
          1.571311 0.653356 0.0
          2.118708 0.339055 0.0
          1.801921 0.966358 0.0
          2.441589 0.113801 0.0
          0.566956 0.134742 0.0
          1.990537 0.955344 0.0
          0.348530 0.229638 0.0
          2.500000 0.919963 0.0
          2.689841 0.481549 0.0
          3.500000 0.359974 0.0
          3.279915 0.500000 0.0
          0.154272 0.166417 0.0
          2.534263 0.032650 0.0
          0.768058 0.104719 0.0
          3.397082 0.0 0.0
          2.498964 0.233210 0.0
          0.305955 0.417530 0.0
          2.500000 0.939961 0.0
          1.700135 0.538196 0.0
          1.417494 0.235494 0.0
          1.088306 0.326442 0.0
          2.274101 0.109210 0.0
          0.806961 0.322181 0.0
          1.481801 0.149121 0.0
          2.409156 0.061698 0.0
          1.038384 0.525371 0.0
          1.862739 0.838418 0.0
          1.400702 0.898203 0.0
          3.467065 0.058211 0.0
          0.123932 0.144809 0.0
          2.799982 0.433839 0.0
          1.169246 0.217250 0.0
          0.221042 0.133104 0.0
          1.676037 0.888185 0.0
          0.205611 0.0 0.0
          1.849976 0.512938 0.0
          2.144028 0.945455 0.0
          1.410986 1.000000 0.0
          0.708888 0.015499 0.0
          3.482638 0.189189 0.0
          1.054950 0.778685 0.0
          0.545578 0.036486 0.0
          1.090844 0.061698 0.0
          1.834465 0.553112 0.0
          0.590549 0.436748 0.0
          0.122333 0.066369 0.0
          0.235467 0.059280 0.0
          0.154249 0.018267 0.0
          3.089014 0.0 0.0
          0.425791 0.171982 0.0
          1.465352 0.389304 0.0
          1.000000 0.879970 0.0
          1.078973 0.036693 0.0
          2.500000 0.580037 0.0
          1.020597 0.928225 0.0
          3.201589 0.386586 0.0
          3.440085 0.170154 0.0
          2.389281 0.980830 0.0
          2.302492 0.749642 0.0
          1.967523 0.933922 0.0
          2.595874 0.0 0.0
          1.620030 0.500000 0.0
          2.060812 0.511460 0.0
          2.304187 0.085549 0.0
          0.709868 0.382020 0.0
          1.019457 0.570241 0.0
          2.340238 0.869547 0.0
          0.245277 0.402069 0.0
          1.700290 0.717327 0.0
          3.428352 0.313860 0.0
          2.212235 1.000000 0.0
          0.291649 0.354355 0.0
          2.425375 0.544229 0.0
          1.068437 0.0 0.0
          2.149911 0.480548 0.0
          3.500000 0.399966 0.0
          0.953182 0.214389 0.0
          1.450852 0.696853 0.0
          1.745476 0.792902 0.0
          1.197505 0.749636 0.0
          2.465236 0.520050 0.0
          2.417077 0.763750 0.0
          2.647489 0.017430 0.0
          0.959893 0.500000 0.0
          3.466052 0.320464 0.0
          2.269873 0.392188 0.0
          2.482425 0.830531 0.0
          2.980182 0.468172 0.0
          1.482430 0.309910 0.0
          2.482599 0.650108 0.0
          0.364585 0.409290 0.0
          1.415393 0.497025 0.0
          1.132825 0.394968 0.0
          3.099963 0.500000 0.0
          1.560562 0.586434 0.0
          1.141077 0.559354 0.0
          2.698604 0.0 0.0
          3.020313 0.240719 0.0
          2.227109 0.471235 0.0
          0.938679 0.062374 0.0
          0.349480 0.035076 0.0
          2.201779 0.981662 0.0
          2.182400 0.410156 0.0
          1.879647 0.678830 0.0
          0.626753 0.017762 0.0
          0.873247 0.017735 0.0
          3.449360 0.017105 0.0
          1.112713 0.527639 0.0
          0.114754 0.215943 0.0
          0.167072 0.482154 0.0
          1.177108 0.949020 0.0
          1.234766 0.638066 0.0
          1.978698 0.862415 0.0
          1.089069 0.136614 0.0
          2.017644 0.490055 0.0
          1.500000 0.459958 0.0
          2.500000 0.620030 0.0
          0.534479 0.152173 0.0
          1.828055 0.899020 0.0
          1.634872 0.959517 0.0
          1.414883 0.946979 0.0
          2.900037 0.500000 0.0
          0.409105 0.446781 0.0
          3.500000 0.0 0.0
          2.376518 0.851243 0.0
          3.446686 0.328746 0.0
          0.266346 0.376526 0.0
          2.366868 0.395193 0.0
          2.034244 0.179798 0.0
          3.482684 0.269995 0.0
          1.591739 0.577301 0.0
          2.205611 0.0 0.0
          1.060812 0.488540 0.0
          0.558910 0.059191 0.0
          2.858073 0.056535 0.0
          0.226157 0.0 0.0
          3.047841 0.0 0.0
          0.668194 0.014494 0.0
          0.575387 0.0 0.0
          2.921263 0.462647 0.0
          2.754087 0.431608 0.0
          0.749922 0.482683 0.0
          3.070531 0.481439 0.0
          1.657235 0.691709 0.0
          0.431215 0.425373 0.0
          1.162448 0.105846 0.0
          1.442920 0.337262 0.0
          2.438959 0.458483 0.0
          0.453919 0.365323 0.0
          0.040107 0.500000 0.0
          1.000000 0.640026 0.0
          0.020650 0.0 0.0
          1.747852 0.983210 0.0
          1.406903 0.061385 0.0
          2.123326 0.148297 0.0
          0.436686 0.456818 0.0
          2.482183 0.730012 0.0
          2.036207 0.238372 0.0
          3.169225 0.393287 0.0
          2.000000 0.100034 0.0
          1.304605 0.914107 0.0
          2.399130 0.034950 0.0
          0.110312 0.250547 0.0
          3.486078 0.430229 0.0
          2.037977 0.500157 0.0
          2.146009 0.392666 0.0
          2.471499 0.407384 0.0
          1.387806 0.258628 0.0
          2.039177 0.117311 0.0
          1.217949 0.932168 0.0
          2.548593 0.218054 0.0
          1.328152 0.771377 0.0
          2.428532 0.980015 0.0
          0.869712 0.135318 0.0
          2.271175 0.440408 0.0
          1.739776 1.000000 0.0
          1.089313 0.835954 0.0
          1.461845 0.478387 0.0
          1.812401 0.845723 0.0
          1.338733 0.961155 0.0
          2.215727 0.751714 0.0
          0.189820 0.078036 0.0
          2.189739 0.201193 0.0
          2.968370 0.048037 0.0
          1.979956 0.500000 0.0
          2.881118 0.467755 0.0
          2.799294 0.469957 0.0
          3.030701 0.079543 0.0
          2.770074 0.482686 0.0
          2.308909 0.126815 0.0
          3.196241 0.201490 0.0
          3.148159 0.278491 0.0
          0.464988 0.462012 0.0
          0.294132 0.464826 0.0
          1.367287 0.913229 0.0
          0.975562 0.429471 0.0
          3.039476 0.051385 0.0
          3.445500 0.359812 0.0
          2.569924 0.480957 0.0
          1.261123 0.128647 0.0
          2.065923 0.936569 0.0
          2.190679 0.872701 0.0
          2.284313 0.348939 0.0
          2.012944 0.941432 0.0
          0.862009 0.356830 0.0
          2.974661 0.260367 0.0
          1.640650 0.532503 0.0
          1.376632 0.0 0.0
          2.456726 0.937504 0.0
          2.442916 0.663056 0.0
          1.194616 0.981602 0.0
          1.287765 1.000000 0.0
          1.376674 0.148297 0.0
          1.225513 0.960158 0.0
          1.719171 1.000000 0.0
          0.424200 0.391195 0.0
          2.852033 0.480631 0.0
          2.425129 0.737690 0.0
          2.017690 0.210011 0.0
          1.100876 0.034960 0.0
          2.225690 0.426798 0.0
          2.128941 0.752036 0.0
          2.380738 0.459903 0.0
          1.831196 0.746830 0.0
          0.034373 0.430887 0.0
          2.379303 0.203123 0.0
          2.000000 0.479956 0.0
          1.013907 0.485466 0.0
          1.434591 0.108525 0.0
          1.440415 0.487647 0.0
          0.410986 0.0 0.0
          1.867800 0.519122 0.0
          2.484019 0.463259 0.0
          3.500000 0.200013 0.0
          1.123368 1.000000 0.0
          1.759161 0.967997 0.0
          2.351511 0.557978 0.0
          0.783559 0.231469 0.0
          3.362832 0.278710 0.0
          2.790069 0.482684 0.0
          1.490892 0.668987 0.0
          1.923656 0.656930 0.0
          2.467861 0.979091 0.0
          0.200088 0.500000 0.0
          0.781616 0.467695 0.0
          1.610625 0.520795 0.0
          1.813030 0.981737 0.0
          0.017112 0.329980 0.0
          1.487206 0.979168 0.0
          3.252945 0.034667 0.0
          0.899466 0.133352 0.0
          0.841158 0.036987 0.0
          2.966025 0.310892 0.0
          1.254736 0.034118 0.0
          0.839905 0.500000 0.0
          1.421287 0.982238 0.0
          2.916574 0.019092 0.0
          3.408940 0.158498 0.0
          0.462384 0.017450 0.0
          1.985612 0.562015 0.0
          0.579969 0.500000 0.0
          2.438335 0.888591 0.0
          3.068437 0.0 0.0
          0.701366 0.453068 0.0
          1.600616 0.894775 0.0
          0.033949 0.320465 0.0
          0.204137 0.444004 0.0
          3.500000 0.479956 0.0
          1.606120 0.984648 0.0
          2.309608 0.054879 0.0
          0.807077 0.358661 0.0
          0.739776 0.0 0.0
          2.378654 0.160803 0.0
          2.459153 0.912616 0.0
          1.337934 0.928244 0.0
          2.505286 0.068226 0.0
          2.345868 0.981639 0.0
          2.130092 1.000000 0.0
          2.601516 0.467574 0.0
          2.197143 0.250126 0.0
          2.443514 0.754727 0.0
          3.391569 0.250263 0.0
          0.177024 0.245246 0.0
          2.416890 0.229328 0.0
          3.469893 0.483921 0.0
          0.920581 0.291944 0.0
          0.030968 0.016350 0.0
          2.493221 0.0 0.0
          2.061752 0.0 0.0
          2.301619 0.703630 0.0
          1.568288 0.554668 0.0
          0.112860 0.018102 0.0
          1.779992 0.500000 0.0
          3.313456 0.344219 0.0
          0.256714 0.080124 0.0
          2.500000 0.540042 0.0
          3.279159 0.172864 0.0
          3.111644 0.199859 0.0
          0.955437 0.017304 0.0
          0.345716 0.094636 0.0
          3.290530 0.061042 0.0
          3.082403 0.467089 0.0
          0.609405 0.482389 0.0
          2.663408 0.375664 0.0
          1.479480 0.071660 0.0
          0.380552 0.440305 0.0
          2.892736 0.201009 0.0
          3.312307 0.151183 0.0
          0.997197 0.465133 0.0
          1.314651 0.455142 0.0
          0.869194 0.223410 0.0
          1.117584 0.425813 0.0
          0.835767 0.299491 0.0
          1.384527 0.375511 0.0
          3.409598 0.409467 0.0
          0.821851 0.0 0.0
          1.421273 0.473782 0.0
          0.267218 0.031850 0.0
          0.0 0.419963 0.0
          1.109972 0.588095 0.0
          3.500000 0.299987 0.0
          1.774394 0.863488 0.0
          2.534223 0.082472 0.0
          1.740003 0.500000 0.0
          3.400433 0.278181 0.0
          3.500000 0.100034 0.0
          2.096879 0.921392 0.0
          2.798634 0.453068 0.0
          2.452159 0.0 0.0
          3.275762 0.365635 0.0
          0.714307 0.154082 0.0
          0.852465 0.062279 0.0
          1.743007 0.922659 0.0
          1.855353 0.917278 0.0
          3.376649 0.144486 0.0
          2.618846 0.466633 0.0
          3.380526 0.390328 0.0
          1.243843 0.941403 0.0
          1.411474 0.557203 0.0
          0.569772 0.482563 0.0
          0.909897 0.483867 0.0
          1.120087 0.700219 0.0
          1.129597 0.348177 0.0
          1.282323 0.067570 0.0
          2.027393 1.000000 0.0
          0.039045 0.147390 0.0
          0.618882 0.467755 0.0
          2.431563 0.0 0.0
          3.009996 0.483313 0.0
          0.949262 0.444286 0.0
          2.017317 0.130028 0.0
          1.728869 0.964752 0.0
          2.017456 0.984938 0.0
          1.311942 0.539048 0.0
          0.244762 0.463766 0.0
          1.364445 0.786390 0.0
          3.270043 0.448371 0.0
          0.770573 0.482531 0.0
          3.150219 0.326345 0.0
          0.315212 0.079738 0.0
          1.715515 0.563051 0.0
          2.482273 0.630042 0.0
          1.929161 0.535081 0.0
          1.924613 1.000000 0.0
          3.380502 0.180472 0.0
          2.284818 0.299157 0.0
          3.435805 0.460180 0.0
          1.939337 0.594610 0.0
          2.186673 0.497671 0.0
          2.000000 0.040042 0.0
          1.125203 0.888722 0.0
          1.463269 0.201101 0.0
          1.174770 0.982590 0.0
          3.113223 0.041586 0.0
          0.240081 0.500000 0.0
          3.386857 0.017710 0.0
          2.345781 0.637903 0.0
          2.932831 0.377273 0.0
          0.717108 0.033934 0.0
          2.739874 0.067703 0.0
          2.882282 0.041324 0.0
          0.960599 0.117772 0.0
          1.887067 0.561023 0.0
          1.672807 0.609839 0.0
          0.866271 0.177184 0.0
          2.448869 0.566999 0.0
          1.493221 1.000000 0.0
          0.629074 0.482518 0.0
          0.017363 0.189189 0.0
          3.182810 0.150754 0.0
          2.448696 0.348885 0.0
          2.590103 0.483867 0.0
          0.624048 0.446623 0.0
          2.561321 0.062374 0.0
          0.777021 0.184610 0.0
          2.465845 0.889699 0.0
          1.186764 0.542273 0.0
          2.832013 0.015432 0.0
          3.500000 0.279992 0.0
          0.763503 0.463405 0.0
          3.483151 0.470975 0.0
          2.412105 0.680213 0.0
          2.387538 0.740873 0.0
          0.151293 0.369423 0.0
          0.672174 0.068988 0.0
          0.186635 0.050501 0.0
          0.547628 0.017594 0.0
          0.512192 0.061545 0.0
          2.553717 0.036330 0.0
          1.084108 0.179803 0.0
          3.462563 0.102225 0.0
          3.191692 0.031725 0.0
          0.598631 0.110013 0.0
          3.214792 0.097864 0.0
          3.358691 0.240497 0.0
          0.226803 0.318469 0.0
          0.728198 0.057691 0.0
          0.146423 0.075502 0.0
          2.987477 0.176604 0.0
          0.349238 0.326003 0.0
          2.061044 0.541514 0.0
          3.461847 0.191164 0.0
          0.150486 0.441601 0.0
          1.212314 0.058168 0.0
          3.046689 0.031938 0.0
          1.919764 0.707455 0.0
          1.476897 0.046545 0.0
          1.389320 0.019060 0.0
          0.777745 0.377592 0.0
          2.875952 0.446625 0.0
          2.245265 0.034118 0.0
          2.965727 0.112071 0.0
          1.369908 1.000000 0.0
          2.294389 1.000000 0.0
          1.844558 0.529887 0.0
          0.215870 0.017697 0.0
          2.482356 0.509945 0.0
          1.870661 0.777041 0.0
          0.0 0.160022 0.0
          1.750000 0.517316 0.0
          2.097862 0.980416 0.0
          1.493047 0.717971 0.0
          2.041287 0.0 0.0
          0.492874 0.034328 0.0
          2.457808 0.956489 0.0
          1.215231 0.900823 0.0
          2.881764 0.300417 0.0
          2.410986 0.0 0.0
          2.036775 0.459075 0.0
          0.216585 0.397792 0.0
          2.172370 0.784356 0.0
          1.356045 0.0 0.0
          1.616001 0.598986 0.0
          2.309994 0.798398 0.0
          0.678149 0.0 0.0
          2.462835 0.701885 0.0
          2.159430 0.324452 0.0
          2.383270 0.579714 0.0
          0.330875 0.394289 0.0
          1.119365 0.954768 0.0
          1.267260 1.000000 0.0
          2.246623 0.0 0.0
          2.265217 0.638066 0.0
          1.964627 0.688165 0.0
          0.149269 0.202457 0.0
          3.025845 0.189849 0.0
          1.188002 0.164955 0.0
          1.022975 0.953359 0.0
          2.256927 0.910034 0.0
          2.017316 0.289989 0.0
          2.043234 0.754487 0.0
          0.809416 0.394906 0.0
          3.500000 0.319982 0.0
          2.973137 0.021658 0.0
          2.074752 0.261786 0.0
          0.520320 0.213406 0.0
          1.863008 1.000000 0.0
          0.120875 0.425911 0.0
          2.406955 0.965511 0.0
          1.150285 0.438652 0.0
          2.411694 0.326442 0.0
          3.482202 0.289816 0.0
          3.215043 0.133700 0.0
          0.315000 0.145922 0.0
          1.989556 0.538293 0.0
          1.017923 0.166898 0.0
          3.323319 0.246526 0.0
          1.998996 0.980548 0.0
          0.535767 0.462495 0.0
          1.060610 0.825959 0.0
          1.501204 0.600132 0.0
          1.305382 0.018351 0.0
          1.356241 0.038520 0.0
          1.500000 0.060039 0.0
          1.933545 0.516275 0.0
          3.458545 0.078534 0.0
          2.033692 0.914399 0.0
          1.630412 0.932933 0.0
          2.050052 0.650502 0.0
          1.907655 0.854935 0.0
          0.390186 0.061925 0.0
          1.094454 0.905764 0.0
          1.102918 1.000000 0.0
          1.405661 0.093814 0.0
          1.445082 0.437229 0.0
          0.202983 0.036069 0.0
          0.0 0.120030 0.0
          2.269332 0.485129 0.0
          3.246686 0.435992 0.0
          1.859974 0.500000 0.0
          0.994714 0.068226 0.0
          2.618020 0.073623 0.0
          0.470336 0.077838 0.0
          1.708042 0.764984 0.0
          2.233066 0.958349 0.0
          0.965354 0.311299 0.0
          3.189936 0.486088 0.0
          2.513776 0.0 0.0
          1.839978 0.500000 0.0
          1.288799 0.802905 0.0
          0.082983 0.228168 0.0
          0.314021 0.445783 0.0
          1.800499 0.533050 0.0
          2.037977 0.359363 0.0
          0.408003 0.483053 0.0
          1.909641 0.806284 0.0
          0.040972 0.413552 0.0
          2.758277 0.128882 0.0
          0.866208 0.393198 0.0
          1.710798 0.903539 0.0
          2.000000 0.279992 0.0
          3.366339 0.017769 0.0
          1.500000 0.319982 0.0
          1.039944 0.056871 0.0
          2.051572 0.013110 0.0
          2.113288 0.964884 0.0
          1.507651 0.969658 0.0
          0.472607 0.0 0.0
          1.007331 0.399291 0.0
          1.300937 0.150432 0.0
          0.0 0.100034 0.0
          2.125051 0.110845 0.0
          1.746103 0.733786 0.0
          3.139950 0.500000 0.0
          0.633414 0.348693 0.0
          3.485405 0.485423 0.0
          2.530499 0.482263 0.0
          0.589178 0.404809 0.0
          2.636992 0.0 0.0
          2.090463 0.630256 0.0
          1.578193 0.966166 0.0
          1.769300 0.565268 0.0
          3.479928 0.449618 0.0
          1.315009 0.0 0.0
          1.345873 0.018345 0.0
          2.647535 0.062279 0.0
          3.500000 0.080037 0.0
          2.000000 0.500000 0.0
          0.120100 0.500000 0.0
          1.380803 0.044988 0.0
          2.835241 0.319572 0.0
          0.760224 0.0 0.0
          0.287765 0.0 0.0
          2.260199 0.825425 0.0
          2.930051 0.482502 0.0
          2.117151 0.573357 0.0
          1.314952 0.073846 0.0
          2.485371 0.970794 0.0
          2.036890 0.419963 0.0
          1.309321 0.872701 0.0
          2.085146 0.287371 0.0
          2.896040 0.154001 0.0
          2.464067 0.780915 0.0
          2.287765 0.0 0.0
          1.598342 0.854488 0.0
          1.016061 0.608365 0.0
          3.299912 0.500000 0.0
          0.383055 0.345890 0.0
          2.047906 0.694914 0.0
          2.390533 0.0 0.0
          2.329877 0.275112 0.0
          2.477007 0.953399 0.0
          2.226157 0.0 0.0
          1.000000 0.500000 0.0
          2.300693 0.849103 0.0
          1.000000 0.779992 0.0
          2.675389 0.196336 0.0
          0.359640 0.017757 0.0
          0.650573 0.087482 0.0
          1.740237 0.584110 0.0
          1.136081 0.944793 0.0
          3.153391 0.095185 0.0
          1.482082 0.189910 0.0
          2.242739 0.089591 0.0
          3.482684 0.230005 0.0
          2.446571 0.153932 0.0
          3.479893 0.500000 0.0
          1.240953 0.680992 0.0
          1.191091 0.126815 0.0
          0.583432 0.018392 0.0
          1.967633 0.547383 0.0
          2.057862 0.282213 0.0
          1.438248 0.0 0.0
          2.038795 0.962727 0.0
          1.273270 0.472648 0.0
          2.820062 0.500000 0.0
          1.453063 0.963767 0.0
          2.677143 0.462261 0.0
          2.343143 0.907077 0.0
          3.273843 0.0 0.0
          1.467947 0.888976 0.0
          1.741755 0.883757 0.0
          2.749323 0.021335 0.0
          3.345772 0.017605 0.0
          0.087318 0.193978 0.0
          1.994782 0.517148 0.0
          0.984294 0.037756 0.0
          1.659850 0.965739 0.0
          1.486525 0.014019 0.0
          2.500000 1.000000 0.0
          1.667833 0.985661 0.0
          2.441422 0.775348 0.0
          2.038200 0.524078 0.0
          0.841148 0.156917 0.0
          1.669465 0.516310 0.0
          2.650096 0.486593 0.0
          1.407116 0.128413 0.0
          3.390980 0.466809 0.0
          2.243513 0.058355 0.0
          3.339905 0.500000 0.0
          2.047841 1.000000 0.0
          1.032139 0.979091 0.0
          1.482032 0.625443 0.0
          3.500000 0.120030 0.0
          0.564960 0.014107 0.0
          0.057713 0.394984 0.0
          0.904126 0.0 0.0
          1.802554 0.944884 0.0
          0.106388 0.483733 0.0
          1.442203 0.196749 0.0
          1.914191 0.984167 0.0
          3.348465 0.407772 0.0
          3.116947 0.345867 0.0
          1.560039 0.500000 0.0
          3.482817 0.029223 0.0
          1.369885 0.964986 0.0
          1.468407 0.944941 0.0
          2.317849 0.966418 0.0
          1.647208 0.983721 0.0
          1.344708 0.169958 0.0
          2.088641 0.675528 0.0
          0.307048 0.314983 0.0
          1.335459 0.0 0.0
          3.284128 0.017699 0.0
          1.190005 0.798394 0.0
          1.678149 1.000000 0.0
          2.017717 0.250000 0.0
          1.537990 0.564882 0.0
          1.610257 0.635051 0.0
          2.218670 0.654240 0.0
          3.439895 0.500000 0.0
          2.500000 0.879970 0.0
          1.400991 0.981688 0.0
          2.253377 1.000000 0.0
          0.989136 0.481643 0.0
          2.935488 0.095828 0.0
          0.382240 0.107502 0.0
          0.483853 0.445933 0.0
          2.933282 0.135081 0.0
          2.506093 0.103941 0.0
          2.187598 0.834490 0.0
          2.908110 0.078662 0.0
          2.058696 0.464525 0.0
          3.153804 0.480617 0.0
          0.845685 0.468718 0.0
          2.376632 1.000000 0.0
          0.513776 0.0 0.0
          3.419896 0.500000 0.0
          2.134411 0.881858 0.0
          0.490004 0.485891 0.0
          0.483765 0.289988 0.0
          1.680018 0.500000 0.0
          0.322533 0.469278 0.0
          1.889111 0.534113 0.0
          2.217677 0.067570 0.0
          0.089723 0.487407 0.0
          3.354036 0.326361 0.0
          0.966049 0.052837 0.0
          0.340744 0.018232 0.0
          2.335459 1.000000 0.0
          1.482220 0.230005 0.0
          3.132112 0.033032 0.0
          1.116048 0.623306 0.0
          0.793245 0.081099 0.0
          2.236114 0.016918 0.0
          2.037032 0.297722 0.0
          1.198378 0.703625 0.0
          2.664096 0.338458 0.0
          3.404879 0.444857 0.0
          2.089449 0.165271 0.0
          0.014020 0.169987 0.0
          1.047111 0.305275 0.0
          1.411143 0.674487 0.0
          1.899966 0.500000 0.0
          2.750078 0.482683 0.0
          1.837063 0.697948 0.0
          0.042565 0.059798 0.0
          2.998237 0.017125 0.0
          0.571874 0.277564 0.0
          3.348707 0.369423 0.0
          1.009457 0.330039 0.0
          2.284116 0.982242 0.0
          2.500000 0.520044 0.0
          1.517230 0.929050 0.0
          3.177320 0.469441 0.0
          0.357152 0.439176 0.0
          2.155292 0.169958 0.0
          0.647967 0.480631 0.0
          0.590738 0.041857 0.0
          0.0 0.399966 0.0
          1.482566 0.329886 0.0
          1.939961 0.500000 0.0
          3.233620 0.376518 0.0
          2.348719 0.598315 0.0
          2.626753 0.017735 0.0
          2.013127 0.533963 0.0
          3.465967 0.258201 0.0
          1.944347 0.966503 0.0
          2.770527 0.016178 0.0
          3.205828 0.464986 0.0
          0.649010 0.018306 0.0
          0.385209 0.153359 0.0
          2.781388 0.416959 0.0
          0.411497 0.034776 0.0
          2.883486 0.0 0.0
          2.355615 0.087395 0.0
          2.606194 0.017422 0.0
          1.349372 1.000000 0.0
          3.160864 0.017729 0.0
          2.000000 0.180018 0.0
          1.500000 0.220008 0.0
          2.502808 0.465138 0.0
          1.613647 0.679333 0.0
          3.006359 0.147661 0.0
          3.053077 0.102703 0.0
          2.225536 0.890362 0.0
          0.879606 0.323364 0.0
          1.675064 0.575701 0.0
          1.215661 0.248189 0.0
          0.487120 0.337697 0.0
          0.300891 0.211141 0.0
          0.039363 0.125223 0.0
          0.742301 0.460542 0.0
          0.160095 0.500000 0.0
          2.468442 0.599389 0.0
          0.400037 0.500000 0.0
          2.980008 0.500000 0.0
          1.066961 0.922153 0.0
          0.020150 0.411804 0.0
          0.669354 0.036959 0.0
          0.100102 0.500000 0.0
          2.000000 0.200013 0.0
          1.616514 1.000000 0.0
          3.219928 0.500000 0.0
          2.465696 0.580662 0.0
          3.192725 0.259196 0.0
          2.857753 0.087272 0.0
          1.199802 0.956550 0.0
          0.578477 0.314529 0.0
          0.095361 0.054204 0.0
          0.016829 0.250000 0.0
          2.225372 0.039749 0.0
          3.500000 0.040042 0.0
          1.534020 0.688607 0.0
          1.587552 0.981933 0.0
          1.495018 0.816003 0.0
          2.754639 0.397894 0.0
          0.750677 0.021335 0.0
          1.335337 0.035893 0.0
          1.083111 0.229328 0.0
          2.497014 0.419883 0.0
          1.623471 0.727714 0.0
          0.490004 0.468600 0.0
          2.055738 0.262833 0.0
          3.268401 0.482894 0.0
          3.479350 0.0 0.0
          2.355654 0.054836 0.0
          1.190062 0.615725 0.0
          3.417733 0.228124 0.0
          2.000000 0.080037 0.0
          3.094703 0.447337 0.0
          0.863143 0.033207 0.0
          1.053429 0.153932 0.0
          2.500000 0.839978 0.0
          0.700707 0.469957 0.0
          1.417782 0.450327 0.0
          1.458068 0.043188 0.0
          1.584116 0.756896 0.0
          0.369837 0.075536 0.0
          2.910796 0.404757 0.0
          2.109467 1.000000 0.0
          0.033906 0.359898 0.0
          2.032837 0.439234 0.0
          1.961159 0.736393 0.0
          3.500000 0.259997 0.0
          2.904126 0.0 0.0
          1.116817 0.053014 0.0
          0.745440 0.397733 0.0
          2.142437 0.436749 0.0
          0.509804 0.040192 0.0
          0.799890 0.462937 0.0
          1.830743 0.871190 0.0
          1.799677 0.589215 0.0
          1.013483 0.985967 0.0
          2.572822 0.127388 0.0
          3.002945 0.418934 0.0
          2.214975 0.098824 0.0
          1.225899 0.109210 0.0
          0.286188 0.065731 0.0
          1.256487 0.058355 0.0
          1.155442 0.939754 0.0
          2.855969 0.171563 0.0
          0.699933 0.500000 0.0
          2.576660 0.038823 0.0
          0.894986 0.409197 0.0
          0.059775 0.206678 0.0
          1.066052 0.952920 0.0
          3.162365 0.425842 0.0
          1.462969 0.297723 0.0
          2.284349 0.248189 0.0
          1.017317 0.869972 0.0
          0.939895 0.500000 0.0
          2.688093 0.017778 0.0
          1.222959 0.579209 0.0
          1.521992 0.981786 0.0
          0.128890 0.480382 0.0
          3.233445 0.288517 0.0
          1.374949 0.110845 0.0
          3.312516 0.389756 0.0
          2.539401 0.117772 0.0
          1.256770 0.982576 0.0
          1.058630 0.425523 0.0
          1.266933 0.958350 0.0
          2.330760 0.217250 0.0
          1.000000 0.759997 0.0
          1.390533 1.000000 0.0
          2.349631 0.438650 0.0
          2.150628 1.000000 0.0
          2.405748 0.905609 0.0
          2.954810 0.013727 0.0
          2.910034 0.482277 0.0
          0.400758 0.018439 0.0
          1.093057 0.965528 0.0
          1.559155 0.839536 0.0
          1.358380 0.437151 0.0
          0.038702 0.466385 0.0
          0.388827 0.200281 0.0
          3.465627 0.430887 0.0
          3.442287 0.394984 0.0
          3.467267 0.277735 0.0
          2.017684 0.429962 0.0
          2.000000 0.020044 0.0
          0.308305 0.031724 0.0
          2.439618 0.851289 0.0
          0.082299 0.0 0.0
          0.013922 0.430229 0.0
          0.974918 0.355433 0.0
          2.386966 0.535610 0.0
          2.461800 0.475922 0.0
          2.850994 0.018247 0.0
          2.379913 0.700219 0.0
          2.369908 0.0 0.0
          0.460213 0.050791 0.0
          0.0 0.379970 0.0
          2.000000 0.299987 0.0
          2.482152 0.769995 0.0
          2.624855 0.272050 0.0
          2.559062 0.465396 0.0
          0.548775 0.482015 0.0
          2.614701 0.033505 0.0
          3.130470 0.439475 0.0
          3.339966 0.093460 0.0
          1.406989 0.034257 0.0
          0.051253 0.482076 0.0
          2.600553 0.133525 0.0
          2.549156 0.411458 0.0
          1.016404 0.650071 0.0
          2.481769 0.908275 0.0
          2.058670 0.574458 0.0
          2.130353 0.652201 0.0
          1.548201 0.935940 0.0
          0.599963 0.500000 0.0
          3.016173 0.289982 0.0
          2.400727 0.013985 0.0
          0.220246 0.466713 0.0
          2.017317 0.369972 0.0
          1.500000 0.160022 0.0
          1.159762 0.869547 0.0
          0.020013 0.049455 0.0
          2.500000 0.700013 0.0
          3.255230 0.463772 0.0
          2.017783 0.269995 0.0
          2.241209 0.273754 0.0
          2.718389 0.467664 0.0
          2.439188 0.488540 0.0
          3.396417 0.311377 0.0
          0.033663 0.258718 0.0
          1.309379 0.943846 0.0
          2.500000 0.640026 0.0
          3.461298 0.466385 0.0
          3.349904 0.485794 0.0
          2.174771 0.017365 0.0
          3.467151 0.240042 0.0
          1.257261 0.089591 0.0
          1.852582 0.604510 0.0
          1.463495 0.278721 0.0
          0.910044 0.190968 0.0
          1.082299 1.000000 0.0
          1.281164 0.654167 0.0
          0.440206 0.068153 0.0
          2.180373 0.981152 0.0
          2.263846 0.982988 0.0
          3.232760 0.031863 0.0
          2.348108 0.765152 0.0
          0.394070 0.249728 0.0
          0.092985 0.017241 0.0
          2.500000 0.799987 0.0
          1.042184 0.956462 0.0
          1.624372 0.542043 0.0
          1.038620 0.908814 0.0
          1.081523 0.797617 0.0
          1.061046 0.516345 0.0
          1.114632 0.778783 0.0
          2.312103 0.888083 0.0
          3.482231 0.048948 0.0
          2.488897 0.198079 0.0
          2.157285 0.860216 0.0
          3.242405 0.192066 0.0
          2.298103 0.018056 0.0
          2.178074 0.630002 0.0
          1.151939 0.478702 0.0
          0.065235 0.041557 0.0
          2.979363 0.213373 0.0
          0.312921 0.051775 0.0
          0.801396 0.0 0.0
          0.306845 0.259196 0.0
          1.051343 0.348888 0.0
          1.367375 0.604974 0.0
          1.636411 0.875970 0.0
          1.883879 0.874238 0.0
          1.016492 0.670020 0.0
          2.723099 0.417688 0.0
          1.058411 0.113801 0.0
          1.441330 0.574458 0.0
          0.603960 0.153996 0.0
          1.061408 0.547549 0.0
          2.639739 0.098488 0.0
          0.718629 0.416959 0.0
          2.124673 0.800401 0.0
          0.0 0.060039 0.0
          0.0 0.140026 0.0
          2.863008 0.0 0.0
          1.500000 0.200013 0.0
          2.117406 0.504798 0.0
          0.460016 0.500000 0.0
          1.189081 0.459240 0.0
          2.148996 0.966410 0.0
          0.017317 0.130028 0.0
          0.836690 0.376372 0.0
          0.644033 0.171550 0.0
          2.409353 0.369508 0.0
          1.364158 0.055124 0.0
          1.520044 0.500000 0.0
          0.834547 0.338537 0.0
          1.881858 0.909293 0.0
          1.030850 0.593990 0.0
          1.739729 0.552687 0.0
          0.101390 0.032600 0.0
          1.164541 1.000000 0.0
          1.000000 0.560039 0.0
          3.143049 0.368583 0.0
          0.0 0.259997 0.0
          2.143838 0.359206 0.0
          1.873256 0.982005 0.0
          3.151139 0.177591 0.0
          3.482682 0.070038 0.0
          2.970081 0.145121 0.0
          1.112462 0.740873 0.0
          2.729841 0.015550 0.0
          1.570038 0.517318 0.0
          1.382594 0.504798 0.0
          2.579420 0.291944 0.0
          1.047841 0.0 0.0
          1.466898 0.552248 0.0
          3.000000 0.500000 0.0
          2.373547 0.924628 0.0
          2.383192 0.053008 0.0
          2.013475 0.014019 0.0
          1.000000 0.979956 0.0
          0.558548 0.180573 0.0
          2.819150 0.408455 0.0
          2.447946 0.970760 0.0
          1.500000 0.040042 0.0
          2.240668 0.222763 0.0
          2.068437 1.000000 0.0
          1.482283 0.250000 0.0
          1.482682 0.409965 0.0
          2.238877 0.128647 0.0
          3.279753 0.466713 0.0
          2.017318 0.409965 0.0
          3.098358 0.468572 0.0
          1.258233 0.322665 0.0
          2.993439 0.118597 0.0
          3.385251 0.351921 0.0
          2.482918 0.018131 0.0
          0.930037 0.346939 0.0
          0.164541 0.0 0.0
          0.420031 0.500000 0.0
          2.034668 0.389271 0.0
          2.456591 0.870722 0.0
          2.845252 0.457435 0.0
          2.986488 0.062205 0.0
          1.308261 1.000000 0.0
          0.277494 0.017468 0.0
          2.591543 0.195638 0.0
          2.510880 0.481631 0.0
          1.000000 0.660022 0.0
          3.185924 0.446994 0.0
          1.093195 0.938222 0.0
          0.824611 0.196336 0.0
          2.210739 0.123195 0.0
          2.678140 0.032049 0.0
          1.340570 0.324452 0.0
          1.791112 0.982253 0.0
          0.017903 0.309852 0.0
          3.274741 0.425425 0.0
          0.894568 0.105045 0.0
          1.143822 0.961409 0.0
          2.550737 0.444287 0.0
          1.178736 0.370941 0.0
          0.981922 0.182885 0.0
          0.530758 0.081149 0.0
          0.472615 0.032579 0.0
          0.195309 0.016887 0.0
          2.940023 0.500000 0.0
          3.313955 0.190094 0.0
          2.328900 0.0 0.0
          2.131402 0.913879 0.0
          2.482397 0.690005 0.0
          1.074805 0.737755 0.0
          2.932827 0.230565 0.0
          3.283415 0.397792 0.0
          2.057753 0.980137 0.0
          3.482098 0.309852 0.0
          0.061452 0.428500 0.0
          2.269710 0.073928 0.0
          2.482684 0.809984 0.0
          1.965763 1.000000 0.0
          0.686462 0.188333 0.0
          1.212235 0.0 0.0
          1.933013 0.981519 0.0
          2.057104 0.960004 0.0
          3.019992 0.500000 0.0
          2.441318 0.425533 0.0
          2.270532 0.525553 0.0
          2.120220 0.983074 0.0
          0.051519 0.017723 0.0
          0.567173 0.230556 0.0
          2.006779 1.000000 0.0
          2.700132 0.462781 0.0
          3.019141 0.432357 0.0
          1.300898 0.296596 0.0
          2.065139 0.109400 0.0
          1.117459 0.495168 0.0
          2.577662 0.425967 0.0
          2.993465 0.039742 0.0
          2.288991 0.876395 0.0
          2.216890 0.383147 0.0
          0.829533 0.252127 0.0
          0.129594 0.103112 0.0
          1.223901 0.149224 0.0
          0.266391 0.288785 0.0
          2.670467 0.252127 0.0
          0.328900 0.0 0.0
          2.385194 0.778551 0.0
          3.246954 0.116028 0.0
          2.257901 0.727160 0.0
          0.490878 0.054709 0.0
          0.671500 0.365050 0.0
          1.711120 0.939665 0.0
          1.093007 0.871136 0.0
          0.017316 0.269995 0.0
          1.787566 0.768902 0.0
          2.990004 0.482687 0.0
          1.842482 1.000000 0.0
          3.482597 0.150763 0.0
          2.151658 0.234443 0.0
          2.211266 0.963064 0.0
          0.616514 0.0 0.0
          2.000000 0.319982 0.0
          2.482696 0.610032 0.0
          1.038323 0.841817 0.0
          2.780829 0.0 0.0
          2.032086 0.020856 0.0
          2.961055 0.460161 0.0
          1.880944 0.632848 0.0
          0.679938 0.500000 0.0
          2.970012 0.482686 0.0
          2.739776 0.0 0.0
          0.748101 0.045730 0.0
          3.063314 0.456818 0.0
          0.176985 0.458596 0.0
          2.902801 0.112042 0.0
          2.678149 0.0 0.0
          1.089014 0.0 0.0
          1.000000 0.859974 0.0
          3.374681 0.454689 0.0
          2.156243 0.275975 0.0
          2.556599 0.183435 0.0
          3.036945 0.442147 0.0
          1.467155 0.439409 0.0
          3.209352 0.484911 0.0
          1.001036 0.233210 0.0
          1.350681 0.560883 0.0
          2.366991 0.980302 0.0
          0.434552 0.039024 0.0
          2.370639 0.348210 0.0
          1.804297 0.556412 0.0
          1.429464 0.872106 0.0
          1.381661 0.183696 0.0
          1.380765 0.299198 0.0
          0.719171 0.0 0.0
          1.078726 0.017766 0.0
          0.390533 0.0 0.0
          1.500000 0.339978 0.0
          1.090806 0.369538 0.0
          1.170154 0.275112 0.0
          0.679170 0.440347 0.0
          1.496893 0.856721 0.0
          2.667833 0.017766 0.0
          1.128172 0.035276 0.0
          0.336401 0.427923 0.0
          2.160864 0.982234 0.0
          0.0 0.040042 0.0
          1.726678 0.694521 0.0
          0.949894 0.482681 0.0
          2.482287 0.789989 0.0
          2.482838 0.590035 0.0
          2.093010 0.034269 0.0
          3.114332 0.152256 0.0
          2.840056 0.500000 0.0
          1.752980 0.949495 0.0
          3.349514 0.441601 0.0
          3.279094 0.133081 0.0
          1.526077 0.830315 0.0
          0.184991 0.0 0.0
          3.193162 0.417329 0.0
          3.238098 0.237812 0.0
          1.959958 0.500000 0.0
          0.188267 0.150798 0.0
          1.056256 0.755052 0.0
          1.910843 0.521618 0.0
          1.065513 0.891049 0.0
          1.071468 0.980015 0.0
          0.903550 0.031974 0.0
          0.157689 0.128685 0.0
          0.799912 0.500000 0.0
          1.119033 0.459602 0.0
          2.862019 0.034957 0.0
          2.567011 0.095476 0.0
          0.743663 0.358235 0.0
          1.274297 0.606707 0.0
          3.346337 0.167128 0.0
          2.482682 0.550041 0.0
          2.620100 0.500000 0.0
          2.903960 0.346095 0.0
          3.418996 0.340477 0.0
          2.414253 0.279583 0.0
          1.211009 0.876395 0.0
          3.500000 0.180018 0.0
          2.185048 0.073845 0.0
          2.575387 0.0 0.0
          0.697197 0.052038 0.0
          2.044406 0.873580 0.0
          3.447077 0.052905 0.0
          0.041287 0.0 0.0
          2.500000 0.720008 0.0
          2.280653 0.196074 0.0
          0.054500 0.359812 0.0
          2.058001 0.304844 0.0
          3.458713 0.0 0.0
          1.123754 0.251933 0.0
          2.034485 0.139943 0.0
          3.385641 0.216187 0.0
          1.505627 0.523353 0.0
          3.060334 0.269881 0.0
          3.039984 0.463038 0.0
          3.335512 0.037510 0.0
          0.017317 0.110032 0.0
          1.327452 0.675577 0.0
          2.132981 0.019657 0.0
          2.654321 0.468721 0.0
          1.055888 0.736644 0.0
          3.017386 0.013175 0.0
          0.247068 0.034656 0.0
          3.212632 0.038065 0.0
          2.161542 0.894893 0.0
          1.500000 0.080037 0.0
          0.876527 0.050334 0.0
          1.449908 0.650495 0.0
          2.094139 0.093968 0.0
          1.769025 0.518080 0.0
          1.130092 0.0 0.0
          2.078774 0.473721 0.0
          1.391270 0.859377 0.0
          0.102918 0.0 0.0
          0.700920 0.081825 0.0
          2.071462 0.019837 0.0
          2.694034 0.038804 0.0
          3.482684 0.210011 0.0
          1.274464 0.890362 0.0
          1.041287 1.000000 0.0
          1.779093 0.961346 0.0
          3.117524 0.463888 0.0
          1.802557 0.625505 0.0
          2.938570 0.059181 0.0
          2.479403 0.928225 0.0
          1.482683 0.110032 0.0
          2.866586 0.348693 0.0
          0.911805 0.074210 0.0
          1.409373 0.630209 0.0
          1.289261 0.123195 0.0
          1.733695 0.945519 0.0
          1.680654 0.923085 0.0
          1.467284 0.220228 0.0
          3.065397 0.038485 0.0
          0.342924 0.059315 0.0
          0.183120 0.298262 0.0
          0.881980 0.073623 0.0
          0.308261 0.0 0.0
          1.245408 0.965793 0.0
          0.919896 0.500000 0.0
          2.438127 0.079241 0.0
          3.278355 0.268445 0.0
          0.810249 0.433804 0.0
          1.339081 0.984778 0.0
          2.140963 0.982677 0.0
          1.735495 0.619826 0.0
          2.372361 0.301415 0.0
          3.201971 0.017273 0.0
          2.533953 0.052838 0.0
          0.017721 0.369931 0.0
          2.335290 0.963952 0.0
          0.969501 0.482263 0.0
          3.464040 0.378720 0.0
          3.304682 0.016902 0.0
          2.282051 0.932168 0.0
          0.709931 0.482684 0.0
          2.219756 0.803880 0.0
          1.017658 0.531655 0.0
          0.371791 0.482183 0.0
          2.164664 0.035892 0.0
          2.965752 0.431010 0.0
          2.243230 0.982576 0.0
          1.986224 1.000000 0.0
          3.140360 0.017757 0.0
          2.772002 0.057589 0.0
          1.441999 0.304844 0.0
          1.190392 0.054878 0.0
          2.421274 0.017766 0.0
          1.036387 0.649862 0.0
          1.941370 0.877861 0.0
          2.363919 0.944793 0.0
          1.061752 1.000000 0.0
          2.951324 0.033696 0.0
          0.034454 0.397756 0.0
          0.346758 0.480406 0.0
          0.989761 0.141909 0.0
          1.015397 0.374686 0.0
          1.085351 0.712210 0.0
          1.975993 0.982281 0.0
          3.248048 0.481474 0.0
          3.422664 0.040805 0.0
          1.584959 0.609037 0.0
          1.110721 0.980835 0.0
          1.061041 0.458483 0.0
          2.020520 0.071660 0.0
          1.445138 0.220968 0.0
          2.441397 0.693731 0.0
          2.544557 0.017292 0.0
          2.177185 0.051201 0.0
          3.482279 0.369931 0.0
          0.599963 0.463056 0.0
          2.524018 0.017285 0.0
          1.017817 0.730012 0.0
          0.059915 0.170154 0.0
          2.909224 0.436738 0.0
          0.719928 0.500000 0.0
          1.313327 0.497671 0.0
          0.180092 0.500000 0.0
          0.563480 0.034548 0.0
          1.565129 0.982249 0.0
          1.830633 0.515224 0.0
          1.431089 0.963529 0.0
          0.364046 0.462704 0.0
          2.287687 0.058170 0.0
          1.155498 0.829587 0.0
          0.138049 0.278329 0.0
          1.017807 0.769995 0.0
          0.433473 0.220290 0.0
          2.500000 0.779992 0.0
          1.038200 0.475922 0.0
          1.240986 0.777004 0.0
          2.000000 0.0 0.0
          2.151800 0.826178 0.0
          1.263886 0.016918 0.0
          1.006798 0.037415 0.0
          1.073828 0.580634 0.0
          2.343674 0.723668 0.0
          0.698604 0.0 0.0
          0.418616 0.466469 0.0
          3.294389 0.0 0.0
          0.530930 0.048784 0.0
          1.000000 0.680018 0.0
          1.339034 0.894442 0.0
          0.474196 0.187834 0.0
          3.066136 0.220247 0.0
          2.850425 0.426226 0.0
          1.378867 0.820313 0.0
          0.790038 0.482541 0.0
          1.801396 1.000000 0.0
          3.018623 0.032514 0.0
          1.739076 0.532505 0.0
          2.500000 0.979956 0.0
          1.649715 0.515507 0.0
          1.036558 0.760893 0.0
          3.136014 0.403281 0.0
          2.373488 0.116530 0.0
          2.974734 0.357053 0.0
          0.650730 0.219822 0.0
          2.222404 0.980944 0.0
          1.284116 0.017758 0.0
          2.412552 0.643168 0.0
          0.109020 0.466809 0.0
          3.123038 0.073012 0.0
          0.221948 0.091762 0.0
          1.120698 0.203123 0.0
          1.577500 0.945382 0.0
          0.0 0.339978 0.0
          2.722791 0.377562 0.0
          1.000000 0.799987 0.0
          2.931285 0.034382 0.0
          3.350998 0.467552 0.0
          2.379754 0.659974 0.0
          2.000000 0.379970 0.0
          1.540293 0.904736 0.0
          1.701215 0.633841 0.0
          1.156594 0.143023 0.0
          2.842902 0.270679 0.0
          2.486516 0.985968 0.0
          1.500000 0.100034 0.0
          3.355072 0.033289 0.0
          1.014627 0.970789 0.0
          1.058332 0.633473 0.0
          1.669409 0.796454 0.0
          1.697046 0.674632 0.0
          3.459893 0.500000 0.0
          1.044744 0.255585 0.0
          2.335269 0.071307 0.0
          0.226159 0.037403 0.0
          1.085335 0.503693 0.0
          2.300197 0.956552 0.0
          1.801623 0.915819 0.0
          0.700207 0.031182 0.0
          2.087287 0.355308 0.0
          3.215126 0.437600 0.0
          0.251952 0.481474 0.0
          1.000000 0.700013 0.0
          2.600102 0.500000 0.0
          2.632707 0.425535 0.0
          2.376255 0.251934 0.0
          1.440155 0.938553 0.0
          0.957671 0.466753 0.0
          1.671862 0.846624 0.0
          1.325230 0.017367 0.0
          2.983707 0.450618 0.0
          1.000000 0.899966 0.0
          3.423434 0.259247 0.0
          2.709962 0.482541 0.0
          1.259959 0.174064 0.0
          2.273843 1.000000 0.0
          2.088526 0.557203 0.0
          2.175285 0.363965 0.0
          0.0 0.479956 0.0
          2.740081 0.500000 0.0
          1.463840 0.258097 0.0
          2.486182 0.485389 0.0
          0.533938 0.311050 0.0
          3.074456 0.391796 0.0
          3.342949 0.129444 0.0
          0.852511 0.017427 0.0
          1.038314 0.818163 0.0
          1.965743 0.962573 0.0
          1.340435 0.130009 0.0
          0.745866 0.311460 0.0
          1.091583 0.098663 0.0
          0.380044 0.500000 0.0
          1.154180 0.637889 0.0
          0.686939 0.017204 0.0
          0.607903 0.380984 0.0
          2.410661 0.476634 0.0
          0.867329 0.425520 0.0
          1.000000 0.580037 0.0
          3.159944 0.500000 0.0
          0.811908 0.017777 0.0
          3.500000 0.500000 0.0
          1.459663 0.844680 0.0
          0.893897 0.372241 0.0
          1.239801 0.825424 0.0
          1.556039 0.961725 0.0
          3.103114 0.306487 0.0
          2.194619 0.018348 0.0
          1.655289 0.941841 0.0
          0.253267 0.435969 0.0
          0.051831 0.270913 0.0
          2.888543 0.250563 0.0
          2.799793 0.031182 0.0
          3.417701 0.0 0.0
          2.731987 0.104720 0.0
          1.575387 1.000000 0.0
          0.702087 0.290758 0.0
          1.580037 0.500000 0.0
          3.359903 0.500000 0.0
          1.500000 0.439961 0.0
          2.102918 0.0 0.0
          1.006779 0.0 0.0
          0.529050 0.398016 0.0
          0.017798 0.289816 0.0
          0.879900 0.500000 0.0
          2.172141 0.725568 0.0
          2.441912 0.717198 0.0
          3.323014 0.458596 0.0
          2.054620 0.222900 0.0
          1.504640 0.985934 0.0
          1.482195 0.469978 0.0
          2.381522 0.815827 0.0
          2.596444 0.031983 0.0
          2.187656 0.111514 0.0
          2.410415 0.834249 0.0
          0.0 0.299987 0.0
          0.764254 0.443232 0.0
          3.367658 0.072424 0.0
          2.023102 0.046548 0.0
          0.615222 0.053210 0.0
          1.461646 0.181592 0.0
          2.607270 0.443876 0.0
          1.500000 0.020044 0.0
          2.778659 0.444021 0.0
          2.038497 0.091089 0.0
          0.525339 0.260367 0.0
          1.538639 0.736890 0.0
          2.668598 0.483187 0.0
          3.086971 0.089224 0.0
          1.230291 0.073928 0.0
          1.949959 0.529942 0.0
          0.202296 0.416535 0.0
          1.407773 0.014870 0.0
          2.065950 0.046787 0.0
          0.867046 0.454242 0.0
          1.028505 0.407380 0.0
          0.0 0.220008 0.0
          1.414854 0.287371 0.0
          0.389807 0.465972 0.0
          1.680415 0.953165 0.0
          0.089382 0.470386 0.0
          0.979893 0.500000 0.0
          0.923336 0.038821 0.0
          1.126512 0.116530 0.0
          0.559486 0.341009 0.0
          0.253955 0.153114 0.0
          2.920031 0.500000 0.0
          2.794297 0.339508 0.0
          2.440770 0.628411 0.0
          2.117071 0.851428 0.0
          3.055255 0.319566 0.0
          2.936187 0.016365 0.0
          1.904126 1.000000 0.0
          2.205582 0.339614 0.0
          1.439510 0.173638 0.0
          0.017159 0.029571 0.0
          3.246037 0.152916 0.0
          2.579805 0.057074 0.0
          2.408201 0.870204 0.0
          0.875145 0.272050 0.0
          1.368552 0.747228 0.0
          2.632787 0.480668 0.0
          1.657211 0.531377 0.0
          0.669075 0.480980 0.0
          3.057581 0.017531 0.0
          1.729971 0.517436 0.0
          0.595874 0.0 0.0
          2.791112 0.015499 0.0
          2.000000 0.160022 0.0
          0.457352 0.405067 0.0
          3.397089 0.035264 0.0
          0.617931 0.414755 0.0
          2.129585 0.700823 0.0
          2.439661 0.022046 0.0
          3.012374 0.058396 0.0
          0.286434 0.169758 0.0
          2.900037 0.463056 0.0
          2.260818 0.870914 0.0
          0.638833 0.121500 0.0
          1.393029 0.930685 0.0
          1.017679 0.789989 0.0
          1.500000 0.479956 0.0
          2.017607 0.349871 0.0
          1.017722 0.689769 0.0
          3.315009 0.0 0.0
          2.950163 0.481651 0.0
          3.037052 0.407876 0.0
          2.276099 0.149224 0.0
          0.290648 0.484911 0.0
          2.156664 0.092529 0.0
          2.000000 0.259997 0.0
          2.087387 0.319148 0.0
          2.658631 0.442664 0.0
          2.353864 0.797503 0.0
          3.316839 0.298209 0.0
          1.271458 0.512867 0.0
          2.037833 0.159961 0.0
          0.439594 0.269889 0.0
          0.654748 0.457435 0.0
          2.620557 0.324222 0.0
          2.803653 0.051267 0.0
          1.081314 0.611272 0.0
          3.332928 0.482154 0.0
          0.167322 0.036619 0.0
          1.324690 0.365222 0.0
          1.479350 0.0 0.0
          1.906034 0.931574 0.0
          1.441856 0.982100 0.0
          1.366816 0.942730 0.0
          2.164391 0.926999 0.0
          3.297068 0.036193 0.0
          0.389936 0.486242 0.0
          1.270051 0.557057 0.0
          1.877892 0.934242 0.0
          1.997284 0.768527 0.0
          0.413453 0.055059 0.0
          1.604747 0.959543 0.0
          0.077470 0.259360 0.0
          1.317818 0.033451 0.0
          1.640026 0.500000 0.0
          0.224237 0.365637 0.0
          3.089975 0.482811 0.0
          0.280072 0.500000 0.0
          1.156610 0.680082 0.0
          3.108921 0.379792 0.0
          1.495736 0.552766 0.0
          1.164731 0.071307 0.0
          1.274628 0.039749 0.0
          2.462384 0.017608 0.0
          2.860050 0.500000 0.0
          1.215884 0.982242 0.0
          0.539984 0.500000 0.0
          1.000000 0.620030 0.0
          2.041930 0.043192 0.0
          2.550106 0.482681 0.0
          0.649577 0.426222 0.0
          1.952439 0.787893 0.0
          2.155356 0.060025 0.0
          1.391948 0.960066 0.0
          0.659944 0.500000 0.0
          0.044310 0.297977 0.0
          2.284769 0.900823 0.0
          0.413568 0.087694 0.0
          1.418387 0.421983 0.0
          1.000000 0.939961 0.0
          1.482172 0.449958 0.0
          2.492674 0.399293 0.0
          2.348824 0.177831 0.0
          0.901658 0.051465 0.0
          2.036172 0.320145 0.0
          1.283213 0.383261 0.0
          0.033698 0.339978 0.0
          3.319908 0.500000 0.0
          2.960016 0.500000 0.0
          2.417701 1.000000 0.0
          0.819180 0.057291 0.0
          0.379838 0.020170 0.0
          2.277524 0.019060 0.0
          2.467575 0.560040 0.0
          0.832167 0.017746 0.0
          2.457650 0.202717 0.0
          0.706059 0.338396 0.0
          1.150015 0.518776 0.0
          1.832285 0.985245 0.0
          0.741849 0.128872 0.0
          1.579273 0.535732 0.0
          1.850893 0.982415 0.0
          1.354902 0.393064 0.0
          3.500000 0.419963 0.0
          1.439188 0.511460 0.0
          2.680092 0.500000 0.0
          0.220592 0.218277 0.0
          2.484877 0.889439 0.0
          2.150116 0.560977 0.0
          2.490551 0.330038 0.0
          1.453157 0.800351 0.0
          2.349372 0.0 0.0
          0.759919 0.500000 0.0
          0.0 0.240003 0.0
          2.000000 0.120030 0.0
          1.302858 0.250126 0.0
          1.310869 0.584058 0.0
          2.310820 0.459216 0.0
          1.562808 0.533092 0.0
          2.700088 0.500000 0.0
          3.121160 0.018722 0.0
          2.214747 0.701730 0.0
          2.636619 0.357103 0.0
          0.123368 0.0 0.0
          1.482393 0.349871 0.0
          1.500000 0.140026 0.0
          2.616514 0.0 0.0
          1.628765 0.777336 0.0
          3.130092 0.0 0.0
          2.831372 0.037083 0.0
          3.084129 0.351472 0.0
          3.158434 0.455217 0.0
          2.274487 0.960158 0.0
          1.875702 0.727475 0.0
          1.144350 0.054836 0.0
          3.379900 0.500000 0.0
          3.438548 0.428500 0.0
          2.135842 0.055124 0.0
          2.308736 0.034878 0.0
          1.370166 0.699548 0.0
          0.030985 0.169776 0.0
          2.404541 0.559158 0.0
          3.435224 0.104022 0.0
          1.700833 0.964335 0.0
          1.015990 0.463266 0.0
          1.150628 0.0 0.0
          0.220085 0.500000 0.0
          2.500000 0.899966 0.0
          2.606928 0.159974 0.0
          0.032771 0.277739 0.0
          1.566702 0.881017 0.0
          1.231728 0.394696 0.0
          0.490964 0.386747 0.0
          1.589819 0.519494 0.0
          0.081004 0.340477 0.0
          3.410277 0.487407 0.0
          2.277069 0.579123 0.0
          2.267260 0.0 0.0
          1.500000 0.299987 0.0
          2.033256 0.339302 0.0
          1.144385 0.087395 0.0
          1.478546 0.585126 0.0
          1.058513 0.693848 0.0
          2.359990 0.017272 0.0
          0.348762 0.133271 0.0
          1.037616 0.017608 0.0
          1.348575 0.521008 0.0
          1.444262 0.262833 0.0
          1.318096 0.410739 0.0
          0.532955 0.120172 0.0
          0.032857 0.240043 0.0
          1.182165 0.580136 0.0
          3.109467 0.0 0.0
          2.453769 0.035755 0.0
          2.126308 0.074981 0.0
          0.421784 0.018392 0.0
          1.016794 0.909815 0.0
          2.000000 0.399966 0.0
          1.443712 0.244492 0.0
          0.922338 0.425967 0.0
          0.085343 0.033177 0.0
          1.055077 0.389670 0.0
          1.458713 0.0 0.0
          2.289064 0.037199 0.0
          1.889538 0.514970 0.0
          2.928126 0.277571 0.0
          3.408742 0.018506 0.0
          2.822953 0.142387 0.0
          1.127678 0.301410 0.0
          3.223721 0.408919 0.0
          0.636881 0.036842 0.0
          1.463451 0.239054 0.0
          3.289914 0.483257 0.0
          2.797720 0.291509 0.0
          1.879970 0.500000 0.0
          3.184137 0.114698 0.0
          0.974316 0.456998 0.0
          2.799450 0.081881 0.0
          2.000000 0.140026 0.0
          0.133299 0.018957 0.0
          2.379954 0.078195 0.0
          0.261353 0.239421 0.0
          1.472607 1.000000 0.0
          0.053314 0.328746 0.0
          0.328955 0.487321 0.0
          3.379125 0.425911 0.0
          0.735848 0.033843 0.0
          1.277596 0.980943 0.0
          2.757698 0.263733 0.0
          2.720085 0.500000 0.0
          1.168861 0.040937 0.0
          1.253377 0.0 0.0
          1.285207 0.701638 0.0
          2.434044 0.952857 0.0
          3.151048 0.228552 0.0
          3.171133 0.034619 0.0
          2.344502 0.829587 0.0
          1.126453 0.924628 0.0
          2.698426 0.114847 0.0
          2.057814 0.797447 0.0
          1.226157 1.000000 0.0
          3.485980 0.169987 0.0
          1.636992 1.000000 0.0
          1.252398 0.359317 0.0
          1.442602 0.404240 0.0
          1.017717 0.750000 0.0
          1.466750 0.339312 0.0
          2.195395 0.914107 0.0
          3.412701 0.193964 0.0
          3.188161 0.051181 0.0
          2.482283 0.750000 0.0
          1.707444 0.820127 0.0
          2.500000 0.759997 0.0
          2.343389 0.680083 0.0
          0.924613 0.0 0.0
          2.998598 0.467191 0.0
          1.521461 0.545551 0.0
          2.410931 0.136614 0.0
          1.171100 0.0 0.0
          2.690693 0.152285 0.0
          2.223634 0.850278 0.0
          3.321977 0.425702 0.0
          1.032748 0.779680 0.0
          3.483171 0.250000 0.0
          2.525083 0.355433 0.0
          0.419010 0.127250 0.0
          1.000000 0.959958 0.0
          1.950120 0.513263 0.0
          0.221232 0.172225 0.0
          3.229926 0.482684 0.0
          1.482903 0.512074 0.0
          2.883142 0.066710 0.0
          1.062936 0.047787 0.0
          3.232740 0.0 0.0
          2.184991 0.0 0.0
          0.819908 0.500000 0.0
          1.000000 0.540042 0.0
          2.232740 1.000000 0.0
          1.913231 0.614299 0.0
          2.321679 0.370441 0.0
          1.532331 0.868743 0.0
          2.009548 0.558526 0.0
          1.595874 1.000000 0.0
          3.150010 0.036491 0.0
          0.367643 0.044839 0.0
          1.760224 1.000000 0.0
          2.630288 0.135318 0.0
          0.674250 0.102726 0.0
          2.259019 0.681015 0.0
          2.000000 0.419963 0.0
          2.483099 0.570038 0.0
          1.410819 0.163577 0.0
          1.544554 0.982257 0.0
          2.421027 0.036693 0.0
          1.182148 0.966415 0.0
          1.219351 0.196074 0.0
          1.482224 0.490088 0.0
          1.180491 0.018818 0.0
          1.893806 0.982218 0.0
          0.680858 0.408455 0.0
          1.418633 0.201906 0.0
          2.034945 0.552895 0.0
          2.414750 0.607553 0.0
          2.515701 0.037751 0.0
          0.841419 0.442643 0.0
          1.011442 0.198306 0.0
          2.882885 0.092567 0.0
          2.188174 0.539108 0.0
          2.446214 0.596826 0.0
          2.411164 0.442848 0.0
          2.482231 0.530027 0.0
          0.017195 0.349969 0.0
          1.017084 0.018132 0.0
          2.259009 0.777019 0.0
          1.500000 0.0 0.0
          0.264060 0.336471 0.0
          2.199816 0.043354 0.0
          0.0 0.439961 0.0
          0.020107 0.500000 0.0
          1.187897 0.888083 0.0
          3.181419 0.016971 0.0
          0.073078 0.018437 0.0
          0.396853 0.306518 0.0
          3.401252 0.088372 0.0
          0.838525 0.411558 0.0
          2.554871 0.0 0.0
          1.500000 0.120030 0.0
          1.482684 0.289989 0.0
          1.500000 0.419963 0.0
          0.805967 0.038804 0.0
          2.108663 0.469137 0.0
          2.635110 0.177765 0.0
          1.236153 0.982988 0.0
          2.569957 0.347102 0.0
          1.495689 0.952999 0.0
          1.425295 0.261745 0.0
          3.310931 0.481747 0.0
          1.087248 0.681051 0.0
          3.356045 0.0 0.0
          2.014980 0.389544 0.0
          0.930076 0.480957 0.0
          2.418233 0.794937 0.0
          2.785693 0.154082 0.0
          0.578405 0.462671 0.0
          1.310261 0.201193 0.0
          3.080899 0.127106 0.0
          1.199307 0.849103 0.0
          1.381292 0.339055 0.0
          1.646027 0.588288 0.0
          2.849282 0.219884 0.0
          1.037422 0.701640 0.0
          2.500000 0.560039 0.0
          1.525464 0.957325 0.0
          2.066794 0.077616 0.0
          0.623115 0.083394 0.0
          1.146101 0.797548 0.0
          2.448423 0.986778 0.0
          1.397082 0.0 0.0
          1.344645 0.060026 0.0
          2.000000 0.459958 0.0
          0.210086 0.483257 0.0
          2.145926 0.202054 0.0
          0.020402 0.070876 0.0
          3.233060 0.460487 0.0
          1.431563 1.000000 0.0
          1.912754 0.578618 0.0
          2.996933 0.088543 0.0
          2.764206 0.033808 0.0
          2.381259 0.497258 0.0
          2.154127 0.018347 0.0
          1.380967 0.540397 0.0
          2.059553 0.487614 0.0
          3.465546 0.397756 0.0
          3.485281 0.014549 0.0
          2.036121 0.258015 0.0
          3.044013 0.142768 0.0
          1.034996 0.861297 0.0
          1.414750 0.390956 0.0
          2.159565 0.130009 0.0
          2.000000 0.439961 0.0
          2.632954 0.454242 0.0
          1.439329 0.372051 0.0
          2.691433 0.395279 0.0
          2.909790 0.044250 0.0
          2.356045 1.000000 0.0
          1.294425 0.339731 0.0
          2.084607 0.497025 0.0
          2.560105 0.500000 0.0
          2.017820 0.449962 0.0
          0.360050 0.500000 0.0
          1.285026 0.098824 0.0
          2.500000 0.660022 0.0
          2.921515 0.314476 0.0
          2.322888 0.949023 0.0
          0.320062 0.500000 0.0
          3.237395 0.051282 0.0
          1.000000 0.819982 0.0
          1.915539 0.757055 0.0
          0.200088 0.466476 0.0
          1.046231 0.035755 0.0
          3.500000 0.140026 0.0
          2.008016 0.886672 0.0
          1.243279 0.017388 0.0
          1.598737 0.545653 0.0
          0.017401 0.150769 0.0
          0.036408 0.104495 0.0
          2.036357 0.982251 0.0
          0.150096 0.485794 0.0
          2.437064 0.047787 0.0
          2.495388 0.283802 0.0
          1.148386 0.033658 0.0
          0.682371 0.463691 0.0
          2.017570 0.309909 0.0
          0.0 0.500000 0.0
          1.530000 0.520385 0.0
          0.923557 0.390468 0.0
          1.037771 0.620030 0.0
          1.089047 0.408349 0.0
          1.412040 0.966900 0.0
          1.649463 0.554291 0.0
          0.657518 0.0 0.0
          1.026254 0.087211 0.0
          2.500000 0.600034 0.0
          2.605309 0.373804 0.0
          0.061752 0.0 0.0
          1.043032 0.936953 0.0
          2.017845 0.190016 0.0
          0.604711 0.018874 0.0
          1.385571 0.220749 0.0
          2.415892 0.179803 0.0
          1.452159 1.000000 0.0
          2.168425 0.958017 0.0
          1.500000 0.279992 0.0
          1.940949 0.628868 0.0
          1.017334 0.057459 0.0
          3.177635 0.357042 0.0
          2.191739 1.000000 0.0
          1.829898 0.579105 0.0
          2.524437 0.429472 0.0
          1.172203 0.324258 0.0
          0.479317 0.240759 0.0
          1.338898 0.810538 0.0
          2.813061 0.017200 0.0
          3.353709 0.049667 0.0
          1.358025 0.981408 0.0
          0.788809 0.288686 0.0
          0.920195 0.057073 0.0
          1.369381 0.651953 0.0
          3.469009 0.169753 0.0
          1.143955 1.000000 0.0
          3.118263 0.110874 0.0
          2.640097 0.500000 0.0
          1.700013 0.500000 0.0
          2.940023 0.465852 0.0
          2.723882 0.340489 0.0
          0.729926 0.482686 0.0
          0.246623 0.0 0.0
          3.463096 0.220008 0.0
          3.259919 0.500000 0.0
          0.287538 0.038226 0.0
          0.827135 0.090182 0.0
          2.000000 0.359974 0.0
          2.470916 0.442503 0.0
          2.664091 0.299758 0.0
          3.008055 0.381436 0.0
          2.479350 1.000000 0.0
          3.500000 0.379970 0.0
          1.500000 0.180018 0.0
          3.297702 0.416536 0.0
          2.092226 0.014873 0.0
          0.043402 0.447314 0.0
          1.024152 0.127299 0.0
          2.085832 0.390021 0.0
          1.482316 0.429962 0.0
          1.721988 0.536653 0.0
          2.088273 0.525114 0.0
          0.284718 0.437432 0.0
          1.667851 0.647644 0.0
          0.689936 0.482684 0.0
          1.485722 0.922866 0.0
          2.038080 0.478202 0.0
          1.154132 0.981641 0.0
          0.017476 0.389722 0.0
          3.073905 0.171869 0.0
          3.438248 0.0 0.0
          2.009574 0.623685 0.0
          1.939575 0.559097 0.0
          0.039950 0.036401 0.0
          2.792491 0.117217 0.0
          2.588195 0.074212 0.0
          0.801582 0.114847 0.0
          2.518496 0.186000 0.0
          1.416957 0.924351 0.0
          0.038163 0.191165 0.0
          1.482683 0.130028 0.0
          2.036505 0.278721 0.0
          2.633732 0.392809 0.0
          0.0 0.319982 0.0
          0.480008 0.500000 0.0
          0.564164 0.095925 0.0
          0.478805 0.419384 0.0
          2.482077 0.166898 0.0
          3.462968 0.036971 0.0
          1.997636 0.921738 0.0
          2.254592 0.965793 0.0
          0.774526 0.141407 0.0
          2.465164 0.848483 0.0
          0.749339 0.163112 0.0
          2.331143 0.040948 0.0
          0.532660 0.431620 0.0
          2.713254 0.050132 0.0
          2.008764 0.669074 0.0
          3.500000 0.459958 0.0
          3.059977 0.500000 0.0
          1.660022 0.500000 0.0
          2.462225 0.802479 0.0
          1.343758 0.275975 0.0
          0.810159 0.481549 0.0
          1.088528 0.442791 0.0
          3.279508 0.217827 0.0
        </DataArray>
      </Points>
      <Cells>
        <DataArray type="Int32" Name="connectivity" format="ascii">
          1925 2309 2069 738 912 1752 1925 2478 2309 982 64 2696 276 1359 340 1661 2808 2131 892 1257 379 549 1029 2358 1957 1565 2584 1084 1372 2279 123 253 908 407 1647 862 1752 406 738 1669 947 1623 287 1298 2491 1561 1451 5 465 1563 1896 41 1209 2180 1323 2116 841 2477 48 194 2376 465 338 1476 465 1896 1155 627 931 1038 2594 921 693 1324 712 77 982 2696 276 340 2210 2563 892 379 1661 2131 1450 1726 2667 1549 479 2028 1004 435 861 1791 515 111 1111 1346 2749 2736 2630 962 2390 1165 1558 686 41 2180 2298 2594 66 921 170 820 2436 1130 2 1654 779 2710 776 2794 52 1446 2486 1875 651 243 1460 364 1248 2669 2348 1187 1071 988 479 1004 1908 1682 66 963 2368 759 1228 1265 536 1856 1845 1854 1404 731 886 1842 1791 861 1767 2178 2318 1045 427 2794 1446 1332 1039 2818 218 1029 549 2584 1565 2678 1765 2740 890 2062 1044 1109 1270 871 1067 928 758 1315 662 2371 1528 172 522 2648 1851 764 2730 79 1326 661 2486 758 1875 1542 50 2677 2669 1424 2348 178 573 1140 2122 652 2294 2443 136 577 2318 193 1045 2167 2344 1911 223 2345 1319 1820 1225 1026 2007 947 1669 2491 1298 748 1990 1611 562 2207 227 1547 2400 1046 1603 1008 1314 2548 1662 1688 1999 2055 2772 1257 2808 212 122 2730 2253 1851 2648 2738 172 1783 2451 1959 120 2416 711 2114 1374 726 969 1554 369 1299 1077 256 2631 2257 827 2177 1327 817 562 1611 10 2053 1984 2303 600 1718 355 1495 1775 748 1610 1386 2386 543 2657 259 1894 1166 219 2477 1246 48 2488 1081 2718 2464 2262 2757 2244 2209 1595 1215 2102 281 131 1252 756 931 627 943 2191 1726 1549 1077 2748 256 1387 1963 1648 543 744 2657 1166 2822 219 2245 1383 629 1213 1635 241 266 2376 687 2659 312 477 1932 2676 1018 1759 2363 1289 1490 2670 13 1829 2395 2496 1876 912 738 300 1346 2736 515 1111 1505 475 1417 853 2414 1303 2581 338 465 2613 2613 465 1476 1332 2818 2716 2496 2395 335 1699 730 2821 2489 732 202 1849 1741 2012 2369 2738 2648 1716 2059 1626 1550 17 1509 2112 2539 1518 338 2383 2376 330 1270 1067 1215 141 2102 1252 1945 756 470 2800 630 2496 1468 160 2007 618 1754 244 388 1015 862 1785 407 1775 136 748 1067 1519 330 1851 2253 1582 2630 2390 1251 601 1165 686 562 1689 1990 1842 886 130 2654 1854 1845 1095 2596 54 1694 773 2471 1890 1362 1471 2232 1577 1861 1500 1144 1063 836 796 2119 138 1689 562 1329 1262 1838 1205 2288 112 2324 2615 2606 170 2436 2433 1554 1435 2742 616 811 881 1325 1766 1012 266 555 2376 1225 760 1026 62 863 1964 2116 2238 841 2742 602 1554 2330 332 49 814 1258 1313 2540 1988 1477 2729 257 2571 1651 2221 2098 678 1976 1055 2731 2106 802 997 384 397 152 442 785 267 429 2825 1324 174 712 2649 1372 1084 811 1253 881 2180 78 538 509 1039 1332 169 2769 588 152 2425 1529 268 224 2825 908 253 1221 2655 1176 135 644 1227 1034 120 711 2579 1702 2114 726 2061 1019 613 1130 1654 722 1249 779 776 2466 1550 1509 2112 1518 706 2007 2451 618 2308 2156 1360 1150 1694 2471 1890 1471 578 879 2752 1963 539 2132 15 208 880 411 862 1647 1014 1518 289 1029 1565 1352 1550 1322 1881 593 963 66 2594 1391 151 663 1087 1627 1167 1535 621 797 1350 2099 2176 2542 1676 1678 278 233 914 2284 2656 444 809 920 961 2538 1101 2410 829 1716 1626 1535 694 621 2332 1460 243 1824 429 267 785 442 598 2284 2281 2656 180 2287 1717 1703 481 908 58 1905 1443 713 1646 2080 1875 758 928 2801 1198 2300 1320 1451 1561 2540 1477 1172 118 814 1313 1371 1276 80 2637 367 1413 1478 2465 2256 825 1626 1946 2695 2037 2331 179 1510 2304 955 1484 544 258 662 1528 2405 2368 1228 1265 1856 2163 1382 1861 42 1423 2426 2599 908 481 123 2667 2255 2607 2531 1500 2089 2200 1349 2566 2615 1965 2606 1786 2106 803 1109 1723 2062 890 2511 1765 1387 769 777 1679 2216 1416 1972 2027 867 2023 747 1679 867 1302 2610 50 499 2677 1766 341 1012 1365 1925 2069 577 136 1775 1276 625 80 49 332 688 2814 969 369 323 1651 2098 2328 1699 1097 664 2120 1295 2801 2300 1436 1099 1630 2726 445 1022 1163 2371 2199 65 1427 2180 538 547 479 1908 160 1468 2045 1334 2800 470 2094 1506 1286 247 893 1960 1477 2576 1674 18 72 814 2617 1293 105 1300 474 1118 181 449 2427 695 2717 733 1084 53 2649 2549 1820 1026 205 2455 1209 1141 1551 926 1110 1015 1743 1015 1481 2759 308 1387 1648 860 2723 2078 490 2587 878 761 2299 1653 857 1891 899 2372 2277 2188 420 1947 945 996 835 2056 1581 603 2562 2107 266 687 1015 2081 244 2372 2651 2277 1947 452 945 62 2807 863 30 367 2637 2256 2465 2320 2119 1494 836 618 2451 1783 2607 1670 2667 629 226 2245 241 2011 1213 1115 1932 1018 2659 477 2450 1705 2004 2464 1595 2525 1566 304 1263 1395 2233 1604 2314 295 2707 1088 1490 13 915 894 1759 1289 2386 1104 1610 67 2477 194 1209 531 205 68 700 2036 1014 1157 278 2356 1651 2779 1836 1568 81 900 1793 2614 2369 2457 2738 2181 534 882 434 1136 336 2298 2180 2765 649 2221 1651 1155 931 237 1081 1764 2718 1014 501 1157 1257 875 2055 122 1224 2808 683 1092 2698 1277 688 913 375 905 1741 732 398 516 1987 1071 1187 801 1829 512 1256 2616 1458 2576 2783 1674 18 2301 72 1501 2061 613 154 247 1831 2552 1295 1864 2288 373 1939 73 317 1262 462 175 1643 1612 976 1787 54 2596 630 705 1320 1436 1453 1484 955 1821 463 1331 729 68 2509 680 1395 989 350 151 1391 1167 1627 2044 1056 1010 934 853 1417 2062 890 1303 2414 2147 537 2121 983 2777 1704 1387 777 1963 166 1905 58 2080 1646 504 1603 1049 2400 1547 2467 2207 2294 506 2122 1140 331 178 444 730 1699 2324 1475 2615 1586 2345 223 389 625 1276 996 527 835 603 113 2562 2800 584 54 1325 309 1766 1015 388 1743 802 2106 1722 609 654 1750 1626 1137 1946 585 1931 446 1181 2719 1803 1419 1500 1063 1440 594 714 2232 1861 133 24 1325 1012 2256 1194 1478 1413 1255 2637 817 2397 2177 827 1607 2631 2760 626 2240 1740 481 2246 1313 44 749 1534 1952 2540 510 2324 2606 785 2644 152 2825 2054 267 1458 2616 1561 324 1829 801 961 905 809 2410 398 2538 1811 2731 1411 901 435 542 2253 1040 1582 1812 769 1387 2566 1349 914 1506 2150 1286 2397 2151 2177 827 1530 1607 2760 858 626 2769 428 588 1339 680 989 729 2509 2046 107 1253 811 712 1618 693 1019 2110 1309 1402 2705 1179 1520 1652 2016 761 1259 2299 1891 2141 899 154 1831 1684 1337 2552 1864 255 1281 1005 2092 2411 116 646 682 2504 747 2417 1679 867 163 1302 26 2618 1111 2287 455 767 1346 1452 2152 1663 2466 1716 555 465 2376 2489 398 732 1741 905 2012 2698 2586 1216 934 1010 1343 1722 2106 1786 152 2644 2425 224 2054 2825 2698 1216 683 926 1551 1977 908 2476 1703 5 1451 1393 2167 1911 1543 112 2288 2122 1140 1262 1329 2181 882 1130 776 434 336 2386 1333 955 411 1324 2824 1417 1403 1078 1467 2198 1303 180 2758 2287 880 2658 411 539 975 2132 1317 1889 809 2410 1870 2273 10 688 1277 1468 1326 79 2479 537 2147 1704 2777 1068 1835 344 953 1822 1254 153 2466 270 1716 780 464 800 579 594 1440 354 2464 970 1029 289 2358 1957 1352 1565 2543 169 588 966 1126 2718 1777 2802 1902 2060 654 609 1699 1855 1097 1955 225 649 1706 16 1238 1823 2115 1177 1003 2307 1966 833 1406 529 2390 962 903 563 1558 1165 1099 2726 1973 647 445 1163 1027 1194 2256 2637 1255 37 579 2365 299 1900 743 1343 1049 2647 2400 1547 1757 2467 662 2199 2371 286 2430 851 1958 496 2203 860 2608 2723 2587 888 878 1061 2216 1679 867 2027 2182 2677 1734 1542 1911 2344 1857 123 481 1740 2370 2262 2464 1595 2209 2018 2759 2081 1015 645 1293 2617 1522 1741 1849 202 732 242 648 1894 219 543 259 597 2384 834 2406 1808 2030 342 1237 2178 1045 2210 340 2361 216 982 77 135 1176 750 1114 1227 644 1719 1691 622 1202 1745 264 1309 1911 1019 657 2815 2487 1855 2821 532 418 2206 943 2819 2099 1350 1678 1676 2076 1750 232 339 2617 2318 2178 2777 1616 454 74 643 537 2535 1622 1832 1642 2469 592 2660 2298 2765 1502 2412 2580 2487 2815 2339 2164 2050 707 825 1946 1955 689 991 980 1973 2368 2405 2163 1856 647 1485 312 2659 1018 2676 1552 2532 2370 354 1240 2018 2052 476 2071 41 2385 1961 1755 359 2183 467 900 2614 1924 272 1836 81 2487 2339 984 698 2356 2779 2142 2670 1490 1289 2363 2551 781 895 266 1857 2344 2681 914 233 2566 48 585 446 1181 1803 1587 2821 436 532 1425 1812 1387 1258 44 1313 2540 1952 1988 2615 2123 855 1766 876 560 1304 385 603 835 1173 546 1429 1464 1891 2299 1655 1749 2115 2497 2652 1237 2124 16 2361 2025 1406 2307 2103 216 1902 2636 1777 1784 1100 1410 2425 1087 1167 1391 663 224 943 2206 1909 2032 225 1955 1519 1997 6 1653 2299 1749 1429 1891 857 2056 835 546 1304 603 1581 520 1260 2167 1507 2698 2061 1926 24 1012 1068 2777 454 74 537 2479 2103 45 982 340 2419 2025 1045 466 2124 2497 803 195 1462 510 2606 609 1750 1941 1966 216 2662 837 2361 833 2189 1237 1706 1177 2652 258 232 1218 339 895 555 266 2464 2004 970 619 111 515 2736 2749 1369 2651 403 2277 1947 2713 452 1750 339 1941 1064 507 510 1117 1160 1074 2012 1033 368 61 2024 2489 1998 690 24 342 2030 2585 1507 2061 1501 841 413 1323 1877 2158 969 1643 175 1793 1568 976 1612 208 411 2824 2098 539 15 1309 2110 1685 1261 1077 1299 220 2673 680 2509 2407 2359 1097 1109 469 1593 1765 1998 1831 301 1444 772 1656 2552 430 178 1064 1908 2294 2668 2701 2049 2645 533 1152 927 595 1028 1618 2660 2765 1985 1567 1502 2580 1266 449 181 733 2717 1089 976 691 1787 462 2286 175 982 2561 64 1359 2494 340 1292 833 1953 2831 1966 1868 2568 1706 2154 192 1177 2393 1790 1248 2348 655 1948 1407 2356 1906 1651 788 820 170 1836 866 1568 1793 550 2614 2 2774 1654 804 1587 780 779 2041 2710 2371 65 2153 1089 2151 2397 1607 1530 1266 1450 2131 822 1093 892 2563 2284 1699 2328 1535 479 547 2814 369 1248 1948 1507 1501 1082 838 170 2765 2180 1427 81 1568 1612 1643 1793 900 2779 1651 323 1440 2365 579 1343 743 934 1544 1604 2233 1088 2707 2520 1365 2069 869 1877 969 2814 2347 1304 1581 2056 546 235 1843 1429 857 1653 1749 1035 123 916 253 208 2824 2272 323 2098 15 2798 2660 1985 1567 2580 885 1168 1925 1365 2386 1386 2183 1534 1463 1952 44 2179 749 1787 166 58 2080 504 462 2005 605 1650 495 1872 519 1545 1477 1674 18 814 1239 1195 2072 1135 1427 538 318 2199 2731 65 1861 1577 42 899 1105 2204 2396 2104 761 2562 728 2379 1110 1743 996 92 780 800 272 81 2317 2431 900 1924 1473 2058 456 867 2610 1584 1665 2023 1679 2378 1015 1110 2531 1144 1500 1425 1387 308 308 1648 2060 359 2386 2183 698 2779 185 1585 2487 984 781 266 2107 476 41 2298 2412 2385 1755 1100 359 467 1369 2587 490 2078 2723 619 1790 2348 1805 1657 655 1407 2614 1973 2405 2163 647 1836 2082 1901 302 825 1955 2356 2339 689 980 587 860 2078 490 878 2241 2107 687 1335 1963 2752 1648 2602 1240 2052 2532 354 753 2370 2464 354 1240 1595 2018 1157 233 278 1311 344 1835 153 1254 1778 958 2156 2308 1007 1355 778 1016 2094 1286 935 1523 551 1158 2086 1229 2734 2332 243 822 804 92 67 194 1093 721 834 2384 1036 509 1332 2118 2340 2521 1528 1155 237 2225 1035 1375 815 1843 548 2585 2030 324 658 1141 926 2254 235 2661 1420 2347 1399 1172 1477 1545 1239 814 118 690 2691 24 1214 2541 1252 2102 2682 727 507 23 510 1436 2300 705 555 1563 465 1768 560 1823 1238 917 1920 529 699 210 2743 855 1003 310 1784 1410 79 836 1609 1063 1144 2479 1068 1577 2232 2333 1553 2368 2563 379 1624 1356 1661 1450 1856 1052 108 762 2648 2579 1702 1851 1351 2030 2395 324 220 680 1673 1377 2509 2359 1864 1688 1662 2548 1314 154 978 262 1946 991 401 558 789 1831 1444 772 2552 1206 2574 280 1422 1865 1230 40 1078 1280 1417 1303 1763 1467 1295 1873 664 1960 478 247 1150 1534 2540 1313 749 578 411 792 1324 645 2617 2178 1295 2120 1688 1074 1741 1522 242 732 2143 2303 1984 729 989 1718 600 2571 2030 2729 77 2696 2692 2787 276 2210 813 886 64 1359 1854 1731 2579 711 2444 1546 2114 1702 1036 1897 509 1708 1923 1348 958 1141 658 1939 2403 2288 1262 1632 73 895 2238 555 2638 2287 767 464 1777 1605 1977 1357 852 1992 1863 1663 2426 147 2599 1395 1328 304 2036 228 68 1314 893 247 2617 2623 2318 742 775 1196 1703 2476 1293 2024 2538 2489 2012 961 1033 756 152 1529 268 2825 1215 1997 1198 6 1367 1211 455 368 1694 1150 578 1471 61 2102 727 2370 2018 1214 1252 2412 1755 665 1580 476 2298 797 2366 479 2614 2405 561 710 2163 1836 1162 80 1036 2234 825 2356 2339 980 1051 1663 1716 2172 1100 467 2485 1799 2701 2645 533 927 1826 609 1941 939 1529 2425 2775 723 224 268 2136 1435 1554 95 711 1002 2305 2114 2516 468 1371 80 2431 1924 685 1396 272 2317 2775 2425 1167 1391 224 723 2172 1716 829 480 2705 1402 2016 1652 2283 2634 1281 255 116 2411 1769 829 1626 825 430 573 178 2294 652 2668 2405 1228 2341 708 1265 2163 633 1036 1332 1593 2740 1765 1109 1044 469 502 71 2750 114 907 1487 1195 1779 2072 538 2564 318 2348 2602 715 2522 753 655 767 2118 75 1158 1229 2005 519 935 551 2445 688 10 1585 984 30 2320 698 185 377 877 2158 1162 1883 468 2602 2052 408 2803 2532 753 1196 2789 1812 16 1053 1238 1823 1885 2115 1406 1310 529 1003 2650 2307 1118 823 1300 2076 2647 1049 2467 1757 2819 2681 2344 1023 264 589 1202 622 631 1719 2663 2734 1583 822 2131 804 194 892 1093 1395 1263 1718 359 1333 2386 2069 2258 790 379 751 1624 1356 12 1661 2824 693 657 2834 1881 1322 2743 1965 2615 869 790 1784 2272 657 2487 2328 1097 1684 1337 1998 1926 193 290 1045 456 1987 1168 544 1104 2386 1028 1503 1618 547 1908 2046 1339 1064 1462 1756 1978 2746 1135 1634 1502 2361 1406 833 1966 2307 216 1237 16 1706 1177 2115 2652 2743 2615 855 948 781 2107 1768 1766 560 2548 1837 1008 1999 763 1662 1768 341 1766 1741 1160 375 728 2746 2379 1984 700 68 1311 1835 1903 1886 153 1778 1507 2586 2698 1535 797 479 2284 444 1699 2734 243 1583 2736 1369 490 2078 619 515 516 423 732 2005 2804 605 1872 2065 519 146 2107 1335 2384 1306 721 2831 1003 1966 833 529 1953 1706 1238 2154 192 1823 1177 2464 1233 1705 1566 973 1595 2083 1425 308 330 1519 1218 2158 1645 377 696 308 2060 587 2078 839 1788 490 2241 699 2278 621 2386 955 544 1330 1198 1997 1055 1976 1642 917 1457 2656 1702 764 1851 2648 522 2579 2471 1202 1534 749 622 1890 953 646 2504 2103 982 216 2361 340 2025 2497 195 2652 1237 1045 2124 2696 2559 2692 2787 405 276 1755 1708 1348 1023 1032 476 2046 2509 1377 1673 680 1339 79 796 836 1832 384 997 980 958 658 2189 2178 1237 397 1729 997 216 77 2662 837 2210 2361 2571 2395 2030 467 1726 2191 836 1494 1578 1684 1831 789 1206 2552 1337 10 1611 2445 246 2060 609 281 2102 2532 2052 1252 131 1375 2239 1485 1552 2693 815 2241 592 2313 2173 2535 587 1306 2554 721 2661 1733 2142 2551 902 1420 1849 368 1172 118 61 202 1864 1662 1593 469 2548 154 1843 857 2357 1916 1653 1035 2347 1581 2575 716 2056 235 1910 644 1874 1185 135 2514 1998 24 1926 816 180 1717 440 107 1017 1966 2662 1868 1292 837 833 2568 2189 1706 1177 258 2393 800 881 1915 1064 510 1462 1605 616 881 2349 2408 2378 661 796 79 2668 2303 729 989 600 430 1030 2378 1110 1055 238 678 2309 1453 2258 788 170 482 899 2204 3 981 2396 761 645 2178 2189 2562 2379 2042 2160 1110 996 1355 2756 770 1434 761 1653 857 899 1025 1405 996 2056 1581 2562 1037 2259 500 291 1871 1192 1344 2364 1322 1074 2143 1118 2073 1523 1452 1346 338 820 788 958 2308 1141 2746 129 1756 1963 703 879 1554 2289 369 1111 2618 2086 593 1250 1322 753 1602 655 2619 713 2080 58 1443 2362 1105 2823 2204 2396 2545 2104 256 584 2800 1130 882 2 2710 434 776 2716 2818 781 1792 1391 723 2775 1167 303 1505 1111 1158 551 1346 300 2545 283 2612 107 1241 1017 816 483 180 2667 2649 1549 2303 191 2053 355 119 600 583 38 2823 2638 2477 67 1587 2720 780 1257 2772 379 1661 212 2808 1549 2794 427 2757 1233 2464 15 1635 1213 629 1383 208 1595 973 2244 1743 527 996 2562 113 728 170 2433 1082 2698 1092 2187 2175 1894 648 597 259 2664 1717 2287 793 960 2328 789 1206 1926 746 2191 1549 427 742 1196 1425 966 2718 20 990 547 1377 1673 1462 1048 1218 6 2680 254 1463 171 1474 2179 1671 2535 1832 860 878 1642 592 131 756 849 2264 1215 281 988 82 1187 930 1126 966 994 1663 2172 926 1977 1294 1446 62 1964 1033 1694 368 61 1471 2024 2729 2030 1808 1335 1785 862 804 780 92 2765 1427 812 2499 1135 1502 2136 1470 1435 2826 2800 1334 2045 1468 1076 1948 1501 1504 840 2814 1248 1522 1849 1545 1239 202 242 1074 1250 1117 1007 2756 1355 2291 1114 644 135 750 378 1097 469 1684 1337 1593 1998 1126 2435 2718 14 1239 242 1522 1545 1129 1908 2668 2046 1339 430 1064 154 1314 247 1295 1688 1864 1849 2012 368 61 2489 202 81 1612 356 2006 1643 900 164 2272 2487 2779 323 2174 621 694 210 990 1377 2693 2239 1673 1048 511 1764 1081 1731 1854 2654 130 886 813 1361 1335 862 310 1410 138 1733 1206 746 960 789 902 1726 2255 2667 2800 54 630 2037 1461 2331 179 552 1510 98 646 2161 2219 869 1784 2718 2435 2488 2019 1332 2716 2259 1190 500 1192 1736 1344 1377 2359 2693 2239 220 1673 2656 2281 1920 1501 613 1267 2504 1877 2814 1733 772 1206 789 1444 902 354 970 1602 1427 318 2530 752 1195 1135 58 2362 96 2639 2619 2080 1264 462 1643 1612 1787 2185 14 18 1239 1545 1674 1129 2208 1473 456 1787 58 2697 1307 2080 462 629 208 2272 323 15 1213 634 1365 869 1447 1168 1365 101 456 1168 1217 551 300 1505 1158 1675 80 625 1036 1219 1583 742 2521 457 2118 2215 2695 2291 378 2304 2247 1036 625 1897 2207 2467 2092 1005 1049 1603 482 170 1473 2740 1303 890 2062 1417 1044 1583 775 742 126 1883 1162 2069 2309 2258 729 1984 68 1395 1718 989 2128 2658 880 2132 975 2346 803 2106 195 881 1253 1915 1211 2340 455 1301 1579 2690 1118 474 2441 935 127 1523 2086 1244 1229 1958 2620 496 2430 1771 851 1133 1820 2549 780 50 464 2798 1985 1133 1692 1567 885 2225 1375 2659 1018 815 548 1239 118 202 1849 1172 1545 1444 116 1769 2634 255 772 464 1605 800 480 1402 220 2359 2016 2283 2254 2661 1490 1289 1420 1399 2368 2726 2333 108 445 1856 360 1292 1953 2831 1868 1907 336 1136 816 1017 534 2181 192 2393 1532 1125 2568 2154 979 701 2792 2571 257 1493 2289 484 2669 1863 1565 1550 1518 1029 1357 2623 357 2318 292 1790 1805 1657 1407 1142 2173 587 2572 949 2241 2313 2122 2288 652 573 1262 1140 2104 1259 761 899 2141 1105 756 442 152 2825 429 1215 2304 1510 2619 2362 2037 2695 232 330 1218 1544 2233 2295 1041 1088 2520 2631 1607 1520 1179 2397 817 302 1901 1371 2371 2153 1155 218 1190 2259 1344 1736 2678 2551 960 902 1733 746 2142 41 531 1209 2348 1424 2602 2723 2608 2343 106 888 2587 1552 990 2693 2239 1048 1485 65 2731 1811 75 1331 2477 1910 1874 1721 128 1185 2514 336 816 424 155 1017 2181 194 446 892 2131 1181 804 1422 676 2574 40 1459 1865 1378 441 1928 1206 1337 1926 2328 1684 789 547 2046 1377 1673 1339 1462 2638 75 2477 2092 2467 385 1173 1049 1005 960 2284 2328 1926 1012 746 1005 1603 255 116 2207 2092 835 1678 1173 385 1350 603 1179 817 1402 2016 2631 1520 2823 2473 583 1678 2076 1173 385 2819 1350 990 1535 547 1462 2606 1048 2612 333 2545 879 1270 330 2559 886 731 1404 1854 405 2824 1324 693 2364 1522 1129 14 242 2073 969 2136 1554 2299 733 1655 1464 181 1891 1416 2216 2084 2523 2027 1972 118 578 61 368 1150 1172 733 1089 1655 1464 1266 181 863 2050 1964 793 2638 67 92 800 1915 2378 1481 1015 1196 854 2789 1584 2610 679 1839 2023 1665 2535 1571 1622 2469 2495 592 1249 776 1921 485 1130 722 2215 2291 103 1660 378 2247 2628 2094 1016 778 1355 2148 2528 169 2543 464 1542 1777 2188 2277 1988 1258 1947 420 1169 788 482 1301 2690 2798 1871 580 1192 500 1102 291 762 2579 2444 1546 1702 1351 1076 79 1609 1299 256 2826 2698 2187 2061 1863 2466 1663 1977 706 1357 699 621 210 1889 920 809 2410 1101 1870 369 2669 1248 686 71 502 1487 907 2630 917 2656 1920 915 13 192 2154 1759 894 2450 477 2831 1953 1932 1115 2801 1436 100 991 958 980 335 2571 1493 2183 1726 467 2532 2102 2370 2018 1252 2052 1992 2211 1863 1357 2791 852 1792 1347 1391 1167 2074 303 1961 1708 1755 476 1032 2071 2471 279 1202 622 2785 1890 998 823 2143 1952 2188 1988 1258 420 44 2693 2283 815 1375 480 2239 2661 2634 1733 902 1769 1420 722 1654 1195 318 779 1249 1251 14 2073 2364 1129 601 2818 841 895 1228 2128 880 2132 2346 1265 2050 433 707 2660 1580 2298 2412 665 2580 698 2234 2356 2339 1051 984 2614 561 1924 272 710 1836 1396 2317 2528 2266 2431 685 1150 2471 1534 749 1890 578 1520 1607 1464 1655 2397 1179 2450 2831 1907 360 1953 1115 1100 2485 1410 878 1055 1642 1832 997 860 1971 928 2732 1331 864 1821 2746 1802 872 915 192 1532 1125 2154 894 1541 609 939 781 2818 895 1767 418 1791 1414 1306 139 422 836 1578 1516 1585 30 2320 185 1728 2369 2648 1827 1121 1851 1582 1252 2541 1945 141 2682 2102 325 441 1378 1162 468 80 2576 2277 580 1102 1947 72 2638 767 75 1218 1519 6 2117 2584 2678 218 549 2212 2066 1783 421 1425 1196 1812 2143 423 998 1917 2630 1251 601 686 1672 633 1162 1036 1977 852 1294 994 1992 1663 2652 662 258 1324 792 1714 1229 2327 2804 2065 2761 935 930 1493 1126 1074 1160 1741 464 50 1542 2348 715 1805 1657 2522 655 1282 2011 2064 1380 226 632 1586 223 842 1446 52 62 1554 602 2289 107 2373 1241 2264 268 1215 756 1529 849 1755 1348 665 1580 1023 476 484 2525 1595 1567 223 2499 710 708 2163 2405 2341 561 980 658 1051 2234 829 825 20 1764 2734 1035 2067 1375 815 1866 1843 708 2132 1265 1228 880 2341 1952 254 2188 467 2191 2485 420 1671 44 2661 2142 1490 1289 2551 1420 118 1313 578 1150 2540 1172 1375 1485 2659 1018 1552 815 256 2800 2826 1076 1468 79 1716 270 2059 1251 2390 14 1129 1165 601 364 854 243 235 2014 2661 1420 1912 2347 2663 20 2734 2069 790 869 2364 1074 1522 242 2143 2073 2824 657 2272 649 1906 1955 1973 550 1099 1163 866 647 2602 408 715 2522 2803 753 1690 533 1 910 2645 1644 1360 2381 2308 2803 281 2532 2052 131 408 65 542 2153 865 822 92 67 1093 1170 613 2681 1267 510 635 2324 2058 1987 456 105 1221 2623 2072 1634 1135 751 27 2223 2387 2260 12 2019 633 1332 1019 1857 613 542 435 1791 2162 1301 2798 386 963 1806 1602 2621 655 24 1937 1325 2167 1260 1032 1158 2005 1675 1217 519 551 1988 2576 1477 814 72 1258 2721 1188 413 1794 2150 2319 1770 2817 1480 862 1014 91 75 2020 1331 2238 1563 555 591 964 797 1453 955 2258 1542 2802 1777 948 2716 781 1219 2663 1583 146 948 2107 1111 111 26 2514 135 378 2291 644 1910 2152 2749 1346 767 2340 2118 622 1691 2785 279 1745 1202 2668 729 2046 1339 989 430 2078 515 839 1788 2736 490 1952 1463 254 1671 2179 44 793 2287 2638 1304 2092 385 1173 1005 546 1655 1179 1749 1429 1520 1464 901 326 435 178 2063 507 1004 574 2294 1337 1864 1593 469 154 1684 1863 1550 2466 706 1518 1357 1167 2044 2074 1347 350 1391 29 577 1385 1754 947 2007 748 1298 1495 2083 742 1425 696 2083 308 592 2495 2313 2173 1571 2535 1216 810 683 1734 2802 1542 246 696 2060 2304 32 179 2331 1171 2695 1361 146 1335 561 1380 1924 272 2064 710 732 423 2143 2225 1916 1035 1843 2357 548 790 638 1784 2347 2575 1399 2254 716 235 1770 864 2817 2343 2508 2723 2587 2714 106 655 2621 1948 1765 497 690 75 2118 2020 2559 1340 2413 76 348 405 262 2032 1946 991 1028 401 885 98 2161 1238 1920 1759 13 1768 1823 529 210 1932 477 2743 1003 2371 1155 1528 2245 1380 561 710 2064 241 1609 836 422 1093 2563 1200 229 1450 822 2024 2421 2538 961 535 1033 1351 1851 1121 1827 2648 762 949 1788 2241 587 839 2572 1613 442 1945 141 429 1448 2563 1624 2029 944 1356 1450 2061 2110 1019 939 1077 1261 463 1246 1331 2431 2240 2006 1955 1906 2356 2614 550 1973 647 866 1836 706 2140 2112 1030 2349 2378 2343 2608 2105 1968 888 106 772 255 1656 301 116 1444 2806 1006 851 1958 912 1876 220 1402 2673 2407 2016 2359 2072 2599 1634 2160 1030 1110 1916 1434 1653 857 1025 2357 1581 1037 2575 716 1405 2056 2349 956 2408 1434 981 761 899 3 1025 2660 2690 1580 665 98 2580 1405 2160 996 2562 2042 1037 865 92 1915 793 67 1170 1293 1072 1703 2162 2798 1133 1692 885 2145 688 332 913 1218 2680 339 2760 2240 493 2079 1322 2364 2073 1118 669 816 1717 424 155 440 1017 1874 2753 1721 128 1031 1185 170 838 1473 1119 2430 286 2203 496 1615 195 2199 662 1541 246 609 1361 862 1273 2462 310 138 77 2692 1149 453 2787 2210 2664 1657 1142 292 1805 2175 87 98 665 1580 2690 115 1212 645 2189 258 1528 2243 2239 480 220 2359 2283 2693 2098 1940 539 1733 2634 772 1444 1769 902 878 592 2241 587 2535 860 2830 730 444 2765 812 1985 1567 2499 1502 2319 4 1794 1948 1504 1407 1790 840 1248 331 2063 178 2294 574 506 560 1885 1823 1238 1053 917 529 1310 699 855 2650 1003 1229 2804 2005 519 2065 935 81 356 2317 2431 2006 900 2041 1758 2710 1941 2593 1077 2779 2174 185 1585 164 2487 2 1153 2774 2132 1635 15 208 1383 880 1945 442 756 1215 429 141 1723 1231 2442 2509 2472 2407 2673 1807 680 1605 881 800 37 1487 1781 1601 502 1027 841 2238 895 2143 823 1118 734 1691 612 1236 1745 1388 745 4 2319 679 2225 2659 1018 548 1839 310 2219 1784 1784 638 1100 2148 2254 1490 1289 1399 2628 1125 2603 121 412 1433 1532 2247 2304 2619 2362 2695 2215 354 1602 753 378 32 2304 2695 1171 2291 2059 1846 1626 1588 2286 1235 165 691 409 2564 2041 779 1654 2774 1779 1941 1077 939 788 2383 338 1448 2682 141 1945 2541 1613 1594 1060 1701 999 1693 363 776 336 1921 485 2181 1130 1660 2514 378 2291 1910 103 286 2013 1119 1615 334 2203 1251 2073 669 2079 2364 601 1493 257 1126 1158 1111 2086 1523 1346 551 6 2801 2680 1940 1943 2355 470 630 1724 1789 2496 160 872 1802 302 2791 218 2259 1344 2678 2211 1027 2256 22 1760 2637 37 1436 1095 100 2412 1336 2385 1831 2108 301 1656 1426 2552 14 2390 18 1674 1165 1129 1724 2616 1256 512 1829 1789 1501 1267 1504 840 2504 2814 1427 2530 812 2499 752 1135 2667 1372 2649 2468 939 1261 422 1578 1617 1714 174 1324 2516 2114 1782 1226 711 95 318 1249 2530 752 722 1195 693 1503 657 1612 2185 356 2006 1264 1643 1121 1582 2329 1712 2369 1827 2362 2215 96 2639 2247 2619 323 1213 2174 164 629 2272 58 96 2697 1307 2639 2080 2432 943 1909 2683 1703 288 524 376 1690 2511 497 1765 1787 2697 2185 1264 1307 462 2755 2161 1311 634 1447 1365 101 2208 456 1284 1638 348 1240 484 1595 2266 685 382 2194 1396 2528 2208 482 1473 1447 101 1168 2219 634 869 1436 1320 1095 7 1698 311 1677 2305 2516 95 1002 1899 2599 936 1423 750 32 378 2291 1171 1114 1516 30 2367 2031 2320 1728 1340 1956 372 1008 670 1314 1688 425 1999 1195 1654 1779 2564 779 318 2342 159 1486 1917 1251 669 2079 601 1672 2121 537 1677 1899 2777 983 542 1811 901 984 367 30 2320 2465 698 483 2033 180 1856 445 647 1973 2726 2368 1145 1690 1 910 1644 569 2158 877 969 1410 1689 138 600 573 430 2668 652 2303 885 2161 2145 1662 2740 1593 469 1044 2548 2373 142 1241 1692 223 1567 2649 1482 2794 2205 534 1341 2380 1136 575 1361 2406 146 455 2340 767 2308 2140 1141 882 2040 2 2710 1085 434 1202 768 1534 749 2310 622 2183 2255 1726 1708 1878 1923 2053 2784 1984 1718 2302 355 159 1306 1414 1837 1280 1078 1467 1763 763 2723 2508 619 1369 2714 2587 1282 2064 1396 685 1380 632 1578 701 979 2623 1590 357 2246 481 2683 1169 2383 788 484 1424 2669 178 507 1064 1908 1004 2294 1928 441 1059 809 905 375 516 398 2410 669 1118 2441 2834 1322 2079 135 410 2655 1034 1713 644 1914 1148 2760 588 2778 1918 1322 1250 1074 1178 928 1971 1187 2478 1925 2791 1029 218 2678 1565 2211 878 888 1055 997 2608 860 1165 1887 563 903 1285 2390 1448 429 1824 598 442 1613 2789 2168 1812 2277 403 580 1102 2713 1947 2044 2418 2074 1347 498 350 2266 2240 2431 1765 690 1998 2536 196 1586 2441 196 2536 1993 1773 2834 1026 1773 1993 1946 2032 1955 689 1028 991 1559 1293 645 516 2410 2260 27 809 375 1014 278 91 1561 2596 1320 488 2050 2164 1504 153 1407 1790 1835 840 1877 682 269 1471 610 2024 1033 2090 1694 933 1301 2162 1778 1301 933 1917 1487 2630 686 502 1672 1764 1042 2734 2379 1883 2042 2520 1282 2261 19 632 1544 1242 877 377 2762 1783 2066 2325 2802 1734 711 2416 1002 2305 1374 2114 538 2550 2564 1651 1906 649 2468 1541 939 1805 1894 2175 2664 259 1657 2319 2150 1772 1502 523 2412 1582 1148 2329 1712 2778 2369 1892 730 2830 144 1860 677 1146 1752 419 844 2297 1443 713 383 2832 232 879 330 1033 535 505 1637 2421 2024 2712 1361 1273 2462 138 1633 175 2286 1588 409 691 976 2384 2406 1639 1356 998 2387 1267 1848 1822 2645 313 1644 1690 376 533 1806 963 1962 1524 7 311 2194 1282 1396 685 632 382 407 1810 1169 1750 2752 232 1782 2114 1546 2444 711 1226 2199 2106 2731 194 48 446 1181 1587 804 1119 2013 2216 2027 334 1615 777 1358 1963 2721 1439 1888 1968 238 1055 997 1729 2105 2174 1088 185 1585 2233 164 348 1508 1284 139 1306 2384 253 2428 1221 1510 713 2619 2362 1443 2037 2309 83 1453 63 1775 1495 372 370 1340 2617 105 2623 862 91 1273 2314 226 629 1213 2011 295 2524 1344 2211 2791 2259 236 413 1439 2721 414 2594 1038 1860 2646 677 1146 1220 1752 1738 360 1115 2450 1907 564 138 562 1633 751 2223 1624 1356 2387 12 679 2659 2450 1115 1018 1839 1922 1125 894 915 1532 231 1031 2531 1185 1874 42 2753 2035 618 2762 1782 1546 1537 381 2444 1226 1738 1115 1839 679 2450 564 2148 1490 915 894 1289 2628 661 335 1493 1988 2277 2576 72 1947 1258 1922 894 2628 2148 915 231 1907 1847 564 1738 387 360 2712 2406 1361 2754 1875 1178 1385 577 1725 842 223 1692 2718 1764 20 1422 280 668 1073 1230 1865 91 1059 1273 2187 2110 2061 352 83 2478 89 585 48 1587 1803 2034 161 2330 1007 1529 2775 2805 2553 723 268 563 1871 1344 2259 291 903 2275 1057 2342 12 212 1661 379 2772 751 2496 1326 1468 121 2603 1298 947 1433 412 2645 2049 392 1631 1152 533 191 2403 1939 73 1632 119 1201 387 1738 564 1847 791 1331 1246 2477 1286 1794 1057 1414 2826 1334 2045 1076 913 663 1867 224 1794 230 1057 933 2162 2031 1026 1993 1601 2162 22 2031 1917 669 2536 669 2441 2536 933 2031 1728 2549 1026 1601 1760 1692 2145 2367 1760 2145 37 1781 842 1993 1672 1601 1781 1586 842 1760 842 1692 1760 37 842 1993 2834 2079 2549 1601 1027 1781 2536 1586 2549 1027 22 1993 2079 1672 2367 2145 2755 1781 1917 2536 1516 2367 2755 2295 1516 2755 1133 2549 22 2162 1133 22 933 1728 1041 2295 2755 1311 1778 933 1041 2295 1311 1903 1886 1778 1041 1544 2295 1903 1886 1041 2520 19 1544 1903 1886 2520 2261 19 1903 292 1142 1886 2261 19 292 2175 2664 1142 2261 2664 2261 2194 382 19 2175 597 2664 2194 382 2175 648 2266 382 648 597 2194 2528 597 2528 2543 493 2266 648 493 648 219 543 597 2543 493 219 1073 668 543 2543 668 2543 588 2760 493 1073 1914 2760 1073 668 588 1918 1422 668 1918 1914 1073 1865 1738 1839 1665 1584 679 564 1286 1057 2275 1922 2628 1016 778 2148 231 2425 353 1087 677 1422 1918 1914 1865 1146 1201 1738 1665 1038 387 1201 1972 867 1584 791 1847 651 1584 564 791 651 1875 2754 1665 1679 1416 1016 1286 2275 1754 618 2035 161 1007 778 778 231 2547 2456 1922 1016 2729 293 257 677 1918 1712 2329 1914 1146 1972 1584 791 414 1038 1201 1201 1665 1416 791 651 2754 1617 798 2462 2456 1016 2275 161 778 2547 63 1495 2456 2547 1754 2035 2678 1736 2117 2212 1190 218 751 1562 27 2260 1742 12 2329 1146 419 144 677 1712 8 4 745 414 1201 1416 1972 791 2754 2712 1273 2468 1617 2462 1633 63 2456 2275 2474 2330 161 161 2547 2035 1639 2406 2712 875 2763 2556 1536 2475 1224 1620 1736 1844 1730 1190 176 2145 2161 2755 553 1792 723 2775 303 697 310 2200 2219 1937 177 250 2680 2593 339 727 2262 2370 2018 2209 1214 1568 2293 976 175 200 1793 2785 1691 734 1388 1745 279 679 2610 2225 548 2023 1839 1121 2329 419 144 1712 1827 2201 979 2792 414 1416 2084 1962 2594 414 2523 1972 2754 422 1617 1633 2712 2468 1261 1822 153 1504 840 1835 953 1399 2094 2628 2148 1355 2254 2474 161 2035 1725 1775 63 63 2275 2342 2250 2644 785 267 2054 1668 635 859 794 658 926 459 2394 2172 829 2374 2700 1868 1292 2323 2228 1057 159 2342 2504 682 1877 1679 2417 1061 2182 163 867 2191 427 2595 1288 966 20 2787 294 76 2382 2007 1669 2491 748 659 529 1932 1953 2831 477 1003 192 13 1823 1238 1759 2154 2559 2413 2692 2787 76 405 493 2240 2266 131 849 2434 1363 2264 281 2188 1746 2372 945 2722 420 1348 269 87 1486 159 1414 27 375 2223 2387 516 2260 105 908 1221 851 1771 2806 1876 2620 1958 1918 2778 1712 2329 1148 1914 1781 1487 1917 1672 502 1601 1816 994 2172 926 1294 132 2724 762 2444 1546 1351 393 427 1446 1974 2119 930 966 1076 1609 1277 139 1299 2826 1097 1231 1109 1799 2645 910 1 533 1826 1446 1964 2252 1023 2344 1032 797 213 591 728 129 2746 2420 2374 2503 938 2228 1913 2574 69 280 1230 2820 40 2207 1483 227 382 632 19 2261 1282 2194 666 2019 2716 1787 691 166 504 2286 462 787 2577 876 1046 2609 1603 644 1713 1874 1185 410 135 488 2164 49 1273 1059 2468 195 662 2652 2491 296 287 1623 2506 1669 1644 313 294 837 453 2210 77 1149 2662 1985 1820 1133 515 1505 528 2786 300 2736 798 1349 2200 2568 1212 2189 258 2243 2393 2176 1933 1350 1678 402 2542 1928 1059 91 295 1088 2174 164 2233 2314 2427 2518 181 1915 1253 440 733 681 695 1987 2068 1168 865 229 822 1093 1200 1170 2192 1219 742 2580 98 885 2798 2690 2660 1634 523 1502 1067 2519 1519 1351 1121 565 628 1827 762 628 144 1827 1121 419 565 922 730 1892 1962 414 2084 2523 2754 1178 2317 169 2528 1639 1261 1299 1609 422 2296 422 1633 2296 1639 2712 1261 2719 2475 1536 2556 2763 1931 577 1401 2443 1396 2064 272 1924 1380 685 705 1451 1320 580 2783 2576 72 2301 1102 2347 2411 1304 546 1281 235 1749 2705 1035 1843 1652 1429 2071 531 41 2385 1569 1961 3 1571 2173 2313 2495 981 2113 1217 300 1505 1675 88 2563 2029 1200 229 944 1450 944 998 1356 2296 562 10 748 136 659 2551 2281 960 746 341 2142 1509 270 2466 780 2720 50 1552 694 990 1048 1965 1485 2656 347 444 532 1231 1855 621 213 797 2474 2035 2762 1725 63 2342 1340 1631 2413 76 392 348 1961 491 1708 1032 1260 2071 230 159 1057 963 782 1682 1168 2068 1925 1378 1349 904 2724 851 628 565 1958 393 139 2384 1639 2296 10 1277 2474 332 2330 1717 793 2235 2001 1915 440 278 914 1928 914 1378 1928 2649 53 1482 1293 2476 105 2382 2451 2007 444 347 2830 2193 2313 981 3 2173 182 1203 2593 2680 797 964 2366 876 309 787 2219 2200 2566 668 280 543 219 1230 1073 2696 886 2559 405 1854 276 299 2382 1669 2491 659 1900 385 2467 2819 2076 1049 1173 1690 2437 524 1145 2503 1690 1644 938 569 2442 1231 532 475 1403 1417 1303 2198 2581 144 1006 1860 1752 912 419 2406 834 146 1142 153 1886 1903 1835 292 1822 1848 1579 2173 2572 1108 349 949 2313 453 294 2787 970 2586 1602 1002 1616 2777 537 643 2305 2432 931 943 1212 1559 645 1528 237 2243 1362 1060 1594 363 1693 773 2631 508 2257 1327 2388 817 2649 2794 1549 1633 562 2296 1109 1231 1723 1910 1721 172 2730 128 2514 336 424 1989 868 155 2181 1559 1072 1293 1378 1980 325 22 2256 2031 2367 2637 1760 1913 921 1056 714 2486 2420 956 2807 2217 707 2756 2164 2559 731 1340 348 1404 405 407 1785 1810 2746 872 2379 1959 314 1783 1315 1147 928 1464 1607 1266 1089 2397 1655 1473 838 2058 1687 147 2426 30 2637 2367 2031 2256 2320 483 596 2033 324 2395 1829 589 768 1202 630 2616 1724 1789 1829 2496 622 2310 631 787 309 2237 1351 565 393 2724 628 762 294 1001 1644 2278 606 591 1196 775 854 2295 2233 1516 1728 1088 1041 139 1639 1299 1609 2296 1277 127 273 1523 223 1319 2499 1105 2473 2823 2545 333 2104 2086 848 1244 2289 2525 484 471 1358 777 1221 1600 2623 37 1255 1487 502 1194 1027 2801 100 1203 2123 1475 1207 1045 290 466 2830 347 1408 1249 1921 1318 404 485 722 1617 979 798 2215 103 2811 1364 1660 2247 2115 167 2497 2124 2276 16 1262 317 1838 1205 373 2288 542 1791 2153 2273 2484 2410 809 1695 1317 954 1169 482 1677 537 2305 1002 2777 1899 1582 1809 1148 136 2622 659 1875 928 1178 48 1246 89 1245 496 1628 1431 2430 2744 2307 517 2103 2025 1437 1406 1510 383 713 1443 2297 2037 1546 393 1537 381 2724 2444 2468 1059 1541 87 646 98 2690 1579 115 1605 1813 616 690 497 1666 798 2200 2462 1777 2515 1605 2615 1475 2123 811 2373 107 1766 309 876 618 1783 2762 413 1188 1323 2001 865 1915 793 1170 2235 2683 481 1703 794 2290 635 1890 1060 1362 773 1693 2471 335 1326 2496 45 2561 982 340 2494 2419 904 1980 1378 2408 1498 70 1019 1911 1857 299 1669 1232 818 2491 1900 1414 139 2826 1076 1277 913 1868 2700 1907 360 2323 1292 507 2063 2809 1186 574 1004 2785 1060 1890 2471 1693 279 1207 2070 2123 46 579 299 1900 1343 783 278 1928 91 2408 1481 2378 2289 2669 369 1923 269 1348 1754 1433 947 1298 2603 1495 2205 2040 882 1320 2596 1095 2734 1042 2332 580 1844 1192 500 1730 1102 714 2420 2503 938 1913 1056 2240 626 2006 1791 627 2153 434 1085 575 2382 1189 2451 1284 1508 2795 1792 605 1347 2074 1872 303 1240 1424 484 114 1255 132 1816 1194 2750 2497 2665 803 466 1291 2124 777 2047 471 2419 1531 2025 2103 1664 45 339 2593 1941 1013 370 372 1092 2321 2187 1685 2110 2321 2461 1572 896 124 2613 2322 1268 70 1681 2048 678 736 565 912 1958 851 1006 628 671 771 2588 1949 1975 540 9 2433 1930 1290 973 2735 2597 1104 1598 1472 784 173 1934 2742 2336 1641 683 1570 1882 583 57 586 1756 2751 1919 311 2075 1858 244 263 614 2612 2573 297 2635 239 2376 1810 687 109 85 2771 0 1685 380 2640 2125 90 650 2607 55 660 221 1893 245 1134 201 514 1242 97 1969 2426 674 717 1233 754 21 2429 1151 1992 2524 2211 2791 236 852 566 2534 2458 1415 397 1707 2463 2455 2507 492 1046 805 1389 1327 795 2462 2200 310 1407 153 1142 292 1835 1790 1278 1939 56 358 1078 2780 2375 73 2517 615 1467 2057 2412 523 1336 50 2720 499 1962 963 2594 2354 2091 2157 870 1879 1991 1269 227 568 967 2257 2589 2051 1761 1700 2263 2521 850 2537 1084 1222 473 2627 2271 1123 1850 260 188 25 1373 1102 2301 291 1871 2783 580 876 1996 560 1624 1117 2029 1944 1824 275 125 598 1397 2293 866 1163 1099 550 200 1964 2050 488 2217 2807 62 49 688 2445 185 1088 1728 1516 2233 1585 930 661 1493 2123 2513 855 1466 1888 1840 1098 2334 972 361 755 366 1164 2343 1183 909 106 1828 2679 2377 2745 1207 1475 2290 2699 1960 1511 1043 304 1287 1070 664 2764 582 1367 2653 637 2036 217 2653 1449 84 1852 883 566 250 2237 1937 1922 2603 1125 1532 1433 231 1578 979 1617 1923 1878 1279 1840 389 590 1183 2105 1283 1950 1968 909 873 1091 2679 2374 2437 2503 1529 2805 849 2264 2553 268 1559 296 1072 2764 2796 1814 1287 1390 1488 1525 1112 2699 162 2684 637 366 2510 1066 884 636 1098 2547 1433 1754 1495 2603 2456 512 1789 1174 2227 1724 1256 1779 7 2072 1512 328 188 2271 639 28 1353 545 1123 2100 1323 1904 667 1543 620 1222 2279 206 571 1869 2166 275 267 932 1780 785 125 616 1127 2534 2336 1435 974 2109 1999 1753 1438 355 197 2424 1008 134 186 2053 1124 2226 1547 1269 795 2177 718 805 2400 2555 1418 827 967 1888 1439 1897 1487 1255 114 2750 1194 502 2211 1565 1863 1357 1029 2791 1700 2636 2739 2799 457 2263 2157 1489 1445 971 1271 870 674 1423 415 608 2101 2463 2480 554 2048 1573 2759 1268 1707 2498 2446 1113 2082 1683 969 877 2136 633 126 1162 6 1198 2801 2624 1899 983 2121 1677 2833 2735 1566 567 1797 1705 717 2778 1533 2369 1725 577 1775 540 918 1384 1930 2436 1312 739 2236 21 2058 1071 1987 65 1811 542 2585 324 801 1458 1561 5 2017 641 2640 201 806 2569 1199 1896 660 55 2137 2265 2600 150 571 1296 2542 1047 2588 735 824 1409 2427 2492 437 695 1895 906 2176 2592 1398 1859 109 824 2085 297 1047 234 1858 1895 11 614 1958 2203 393 2724 286 851 567 940 1934 1683 1978 586 2446 38 1882 415 1524 1919 195 2106 2199 2751 937 906 57 1774 1409 2075 656 1398 206 1670 650 28 59 245 620 1309 0 468 302 1371 1040 1809 1582 84 271 2354 2458 1127 2051 217 700 2270 1511 893 51 1348 87 665 1580 115 1023 658 459 1051 2234 2394 829 922 436 2821 710 241 708 2341 2245 561 2265 1610 2597 2569 351 1472 2322 1476 1199 896 704 2017 251 1092 1641 1055 888 1968 2105 2608 997 2191 2595 2485 2005 1650 1675 1217 495 519 1312 1819 124 1598 544 2557 1570 810 1797 173 941 739 1384 1560 2461 2663 1288 20 1657 259 2522 715 1894 1805 239 1574 608 2573 283 2480 263 2081 1573 786 240 1050 856 2523 1178 1962 2084 1316 2803 1363 281 131 2434 408 1445 653 671 2771 274 971 2026 942 2799 2739 1902 2021 90 2129 1353 1893 2116 2100 97 377 1512 2692 524 1149 921 1010 1056 1553 759 2368 1856 536 1052 754 2757 43 2166 1082 9 2155 2244 1290 1491 352 786 1151 2250 1780 932 1668 1949 1699 2821 1855 2507 205 884 1066 1687 1969 1681 1498 873 1991 807 1852 2589 1747 162 568 447 1525 1488 2220 1389 1814 1208 492 1338 2120 1070 2672 1263 1043 850 1211 582 1828 2500 473 972 520 570 2745 557 2537 1373 1094 361 260 2398 1164 1180 2721 1466 651 2558 2486 921 117 1038 498 1715 350 581 1448 1944 1397 1613 1107 1011 988 2600 2118 198 2020 2044 513 2418 2601 605 1792 303 1872 1009 1364 1040 2253 2311 1500 1419 2593 2748 1077 677 2646 1422 1865 1220 1146 2685 1826 137 2003 1909 438 2790 1799 417 2246 2683 1058 948 666 2716 1725 2342 1486 1538 2474 2762 133 1861 724 1857 2681 613 1063 2479 2147 1704 1068 2232 2366 2028 479 2524 563 1344 2259 903 236 714 594 2486 2258 1333 790 1788 2786 2736 515 528 839 1645 1243 1923 115 2681 1023 418 627 1791 1062 950 1393 342 2611 2351 1548 1272 133 1419 460 265 1897 1439 509 2083 2192 742 1478 1194 1816 132 1255 1413 2020 864 1331 265 2095 2591 2351 2280 951 2775 697 2805 2553 553 723 2564 1247 2041 2774 1698 1779 917 1116 1457 246 325 696 553 2601 1792 303 1009 697 919 2089 2311 724 1382 156 985 1719 494 1496 264 2202 1667 1981 919 156 2404 2702 1020 705 1994 1103 1236 2827 503 2325 1979 248 612 2229 1608 1480 168 2674 394 1062 1131 2625 1548 31 2729 1808 494 631 140 1513 589 1496 2077 2655 1667 2702 1034 396 327 1770 1608 2632 734 248 2827 1388 190 1979 1734 1795 951 2415 2269 2694 2703 2674 1479 293 31 2666 2009 1131 1923 1279 1645 1795 2677 343 2269 2788 2643 2043 1140 1329 298 890 2414 1557 1330 448 1154 1701 2632 2267 1825 1479 190 999 2438 1815 901 2248 2604 1696 2694 1392 1821 327 112 2122 1625 889 2605 2666 853 2062 843 843 1723 2482 448 1997 1539 1625 506 995 319 2488 2267 2222 2511 298 2196 331 2043 2737 1983 889 1555 1594 1154 1161 463 1392 2643 1842 400 2512 1845 2604 343 499 1376 2438 363 911 2470 171 148 1596 1474 1394 1394 1671 599 911 640 2781 952 1936 2737 1709 2797 1555 400 130 725 2190 2654 2512 1376 2034 1342 1469 89 1161 35 1411 2402 887 497 2222 897 1081 319 2641 2063 2196 995 574 2449 2482 2442 1497 2268 254 2470 541 179 2274 2010 2331 2766 2781 2127 845 1342 1803 1796 2449 1186 2533 1497 532 642 2460 2809 2641 2529 1067 1345 1951 1666 887 99 2087 1709 2389 511 897 2715 585 1469 725 813 486 2776 1731 2190 1744 1197 952 2402 802 986 143 2352 2776 2706 925 1744 986 1722 1862 486 2459 1970 1732 859 2460 2533 110 2338 199 177 1951 2184 2626 99 391 1931 2715 845 808 365 1796 2719 1274 1589 945 2135 2422 2372 1465 1274 1536 47 2812 1083 2184 2711 250 199 2782 794 1732 2338 672 1575 365 157 1308 1629 922 211 2015 2556 391 2002 2832 2590 2440 844 2454 1412 2651 2422 2135 452 1079 2767 364 1517 209 740 489 1069 875 2015 1308 1889 1156 2285 1870 2812 47 1224 203 211 1892 1762 2186 624 2711 1575 2741 1597 1798 1428 2782 2454 2224 2544 1079 2675 2481 846 2527 1412 207 2165 2002 489 471 1128 692 2055 1069 1762 1982 2146 203 122 2306 2493 2642 2747 1156 1317 1234 1421 2350 2186 2022 556 1735 399 2273 2285 1597 1054 104 1576 684 1798 1366 1305 1710 2213 832 315 2481 176 1210 2544 187 2230 2447 1193 207 2773 1620 846 2278 213 621 390 1430 692 1234 965 1640 1817 1927 399 2306 93 2448 395 992 2022 371 1526 1576 1128 2047 799 2747 675 345 2146 1711 2567 315 2130 214 104 720 183 2360 1737 1366 1680 2144 1421 1210 2212 329 2230 1540 702 765 2117 2773 362 977 2447 991 2156 958 1257 2763 875 1224 2475 2808 699 611 2278 2567 2565 395 183 1492 2360 1640 2578 390 2448 1606 1817 214 2560 1680 345 1841 371 799 1275 1159 702 1024 322 2133 2770 362 329 549 2392 1599 2584 765 2821 730 922 2392 2358 305 94 1957 1599 1658 2093 2133 322 1075 204 280 744 543 219 2822 1230 1942 2793 1658 204 306 1441 1441 108 1986 2409 2333 1942 1379 1509 2249 33 2112 2704 1986 1052 2399 346 1553 2409 2704 2096 2242 1232 931 2432 2399 316 337 439 102 1379 222 1223 346 1457 347 2656 1727 1138 222 337 307 957 1096 572 1727 1591 1360 1853 184 2391 929 957 1686 2316 89 1246 463 630 2596 2616 1853 558 285 2828 978 184 774 1175 1096 2316 1400 1880 2401 1714 774 1880 2355 2423 285 401 1800 623 262 2828 1800 595 2813 1898 709 623 189 174 2401 2423 1943 1592 1242 1470 2136 826 712 189 1592 1929 1830 1830 1184 1898 29 470 1724 1789 160 421 1543 2039 2167 2441 2583 196 1628 496 1321 2816 2430 1431 392 313 2645 533 376 1631 2646 676 1422 1865 1459 1220 1717 2235 424 155 2001 440 2225 2610 1916 2357 2023 548 2753 120 1721 128 726 1031 2575 2094 1399 2254 1355 716 1159 2335 158 1030 863 2349 1434 2193 981 3 182 1025 926 132 459 2394 1816 2172 2042 1772 1037 1405 707 2160 1145 714 2503 938 1056 569 2237 309 1325 427 1974 2595 1288 2119 966 1209 78 2180 1743 388 402 1773 1132 2834 1294 114 132 1816 2750 994 1933 129 728 2795 1508 2686 1446 2252 1974 1964 488 2252 2598 2550 538 604 123 1740 968 1767 737 2439 1065 450 1000 2686 898 386 95 1899 1677 2516 2732 2534 811 616 2072 936 2599 2167 2039 520 1065 370 1013 1888 625 389 2792 819 1219 2312 127 935 1229 1244 1659 1187 240 2478 929 821 439 1748 1562 751 12 1742 2505 1095 54 100 666 8 2019 2744 1119 1061 2182 1615 1245 276 1854 1359 64 886 2696 336 1989 1921 485 868 2181 2501 1 1826 1776 2432 1909 1799 910 252 2683 288 828 1910 172 103 1660 2730 2514 1283 1729 1415 736 238 1950 1119 2216 1061 2182 2027 1615 2308 2096 2140 1014 1647 501 1644 1001 938 689 1503 1028 1505 88 528 2786 2113 300 2243 412 2393 2568 121 1212 158 830 2767 642 436 1629 737 861 460 812 1820 1985 818 1900 783 46 299 1232 2192 2792 1219 1181 2475 2719 1931 2763 446 356 169 2317 2801 1203 2680 1538 332 2474 1388 1693 999 1701 1060 734 2287 2758 455 2089 2218 2531 42 145 1382 230 1306 159 1267 1822 1504 840 953 2504 1249 1318 2530 752 404 722 435 2095 861 2639 1364 2247 2215 2811 96 2697 719 2185 1264 1106 1307 1213 295 2174 164 2314 629 2219 2566 634 1447 1157 101 2208 954 482 2369 1533 2457 279 1693 1388 734 1060 2785 2478 83 2309 605 2804 1347 2074 2065 1872 2193 349 2313 2173 1108 182 619 2508 757 673 2714 1369 46 1232 2432 2134 1145 1 910 569 1204 288 818 783 2572 2744 1108 349 1245 949 2290 1475 2324 287 121 1298 947 412 1623 1408 347 1457 1059 441 1541 2120 425 1688 1767 861 737 160 2045 2066 1385 1334 470 659 743 1900 299 2365 2382 990 694 1535 2606 1965 1048 87 682 646 288 1072 818 960 2281 2284 1012 341 746 1806 1226 95 2516 1782 1971 1314 670 893 868 1995 155 2579 522 120 726 764 1702 1294 521 114 2750 891 994 1375 2067 480 2283 1866 815 1868 530 2374 2228 1818 1292 928 1147 2732 2355 2768 1940 1145 1440 714 1056 934 569 488 49 2445 1245 1628 949 2572 1431 2744 1541 441 246 2661 2014 2634 1769 1912 1420 2113 738 1217 1675 617 88 1347 2804 498 2418 2065 2074 1806 1962 1316 856 1178 1971 2034 2720 1587 1782 1537 856 1316 381 1226 1826 927 137 2790 2701 1799 1909 2206 438 1263 2302 1718 2832 1646 713 1443 1905 844 1187 82 240 8 745 2019 1622 1571 2204 2396 2495 2469 1674 1887 1165 2390 1285 18 1364 2253 1660 1984 2784 700 1538 2762 2066 1385 1725 1486 1486 1414 1334 2045 913 1538 954 407 1169 636 531 2071 1961 1569 2510 1216 2004 810 1970 1556 1368 1935 526 143 1519 2519 1997 2119 796 930 2016 2126 2631 116 2708 2207 1603 946 255 817 766 1402 1703 1072 288 424 1143 1989 1783 314 421 2264 69 2553 2805 2820 849 956 2733 2408 882 534 2205 575 1136 434 2012 905 961 2538 398 2489 1540 165 409 1588 1235 977 386 782 963 2590 383 1090 607 2297 2440 1117 1250 2029 103 2738 2811 1883 872 468 998 423 2387 419 912 565 628 1006 144 1223 759 1553 1052 536 316 155 1995 2001 591 213 2278 1772 1514 2319 635 2290 2324 1203 2748 2593 1286 2150 1794 393 2203 1537 381 286 2724 1862 1786 2159 261 282 2706 2662 530 1868 1292 1818 837 1568 866 2293 200 550 1793 1125 121 2568 2393 412 1532 2223 1117 1624 1393 1451 1020 1419 1063 460 342 2585 2611 1272 2232 133 950 5 1393 2503 2437 1690 938 1001 2228 883 811 2534 2064 2011 241 2245 226 1380 524 2437 1149 2019 745 633 1220 518 1752 1860 2483 2646 147 1336 2599 1282 2707 2011 226 1604 632 1844 1736 1192 500 1190 1730 29 1401 577 2759 70 1268 554 678 2048 883 2534 566 1946 1137 978 558 2156 991 2742 1435 2336 247 2108 1831 2552 1426 1295 499 2720 2034 1789 421 1174 2227 29 1724 2413 524 2692 2735 973 1566 2588 771 735 674 2426 1423 2321 2110 2187 795 1327 2177 805 1046 2400 509 1439 413 1975 918 540 2433 2436 1930 2308 2381 2096 2271 2627 639 1222 1084 2279 2021 1122 987 1621 451 2026 328 25 188 545 1850 1123 1547 227 1269 827 2257 967 2101 2455 2463 1707 397 2498 2653 1367 1449 1705 1233 717 1904 1188 1180 2322 2613 1476 896 1572 704 2091 1489 2157 870 1271 1879 1761 2636 1700 2263 457 2521 2624 386 1899 1677 2732 2833 21 2236 2429 1840 1888 389 1183 2343 2105 1091 2377 2679 1968 106 909 1134 806 201 660 1896 221 2607 2137 55 2640 641 2125 1859 85 109 125 785 598 1824 267 275 2699 1112 1960 304 1390 1287 664 2796 2764 637 2684 2036 1858 234 244 297 2085 2635 614 11 2612 1560 1572 2461 1819 2613 124 1756 937 2751 583 1774 57 311 656 2075 1098 636 2334 755 2510 366 1934 940 2742 1641 1092 683 1610 1104 2597 351 784 1472 1919 1524 311 1882 38 583 586 1978 1756 173 784 941 1598 1104 544 683 810 1570 1187 2068 1987 650 1670 2607 245 59 1134 0 1309 1685 653 771 671 2029 593 1200 229 1300 944 2612 283 2573 244 2081 263 2635 1574 239 1660 2253 2730 2771 85 274 2534 1127 2458 255 946 1656 301 2708 116 70 1498 1681 974 1470 514 2354 271 2091 2051 1127 1761 1242 377 97 221 2116 1893 2125 2129 90 1668 1975 1949 1082 2433 9 2244 973 1290 571 150 1869 754 1233 2757 1151 2429 2250 856 334 2523 2084 2013 1316 1687 2426 1969 2036 700 217 1960 893 1511 1449 271 84 68 2472 2509 680 1807 1395 2507 2455 205 2681 1848 1267 1402 766 2673 2407 2126 2016 1208 1046 492 2220 1327 1389 1543 1309 620 2279 1670 206 639 59 28 568 227 447 2589 2257 1747 1879 807 1991 1694 2687 773 1362 2111 1471 2521 1211 850 349 2182 1245 2744 1061 1108 879 703 1270 2082 1978 1683 2498 38 2446 1423 1524 415 1937 2237 1325 1799 252 417 2685 2501 1826 2003 1776 1909 2683 828 1058 557 1084 2537 2500 2627 473 260 1850 2398 1373 25 1094 1566 940 567 408 1166 715 2522 2657 2803 2159 2353 2213 1735 1884 261 1852 807 883 1043 1263 304 1070 2120 664 582 1211 1367 2183 1386 2255 828 1682 1058 2685 1959 2501 252 2443 417 2003 1315 1776 873 1498 1091 2334 636 2071 1961 2510 755 2104 333 681 2203 334 1537 381 2013 286 1353 2129 545 2100 2116 1323 1512 377 328 608 1574 2101 1573 2081 2759 2480 283 554 246 441 325 1797 810 1705 1747 2684 162 1814 2796 1208 1488 1390 2220 447 1112 1525 972 2334 520 1828 106 2500 1094 755 361 2745 2377 557 2398 2343 1164 2721 1888 1466 1066 2510 1687 205 636 884 735 2085 824 695 11 1895 2542 234 1047 932 267 1668 2166 1869 1082 2250 785 1780 1448 1824 1944 1397 598 1613 2518 2473 1105 2739 2636 1902 942 457 2799 1445 1489 653 274 1271 971 1948 2621 1507 1384 918 1560 1312 2436 1819 941 2236 739 1398 656 1859 906 937 2176 1409 1774 2427 704 641 2017 2569 806 351 1476 1896 1199 2265 2137 1610 237 1623 2243 1212 287 1559 1877 1243 2158 1588 200 175 976 2293 409 1004 2028 1186 1938 1564 581 1107 576 1967 569 934 1204 2134 1440 1145 646 344 2161 745 2319 126 352 240 786 988 150 2600 1921 2326 1318 913 332 1538 325 277 696 2387 423 516 396 1227 2214 443 1176 2077 590 1276 1636 1363 69 2264 849 2820 2434 2029 1250 593 1072 296 818 160 2066 421 29 1385 470 604 916 123 1000 2795 2686 1411 2731 802 588 428 2778 1148 858 2760 453 1001 294 678 238 736 259 2657 2522 715 1166 1894 404 2315 485 740 2138 703 1340 370 1631 172 2738 103 392 1508 348 2289 602 2525 1050 82 1011 2202 1120 1432 2633 416 985 2738 2457 2811 1321 1876 2113 88 2806 2816 1415 1729 397 2235 1143 424 1063 2147 737 2585 801 450 1000 1458 5 604 1704 2232 1650 617 1675 1217 738 495 1065 1013 450 435 326 2095 1315 1801 1776 828 2452 1682 386 1806 95 2516 1971 2732 2105 1729 1283 1950 238 1968 584 2748 1203 1494 701 1578 2153 627 1155 910 1204 252 2501 2134 1 1776 46 2432 288 783 828 70 1481 2408 1482 52 2794 1122 2802 2325 2524 1558 563 903 962 236 697 40 2805 2553 2574 553 2192 2201 2792 1623 412 2243 1212 121 287 1368 924 2493 1710 2727 1935 88 2816 528 2786 1321 2113 1974 1990 2595 2394 1478 1816 132 1413 459 488 2445 2252 1288 1494 2119 666 721 8 633 745 126 2001 847 865 1170 2008 2235 2602 1424 1240 1740 983 1704 898 1256 1458 801 512 2439 2147 2121 968 1219 819 2663 54 584 100 100 584 1203 1051 367 984 698 2465 2234 994 891 1992 852 521 1294 2485 1689 1410 2242 2381 1591 2045 1538 2066 1385 1486 1334 2478 240 352 2790 2227 1256 2246 2624 983 512 1174 137 2121 2833 438 241 1635 708 2341 1383 2245 1782 856 1971 1806 1316 1226 146 834 948 839 1431 2572 949 1628 1788 2161 344 1311 2599 1336 1634 987 34 487 959 2688 1621 801 2439 450 1000 898 1458 2147 968 737 604 1740 1704 1916 1302 1434 1025 747 2357 1037 1506 2575 716 770 1405 696 277 2083 1618 1515 595 1740 2246 983 512 137 2439 898 2790 1256 2121 438 968 2790 417 2227 2246 1058 2624 1174 2685 137 2833 2003 438 1992 891 2524 236 521 852 712 1515 1618 2339 2815 689 1995 847 2001 487 34 503 168 2688 959 1026 760 1773 196 2345 1586 2585 450 2611 950 1000 5 1063 737 460 1272 604 2232 956 2217 2139 42 454 2753 1031 74 2531 1648 654 2060 2089 1500 2311 2117 1736 1620 176 1190 2212 724 1861 1382 514 1470 1242 2523 334 2027 2216 2013 2084 460 2095 265 2611 2280 2351 605 1720 1650 495 1086 1872 231 1433 2547 2456 2603 1922 24 2691 1937 1548 2625 1272 1062 394 950 2591 326 1815 1323 1188 1904 2546 2717 437 2492 449 1297 1432 1381 2251 2728 60 2633 770 2756 707 2140 2096 2112 2280 2415 951 2434 1166 408 2803 2657 1363 1474 1521 2310 768 2490 171 1382 2404 156 919 1981 2089 1719 631 494 1496 589 264 2655 1981 1667 2702 2404 1034 1608 1770 1480 248 734 612 2325 1734 1979 1236 1388 2827 2674 2703 394 31 293 2729 1131 2009 2625 1821 1770 327 1701 734 2632 190 1388 999 1696 2703 2694 1825 293 1479 1795 1734 2677 2269 2415 2788 2605 2009 2666 2062 1723 843 2122 506 1625 1330 1997 448 2267 2488 1825 2043 331 1140 298 2511 890 889 1983 2605 1154 1594 1701 2788 1842 2643 2604 1845 1696 1392 463 1821 2677 499 343 999 363 2438 1723 2442 2482 506 574 995 2222 497 2511 319 1081 2488 2196 2063 331 89 463 1161 2797 1594 1555 1936 1983 2737 400 1842 130 2654 1845 2512 1376 499 2034 911 363 640 1474 1671 1394 2470 254 171 559 1676 1296 2592 2099 1499 640 2127 2781 2034 1803 1342 1469 585 89 1709 2087 2797 1666 497 887 2809 2063 2641 2449 574 1186 511 1081 897 1497 2442 532 130 813 725 2190 1731 2654 952 1197 1936 1411 802 2402 1803 2719 1796 2127 808 845 486 813 2459 2352 1731 2776 986 802 1722 925 1197 1744 1186 110 2533 2460 859 2809 1951 177 1666 99 2626 2087 2715 1931 585 2629 1454 2375 56 1833 2149 320 1649 615 2780 2195 1455 2026 451 942 1902 1122 2021 794 859 1732 250 177 199 2338 110 672 1083 2626 2184 2556 1931 391 1274 2719 1536 365 808 157 2422 2651 2372 945 452 2135 1228 1182 2128 2346 1021 1265 402 527 1743 157 1889 1308 2812 1870 1083 1536 1224 47 2015 875 2556 922 1892 211 2711 624 250 672 2741 1575 2782 1428 794 844 2224 2454 2002 2165 2832 1079 452 2675 2527 2651 1412 2410 2484 2260 27 1695 809 728 113 1933 740 471 489 1156 1889 1317 2055 875 1069 203 1224 122 2273 1870 2285 1762 1892 1982 2350 624 2186 1597 2741 1054 684 1428 1798 1435 1470 974 1779 1698 7 2224 187 2544 207 1193 2165 846 1620 2527 2675 176 2481 2251 1381 1103 2229 60 2728 471 2047 1128 1317 965 1234 399 1927 2273 122 93 2306 692 1430 2055 832 2130 315 1421 2144 2350 1576 1526 684 1054 720 104 1982 1711 2146 2642 675 2747 1366 1737 1305 2022 992 556 510 23 635 1963 1358 703 1876 738 2113 88 617 2806 1210 176 2212 2117 1620 2773 2230 187 1540 977 1193 2447 589 2490 768 2310 1521 631 1640 965 2578 2578 1430 390 2448 93 1606 1606 1927 1817 183 720 1492 2567 1711 2565 1841 1526 371 2565 992 395 2560 2144 1680 799 2047 1275 214 2130 2560 345 675 1841 1492 1737 2360 1540 1024 702 362 2770 977 765 2584 2117 2212 549 329 1024 1075 322 2392 549 2358 1957 2584 1599 2133 2093 2770 51 670 2424 1753 425 1338 2379 872 1883 2793 2093 1658 204 1075 306 1503 2815 657 306 108 1441 1942 2333 2793 446 2763 892 2131 2475 1181 108 1052 1986 2409 1553 2333 2112 2096 2704 1379 102 1509 2399 1052 316 1223 1553 346 1275 2335 1159 389 1276 590 222 1138 1223 316 307 337 2531 2218 1185 1874 145 42 2149 1833 1697 2292 1454 2629 1834 1649 320 1455 2195 2169 1776 1801 46 783 2452 828 572 1138 1727 957 307 1686 440 1253 107 1180 1188 2721 1360 558 1853 184 978 2391 1096 1175 572 1686 1400 2316 1307 1804 2639 96 1139 2697 1855 1231 1097 558 401 285 1714 1175 774 1880 1400 2355 2828 262 978 375 1160 2223 863 433 2050 2530 1225 812 2499 1319 752 101 501 2208 2401 174 1714 2355 1943 2423 1800 401 595 709 262 623 2185 2769 356 2006 626 1264 2235 2008 1143 634 233 1447 861 2095 460 1898 1184 709 712 174 189 1592 1943 1929 2204 1571 3 981 2495 2396 1929 1184 1830 1032 2344 2167 930 796 661 240 82 1050 532 436 642 1629 436 922 2767 830 364 2357 747 2023 2610 1302 1916 2575 1506 2094 1355 770 716 294 313 76 1100 638 359 581 1564 1448 1613 576 1107 2270 2784 186 197 2302 2672 439 821 102 413 1039 509 2391 821 929 1897 625 1888 687 1785 1335 380 2321 251 2335 830 158 1011 82 988 437 2717 695 2427 449 2492 1999 425 1753 2424 670 1008 2646 2483 2601 1009 518 1220 1685 2321 380 2420 2700 2374 2228 2323 1913 2607 2255 2137 1296 1676 2542 2176 2099 2592 1819 338 2613 545 26 1850 2627 2152 639 221 2238 2116 944 823 998 304 1328 1390 1112 478 1960 664 1873 2796 2684 228 2036 43 2337 1938 1967 874 2155 355 2302 197 186 2784 2053 1449 2033 271 1574 2598 2101 704 1659 641 806 2312 351 1543 1911 1309 656 2774 1859 735 2041 2085 931 2506 237 2443 2622 136 2823 1622 2204 2396 2469 2545 768 1463 1534 1794 4 230 749 2179 2310 893 670 51 1940 923 1943 274 2205 1271 1489 575 653 2374 530 2437 700 2784 2270 1338 425 2120 1902 2802 1122 49 1191 2330 2808 2475 2131 892 2763 1257 707 433 2160 2553 69 2574 40 2820 2805 2459 1556 1970 143 526 2352 1235 1193 977 1540 187 165 251 2321 1092 726 643 1031 2753 1616 120 1539 2519 2529 2672 2302 1263 2832 383 2590 2440 2297 844 2451 1189 1959 1697 373 1205 1838 317 2292 1020 1451 705 2757 2337 43 2155 874 2244 2169 1403 475 2581 2198 1834 600 1632 573 652 2403 2303 1722 1786 1862 2706 282 925 1925 2068 1187 1767 2206 418 979 904 798 914 1349 1378 667 2039 1543 1682 2452 66 1364 1804 1040 2139 2217 1442 2601 676 2646 1220 1459 1009 1664 517 1751 2810 1437 1531 1301 1254 1579 1186 2028 110 1772 1506 1037 1405 770 707 1434 1302 2193 182 747 1025 1078 2671 1837 763 215 1467 46 1801 579 1343 2452 783 2439 927 1065 2686 2701 898 968 2206 1767 2213 2353 832 556 1884 1735 863 2807 2349 2420 2558 2700 2323 117 1913 758 1801 1315 2077 1176 2655 1034 1227 396 1106 1804 1307 2697 1139 719 2383 1810 2376 2217 52 1482 1837 2671 1008 1999 215 763 985 416 1719 264 1120 2202 1157 501 101 2566 233 634 1989 2326 1921 1143 1132 1989 1113 1901 2082 520 2039 570 812 1225 1820 2300 2582 705 1330 2582 2300 1939 1370 191 119 461 73 356 2769 169 126 1514 1883 2493 924 2642 1305 2727 1710 2817 864 2020 1662 1763 2740 1044 1280 2548 1491 1456 352 2703 1284 394 2009 253 2625 2788 731 1842 1845 1404 1696 2280 372 2415 1006 1954 1860 2087 610 2797 640 2090 2127 2352 1359 1731 813 64 2459 925 193 1197 110 2366 672 2429 2236 1087 544 1484 2557 684 1207 1428 1892 2830 1982 2350 787 624 2741 591 1054 832 321 2130 1430 2772 2055 122 212 93 2642 1751 675 1737 2810 1305 992 431 556 720 993 1492 1841 2526 1526 1711 36 2565 2560 2171 2144 2770 1588 977 1540 409 1024 663 918 1975 2333 2726 2793 306 445 108 120 522 1721 128 764 726 355 461 119 191 1370 2053 572 2128 1138 307 2346 1686 2095 326 2591 1169 1810 2383 485 2315 868 401 1028 595 709 2032 262 1216 2586 970 2096 2381 2242 1815 326 901 2042 1514 1772 335 2395 2571 1591 2381 1360 2809 23 507 708 1635 2132 880 1383 2341 1666 2691 690 2136 877 1242 1517 1460 2829 2226 1757 1547 2400 2647 2555 1200 2008 1170 865 847 229 2083 277 2192 358 2671 1078 1467 215 2057 1278 1370 1939 73 461 2517 948 834 666 2177 2151 718 1418 1530 827 528 1431 839 1788 1628 2786 2595 1689 2485 1997 2519 1539 1995 474 847 2529 2519 1067 1341 534 1241 483 1136 2380 2663 819 1288 2234 2465 2394 459 367 1051 2639 1804 1364 2811 1139 96 570 2039 667 1869 150 2058 7 936 2072 868 2583 1995 2160 433 1030 1480 2817 451 1318 1225 2530 752 1319 404 2208 501 954 719 2769 2185 1264 626 1106 232 2752 879 1447 233 1157 2488 2435 1825 2109 215 1999 1008 2671 134 1438 461 355 2053 1370 1124 431 2276 1291 2665 167 321 2165 1646 2832 844 1905 2224 364 1460 1517 1030 433 863 1670 1372 2667 2455 1527 1209 1786 2353 2159 261 1884 282 1185 2218 410 1713 145 1874 2520 2707 1282 632 1604 1544 681 1259 2104 2047 769 1275 1105 2141 2518 1774 2518 2427 1091 2139 2377 695 681 11 2744 2430 1119 1615 496 1245 269 682 87 1556 924 1368 1935 2727 526 1687 1569 147 1937 2691 177 2524 891 1558 962 521 236 110 2028 2366 2003 1147 1315 1682 782 1058 2685 314 1959 2443 1401 417 62 52 2217 830 854 364 1232 2506 931 42 1577 454 74 1144 2531 341 2670 2142 2551 2363 2281 1552 2676 694 1965 312 1485 661 1326 335 635 23 859 2098 2221 1940 2557 1484 432 179 458 2274 2010 472 2331 576 874 1967 1938 2337 1564 432 1456 1491 563 1887 1871 291 1285 903 1671 2722 599 2268 1746 254 1589 2722 945 2372 1746 1465 209 2138 740 1778 1254 1301 2140 1551 1141 2818 1039 841 2319 1514 126 2058 838 1869 1537 334 856 1316 2013 381 631 1521 140 1513 2490 589 1596 1521 1474 171 2490 148 511 1042 1764 1885 167 2115 16 2276 1053 2418 2000 2312 859 23 2809 1659 2282 498 1132 1881 2834 937 1933 2176 2358 289 305 94 1352 1957 2542 402 234 1241 534 1017 816 1136 483 243 775 1583 1811 741 901 1411 741 1811 2389 2170 511 818 296 2491 1669 2506 1232 2331 1461 2766 541 552 179 705 2582 1994 1557 2582 1330 595 1515 2813 826 1515 712 2201 904 979 898 2701 2790 137 927 2439 438 2206 968 2441 474 2583 2223 1160 1117 841 1039 413 2636 2515 1777 1636 1901 1113 970 2004 1216 1618 1503 693 1067 871 1345 2437 530 1149 901 741 2248 35 741 1411 2274 458 443 2214 472 2010 2038 167 1885 1053 2276 149 2457 1139 2811 1300 823 944 1810 1785 687 177 2691 1666 257 2453 1126 904 1349 798 2282 1715 498 2008 1881 1143 2650 517 2307 1406 1437 1310 33 2539 2112 1509 17 2249 1465 1746 2268 599 2722 1589 847 474 1300 1354 2138 209 230 2554 1306 2103 517 1664 1531 1437 2025 2418 513 2000 2486 2558 2420 1913 117 921 993 611 2689 2231 2513 2526 1276 1901 1636 1230 2822 2820 69 744 280 377 1645 328 935 2761 2312 1659 2327 1229 455 2197 1367 2502 517 2650 1310 1437 1619 2813 1515 826 2545 2725 283 1977 1551 706 1907 2700 1847 387 2323 360 38 86 2823 2164 1191 49 593 2008 1200 229 847 1300 1061 2417 1108 349 163 2182 1499 1757 2226 2555 2647 559 1471 2111 610 2090 2687 1694 2732 1147 2833 2624 782 386 2300 1198 1330 2227 1401 29 421 314 1174 2192 277 2201 2833 1147 2003 1058 782 2624 417 1401 2227 1174 314 2685 1139 1533 719 955 1333 2258 39 1352 94 305 289 2709 666 834 721 2816 1431 528 2786 1628 1321 140 1521 1596 148 2490 1513 1442 2217 1482 2349 2807 956 1990 1689 2595 703 2138 1270 2616 2596 1561 1288 819 1494 2394 2465 1478 1413 367 459 383 552 1090 607 1461 2297 181 2141 1891 2299 1259 733 1291 2276 2124 2497 167 2665 1132 2326 1989 1940 2768 539 2404 1713 1034 2655 410 1981 1350 113 603 835 527 1678 2252 1611 1974 777 769 2047 1227 472 2214 443 458 1176 1579 1848 115 1297 1530 1418 718 2151 2546 757 111 619 1369 2749 673 2347 1912 2411 1281 2014 235 1843 1866 1652 2705 2067 1035 559 2647 1676 2099 1757 1499 387 117 2323 2700 2558 1847 404 2345 2315 1750 654 2752 2445 1611 2252 254 1746 2188 420 2722 1671 449 1530 1297 2546 2151 2717 36 1116 249 1106 1809 1804 2326 760 1318 252 2622 2443 1959 1189 2501 119 1632 600 2303 2403 191 426 1996 2171 2829 2170 2389 26 111 757 673 2749 2152 883 2373 811 2158 1243 1645 1721 522 172 2730 764 128 1090 552 541 2766 1461 607 2586 2621 1602 2310 2179 1474 171 1463 768 105 2476 908 807 2373 883 1920 2363 1759 13 2670 1768 641 1244 2125 1134 127 806 210 2676 1932 477 312 2743 2413 376 524 593 1881 2008 1923 1243 269 1994 2582 1557 2500 673 2627 1850 757 2398 2129 2618 545 2279 1372 1670 2170 1042 511 1846 1137 1626 868 2315 2583 2796 525 1208 447 2088 1112 1390 1614 2220 1747 2097 2684 478 2088 301 1656 525 1873 234 388 244 1484 1456 432 560 1996 1885 1756 129 937 1053 1116 917 1631 376 2413 76 313 392 639 1452 59 2377 1442 557 2457 1533 1139 2622 743 659 2382 2365 1189 763 1763 1662 2548 1280 1837 1974 1611 1990 1204 2622 252 2501 1189 2134 2330 1191 1007 1120 1745 1236 612 1691 416 1108 2417 182 2193 163 349 924 1664 2642 1305 1531 2727 1594 2111 1362 773 2687 363 504 1080 1235 165 1739 166 1038 117 387 1847 2558 651 556 1291 1884 2353 2665 832 1566 2525 940 583 2473 1774 11 333 2612 1102 1730 2713 403 1844 580 102 270 1509 2459 2561 1556 526 2494 2352 1345 871 1354 703 1358 740 134 2671 358 2057 215 2109 1005 1281 546 1304 2411 2092 2644 353 2425 224 1867 2054 1179 2705 1749 1429 1652 1520 855 2513 2650 1310 611 699 663 151 918 2236 1627 1087 2517 461 1438 1124 1370 1278 1978 1802 2746 451 2817 942 228 2097 2407 2673 1614 1328 2521 2340 1211 2789 854 830 1600 1590 2623 2627 673 2152 1804 1809 1040 26 757 1850 64 2561 2459 2352 2494 1359 545 2618 26 1659 1244 641 806 127 2312 1112 2088 478 1873 525 2796 1328 1614 1390 2684 2097 228 810 2004 1705 2248 741 35 2658 792 411 539 2768 975 2502 2231 1751 2810 2689 1619 2152 1452 639 1460 2170 2829 453 1818 1001 2689 611 1619 2408 2733 1498 553 676 2601 1009 1459 697 2502 2513 2231 2510 1569 1687 205 531 636 450 1013 2611 1272 916 604 950 2795 1000 2249 17 39 2709 2539 33 147 1569 2385 1885 1996 2038 149 1116 1053 2583 474 1995 12 2505 212 2772 1748 751 2759 1481 70 328 1279 25 2038 426 321 431 249 149 472 1171 2331 179 32 458 925 290 193 942 198 457 2436 820 1819 498 2327 1659 2312 2761 2418 2611 1013 2280 182 2417 747 1302 163 2193 1143 1881 1132 2434 2822 1166 2657 744 1363 1622 384 1832 1819 820 338 394 2795 950 2625 916 1272 1642 1976 2469 1197 357 1936 624 2237 250 1428 2290 794 672 964 2741 2650 2513 2502 1619 611 1310 2565 249 992 675 2231 1841 1492 2689 1737 2130 426 2560 1982 1408 1711 1574 2550 2598 1033 505 2090 610 1637 2024 2139 1442 2377 1686 975 1400 1175 2658 572 102 821 2059 2318 357 193 249 1116 149 457 198 2118 2626 1637 2087 2127 505 808 2038 1996 426 2205 1341 1271 1489 2380 575 681 333 11 1774 2473 2518 2280 1013 372 1054 606 720 2415 1956 2788 1696 1638 2703 221 1563 2238 1423 936 1524 193 357 1197 2635 2550 1574 1284 2795 394 253 916 2625 2366 964 672 787 2237 624 1207 2290 1428 2741 964 591 992 249 431 1737 2689 2810 1751 2231 675 321 426 2130 36 249 2565 2560 426 2171 1841 2231 2526 993 2689 1492 1711 1408 36 2830 1408 1982 402 388 234 937 129 1933 1354 871 2138 1149 530 2662 837 1818 453 454 1616 2753 1031 643 74 854 775 243 2346 975 1686 572 2658 2128 2090 505 2127 2087 1637 610 2144 2577 2350 720 606 993 591 606 1054 2703 1638 1284 2788 1956 731 1404 1638 1696 2101 1527 2455 372 1956 2415 2171 2577 2144 2350 2577 787 2789 830 2335 269 1243 1877 282 290 925 2526 2070 1526 684 2070 1207 274 2040 2205 1363 744 69 2820 2822 2434 1001 1818 2228 1622 86 384 1936 1590 1983 2498 86 38 575 1085 653 2312 2000 351 2792 701 819 283 2725 554 1417 1280 1044 2740 1763 1303 1318 760 1225 1319 2345 404 943 627 418 704 2282 1659 1526 2070 684 1976 2725 2469 106 2714 2500 2398 2508 2343 2255 1386 2137 1761 2515 2636 1983 1600 2605 832 2665 321 431 1291 556 1449 2197 2033 1870 1101 1083 157 920 1889 649 2570 2221 1883 1514 2042 39 17 1352 289 2539 2709 1091 2733 2139 740 1358 471 2774 1153 1859 1430 1748 2772 212 2505 93 1498 2733 1091 2041 1247 2085 656 1698 2774 735 1758 2041 2033 596 271 521 907 114 2750 71 891 264 1745 1120 416 1691 1719 2418 2761 2065 2804 2327 498 2518 2141 181 733 1259 681 1235 2286 504 166 691 165 1645 1279 328 454 1577 1068 2479 1144 74 1271 1341 1879 2091 2380 1489 709 225 2032 1558 71 686 2630 907 962 2288 2403 652 573 1632 1262 1214 874 576 1564 2337 727 2385 1336 147 2059 270 102 616 1813 1127 2293 284 409 1588 374 200 2810 1531 1305 2642 1664 1751 1395 1807 1328 228 2472 68 1524 936 7 1400 2768 2355 1714 792 1175 1605 2515 1813 2806 1954 1006 940 602 2742 2009 2428 253 1204 743 2622 1189 2365 2134 2726 1630 2793 306 1022 445 302 1802 2082 409 284 1024 2770 374 1588 1933 113 1350 1678 527 402 2224 1739 187 1193 1080 2165 1295 1426 1873 478 2108 247 2797 2111 1594 363 2687 640 282 1884 466 803 2353 1786 45 924 1556 526 2727 2419 1275 2168 2335 2088 2708 301 2097 2126 2407 1656 946 525 2673 766 1614 1371 1901 1276 325 1980 277 1138 1182 1223 316 1021 307 397 384 2498 554 1976 678 615 1649 1467 1078 2195 2780 2375 1454 73 1939 1833 56 2391 1846 821 93 2505 1606 2578 1748 1430 1127 1813 1761 1556 2561 45 2419 2494 526 1896 1563 221 808 535 157 1083 2421 2626 237 2506 1623 287 296 1559 934 743 1204 2134 2365 1440 1825 2453 293 1507 2621 2586 2601 1720 605 1872 1086 1009 66 1010 921 8 2554 4 1869 838 1082 2486 594 758 359 638 1333 1884 1291 466 803 2665 2353 1360 2156 558 978 1137 2391 2500 2714 673 757 2508 2398 85 2040 274 653 1085 771 501 1647 954 2727 1531 2419 45 1664 924 256 2748 584 452 2713 2675 2527 403 2651 1676 2647 2076 2819 1757 2099 719 428 2769 626 858 1106 2717 2151 1089 1266 1530 449 1773 2326 1132 2221 923 1940 706 1551 2140 2525 602 940 2197 2758 2033 293 2453 257 1510 552 383 2297 1461 2037 1184 225 709 1208 2609 1046 227 1483 447 953 344 646 1579 1254 1822 1453 1456 1484 1114 472 1227 1176 458 750 357 1590 1936 351 2000 784 2583 2315 196 1572 2282 704 447 1483 2088 525 2609 1208 538 78 2598 2570 923 2221 1244 848 2125 410 2218 1981 2404 145 1713 1134 273 127 1747 508 2097 1614 2388 2220 1768 2670 341 2281 2363 1920 617 1954 2806 694 2676 210 2743 312 1965 2220 2388 1327 2257 508 1747 1452 273 59 721 2554 8 2129 848 2618 503 34 2325 1480 2688 168 1751 517 2502 1619 1437 2810 1175 792 2658 975 2768 1400 1983 1590 1600 468 872 302 1442 53 557 612 60 2229 1103 1381 1236 993 606 2278 2757 2262 2337 874 2209 2244 1317 1695 965 1927 2484 2273 2250 353 2644 2574 676 553 697 1459 40 2054 1867 1668 2315 2345 196 807 142 2373 2626 2421 1637 505 535 808 2137 1386 1610 2332 1042 2170 1333 638 790 149 2276 431 321 167 2038 36 1408 1457 2125 848 2129 2452 1010 66 1773 760 2326 59 273 1134 1772 2150 1506 466 290 282 610 2111 2797 640 2687 2090 557 53 1084 1279 1878 25 1367 2197 1449 2165 1080 1646 1905 1739 2224 758 594 1801 1087 353 2429 1975 1867 663 1101 2421 1083 157 535 920 25 1878 1094 1606 1742 1927 965 1562 2578 2123 2070 2526 187 1739 165 1235 1080 1193 2332 2170 1460 1801 594 579 1223 1182 759 536 1021 316 1343 1010 2452 2605 2428 2009 1456 83 352 2598 1527 2101 876 2577 2171 2128 1182 1138 307 1021 2346 954 1647 407 2391 1137 1846 1616 2416 120 726 1374 643 784 513 941 1560 1715 1572 1674 2783 1887 1285 2301 18 2793 1630 2093 1075 1022 306 2033 2758 180 2093 374 2770 1024 284 1075 1163 284 2293 200 374 1099 115 1848 2681 1620 1844 2527 2675 1730 176 291 2301 1285 1887 2783 1871 1094 491 755 2334 1260 520 1564 2682 1448 1613 2541 576 2635 1247 2550 988 1071 150 1114 1171 472 458 32 750 4 2554 230 2429 353 2250 1981 2218 2089 1382 145 2404 1668 1867 1975 277 1980 2201 941 1627 2236 918 151 1560 821 1846 2059 576 2541 1214 727 2682 1564 1600 2428 2605 1621 2688 451 1122 34 987 2138 871 1270 2806 1771 2816 1321 2620 1876 1859 1153 85 771 1758 735 1483 2708 2088 525 946 2609 1126 2453 2435 1821 864 1770 2469 2725 2545 2082 1802 1978 2823 86 1622 311 1698 656 2085 1247 2635 1341 142 1879 1650 831 617 508 2126 2097 1614 766 2388 2686 2049 2701 927 1152 1065 1929 2570 1184 2314 1604 226 2011 2707 295 2091 596 2380 2435 2453 1825 2609 946 1603 2207 2708 1483 1352 17 1550 1518 2539 289 1879 142 807 1943 923 1929 769 2168 1275 731 1956 1340 348 1638 1404 271 596 2091 2505 1742 1606 2578 1562 1748 689 2815 1503 1467 1649 2198 1403 2195 1078 73 1454 317 373 1833 1939 1085 1758 771 738 406 495 85 1153 2040 1720 831 1650 2139 2733 956 2713 1730 2675 2527 1844 403 1572 1715 2282 1120 1381 1432 2633 60 416 2000 513 784 1927 1742 2484 1695 1562 965 2388 766 817 2631 2126 508 1184 2570 225 2201 1980 904 1523 273 1452 166 1739 1905 1646 1080 504 150 1071 2058 1094 1878 491 2816 1771 2430 496 2620 1321 2618 848 2086 1508 2049 2686 513 1627 941 1630 374 2093 1075 284 1022 1065 1152 370 1560 151 1715 317 1454 2292 1697 1833 373 2198 1649 1834 2169 2195 1403 755 491 1961 2071 1260 2334 451 2688 1480 2325 34 1122 719 1533 428 1482 53 1442 2335 2168 2789 819 701 1494 301 2108 478 1873 1426 1656 2278 611 993 1929 923 2570 78 1527 2598 518 406 1752 384 86 2498 554 2725 1976 1457 1116 36 2483 831 1720 2483 1720 2601 1009 1086 518 2407 2472 228 1328 1807 2673 2526 2513 2123 2752 654 1648 495 406 1086 1209 1527 78 962 907 521 891 71 1558 2817 198 942 2171 1996 876 858 1809 1106 416 60 612 1236 1381 1120 1813 2515 1761 2020 198 2817 2538 2421 1101 920 535 961 1214 2209 874 2337 2262 727 392 2049 1508 370 1152 1631 428 1533 2778 2550 1247 2564 1860 831 2483 1086 406 518 1221 2428 1600 1265 1021 536 759 1182 1228 1241 142 1341 1148 1809 858 2380 596 483 2710 1758 1085 2040 1153 2 1002 2416 1616 643 1374 2305 1453 83 1456 225 2570 649 2484 1742 2260 27 1562 1695 491 1878 1708 1007 1191 2756 2756 1191 2164 2044 1627 513 1715 151 350 1099 374 1630 1022 284 1163 1860 1954 831 480 2067 2705 1652 1866 2283 2634 2014 1281 2411 1912 1769 455 2758 2197 1336 523 1634 1812 2168 769 831 1954 617 
        </DataArray>
        <DataArray type="Int32" Name="offsets" format="ascii">
          3 6 9 12 15 18 21 24 27 30 33 36 39 42 45 48 51 54 57 60 63 66 69 72 75 78 81 84 87 90 93 96 99 102 105 108 111 114 117 120 123 126 129 132 135 138 141 144 147 150 153 156 159 162 165 168 171 174 177 180 183 186 189 192 195 198 201 204 207 210 213 216 219 222 225 228 231 234 237 240 243 246 249 252 255 258 261 264 267 270 273 276 279 282 285 288 291 294 297 300 303 306 309 312 315 318 321 324 327 330 333 336 339 342 345 348 351 354 357 360 363 366 369 372 375 378 381 384 387 390 393 396 399 402 405 408 411 414 417 420 423 426 429 432 435 438 441 444 447 450 453 456 459 462 465 468 471 474 477 480 483 486 489 492 495 498 501 504 507 510 513 516 519 522 525 528 531 534 537 540 543 546 549 552 555 558 561 564 567 570 573 576 579 582 585 588 591 594 597 600 603 606 609 612 615 618 621 624 627 630 633 636 639 642 645 648 651 654 657 660 663 666 669 672 675 678 681 684 687 690 693 696 699 702 705 708 711 714 717 720 723 726 729 732 735 738 741 744 747 750 753 756 759 762 765 768 771 774 777 780 783 786 789 792 795 798 801 804 807 810 813 816 819 822 825 828 831 834 837 840 843 846 849 852 855 858 861 864 867 870 873 876 879 882 885 888 891 894 897 900 903 906 909 912 915 918 921 924 927 930 933 936 939 942 945 948 951 954 957 960 963 966 969 972 975 978 981 984 987 990 993 996 999 1002 1005 1008 1011 1014 1017 1020 1023 1026 1029 1032 1035 1038 1041 1044 1047 1050 1053 1056 1059 1062 1065 1068 1071 1074 1077 1080 1083 1086 1089 1092 1095 1098 1101 1104 1107 1110 1113 1116 1119 1122 1125 1128 1131 1134 1137 1140 1143 1146 1149 1152 1155 1158 1161 1164 1167 1170 1173 1176 1179 1182 1185 1188 1191 1194 1197 1200 1203 1206 1209 1212 1215 1218 1221 1224 1227 1230 1233 1236 1239 1242 1245 1248 1251 1254 1257 1260 1263 1266 1269 1272 1275 1278 1281 1284 1287 1290 1293 1296 1299 1302 1305 1308 1311 1314 1317 1320 1323 1326 1329 1332 1335 1338 1341 1344 1347 1350 1353 1356 1359 1362 1365 1368 1371 1374 1377 1380 1383 1386 1389 1392 1395 1398 1401 1404 1407 1410 1413 1416 1419 1422 1425 1428 1431 1434 1437 1440 1443 1446 1449 1452 1455 1458 1461 1464 1467 1470 1473 1476 1479 1482 1485 1488 1491 1494 1497 1500 1503 1506 1509 1512 1515 1518 1521 1524 1527 1530 1533 1536 1539 1542 1545 1548 1551 1554 1557 1560 1563 1566 1569 1572 1575 1578 1581 1584 1587 1590 1593 1596 1599 1602 1605 1608 1611 1614 1617 1620 1623 1626 1629 1632 1635 1638 1641 1644 1647 1650 1653 1656 1659 1662 1665 1668 1671 1674 1677 1680 1683 1686 1689 1692 1695 1698 1701 1704 1707 1710 1713 1716 1719 1722 1725 1728 1731 1734 1737 1740 1743 1746 1749 1752 1755 1758 1761 1764 1767 1770 1773 1776 1779 1782 1785 1788 1791 1794 1797 1800 1803 1806 1809 1812 1815 1818 1821 1824 1827 1830 1833 1836 1839 1842 1845 1848 1851 1854 1857 1860 1863 1866 1869 1872 1875 1878 1881 1884 1887 1890 1893 1896 1899 1902 1905 1908 1911 1914 1917 1920 1923 1926 1929 1932 1935 1938 1941 1944 1947 1950 1953 1956 1959 1962 1965 1968 1971 1974 1977 1980 1983 1986 1989 1992 1995 1998 2001 2004 2007 2010 2013 2016 2019 2022 2025 2028 2031 2034 2037 2040 2043 2046 2049 2052 2055 2058 2061 2064 2067 2070 2073 2076 2079 2082 2085 2088 2091 2094 2097 2100 2103 2106 2109 2112 2115 2118 2121 2124 2127 2130 2133 2136 2139 2142 2145 2148 2151 2154 2157 2160 2163 2166 2169 2172 2175 2178 2181 2184 2187 2190 2193 2196 2199 2202 2205 2208 2211 2214 2217 2220 2223 2226 2229 2232 2235 2238 2241 2244 2247 2250 2253 2256 2259 2262 2265 2268 2271 2274 2277 2280 2283 2286 2289 2292 2295 2298 2301 2304 2307 2310 2313 2316 2319 2322 2325 2328 2331 2334 2337 2340 2343 2346 2349 2352 2355 2358 2361 2364 2367 2370 2373 2376 2379 2382 2385 2388 2391 2394 2397 2400 2403 2406 2409 2412 2415 2418 2421 2424 2427 2430 2433 2436 2439 2442 2445 2448 2451 2454 2457 2460 2463 2466 2469 2472 2475 2478 2481 2484 2487 2490 2493 2496 2499 2502 2505 2508 2511 2514 2517 2520 2523 2526 2529 2532 2535 2538 2541 2544 2547 2550 2553 2556 2559 2562 2565 2568 2571 2574 2577 2580 2583 2586 2589 2592 2595 2598 2601 2604 2607 2610 2613 2616 2619 2622 2625 2628 2631 2634 2637 2640 2643 2646 2649 2652 2655 2658 2661 2664 2667 2670 2673 2676 2679 2682 2685 2688 2691 2694 2697 2700 2703 2706 2709 2712 2715 2718 2721 2724 2727 2730 2733 2736 2739 2742 2745 2748 2751 2754 2757 2760 2763 2766 2769 2772 2775 2778 2781 2784 2787 2790 2793 2796 2799 2802 2805 2808 2811 2814 2817 2820 2823 2826 2829 2832 2835 2838 2841 2844 2847 2850 2853 2856 2859 2862 2865 2868 2871 2874 2877 2880 2883 2886 2889 2892 2895 2898 2901 2904 2907 2910 2913 2916 2919 2922 2925 2928 2931 2934 2937 2940 2943 2946 2949 2952 2955 2958 2961 2964 2967 2970 2973 2976 2979 2982 2985 2988 2991 2994 2997 3000 3003 3006 3009 3012 3015 3018 3021 3024 3027 3030 3033 3036 3039 3042 3045 3048 3051 3054 3057 3060 3063 3066 3069 3072 3075 3078 3081 3084 3087 3090 3093 3096 3099 3102 3105 3108 3111 3114 3117 3120 3123 3126 3129 3132 3135 3138 3141 3144 3147 3150 3153 3156 3159 3162 3165 3168 3171 3174 3177 3180 3183 3186 3189 3192 3195 3198 3201 3204 3207 3210 3213 3216 3219 3222 3225 3228 3231 3234 3237 3240 3243 3246 3249 3252 3255 3258 3261 3264 3267 3270 3273 3276 3279 3282 3285 3288 3291 3294 3297 3300 3303 3306 3309 3312 3315 3318 3321 3324 3327 3330 3333 3336 3339 3342 3345 3348 3351 3354 3357 3360 3363 3366 3369 3372 3375 3378 3381 3384 3387 3390 3393 3396 3399 3402 3405 3408 3411 3414 3417 3420 3423 3426 3429 3432 3435 3438 3441 3444 3447 3450 3453 3456 3459 3462 3465 3468 3471 3474 3477 3480 3483 3486 3489 3492 3495 3498 3501 3504 3507 3510 3513 3516 3519 3522 3525 3528 3531 3534 3537 3540 3543 3546 3549 3552 3555 3558 3561 3564 3567 3570 3573 3576 3579 3582 3585 3588 3591 3594 3597 3600 3603 3606 3609 3612 3615 3618 3621 3624 3627 3630 3633 3636 3639 3642 3645 3648 3651 3654 3657 3660 3663 3666 3669 3672 3675 3678 3681 3684 3687 3690 3693 3696 3699 3702 3705 3708 3711 3714 3717 3720 3723 3726 3729 3732 3735 3738 3741 3744 3747 3750 3753 3756 3759 3762 3765 3768 3771 3774 3777 3780 3783 3786 3789 3792 3795 3798 3801 3804 3807 3810 3813 3816 3819 3822 3825 3828 3831 3834 3837 3840 3843 3846 3849 3852 3855 3858 3861 3864 3867 3870 3873 3876 3879 3882 3885 3888 3891 3894 3897 3900 3903 3906 3909 3912 3915 3918 3921 3924 3927 3930 3933 3936 3939 3942 3945 3948 3951 3954 3957 3960 3963 3966 3969 3972 3975 3978 3981 3984 3987 3990 3993 3996 3999 4002 4005 4008 4011 4014 4017 4020 4023 4026 4029 4032 4035 4038 4041 4044 4047 4050 4053 4056 4059 4062 4065 4068 4071 4074 4077 4080 4083 4086 4089 4092 4095 4098 4101 4104 4107 4110 4113 4116 4119 4122 4125 4128 4131 4134 4137 4140 4143 4146 4149 4152 4155 4158 4161 4164 4167 4170 4173 4176 4179 4182 4185 4188 4191 4194 4197 4200 4203 4206 4209 4212 4215 4218 4221 4224 4227 4230 4233 4236 4239 4242 4245 4248 4251 4254 4257 4260 4263 4266 4269 4272 4275 4278 4281 4284 4287 4290 4293 4296 4299 4302 4305 4308 4311 4314 4317 4320 4323 4326 4329 4332 4335 4338 4341 4344 4347 4350 4353 4356 4359 4362 4365 4368 4371 4374 4377 4380 4383 4386 4389 4392 4395 4398 4401 4404 4407 4410 4413 4416 4419 4422 4425 4428 4431 4434 4437 4440 4443 4446 4449 4452 4455 4458 4461 4464 4467 4470 4473 4476 4479 4482 4485 4488 4491 4494 4497 4500 4503 4506 4509 4512 4515 4518 4521 4524 4527 4530 4533 4536 4539 4542 4545 4548 4551 4554 4557 4560 4563 4566 4569 4572 4575 4578 4581 4584 4587 4590 4593 4596 4599 4602 4605 4608 4611 4614 4617 4620 4623 4626 4629 4632 4635 4638 4641 4644 4647 4650 4653 4656 4659 4662 4665 4668 4671 4674 4677 4680 4683 4686 4689 4692 4695 4698 4701 4704 4707 4710 4713 4716 4719 4722 4725 4728 4731 4734 4737 4740 4743 4746 4749 4752 4755 4758 4761 4764 4767 4770 4773 4776 4779 4782 4785 4788 4791 4794 4797 4800 4803 4806 4809 4812 4815 4818 4821 4824 4827 4830 4833 4836 4839 4842 4845 4848 4851 4854 4857 4860 4863 4866 4869 4872 4875 4878 4881 4884 4887 4890 4893 4896 4899 4902 4905 4908 4911 4914 4917 4920 4923 4926 4929 4932 4935 4938 4941 4944 4947 4950 4953 4956 4959 4962 4965 4968 4971 4974 4977 4980 4983 4986 4989 4992 4995 4998 5001 5004 5007 5010 5013 5016 5019 5022 5025 5028 5031 5034 5037 5040 5043 5046 5049 5052 5055 5058 5061 5064 5067 5070 5073 5076 5079 5082 5085 5088 5091 5094 5097 5100 5103 5106 5109 5112 5115 5118 5121 5124 5127 5130 5133 5136 5139 5142 5145 5148 5151 5154 5157 5160 5163 5166 5169 5172 5175 5178 5181 5184 5187 5190 5193 5196 5199 5202 5205 5208 5211 5214 5217 5220 5223 5226 5229 5232 5235 5238 5241 5244 5247 5250 5253 5256 5259 5262 5265 5268 5271 5274 5277 5280 5283 5286 5289 5292 5295 5298 5301 5304 5307 5310 5313 5316 5319 5322 5325 5328 5331 5334 5337 5340 5343 5346 5349 5352 5355 5358 5361 5364 5367 5370 5373 5376 5379 5382 5385 5388 5391 5394 5397 5400 5403 5406 5409 5412 5415 5418 5421 5424 5427 5430 5433 5436 5439 5442 5445 5448 5451 5454 5457 5460 5463 5466 5469 5472 5475 5478 5481 5484 5487 5490 5493 5496 5499 5502 5505 5508 5511 5514 5517 5520 5523 5526 5529 5532 5535 5538 5541 5544 5547 5550 5553 5556 5559 5562 5565 5568 5571 5574 5577 5580 5583 5586 5589 5592 5595 5598 5601 5604 5607 5610 5613 5616 5619 5622 5625 5628 5631 5634 5637 5640 5643 5646 5649 5652 5655 5658 5661 5664 5667 5670 5673 5676 5679 5682 5685 5688 5691 5694 5697 5700 5703 5706 5709 5712 5715 5718 5721 5724 5727 5730 5733 5736 5739 5742 5745 5748 5751 5754 5757 5760 5763 5766 5769 5772 5775 5778 5781 5784 5787 5790 5793 5796 5799 5802 5805 5808 5811 5814 5817 5820 5823 5826 5829 5832 5835 5838 5841 5844 5847 5850 5853 5856 5859 5862 5865 5868 5871 5874 5877 5880 5883 5886 5889 5892 5895 5898 5901 5904 5907 5910 5913 5916 5919 5922 5925 5928 5931 5934 5937 5940 5943 5946 5949 5952 5955 5958 5961 5964 5967 5970 5973 5976 5979 5982 5985 5988 5991 5994 5997 6000 6003 6006 6009 6012 6015 6018 6021 6024 6027 6030 6033 6036 6039 6042 6045 6048 6051 6054 6057 6060 6063 6066 6069 6072 6075 6078 6081 6084 6087 6090 6093 6096 6099 6102 6105 6108 6111 6114 6117 6120 6123 6126 6129 6132 6135 6138 6141 6144 6147 6150 6153 6156 6159 6162 6165 6168 6171 6174 6177 6180 6183 6186 6189 6192 6195 6198 6201 6204 6207 6210 6213 6216 6219 6222 6225 6228 6231 6234 6237 6240 6243 6246 6249 6252 6255 6258 6261 6264 6267 6270 6273 6276 6279 6282 6285 6288 6291 6294 6297 6300 6303 6306 6309 6312 6315 6318 6321 6324 6327 6330 6333 6336 6339 6342 6345 6348 6351 6354 6357 6360 6363 6366 6369 6372 6375 6378 6381 6384 6387 6390 6393 6396 6399 6402 6405 6408 6411 6414 6417 6420 6423 6426 6429 6432 6435 6438 6441 6444 6447 6450 6453 6456 6459 6462 6465 6468 6471 6474 6477 6480 6483 6486 6489 6492 6495 6498 6501 6504 6507 6510 6513 6516 6519 6522 6525 6528 6531 6534 6537 6540 6543 6546 6549 6552 6555 6558 6561 6564 6567 6570 6573 6576 6579 6582 6585 6588 6591 6594 6597 6600 6603 6606 6609 6612 6615 6618 6621 6624 6627 6630 6633 6636 6639 6642 6645 6648 6651 6654 6657 6660 6663 6666 6669 6672 6675 6678 6681 6684 6687 6690 6693 6696 6699 6702 6705 6708 6711 6714 6717 6720 6723 6726 6729 6732 6735 6738 6741 6744 6747 6750 6753 6756 6759 6762 6765 6768 6771 6774 6777 6780 6783 6786 6789 6792 6795 6798 6801 6804 6807 6810 6813 6816 6819 6822 6825 6828 6831 6834 6837 6840 6843 6846 6849 6852 6855 6858 6861 6864 6867 6870 6873 6876 6879 6882 6885 6888 6891 6894 6897 6900 6903 6906 6909 6912 6915 6918 6921 6924 6927 6930 6933 6936 6939 6942 6945 6948 6951 6954 6957 6960 6963 6966 6969 6972 6975 6978 6981 6984 6987 6990 6993 6996 6999 7002 7005 7008 7011 7014 7017 7020 7023 7026 7029 7032 7035 7038 7041 7044 7047 7050 7053 7056 7059 7062 7065 7068 7071 7074 7077 7080 7083 7086 7089 7092 7095 7098 7101 7104 7107 7110 7113 7116 7119 7122 7125 7128 7131 7134 7137 7140 7143 7146 7149 7152 7155 7158 7161 7164 7167 7170 7173 7176 7179 7182 7185 7188 7191 7194 7197 7200 7203 7206 7209 7212 7215 7218 7221 7224 7227 7230 7233 7236 7239 7242 7245 7248 7251 7254 7257 7260 7263 7266 7269 7272 7275 7278 7281 7284 7287 7290 7293 7296 7299 7302 7305 7308 7311 7314 7317 7320 7323 7326 7329 7332 7335 7338 7341 7344 7347 7350 7353 7356 7359 7362 7365 7368 7371 7374 7377 7380 7383 7386 7389 7392 7395 7398 7401 7404 7407 7410 7413 7416 7419 7422 7425 7428 7431 7434 7437 7440 7443 7446 7449 7452 7455 7458 7461 7464 7467 7470 7473 7476 7479 7482 7485 7488 7491 7494 7497 7500 7503 7506 7509 7512 7515 7518 7521 7524 7527 7530 7533 7536 7539 7542 7545 7548 7551 7554 7557 7560 7563 7566 7569 7572 7575 7578 7581 7584 7587 7590 7593 7596 7599 7602 7605 7608 7611 7614 7617 7620 7623 7626 7629 7632 7635 7638 7641 7644 7647 7650 7653 7656 7659 7662 7665 7668 7671 7674 7677 7680 7683 7686 7689 7692 7695 7698 7701 7704 7707 7710 7713 7716 7719 7722 7725 7728 7731 7734 7737 7740 7743 7746 7749 7752 7755 7758 7761 7764 7767 7770 7773 7776 7779 7782 7785 7788 7791 7794 7797 7800 7803 7806 7809 7812 7815 7818 7821 7824 7827 7830 7833 7836 7839 7842 7845 7848 7851 7854 7857 7860 7863 7866 7869 7872 7875 7878 7881 7884 7887 7890 7893 7896 7899 7902 7905 7908 7911 7914 7917 7920 7923 7926 7929 7932 7935 7938 7941 7944 7947 7950 7953 7956 7959 7962 7965 7968 7971 7974 7977 7980 7983 7986 7989 7992 7995 7998 8001 8004 8007 8010 8013 8016 8019 8022 8025 8028 8031 8034 8037 8040 8043 8046 8049 8052 8055 8058 8061 8064 8067 8070 8073 8076 8079 8082 8085 8088 8091 8094 8097 8100 8103 8106 8109 8112 8115 8118 8121 8124 8127 8130 8133 8136 8139 8142 8145 8148 8151 8154 8157 8160 8163 8166 8169 8172 8175 8178 8181 8184 8187 8190 8193 8196 8199 8202 8205 8208 8211 8214 8217 8220 8223 8226 8229 8232 8235 8238 8241 8244 8247 8250 8253 8256 8259 8262 8265 8268 8271 8274 8277 8280 8283 8286 8289 8292 8295 8298 8301 8304 8307 8310 8313 8316 8319 8322 8325 8328 8331 8334 8337 8340 8343 8346 8349 8352 8355 8358 8361 8364 8367 8370 8373 8376 8379 8382 8385 8388 8391 8394 8397 8400 8403 8406 8409 8412 8415 8418 8421 8424 8427 8430 8433 8436 8439 8442 8445 8448 8451 8454 8457 8460 8463 8466 8469 8472 8475 8478 8481 8484 8487 8490 8493 8496 8499 8502 8505 8508 8511 8514 8517 8520 8523 8526 8529 8532 8535 8538 8541 8544 8547 8550 8553 8556 8559 8562 8565 8568 8571 8574 8577 8580 8583 8586 8589 8592 8595 8598 8601 8604 8607 8610 8613 8616 8619 8622 8625 8628 8631 8634 8637 8640 8643 8646 8649 8652 8655 8658 8661 8664 8667 8670 8673 8676 8679 8682 8685 8688 8691 8694 8697 8700 8703 8706 8709 8712 8715 8718 8721 8724 8727 8730 8733 8736 8739 8742 8745 8748 8751 8754 8757 8760 8763 8766 8769 8772 8775 8778 8781 8784 8787 8790 8793 8796 8799 8802 8805 8808 8811 8814 8817 8820 8823 8826 8829 8832 8835 8838 8841 8844 8847 8850 8853 8856 8859 8862 8865 8868 8871 8874 8877 8880 8883 8886 8889 8892 8895 8898 8901 8904 8907 8910 8913 8916 8919 8922 8925 8928 8931 8934 8937 8940 8943 8946 8949 8952 8955 8958 8961 8964 8967 8970 8973 8976 8979 8982 8985 8988 8991 8994 8997 9000 9003 9006 9009 9012 9015 9018 9021 9024 9027 9030 9033 9036 9039 9042 9045 9048 9051 9054 9057 9060 9063 9066 9069 9072 9075 9078 9081 9084 9087 9090 9093 9096 9099 9102 9105 9108 9111 9114 9117 9120 9123 9126 9129 9132 9135 9138 9141 9144 9147 9150 9153 9156 9159 9162 9165 9168 9171 9174 9177 9180 9183 9186 9189 9192 9195 9198 9201 9204 9207 9210 9213 9216 9219 9222 9225 9228 9231 9234 9237 9240 9243 9246 9249 9252 9255 9258 9261 9264 9267 9270 9273 9276 9279 9282 9285 9288 9291 9294 9297 9300 9303 9306 9309 9312 9315 9318 9321 9324 9327 9330 9333 9336 9339 9342 9345 9348 9351 9354 9357 9360 9363 9366 9369 9372 9375 9378 9381 9384 9387 9390 9393 9396 9399 9402 9405 9408 9411 9414 9417 9420 9423 9426 9429 9432 9435 9438 9441 9444 9447 9450 9453 9456 9459 9462 9465 9468 9471 9474 9477 9480 9483 9486 9489 9492 9495 9498 9501 9504 9507 9510 9513 9516 9519 9522 9525 9528 9531 9534 9537 9540 9543 9546 9549 9552 9555 9558 9561 9564 9567 9570 9573 9576 9579 9582 9585 9588 9591 9594 9597 9600 9603 9606 9609 9612 9615 9618 9621 9624 9627 9630 9633 9636 9639 9642 9645 9648 9651 9654 9657 9660 9663 9666 9669 9672 9675 9678 9681 9684 9687 9690 9693 9696 9699 9702 9705 9708 9711 9714 9717 9720 9723 9726 9729 9732 9735 9738 9741 9744 9747 9750 9753 9756 9759 9762 9765 9768 9771 9774 9777 9780 9783 9786 9789 9792 9795 9798 9801 9804 9807 9810 9813 9816 9819 9822 9825 9828 9831 9834 9837 9840 9843 9846 9849 9852 9855 9858 9861 9864 9867 9870 9873 9876 9879 9882 9885 9888 9891 9894 9897 9900 9903 9906 9909 9912 9915 9918 9921 9924 9927 9930 9933 9936 9939 9942 9945 9948 9951 9954 9957 9960 9963 9966 9969 9972 9975 9978 9981 9984 9987 9990 9993 9996 9999 10002 10005 10008 10011 10014 10017 10020 10023 10026 10029 10032 10035 10038 10041 10044 10047 10050 10053 10056 10059 10062 10065 10068 10071 10074 10077 10080 10083 10086 10089 10092 10095 10098 10101 10104 10107 10110 10113 10116 10119 10122 10125 10128 10131 10134 10137 10140 10143 10146 10149 10152 10155 10158 10161 10164 10167 10170 10173 10176 10179 10182 10185 10188 10191 10194 10197 10200 10203 10206 10209 10212 10215 10218 10221 10224 10227 10230 10233 10236 10239 10242 10245 10248 10251 10254 10257 10260 10263 10266 10269 10272 10275 10278 10281 10284 10287 10290 10293 10296 10299 10302 10305 10308 10311 10314 10317 10320 10323 10326 10329 10332 10335 10338 10341 10344 10347 10350 10353 10356 10359 10362 10365 10368 10371 10374 10377 10380 10383 10386 10389 10392 10395 10398 10401 10404 10407 10410 10413 10416 10419 10422 10425 10428 10431 10434 10437 10440 10443 10446 10449 10452 10455 10458 10461 10464 10467 10470 10473 10476 10479 10482 10485 10488 10491 10494 10497 10500 10503 10506 10509 10512 10515 10518 10521 10524 10527 10530 10533 10536 10539 10542 10545 10548 10551 10554 10557 10560 10563 10566 10569 10572 10575 10578 10581 10584 10587 10590 10593 10596 10599 10602 10605 10608 10611 10614 10617 10620 10623 10626 10629 10632 10635 10638 10641 10644 10647 10650 10653 10656 10659 10662 10665 10668 10671 10674 10677 10680 10683 10686 10689 10692 10695 10698 10701 10704 10707 10710 10713 10716 10719 10722 10725 10728 10731 10734 10737 10740 10743 10746 10749 10752 10755 10758 10761 10764 10767 10770 10773 10776 10779 10782 10785 10788 10791 10794 10797 10800 10803 10806 10809 10812 10815 10818 10821 10824 10827 10830 10833 10836 10839 10842 10845 10848 10851 10854 10857 10860 10863 10866 10869 10872 10875 10878 10881 10884 10887 10890 10893 10896 10899 10902 10905 10908 10911 10914 10917 10920 10923 10926 10929 10932 10935 10938 10941 10944 10947 10950 10953 10956 10959 10962 10965 10968 10971 10974 10977 10980 10983 10986 10989 10992 10995 10998 11001 11004 11007 11010 11013 11016 11019 11022 11025 11028 11031 11034 11037 11040 11043 11046 11049 11052 11055 11058 11061 11064 11067 11070 11073 11076 11079 11082 11085 11088 11091 11094 11097 11100 11103 11106 11109 11112 11115 11118 11121 11124 11127 11130 11133 11136 11139 11142 11145 11148 11151 11154 11157 11160 11163 11166 11169 11172 11175 11178 11181 11184 11187 11190 11193 11196 11199 11202 11205 11208 11211 11214 11217 11220 11223 11226 11229 11232 11235 11238 11241 11244 11247 11250 11253 11256 11259 11262 11265 11268 11271 11274 11277 11280 11283 11286 11289 11292 11295 11298 11301 11304 11307 11310 11313 11316 11319 11322 11325 11328 11331 11334 11337 11340 11343 11346 11349 11352 11355 11358 11361 11364 11367 11370 11373 11376 11379 11382 11385 11388 11391 11394 11397 11400 11403 11406 11409 11412 11415 11418 11421 11424 11427 11430 11433 11436 11439 11442 11445 11448 11451 11454 11457 11460 11463 11466 11469 11472 11475 11478 11481 11484 11487 11490 11493 11496 11499 11502 11505 11508 11511 11514 11517 11520 11523 11526 11529 11532 11535 11538 11541 11544 11547 11550 11553 11556 11559 11562 11565 11568 11571 11574 11577 11580 11583 11586 11589 11592 11595 11598 11601 11604 11607 11610 11613 11616 11619 11622 11625 11628 11631 11634 11637 11640 11643 11646 11649 11652 11655 11658 11661 11664 11667 11670 11673 11676 11679 11682 11685 11688 11691 11694 11697 11700 11703 11706 11709 11712 11715 11718 11721 11724 11727 11730 11733 11736 11739 11742 11745 11748 11751 11754 11757 11760 11763 11766 11769 11772 11775 11778 11781 11784 11787 11790 11793 11796 11799 11802 11805 11808 11811 11814 11817 11820 11823 11826 11829 11832 11835 11838 11841 11844 11847 11850 11853 11856 11859 11862 11865 11868 11871 11874 11877 11880 11883 11886 11889 11892 11895 11898 11901 11904 11907 11910 11913 11916 11919 11922 11925 11928 11931 11934 11937 11940 11943 11946 11949 11952 11955 11958 11961 11964 11967 11970 11973 11976 11979 11982 11985 11988 11991 11994 11997 12000 12003 12006 12009 12012 12015 12018 12021 12024 12027 12030 12033 12036 12039 12042 12045 12048 12051 12054 12057 12060 12063 12066 12069 12072 12075 12078 12081 12084 12087 12090 12093 12096 12099 12102 12105 12108 12111 12114 12117 12120 12123 12126 12129 12132 12135 12138 12141 12144 12147 12150 12153 12156 12159 12162 12165 12168 12171 12174 12177 12180 12183 12186 12189 12192 12195 12198 12201 12204 12207 12210 12213 12216 12219 12222 12225 12228 12231 12234 12237 12240 12243 12246 12249 12252 12255 12258 12261 12264 12267 12270 12273 12276 12279 12282 12285 12288 12291 12294 12297 12300 12303 12306 12309 12312 12315 12318 12321 12324 12327 12330 12333 12336 12339 12342 12345 12348 12351 12354 12357 12360 12363 12366 12369 12372 12375 12378 12381 12384 12387 12390 12393 12396 12399 12402 12405 12408 12411 12414 12417 12420 12423 12426 12429 12432 12435 12438 12441 12444 12447 12450 12453 12456 12459 12462 12465 12468 12471 12474 12477 12480 12483 12486 12489 12492 12495 12498 12501 12504 12507 12510 12513 12516 12519 12522 12525 12528 12531 12534 12537 12540 12543 12546 12549 12552 12555 12558 12561 12564 12567 12570 12573 12576 12579 12582 12585 12588 12591 12594 12597 12600 12603 12606 12609 12612 12615 12618 12621 12624 12627 12630 12633 12636 12639 12642 12645 12648 12651 12654 12657 12660 12663 12666 12669 12672 12675 12678 12681 12684 12687 12690 12693 12696 12699 12702 12705 12708 12711 12714 12717 12720 12723 12726 12729 12732 12735 12738 12741 12744 12747 12750 12753 12756 12759 12762 12765 12768 12771 12774 12777 12780 12783 12786 12789 12792 12795 12798 12801 12804 12807 12810 12813 12816 12819 12822 12825 12828 12831 12834 12837 12840 12843 12846 12849 12852 12855 12858 12861 12864 12867 12870 12873 12876 12879 12882 12885 12888 12891 12894 12897 12900 12903 12906 12909 12912 12915 12918 12921 12924 12927 12930 12933 12936 12939 12942 12945 12948 12951 12954 12957 12960 12963 12966 12969 12972 12975 12978 12981 12984 12987 12990 12993 12996 12999 13002 13005 13008 13011 13014 13017 13020 13023 13026 13029 13032 13035 13038 13041 13044 13047 13050 13053 13056 13059 13062 13065 13068 13071 13074 13077 13080 13083 13086 13089 13092 13095 13098 13101 13104 13107 13110 13113 13116 13119 13122 13125 13128 13131 13134 13137 13140 13143 13146 13149 13152 13155 13158 13161 13164 13167 13170 13173 13176 13179 13182 13185 13188 13191 13194 13197 13200 13203 13206 13209 13212 13215 13218 13221 13224 13227 13230 13233 13236 13239 13242 13245 13248 13251 13254 13257 13260 13263 13266 13269 13272 13275 13278 13281 13284 13287 13290 13293 13296 13299 13302 13305 13308 13311 13314 13317 13320 13323 13326 13329 13332 13335 13338 13341 13344 13347 13350 13353 13356 13359 13362 13365 13368 13371 13374 13377 13380 13383 13386 13389 13392 13395 13398 13401 13404 13407 13410 13413 13416 13419 13422 13425 13428 13431 13434 13437 13440 13443 13446 13449 13452 13455 13458 13461 13464 13467 13470 13473 13476 13479 13482 13485 13488 13491 13494 13497 13500 13503 13506 13509 13512 13515 13518 13521 13524 13527 13530 13533 13536 13539 13542 13545 13548 13551 13554 13557 13560 13563 13566 13569 13572 13575 13578 13581 13584 13587 13590 13593 13596 13599 13602 13605 13608 13611 13614 13617 13620 13623 13626 13629 13632 13635 13638 13641 13644 13647 13650 13653 13656 13659 13662 13665 13668 13671 13674 13677 13680 13683 13686 13689 13692 13695 13698 13701 13704 13707 13710 13713 13716 13719 13722 13725 13728 13731 13734 13737 13740 13743 13746 13749 13752 13755 13758 13761 13764 13767 13770 13773 13776 13779 13782 13785 13788 13791 13794 13797 13800 13803 13806 13809 13812 13815 13818 13821 13824 13827 13830 13833 13836 13839 13842 13845 13848 13851 13854 13857 13860 13863 13866 13869 13872 13875 13878 13881 13884 13887 13890 13893 13896 13899 13902 13905 13908 13911 13914 13917 13920 13923 13926 13929 13932 13935 13938 13941 13944 13947 13950 13953 13956 13959 13962 13965 13968 13971 13974 13977 13980 13983 13986 13989 13992 13995 13998 14001 14004 14007 14010 14013 14016 14019 14022 14025 14028 14031 14034 14037 14040 14043 14046 14049 14052 14055 14058 14061 14064 14067 14070 14073 14076 14079 14082 14085 14088 14091 14094 14097 14100 14103 14106 14109 14112 14115 14118 14121 14124 14127 14130 14133 14136 14139 14142 14145 14148 14151 14154 14157 14160 14163 14166 14169 14172 14175 14178 14181 14184 14187 14190 14193 14196 14199 14202 14205 14208 14211 14214 14217 14220 14223 14226 14229 14232 14235 14238 14241 14244 14247 14250 14253 14256 14259 14262 14265 14268 14271 14274 14277 14280 14283 14286 14289 14292 14295 14298 14301 14304 14307 14310 14313 14316 14319 14322 14325 14328 14331 14334 14337 14340 14343 14346 14349 14352 14355 14358 14361 14364 14367 14370 14373 14376 14379 14382 14385 14388 14391 14394 14397 14400 14403 14406 14409 14412 14415 14418 14421 14424 14427 14430 14433 14436 14439 14442 14445 14448 14451 14454 14457 14460 14463 14466 14469 14472 14475 14478 14481 14484 14487 14490 14493 14496 14499 14502 14505 14508 14511 14514 14517 14520 14523 14526 14529 14532 14535 14538 14541 14544 14547 14550 14553 14556 14559 14562 14565 14568 14571 14574 14577 14580 14583 14586 14589 14592 14595 14598 14601 14604 14607 14610 14613 14616 14619 14622 14625 14628 14631 14634 14637 14640 14643 14646 14649 14652 14655 14658 14661 14664 14667 14670 14673 14676 14679 14682 14685 14688 14691 14694 14697 14700 14703 14706 14709 14712 14715 14718 14721 14724 14727 14730 14733 14736 14739 14742 14745 14748 14751 14754 14757 14760 14763 14766 14769 14772 14775 14778 14781 14784 14787 14790 14793 14796 14799 14802 14805 14808 14811 14814 14817 14820 14823 14826 14829 14832 14835 14838 14841 14844 14847 14850 14853 14856 14859 14862 14865 14868 14871 14874 14877 14880 14883 14886 14889 14892 14895 14898 14901 14904 14907 14910 14913 14916 14919 14922 14925 14928 14931 14934 14937 14940 14943 14946 14949 14952 14955 14958 14961 14964 14967 14970 14973 14976 14979 14982 14985 14988 14991 14994 14997 15000 15003 15006 15009 15012 15015 15018 15021 15024 15027 15030 15033 15036 15039 15042 15045 15048 15051 15054 15057 15060 15063 15066 15069 15072 15075 15078 15081 15084 15087 15090 15093 15096 15099 15102 15105 15108 15111 15114 15117 15120 15123 15126 15129 15132 15135 15138 15141 15144 15147 15150 15153 15156 15159 15162 15165 15168 15171 15174 15177 15180 15183 15186 15189 15192 15195 15198 15201 15204 15207 15210 15213 15216 15219 15222 15225 15228 15231 15234 15237 15240 15243 15246 15249 15252 15255 15258 15261 15264 15267 15270 15273 15276 15279 15282 15285 15288 15291 15294 15297 15300 15303 15306 15309 15312 15315 15318 15321 15324 15327 15330 15333 15336 15339 15342 15345 15348 15351 15354 15357 15360 15363 15366 15369 15372 15375 15378 15381 15384 15387 15390 15393 15396 15399 15402 15405 15408 15411 15414 15417 15420 15423 15426 15429 15432 15435 15438 15441 15444 15447 15450 15453 15456 15459 15462 15465 15468 15471 15474 15477 15480 15483 15486 15489 15492 15495 15498 15501 15504 15507 15510 15513 15516 15519 15522 
        </DataArray>
        <DataArray type="UInt8" Name="types" format="ascii">
          5 5 5 5 5 5 5 5 5 5 5 5 5 5 5 5 5 5 5 5 5 5 5 5 5 5 5 5 5 5 5 5 5 5 5 5 5 5 5 5 5 5 5 5 5 5 5 5 5 5 5 5 5 5 5 5 5 5 5 5 5 5 5 5 5 5 5 5 5 5 5 5 5 5 5 5 5 5 5 5 5 5 5 5 5 5 5 5 5 5 5 5 5 5 5 5 5 5 5 5 5 5 5 5 5 5 5 5 5 5 5 5 5 5 5 5 5 5 5 5 5 5 5 5 5 5 5 5 5 5 5 5 5 5 5 5 5 5 5 5 5 5 5 5 5 5 5 5 5 5 5 5 5 5 5 5 5 5 5 5 5 5 5 5 5 5 5 5 5 5 5 5 5 5 5 5 5 5 5 5 5 5 5 5 5 5 5 5 5 5 5 5 5 5 5 5 5 5 5 5 5 5 5 5 5 5 5 5 5 5 5 5 5 5 5 5 5 5 5 5 5 5 5 5 5 5 5 5 5 5 5 5 5 5 5 5 5 5 5 5 5 5 5 5 5 5 5 5 5 5 5 5 5 5 5 5 5 5 5 5 5 5 5 5 5 5 5 5 5 5 5 5 5 5 5 5 5 5 5 5 5 5 5 5 5 5 5 5 5 5 5 5 5 5 5 5 5 5 5 5 5 5 5 5 5 5 5 5 5 5 5 5 5 5 5 5 5 5 5 5 5 5 5 5 5 5 5 5 5 5 5 5 5 5 5 5 5 5 5 5 5 5 5 5 5 5 5 5 5 5 5 5 5 5 5 5 5 5 5 5 5 5 5 5 5 5 5 5 5 5 5 5 5 5 5 5 5 5 5 5 5 5 5 5 5 5 5 5 5 5 5 5 5 5 5 5 5 5 5 5 5 5 5 5 5 5 5 5 5 5 5 5 5 5 5 5 5 5 5 5 5 5 5 5 5 5 5 5 5 5 5 5 5 5 5 5 5 5 5 5 5 5 5 5 5 5 5 5 5 5 5 5 5 5 5 5 5 5 5 5 5 5 5 5 5 5 5 5 5 5 5 5 5 5 5 5 5 5 5 5 5 5 5 5 5 5 5 5 5 5 5 5 5 5 5 5 5 5 5 5 5 5 5 5 5 5 5 5 5 5 5 5 5 5 5 5 5 5 5 5 5 5 5 5 5 5 5 5 5 5 5 5 5 5 5 5 5 5 5 5 5 5 5 5 5 5 5 5 5 5 5 5 5 5 5 5 5 5 5 5 5 5 5 5 5 5 5 5 5 5 5 5 5 5 5 5 5 5 5 5 5 5 5 5 5 5 5 5 5 5 5 5 5 5 5 5 5 5 5 5 5 5 5 5 5 5 5 5 5 5 5 5 5 5 5 5 5 5 5 5 5 5 5 5 5 5 5 5 5 5 5 5 5 5 5 5 5 5 5 5 5 5 5 5 5 5 5 5 5 5 5 5 5 5 5 5 5 5 5 5 5 5 5 5 5 5 5 5 5 5 5 5 5 5 5 5 5 5 5 5 5 5 5 5 5 5 5 5 5 5 5 5 5 5 5 5 5 5 5 5 5 5 5 5 5 5 5 5 5 5 5 5 5 5 5 5 5 5 5 5 5 5 5 5 5 5 5 5 5 5 5 5 5 5 5 5 5 5 5 5 5 5 5 5 5 5 5 5 5 5 5 5 5 5 5 5 5 5 5 5 5 5 5 5 5 5 5 5 5 5 5 5 5 5 5 5 5 5 5 5 5 5 5 5 5 5 5 5 5 5 5 5 5 5 5 5 5 5 5 5 5 5 5 5 5 5 5 5 5 5 5 5 5 5 5 5 5 5 5 5 5 5 5 5 5 5 5 5 5 5 5 5 5 5 5 5 5 5 5 5 5 5 5 5 5 5 5 5 5 5 5 5 5 5 5 5 5 5 5 5 5 5 5 5 5 5 5 5 5 5 5 5 5 5 5 5 5 5 5 5 5 5 5 5 5 5 5 5 5 5 5 5 5 5 5 5 5 5 5 5 5 5 5 5 5 5 5 5 5 5 5 5 5 5 5 5 5 5 5 5 5 5 5 5 5 5 5 5 5 5 5 5 5 5 5 5 5 5 5 5 5 5 5 5 5 5 5 5 5 5 5 5 5 5 5 5 5 5 5 5 5 5 5 5 5 5 5 5 5 5 5 5 5 5 5 5 5 5 5 5 5 5 5 5 5 5 5 5 5 5 5 5 5 5 5 5 5 5 5 5 5 5 5 5 5 5 5 5 5 5 5 5 5 5 5 5 5 5 5 5 5 5 5 5 5 5 5 5 5 5 5 5 5 5 5 5 5 5 5 5 5 5 5 5 5 5 5 5 5 5 5 5 5 5 5 5 5 5 5 5 5 5 5 5 5 5 5 5 5 5 5 5 5 5 5 5 5 5 5 5 5 5 5 5 5 5 5 5 5 5 5 5 5 5 5 5 5 5 5 5 5 5 5 5 5 5 5 5 5 5 5 5 5 5 5 5 5 5 5 5 5 5 5 5 5 5 5 5 5 5 5 5 5 5 5 5 5 5 5 5 5 5 5 5 5 5 5 5 5 5 5 5 5 5 5 5 5 5 5 5 5 5 5 5 5 5 5 5 5 5 5 5 5 5 5 5 5 5 5 5 5 5 5 5 5 5 5 5 5 5 5 5 5 5 5 5 5 5 5 5 5 5 5 5 5 5 5 5 5 5 5 5 5 5 5 5 5 5 5 5 5 5 5 5 5 5 5 5 5 5 5 5 5 5 5 5 5 5 5 5 5 5 5 5 5 5 5 5 5 5 5 5 5 5 5 5 5 5 5 5 5 5 5 5 5 5 5 5 5 5 5 5 5 5 5 5 5 5 5 5 5 5 5 5 5 5 5 5 5 5 5 5 5 5 5 5 5 5 5 5 5 5 5 5 5 5 5 5 5 5 5 5 5 5 5 5 5 5 5 5 5 5 5 5 5 5 5 5 5 5 5 5 5 5 5 5 5 5 5 5 5 5 5 5 5 5 5 5 5 5 5 5 5 5 5 5 5 5 5 5 5 5 5 5 5 5 5 5 5 5 5 5 5 5 5 5 5 5 5 5 5 5 5 5 5 5 5 5 5 5 5 5 5 5 5 5 5 5 5 5 5 5 5 5 5 5 5 5 5 5 5 5 5 5 5 5 5 5 5 5 5 5 5 5 5 5 5 5 5 5 5 5 5 5 5 5 5 5 5 5 5 5 5 5 5 5 5 5 5 5 5 5 5 5 5 5 5 5 5 5 5 5 5 5 5 5 5 5 5 5 5 5 5 5 5 5 5 5 5 5 5 5 5 5 5 5 5 5 5 5 5 5 5 5 5 5 5 5 5 5 5 5 5 5 5 5 5 5 5 5 5 5 5 5 5 5 5 5 5 5 5 5 5 5 5 5 5 5 5 5 5 5 5 5 5 5 5 5 5 5 5 5 5 5 5 5 5 5 5 5 5 5 5 5 5 5 5 5 5 5 5 5 5 5 5 5 5 5 5 5 5 5 5 5 5 5 5 5 5 5 5 5 5 5 5 5 5 5 5 5 5 5 5 5 5 5 5 5 5 5 5 5 5 5 5 5 5 5 5 5 5 5 5 5 5 5 5 5 5 5 5 5 5 5 5 5 5 5 5 5 5 5 5 5 5 5 5 5 5 5 5 5 5 5 5 5 5 5 5 5 5 5 5 5 5 5 5 5 5 5 5 5 5 5 5 5 5 5 5 5 5 5 5 5 5 5 5 5 5 5 5 5 5 5 5 5 5 5 5 5 5 5 5 5 5 5 5 5 5 5 5 5 5 5 5 5 5 5 5 5 5 5 5 5 5 5 5 5 5 5 5 5 5 5 5 5 5 5 5 5 5 5 5 5 5 5 5 5 5 5 5 5 5 5 5 5 5 5 5 5 5 5 5 5 5 5 5 5 5 5 5 5 5 5 5 5 5 5 5 5 5 5 5 5 5 5 5 5 5 5 5 5 5 5 5 5 5 5 5 5 5 5 5 5 5 5 5 5 5 5 5 5 5 5 5 5 5 5 5 5 5 5 5 5 5 5 5 5 5 5 5 5 5 5 5 5 5 5 5 5 5 5 5 5 5 5 5 5 5 5 5 5 5 5 5 5 5 5 5 5 5 5 5 5 5 5 5 5 5 5 5 5 5 5 5 5 5 5 5 5 5 5 5 5 5 5 5 5 5 5 5 5 5 5 5 5 5 5 5 5 5 5 5 5 5 5 5 5 5 5 5 5 5 5 5 5 5 5 5 5 5 5 5 5 5 5 5 5 5 5 5 5 5 5 5 5 5 5 5 5 5 5 5 5 5 5 5 5 5 5 5 5 5 5 5 5 5 5 5 5 5 5 5 5 5 5 5 5 5 5 5 5 5 5 5 5 5 5 5 5 5 5 5 5 5 5 5 5 5 5 5 5 5 5 5 5 5 5 5 5 5 5 5 5 5 5 5 5 5 5 5 5 5 5 5 5 5 5 5 5 5 5 5 5 5 5 5 5 5 5 5 5 5 5 5 5 5 5 5 5 5 5 5 5 5 5 5 5 5 5 5 5 5 5 5 5 5 5 5 5 5 5 5 5 5 5 5 5 5 5 5 5 5 5 5 5 5 5 5 5 5 5 5 5 5 5 5 5 5 5 5 5 5 5 5 5 5 5 5 5 5 5 5 5 5 5 5 5 5 5 5 5 5 5 5 5 5 5 5 5 5 5 5 5 5 5 5 5 5 5 5 5 5 5 5 5 5 5 5 5 5 5 5 5 5 5 5 5 5 5 5 5 5 5 5 5 5 5 5 5 5 5 5 5 5 5 5 5 5 5 5 5 5 5 5 5 5 5 5 5 5 5 5 5 5 5 5 5 5 5 5 5 5 5 5 5 5 5 5 5 5 5 5 5 5 5 5 5 5 5 5 5 5 5 5 5 5 5 5 5 5 5 5 5 5 5 5 5 5 5 5 5 5 5 5 5 5 5 5 5 5 5 5 5 5 5 5 5 5 5 5 5 5 5 5 5 5 5 5 5 5 5 5 5 5 5 5 5 5 5 5 5 5 5 5 5 5 5 5 5 5 5 5 5 5 5 5 5 5 5 5 5 5 5 5 5 5 5 5 5 5 5 5 5 5 5 5 5 5 5 5 5 5 5 5 5 5 5 5 5 5 5 5 5 5 5 5 5 5 5 5 5 5 5 5 5 5 5 5 5 5 5 5 5 5 5 5 5 5 5 5 5 5 5 5 5 5 5 5 5 5 5 5 5 5 5 5 5 5 5 5 5 5 5 5 5 5 5 5 5 5 5 5 5 5 5 5 5 5 5 5 5 5 5 5 5 5 5 5 5 5 5 5 5 5 5 5 5 5 5 5 5 5 5 5 5 5 5 5 5 5 5 5 5 5 5 5 5 5 5 5 5 5 5 5 5 5 5 5 5 5 5 5 5 5 5 5 5 5 5 5 5 5 5 5 5 5 5 5 5 5 5 5 5 5 5 5 5 5 5 5 5 5 5 5 5 5 5 5 5 5 5 5 5 5 5 5 5 5 5 5 5 5 5 5 5 5 5 5 5 5 5 5 5 5 5 5 5 5 5 5 5 5 5 5 5 5 5 5 5 5 5 5 5 5 5 5 5 5 5 5 5 5 5 5 5 5 5 5 5 5 5 5 5 5 5 5 5 5 5 5 5 5 5 5 5 5 5 5 5 5 5 5 5 5 5 5 5 5 5 5 5 5 5 5 5 5 5 5 5 5 5 5 5 5 5 5 5 5 5 5 5 5 5 5 5 5 5 5 5 5 5 5 5 5 5 5 5 5 5 5 5 5 5 5 5 5 5 5 5 5 5 5 5 5 5 5 5 5 5 5 5 5 5 5 5 5 5 5 5 5 5 5 5 5 5 5 5 5 5 5 5 5 5 5 5 5 5 5 5 5 5 5 5 5 5 5 5 5 5 5 5 5 5 5 5 5 5 5 5 5 5 5 5 5 5 5 5 5 5 5 5 5 5 5 5 5 5 5 5 5 5 5 5 5 5 5 5 5 5 5 5 5 5 5 5 5 5 5 5 5 5 5 5 5 5 5 5 5 5 5 5 5 5 5 5 5 5 5 5 5 5 5 5 5 5 5 5 5 5 5 5 5 5 5 5 5 5 5 5 5 5 5 5 5 5 5 5 5 5 5 5 5 5 5 5 5 5 5 5 5 5 5 5 5 5 5 5 5 5 5 5 5 5 5 5 5 5 5 5 5 5 5 5 5 5 5 5 5 5 5 5 5 5 5 5 5 5 5 5 5 5 5 5 5 5 5 5 5 5 5 5 5 5 5 5 5 5 5 5 5 5 5 5 5 5 5 5 5 5 5 5 5 5 5 5 5 5 5 5 5 5 5 5 5 5 5 5 5 5 5 5 5 5 5 5 5 5 5 5 5 5 5 5 5 5 5 5 5 5 5 5 5 5 5 5 5 5 5 5 5 5 5 5 5 5 5 5 5 5 5 5 5 5 5 5 5 5 5 5 5 5 5 5 5 5 5 5 5 5 5 5 5 5 5 5 5 5 5 5 5 5 5 5 5 5 5 5 5 5 5 5 5 5 5 5 5 5 5 5 5 5 5 5 5 5 5 5 5 5 5 5 5 5 5 5 5 5 5 5 5 5 5 5 5 5 5 5 5 5 5 5 5 5 5 5 5 5 5 5 5 5 5 5 5 5 5 5 5 5 5 5 5 5 5 5 5 5 5 5 5 5 5 5 5 5 5 5 5 5 5 5 5 5 5 5 5 5 5 5 5 5 5 5 5 5 5 5 5 5 5 5 5 5 5 5 5 5 5 5 5 5 5 5 5 5 5 5 5 5 5 5 5 5 5 5 5 5 5 5 5 5 5 5 5 5 5 5 5 5 5 5 5 5 5 5 5 5 5 5 5 5 5 5 5 5 5 5 5 5 5 5 5 5 5 5 5 5 5 5 5 5 5 5 5 5 5 5 5 5 5 5 5 5 5 5 5 5 5 5 5 5 5 5 5 5 5 5 5 5 5 5 5 5 5 5 5 5 5 5 5 5 5 5 5 5 5 5 5 5 5 5 5 5 5 5 5 5 5 5 5 5 5 5 5 5 5 5 5 5 5 5 5 5 5 5 5 5 5 5 5 5 5 5 5 5 5 5 5 5 5 5 5 5 5 5 5 5 5 5 5 5 5 5 5 5 5 5 5 5 5 5 5 5 5 5 5 5 5 5 5 5 5 5 5 5 5 5 5 5 5 5 5 5 5 5 5 5 5 5 5 5 5 5 5 5 5 5 5 5 5 5 5 5 5 5 5 5 5 5 5 5 5 5 5 5 5 5 5 5 5 5 5 5 5 5 5 5 5 5 5 5 5 5 5 5 5 5 5 5 5 5 5 5 5 5 5 5 5 5 5 5 5 5 5 5 5 5 5 5 5 5 5 5 5 5 5 5 5 5 5 5 5 5 5 5 5 5 5 5 5 5 5 5 5 5 5 5 5 5 5 5 5 5 5 5 5 5 5 5 5 5 5 5 5 5 5 5 5 5 5 5 5 5 5 5 5 5 5 5 5 5 5 5 5 5 5 5 5 5 5 5 5 5 5 5 5 5 5 5 5 5 5 5 5 5 5 5 5 5 5 5 5 5 5 5 5 5 5 5 5 5 5 5 5 5 5 5 5 5 5 5 5 5 5 5 5 5 5 5 5 5 5 5 5 5 5 5 5 5 5 5 5 5 5 5 5 5 5 5 5 5 5 5 5 5 5 5 5 5 5 5 5 5 5 5 5 5 5 5 5 5 5 5 5 5 5 5 5 5 5 5 5 5 5 5 5 5 5 5 5 5 5 5 5 5 5 5 5 5 5 5 5 5 5 5 5 5 5 5 5 5 5 5 5 5 5 5 5 5 5 5 5 5 5 5 5 5 5 5 5 5 5 5 5 5 5 5 5 5 5 5 5 5 5 5 5 5 5 5 5 5 5 5 5 5 5 5 5 5 5 5 5 5 5 5 5 5 5 5 5 5 5 5 5 5 5 5 5 5 5 5 5 5 5 5 5 5 5 5 5 5 5 5 5 5 5 5 5 5 5 5 5 5 5 5 5 5 5 5 5 5 5 5 5 5 5 5 5 5 5 5 5 5 5 5 5 5 5 5 5 5 5 5 5 5 5 5 5 5 5 5 5 5 5 5 5 5 5 5 5 5 5 5 5 5 5 5 5 5 5 5 5 5 5 5 5 5 5 5 5 5 5 5 5 5 5 5 5 5 5 5 5 5 5 5 5 5 5 5 5 5 5 5 5 5 5 5 5 5 5 5 5 5 5 5 5 5 5 5 5 5 5 5 5 5 5 5 5 5 5 5 5 5 5 5 5 5 5 5 5 5 5 5 5 5 5 5 5 5 5 5 5 5 5 5 5 5 5 5 5 5 5 5 5 5 5 5 5 5 5 5 5 5 5 5 5 5 5 5 5 5 5 5 5 5 5 5 5 5 5 5 5 5 5 5 5 5 5 5 5 5 5 5 5 5 5 5 5 5 5 5 5 5 5 5 5 5 5 5 5 5 5 5 5 5 5 5 5 5 5 5 5 5 5 5 5 5 5 5 5 5 5 5 5 5 5 5 5 5 5 5 5 5 5 5 5 5 5 5 5 5 5 5 5 5 5 5 5 5 5 5 5 5 5 5 5 5 5 5 5 5 5 5 5 5 5 5 5 5 5 5 5 5 5 5 5 5 5 5 5 5 5 5 5 5 5 5 5 5 5 5 5 5 5 5 5 5 5 5 5 5 5 5 5 5 5 5 5 5 5 5 5 5 5 5 5 5 5 5 5 5 5 5 5 5 5 5 5 5 5 5 5 5 5 5 5 5 5 5 5 5 5 5 5 5 5 5 5 5 5 5 5 5 5 5 5 5 5 5 5 5 5 5 5 5 5 5 5 5 5 5 5 5 5 5 5 5 5 5 5 5 5 5 5 5 5 5 5 5 5 5 5 5 5 5 5 5 5 5 5 5 5 5 5 5 5 5 5 5 5 5 5 5 5 5 5 5 5 5 5 5 5 5 5 5 5 5 5 5 5 5 5 5 5 5 5 5 5 5 5 5 5 5 5 5 5 5 5 5 5 5 5 5 5 5 5 5 5 5 5 5 5 5 5 5 5 5 5 5 5 5 5 5 5 5 5 5 5 5 5 5 5 5 5 5 5 5 5 5 5 5 5 5 5 5 5 5 5 5 5 5 5 5 5 5 5 5 5 5 5 5 5 5 5 5 5 5 5 5 5 5 5 5 5 5 5 5 5 5 5 5 5 5 5 5 5 5 5 5 5 5 5 5 5 5 5 5 5 5 5 5 5 5 5 5 5 5 5 5 5 5 5 5 5 5 5 5 5 5 5 5 5 5 5 5 5 5 5 5 5 5 5 5 5 5 5 5 5 5 5 5 5 5 5 5 5 5 5 5 5 5 5 5 5 5 5 5 5 5 5 5 5 5 5 5 5 5 5 5 5 5 5 5 5 5 5 5 5 5 5 5 5 5 5 5 5 5 5 5 5 5 5 5 5 5 5 5 5 5 5 5 5 5 5 5 5 5 5 5 5 5 5 5 5 5 5 5 5 5 5 5 5 5 5 5 5 5 5 5 5 5 5 5 5 5 5 5 5 5 5 5 5 5 5 5 5 5 5 5 5 5 5 5 5 5 5 5 5 5 5 5 5 5 5 5 5 5 5 5 5 5 5 5 5 5 5 5 5 5 5 5 5 5 5 5 5 5 5 5 5 5 5 5 5 5 5 5 5 5 5 5 5 5 5 5 5 5 5 5 5 5 5 5 5 5 5 5 5 5 5 5 5 5 5 5 5 5 5 5 5 5 5 5 5 5 5 5 5 5 5 5 5 5 5 5 5 5 5 5 5 5 5 5 5 5 5 5 5 5 5 5 5 5 5 5 5 5 5 5 5 5 5 5 5 5 5 5 5 5 5 5 5 5 5 5 5 5 5 5 5 5 5 5 5 5 5 5 5 5 5 5 5 5 5 5 5 5 5 5 5 5 5 5 5 5 5 5 5 5 5 5 5 5 5 5 5 5 5 5 5 5 5 5 5 5 5 5 5 5 5 5 5 5 5 5 5 5 5 5 5 5 5 5 5 5 5 5 5 5 5 5 5 5 5 5 5 5 5 5 5 5 5 5 5 5 5 5 5 5 5 5 5 5 5 5 5 5 5 5 5 5 5 5 5 5 5 5 5 5 5 5 5 5 5 5 5 5 5 5 5 5 5 5 5 5 5 5 5 5 5 5 5 5 5 5 5 5 5 5 5 5 5 5 5 5 5 5 5 5 5 5 5 5 5 5 5 5 5 5 5 5 5 5 5 5 5 5 5 5 5 5 5 5 5 5 5 5 5 5 5 5 5 5 5 5 5 5 5 5 5 5 5 5 5 5 5 5 5 5 5 5 5 5 5 5 5 5 5 5 5 5 5 5 5 5 5 5 5 5 5 5 5 5 5 5 5 5 5 5 5 5 5 5 5 5 5 5 5 5 5 5 5 5 5 5 5 5 5 5 5 5 5 5 5 5 5 5 5 5 5 5 5 5 5 5 5 5 5 5 5 5 5 5 5 5 5 5 5 5 5 5 5 5 5 5 5 5 5 5 5 5 5 5 5 5 5 5 5 5 5 5 5 5 5 5 5 5 5 5 5 5 5 5 5 5 5 5 5 5 5 5 5 5 5 5 5 5 5 5 5 5 5 5 5 5 5 5 5 5 5 5 5 5 5 5 5 5 5 5 5 5 5 5 5 5 5 5 5 5 5 5 5 5 5 5 5 5 5 5 5 5 5 5 5 5 5 5 5 5 5 5 5 5 5 5 5 5 5 5 5 5 5 5 5 5 5 5 5 5 5 5 5 5 5 5 5 5 5 5 5 5 5 5 5 5 5 5 5 5 5 5 5 5 5 5 5 5 5 5 5 5 5 5 5 5 5 5 5 5 5 5 5 5 5 5 5 5 5 5 5 5 5 5 5 5 5 5 5 5 5 5 5 5 5 5 5 5 5 5 5 5 5 5 5 5 5 5 5 5 5 5 5 5 5 5 5 5 5 5 5 5 5 5 5 5 5 5 5 5 5 5 5 5 5 5 5 5 5 5 5 5 5 5 5 5 5 5 5 5 5 5 5 5 5 5 5 5 5 5 5 5 5 5 5 5 5 5 5 5 5 5 5 5 5 5 5 5 5 5 5 5 5 5 5 5 5 5 5 5 5 5 5 5 5 5 5 5 5 5 5 5 5 5 5 5 5 5 5 5 5 5 5 5 5 5 5 5 5 5 5 5 5 5 5 5 5 5 5 5 5 5 5 5 5 5 5 5 5 5 5 5 5 5 5 5 5 5 5 5 5 5 5 5 5 5 5 5 5 5 5 5 5 5 5 5 5 5 5 5 5 5 5 5 5 5 5 5 5 5 5 5 5 5 5 5 5 5 5 5 5 5 5 5 5 5 5 5 5 5 5 5 5 5 5 5 5 5 5 5 5 5 5 5 5 5 5 5 5 5 5 5 5 5 5 5 5 5 5 5 5 5 5 5 5 5 5 5 5 5 5 5 5 5 
        </DataArray>
      </Cells>
      <PointData Scalars="value">
        <DataArray type="Float64" Name="value" format="ascii">
          422.967234 449.627937 397.497713 437.455254 439.353431 458.382639 458.394769 405.809185 438.782740 429.370036 443.757419 431.543443 318.320317 442.094907 368.678857 439.813887 446.524627 430.991395 377.554018 420.717688 457.577490 424.548552 428.003771 450.719156 440.937377 415.557814 431.504527 416.203493 426.863564 450.678766 410.567848 461.536587 444.150877 424.882536 340.693778 447.386435 447.078275 396.163689 432.380947 430.869699 426.457536 422.756988 449.704262 425.610858 382.741535 456.966970 444.803028 300.000000 413.182207 441.980985 327.805735 433.560771 434.581109 431.860438 453.789444 429.484821 441.156746 431.801655 447.351621 427.128914 341.391375 341.167908 435.312816 445.393532 457.414680 446.067233 448.591240 414.426810 439.927062 434.836762 430.969276 425.588701 384.781397 442.371281 443.345774 411.005660 455.979647 453.278769 421.132105 451.591211 432.488399 443.026659 430.324253 431.442791 411.192882 403.949045 433.089233 410.827644 437.484471 412.150895 428.758972 442.614679 343.251378 305.924499 429.446785 447.736191 446.889978 418.082068 408.010134 300.000000 455.214114 436.138082 433.421600 447.565325 457.737170 448.951080 428.755869 381.307982 446.450648 408.063171 453.125935 432.827449 449.010201 433.766459 398.306116 426.902870 435.989317 449.031510 357.752721 441.699355 447.832167 445.705645 306.058578 449.625056 429.405959 423.505289 435.791020 427.058130 441.175255 432.438030 459.815802 423.102111 404.673060 451.170307 434.652601 443.846199 448.488699 452.277512 442.300168 445.713987 400.315250 429.021281 393.589831 461.028977 441.855676 450.052487 439.410167 409.414138 411.976873 446.941789 430.568014 429.710635 424.071904 431.480934 437.702029 373.844188 451.357470 415.194954 462.823613 444.162893 450.697326 443.501258 434.966233 435.874367 420.921069 447.832695 447.472413 444.872258 403.977999 441.204296 431.881740 413.124247 447.251369 425.215980 434.801576 438.511139 410.795284 442.650657 447.584045 445.061861 414.396118 435.107428 439.355463 458.456139 437.120975 434.051489 437.819576 448.879784 416.893027 436.213430 409.814323 442.177110 443.156693 449.449958 414.239748 445.580403 378.851761 437.291211 407.741621 443.686774 438.773966 426.200492 347.828887 300.000000 448.237936 420.766769 429.557995 445.275320 428.649086 462.765570 450.175021 446.917176 312.898032 452.687656 446.070876 434.813270 452.713441 436.235824 409.044914 425.313962 440.160718 430.591239 440.661283 393.687921 430.683591 438.672746 424.966994 432.917834 438.443103 343.828265 441.671642 442.795717 457.194555 440.252648 431.363632 437.308313 399.129701 444.968372 429.228501 417.858630 430.569105 440.031585 354.412523 459.718446 431.270148 426.534428 451.085058 435.976161 300.000000 447.621919 443.344094 423.720367 451.230063 450.038756 415.261393 435.235970 450.552424 458.411062 444.693892 435.174600 429.471375 450.299633 437.806121 430.197325 408.072470 447.091441 434.659791 428.202682 431.769700 413.096162 432.282293 412.588653 441.317477 427.326311 402.226327 426.676088 457.165704 452.004421 441.555279 410.342250 437.000044 431.585082 449.749930 430.615974 446.940890 431.743327 443.451212 446.773889 448.428962 419.490471 449.262865 394.201553 418.993755 460.171531 454.228582 436.843266 447.543846 417.175031 440.769193 445.578913 429.728067 435.916606 432.091825 426.602477 436.699916 421.751310 447.101537 444.681763 455.473638 442.865468 441.275093 407.790691 445.551871 454.571658 449.593900 446.398421 445.334505 444.707062 420.741916 462.193412 436.158353 445.334715 448.718853 437.830458 456.302172 450.168254 446.843295 408.567028 416.281724 418.365166 459.205605 449.298455 444.796611 431.993645 437.417289 454.998925 417.850209 445.946317 431.900293 455.433502 456.939233 441.004904 460.747126 300.000000 412.348747 458.773318 441.395782 445.171612 457.596226 434.484131 430.928201 426.081889 430.521808 424.612973 429.109187 439.665864 442.932592 449.752844 435.378450 434.454545 449.095370 415.593074 444.387464 412.084201 461.362163 414.913613 414.902296 410.023537 415.548657 417.932386 455.670012 458.132861 457.628575 445.027637 440.568540 416.557662 452.414263 416.900941 442.638703 415.889958 423.345780 445.332931 424.163891 444.758658 432.879186 434.289745 448.075819 448.463043 432.188699 430.678443 415.741954 414.226052 455.734251 435.900452 459.960583 449.137318 451.304137 431.671334 327.488516 300.000000 461.338531 429.453028 432.412782 421.225360 388.460850 457.554339 429.446495 436.851285 422.471015 447.261399 444.555682 431.811804 444.322587 431.697816 446.851521 411.782486 363.369150 451.763453 445.122549 432.347758 393.573187 450.108635 448.331309 335.488837 417.390824 433.814461 444.962114 436.339031 442.951685 428.808943 444.533462 448.037090 429.382028 436.474182 417.090478 446.264627 445.121708 431.432686 443.922354 434.773445 371.578013 448.057322 423.517365 446.879291 444.337725 445.962714 414.074808 433.183546 462.189443 433.841416 456.541700 404.646949 405.314590 453.994747 449.283535 411.583380 433.896339 407.139583 445.499873 410.303331 446.174246 440.196613 438.345888 410.993486 346.653019 431.666088 448.869382 435.123178 433.134447 439.598190 450.776007 461.559611 450.426295 427.533481 362.672848 440.662247 424.026383 446.227422 434.993295 449.687287 439.610340 449.053846 434.009451 414.764440 420.115913 385.394364 460.961134 300.000000 439.591073 462.821970 430.505638 413.403731 431.410108 427.781028 398.148876 428.869293 433.831453 441.253521 431.271764 312.339467 400.913848 437.225380 425.672919 300.000000 440.836160 414.596028 449.657652 449.186178 436.776590 432.828829 448.851401 461.142729 453.314204 425.868199 418.646279 434.684888 327.218731 454.293733 428.941124 428.189729 422.269674 398.741184 447.191419 405.439836 451.915413 433.623455 459.541606 433.556515 436.966041 451.700527 449.449994 421.801622 444.038024 452.026683 388.714177 415.127045 444.722019 443.065605 420.862026 441.183694 427.401337 446.522556 446.186120 436.952838 430.685723 430.215704 435.429996 446.926168 443.118525 414.847013 437.147700 428.559508 445.310615 434.813035 430.146279 432.880610 449.032824 430.744991 428.214406 430.766291 443.306670 431.072997 442.721182 423.704257 442.603953 434.185513 401.124604 420.639377 432.037311 451.196656 421.699284 429.354506 437.422984 445.223057 450.940466 415.779037 422.576344 448.947100 352.139281 445.407934 421.400407 426.164174 408.973451 432.737118 452.892251 413.135126 430.490738 436.054377 441.391000 410.001954 429.969953 454.026254 431.815569 418.116526 444.987076 431.237536 413.771991 437.335920 423.412973 406.839509 442.298308 422.016520 419.534524 434.729443 449.897452 434.461023 455.203242 450.738445 418.488172 452.349457 318.692670 454.553663 330.067402 426.793530 430.532831 434.953598 380.264979 437.789496 446.328213 433.035695 422.567387 451.343409 363.619811 439.258686 443.908519 431.815585 433.060538 445.242698 443.178109 425.594600 452.899995 384.693953 423.447185 435.261494 438.644852 451.498236 421.291413 435.585686 435.732139 427.503854 413.237817 429.541472 445.476136 441.975595 449.563922 447.521524 411.489674 444.768458 424.830910 438.585700 429.509640 442.816468 445.699652 415.295661 454.920661 431.189874 406.497923 425.644762 415.697181 448.535645 429.502281 454.163433 445.280386 429.694878 433.259272 408.788735 438.242156 422.137479 439.133410 370.454028 434.837270 414.905449 454.180181 428.573087 412.619643 457.442946 436.710394 440.358194 429.708312 441.197050 440.727027 432.598021 412.734750 425.312299 455.460300 427.124745 423.964872 436.013326 443.971236 423.883402 440.721193 446.920595 415.548586 429.375868 448.317402 432.088983 452.906463 426.532361 433.586782 452.539831 438.287599 452.089807 449.145991 460.229195 429.297252 459.796630 416.235625 437.999714 441.780892 438.934566 441.554701 447.333224 432.848745 442.910778 446.186115 421.564019 438.098249 425.024674 432.461161 444.289527 456.729478 440.544231 392.742405 432.770401 451.307093 461.180189 440.558662 427.862589 433.427730 442.421299 444.965349 457.879135 339.145655 433.408828 322.505685 416.861297 428.941896 445.269873 430.395233 424.892335 461.538642 447.035061 456.308029 449.432742 435.442414 437.254175 439.601627 441.018992 447.273302 368.584660 444.409211 416.147867 394.788869 430.956311 425.331995 413.885399 423.593299 431.704304 443.526601 437.688070 422.185994 434.116424 445.041784 435.835890 439.424550 426.465413 436.935233 411.451024 412.121680 460.237318 438.664100 416.060752 436.573599 412.452366 438.145469 458.386223 418.703540 460.082158 442.157079 419.197177 333.993408 435.403680 448.346751 448.599844 425.718334 423.857696 429.357415 443.596552 432.961135 439.242831 435.519534 441.563835 434.132599 414.928183 453.673290 432.996915 453.361571 451.570495 446.464124 462.856472 353.680170 455.501889 446.826759 445.927591 328.633637 431.179382 426.441974 397.116367 414.707938 415.944915 425.536657 383.304235 423.626512 459.419432 372.800021 443.208153 416.079782 435.640573 448.145969 454.291954 431.631626 434.662578 336.297541 347.311666 416.466075 434.660800 435.170569 434.806814 448.591456 432.556313 461.480775 437.820595 446.029627 452.545095 440.143850 434.470772 451.510459 453.428717 431.637117 436.537439 416.026308 432.192838 394.229869 442.853113 449.481702 414.339457 423.234482 356.047314 430.776859 424.267059 407.763897 442.190229 405.124256 441.810391 460.037381 451.035813 439.073025 438.878134 433.031319 452.682366 433.919150 445.854371 439.831124 435.746673 408.882680 349.655532 445.023094 437.654027 376.999658 437.161103 404.817997 461.667318 433.083662 429.810672 422.127159 415.066531 443.605649 417.032723 430.607770 458.772819 432.550641 369.412364 392.707417 394.541800 420.216427 404.466499 457.989005 442.342847 429.570511 451.293351 439.449978 426.511968 415.138174 434.623893 442.898606 433.457922 428.070208 462.345673 455.424288 436.917299 433.372620 446.808665 439.177507 392.526076 448.360940 416.271135 430.831068 392.916637 449.201485 428.222455 452.118804 412.618350 432.186510 446.822772 443.412101 442.177406 450.150580 445.262112 428.601815 447.071692 415.525906 448.979243 445.732871 440.541395 458.442524 450.030816 411.151057 453.169066 441.995473 435.975965 455.474417 444.979874 426.916835 430.879120 449.958863 427.514542 407.291320 431.679692 451.410046 449.775477 420.105700 425.362292 405.868175 444.830890 340.000729 402.473757 434.210199 444.849892 437.605087 432.883458 459.442282 461.343214 451.032292 413.913221 436.073932 432.232647 432.952964 445.265130 421.251922 399.703610 440.924225 415.686734 391.704156 447.950336 453.397018 415.855955 456.564396 433.885816 444.524463 416.879737 427.917733 405.928906 421.224883 421.196486 419.182883 442.621728 446.014083 443.038089 436.800313 449.897074 420.166764 433.862373 455.458331 448.980046 415.388537 395.679096 447.244977 393.033978 430.519817 441.705673 446.258817 425.003171 448.596780 455.685854 428.416154 451.761626 434.915697 432.478306 338.057053 410.735878 457.340484 452.751974 448.180102 449.520359 449.698215 434.558145 441.082096 441.681380 435.815212 427.694540 449.231681 429.350135 440.955044 457.187794 439.650619 432.295749 442.144217 381.265553 445.999759 425.300706 461.514342 444.266371 446.745862 425.259523 448.062879 439.109833 423.644333 426.937432 427.817961 413.217105 434.872415 442.393521 423.807868 415.001897 450.548320 438.077443 433.279521 436.843232 448.086792 432.987447 436.482643 432.995473 460.144959 435.598413 439.675683 448.422025 432.288627 430.440796 444.825781 433.068397 429.363555 415.210028 445.821198 446.240918 455.964867 429.959120 450.147190 442.408891 448.591809 445.907325 328.489679 441.806584 461.491393 445.365128 446.649918 455.162697 414.170139 461.083364 449.606597 415.236708 432.286468 431.565876 448.054822 428.062191 418.291004 447.602396 449.085385 450.631349 437.471047 412.868664 442.490634 460.740719 430.592450 306.843476 430.937016 416.478984 428.386899 425.072156 434.905511 433.683547 446.281905 430.848753 424.862895 415.515209 414.742517 455.843763 439.027443 441.451530 420.740517 438.908276 436.640935 313.225505 395.476443 404.889167 430.497721 435.043069 435.152914 422.747018 439.767815 441.155015 434.089636 433.243996 433.615338 430.207074 449.837672 447.699959 446.454489 417.349978 358.267226 442.612224 405.967779 434.496499 362.332218 429.223686 438.758392 444.361938 457.760708 389.168525 462.845807 420.264609 391.575760 451.363972 420.061795 426.679611 426.777049 400.265873 416.149991 435.550471 438.290640 445.475995 447.734304 417.611495 433.590199 418.403118 444.458585 448.001191 430.411541 442.668732 432.714208 451.461635 414.681843 424.213217 453.982940 401.656749 300.000000 445.226090 415.616610 438.640593 433.818083 462.852746 417.169749 411.502432 434.125022 445.951141 429.709785 422.219002 423.247414 425.723701 434.714345 434.784020 416.043318 449.657200 416.629468 433.860719 451.321081 436.516276 445.713963 444.061553 440.576818 436.238144 429.722003 316.819435 437.124336 429.980710 439.922204 443.183963 452.117011 431.816812 430.539305 447.611706 407.072398 441.332222 423.257320 443.522412 427.850414 398.719971 458.341724 450.261015 459.206359 429.476945 416.810132 446.875329 410.735793 454.553984 450.648470 447.385518 438.008244 453.472936 432.487173 421.415884 416.595563 409.502592 446.621094 438.495176 422.310295 430.501334 426.661831 429.373156 457.748312 455.089153 428.777224 449.687127 429.590210 439.114106 306.356723 423.031945 446.699519 450.579925 435.197866 432.330391 426.288392 442.578100 445.056555 426.062444 415.776476 441.680717 406.713672 447.150149 444.979763 363.218741 420.994336 388.048898 417.784364 414.655408 430.800345 434.106007 411.993713 418.559369 417.857774 420.350773 418.246573 375.393740 422.658519 372.660348 430.057198 399.065200 454.075012 415.292440 383.702237 433.523805 422.744402 447.489106 445.528424 437.617298 435.486525 443.423952 435.130864 428.277138 429.990553 431.735298 460.419696 400.593602 450.594869 443.663176 300.000000 461.598488 431.059999 446.526093 439.871170 415.014432 438.562762 436.102678 437.296320 430.241825 458.608474 386.041265 440.750014 434.882041 455.418534 441.317791 421.541505 448.417980 451.273592 448.160096 404.674564 434.930033 430.602263 432.954780 446.136352 448.056632 351.472070 429.293054 436.629920 438.051373 435.805526 458.661095 443.133099 437.585861 415.333354 423.905033 453.938761 413.230571 429.394526 369.539227 436.075641 443.346247 446.207968 415.759595 421.445160 391.936434 457.558624 432.121389 419.491704 430.750991 432.354206 442.069495 453.112911 434.403415 437.549259 448.751319 460.687791 410.618929 434.473236 434.074871 448.672442 438.490808 407.263182 437.978193 432.663183 443.767042 456.248488 394.302607 300.000000 449.101118 424.663431 462.609242 428.783773 432.427792 411.604388 445.309953 433.172926 436.287291 429.702077 428.998716 462.702504 440.165019 328.950090 411.491610 460.384854 458.541016 426.889484 441.493439 327.912475 433.601015 438.791048 436.079711 459.707835 410.584253 460.298525 429.387938 440.658170 431.942731 431.537182 416.258349 440.972561 440.711136 300.000000 444.031814 447.233598 433.530846 427.344427 404.475945 450.621757 429.373919 427.620563 448.815306 431.772111 458.175145 409.192775 433.589001 435.787580 431.397077 410.178594 461.078529 404.693091 439.127963 439.361822 423.132392 409.062752 439.515450 443.272433 450.619997 437.854089 439.024838 458.945021 436.989927 454.090472 431.755176 446.535369 432.151815 439.310811 446.932249 421.512344 405.595877 446.300716 430.525187 445.352953 439.719375 433.405130 446.827253 439.182800 445.259410 438.419979 410.007145 420.196789 456.914058 435.109993 422.321055 454.616807 438.526776 415.703856 438.686803 402.716841 444.027354 435.456982 418.873622 457.463341 455.628529 438.281597 431.823801 446.496215 447.726178 431.928183 448.785823 437.533909 414.055624 436.527036 437.373991 427.591565 411.617207 331.793398 459.267241 427.792943 431.790518 443.211376 437.624423 430.388370 445.799604 456.132596 427.504818 461.469478 450.223268 445.835834 413.893349 436.651513 417.906763 429.785502 436.067512 451.142263 412.597361 418.445797 332.528301 425.557732 433.085618 393.412242 451.581015 430.442520 418.095660 429.844455 461.781752 405.544870 431.983696 433.093472 433.951455 430.536376 443.807653 446.620164 391.305943 434.187462 414.446220 440.626800 429.377720 457.439779 456.418133 453.092169 445.804192 407.583625 444.669530 430.933646 431.251316 445.600308 428.294477 402.894540 427.016793 430.046663 435.354349 438.553355 428.081511 456.970564 431.903108 443.822475 433.107740 417.505705 409.823633 436.180191 432.696024 412.647299 462.690313 417.126593 459.757426 437.890435 392.414039 418.534598 427.824964 408.939011 432.344063 456.187182 420.494247 445.065171 424.622693 434.265682 457.443503 443.407242 444.113367 413.636597 449.014714 305.445882 437.542776 446.955037 462.354254 448.487657 448.963573 336.944242 423.155669 419.273792 418.482082 437.873561 432.572559 451.312966 434.178351 430.020279 415.058509 445.889671 439.646935 418.533445 300.000000 458.843139 462.005398 424.587239 447.431583 428.851430 456.878386 415.978774 431.533616 426.997029 428.005334 420.676446 400.598822 444.737303 411.034162 424.393337 436.136772 429.056581 430.079383 418.954959 456.062811 457.428997 449.866341 450.403894 428.550724 425.596730 436.330683 435.068070 457.359227 440.166699 416.091650 386.573509 319.131595 440.854976 408.889809 450.067631 429.168432 442.108651 438.007458 313.733857 421.052458 402.543163 456.941999 429.416758 427.981112 450.108078 424.744294 429.542802 433.533896 421.744002 366.208345 305.730020 435.966066 406.576815 448.842338 430.693520 441.062331 444.549452 423.042317 436.519445 435.676876 448.558027 447.484364 430.369210 455.182997 423.875668 401.871042 434.265289 444.855681 416.573814 450.451189 434.116487 425.442904 432.547709 446.217284 440.450221 453.979639 443.698258 445.401033 404.396401 440.386640 430.087461 315.695305 459.144909 445.193731 415.817820 424.066491 430.903565 435.859817 452.901217 415.452960 442.497566 437.889844 456.408411 436.445229 436.096394 437.407230 439.836278 435.991825 397.547014 434.893335 435.015101 433.460756 443.336774 430.714298 440.331306 321.351925 436.426722 429.640108 456.431603 445.196182 442.010836 447.065072 428.150083 445.388545 430.736590 395.680805 423.465460 442.865132 420.290522 435.856873 431.616679 442.329952 432.816395 443.098892 445.685900 429.894031 448.490185 430.338120 439.406208 423.868766 443.999221 411.995118 434.941501 440.097251 450.165057 351.747353 399.828543 411.167965 413.882465 415.948262 460.356270 445.586057 404.914256 443.121776 397.117345 311.860086 438.494504 448.613830 449.544608 425.925015 445.842909 430.821795 412.500648 300.000000 460.217559 447.604447 442.468004 449.972224 435.416115 429.973588 431.874745 415.543812 439.679162 375.704125 436.155855 448.170490 446.730509 442.456687 452.510134 446.990168 433.782673 439.872555 432.432241 431.215562 404.668833 460.138014 454.827372 438.202138 322.143740 449.961018 424.536248 458.067538 447.128499 448.370043 449.331476 417.141884 311.625896 433.343217 450.837452 408.457517 417.074207 435.904892 415.897987 436.327655 454.988766 456.019867 430.352956 433.108066 445.047551 410.228410 431.527794 432.270510 417.115769 443.244645 400.943266 386.369348 447.551450 437.061583 459.342014 439.624967 442.402775 445.203201 442.257736 437.742301 407.692387 440.596683 437.269100 421.749644 433.066756 447.107454 444.143754 360.761978 431.440269 402.263701 423.855505 387.940242 439.278112 448.183469 437.972895 437.421117 446.552212 446.057655 431.451422 452.075684 418.152485 445.665933 433.679741 436.414276 440.133351 300.000000 300.000000 424.720962 456.633488 452.896731 432.950005 444.296293 432.057614 308.189624 437.059093 420.444883 447.325169 438.994452 461.230367 434.738375 435.205418 446.575604 459.083218 378.996481 431.673686 447.334624 429.170043 300.000000 452.544670 430.563769 424.783287 409.531573 429.468748 443.303908 427.493363 460.542369 451.072472 443.874336 427.859429 454.381641 441.209039 437.435731 433.756596 443.538032 437.692422 415.600161 443.386308 437.170983 447.135898 445.275074 429.884069 456.855212 459.690211 440.827158 422.764253 460.389402 434.737751 443.773402 427.827043 417.085878 430.447648 437.333125 402.401382 430.479442 459.047933 443.009951 444.880648 425.566692 430.316476 405.203128 439.564743 450.504315 447.101867 428.812128 436.424840 428.179186 441.359274 429.156734 447.910565 430.564875 306.703764 422.706312 427.560943 434.097722 449.240135 442.285684 431.794857 414.929320 414.208013 399.062337 443.779254 419.137243 431.459219 434.594781 449.407447 444.093983 433.406023 421.975788 430.918474 415.544525 345.081536 436.965493 446.442529 429.549501 422.814331 430.983928 430.617116 432.009381 440.253095 448.460263 448.630240 431.033778 374.089504 417.141727 429.648163 448.454439 437.243012 445.148498 447.392476 444.307717 448.436536 424.352795 437.821805 450.142255 430.378752 360.067128 437.372449 381.613592 440.886504 410.930880 443.802110 419.795997 443.223435 413.887005 430.454373 433.581365 439.517184 305.972860 444.787960 440.806510 429.372109 413.966102 448.913114 432.710818 420.180308 460.655277 450.472499 442.238136 425.897245 442.768274 440.962294 452.769035 442.744163 441.676880 426.414484 423.113534 436.126068 395.271213 429.782194 427.166156 428.569259 443.040598 415.511414 450.157611 439.299504 436.819265 458.195437 428.312100 433.935735 448.651959 434.130480 411.917195 447.024850 458.690905 437.332555 446.647659 449.998422 422.363749 428.964256 413.421903 460.659999 440.595227 439.434890 436.933982 438.641935 428.390609 430.545182 410.817995 431.329262 300.000000 449.762512 445.802320 447.044201 450.625631 440.326488 425.387424 447.167391 432.849681 417.590556 419.130352 440.455319 403.618707 427.630027 422.613197 461.785388 367.147546 444.148073 460.512460 439.478262 434.658546 426.179624 362.693673 445.658138 443.552729 426.670993 434.281873 433.023517 445.840188 417.599749 450.759061 451.092944 438.276581 416.126773 444.651498 437.275225 414.801736 439.283653 428.306820 421.782849 436.676248 409.104351 394.045283 449.570490 443.124133 324.927873 456.212576 403.557033 437.426701 451.349372 417.228389 458.459547 430.223418 437.558676 413.153719 309.474120 445.186643 437.458625 449.375614 444.554233 422.545466 399.285112 418.112172 435.643717 450.187371 426.013601 448.986590 444.613729 461.534530 429.314268 455.538150 437.850630 398.432367 421.956914 440.200920 429.378308 415.451020 436.211074 434.220535 432.002707 433.471910 453.927112 426.483669 441.309746 450.572905 439.551593 427.234780 448.664447 439.062505 433.147791 434.756848 454.538625 422.575484 403.850516 362.356228 426.584998 410.011475 432.594083 446.999359 434.594572 421.369295 440.425306 430.987915 431.174452 454.526307 445.721389 417.581910 432.020878 308.683501 434.412060 445.755272 413.964923 413.513957 435.115025 441.941879 440.028839 446.560218 423.957235 437.508783 439.461977 432.049990 429.597489 419.581941 429.422146 454.793717 432.778234 431.169687 446.235985 436.891972 436.104526 433.596863 424.949164 320.626702 421.559128 430.715695 439.901381 444.393968 430.615634 425.408743 409.236983 454.420444 433.658068 443.550834 448.100283 452.719355 447.804035 429.718234 438.107986 414.064430 435.761850 429.941067 445.700181 323.400747 441.845946 443.879170 447.934639 410.887004 417.753343 430.679279 461.586497 431.957866 419.810927 435.659343 439.870494 347.767094 444.901866 405.108960 448.120364 444.419007 441.147165 443.272010 438.861411 433.083327 428.203682 445.673978 444.409465 421.951327 425.047606 413.163255 415.994421 446.906625 435.878774 409.006135 428.760548 443.275624 439.805125 443.945705 429.353014 423.440932 460.505823 439.345811 461.421830 444.545987 430.454783 437.497809 436.185997 421.916949 431.912695 433.710880 447.853522 384.414979 422.432452 384.080183 435.800175 433.185490 300.000000 444.411674 444.794121 425.380673 417.169539 446.750820 461.551492 435.817169 453.611352 434.922138 437.378408 437.928437 451.490997 412.020470 437.419820 445.872494 443.267589 451.033337 405.244852 435.687555 435.545641 396.564130 444.625881 434.177549 435.043029 421.894251 455.368564 426.735472 412.630948 446.671602 451.222276 447.846850 443.922766 433.461153 444.694527 439.966609 434.990718 439.581190 441.597253 416.632391 449.216574 439.673092 431.487748 452.239780 451.321734 300.000000 449.548919 455.482746 450.239678 418.217727 433.179796 416.718665 424.987088 442.992822 431.767347 441.876442 430.301546 431.775854 427.792460 444.670111 421.622155 428.379898 448.876458 440.974666 447.387734 432.232191 424.242622 399.625245 439.100319 438.042394 439.276032 432.066645 429.453668 435.405859 433.460885 401.338973 318.181956 435.378500 427.459499 406.451875 432.748358 429.458354 427.357689 462.007425 416.001939 461.425850 436.984393 427.186971 424.859138 306.316418 446.729952 443.318120 447.320165 419.430597 453.825207 430.484060 459.345309 442.432658 430.075683 441.471106 442.697152 300.000000 440.004429 413.520104 445.893971 419.183221 452.523500 448.845023 445.350391 446.016971 448.073533 414.957263 446.133256 449.849363 424.118993 434.732007 459.284613 387.539358 438.137567 442.858344 443.036588 441.469619 300.000000 452.234931 422.635635 432.661618 380.884951 447.014889 426.688931 433.218808 422.176694 381.154575 444.551985 441.230538 448.879865 437.658913 431.789560 424.359419 429.443270 449.874873 450.398943 329.462670 420.827631 431.812833 441.149031 432.517128 443.136807 450.131957 460.330989 440.454119 421.812797 461.576498 419.684177 426.668614 455.099049 419.939570 410.093376 431.848548 444.797885 431.193651 424.785868 385.739687 443.398780 437.621429 419.714325 433.901081 444.434754 461.161656 459.864179 446.298749 412.206616 442.444166 435.474817 440.973187 417.435437 441.496801 459.113457 454.736421 448.200800 442.308221 420.022582 446.522028 452.156282 407.140055 437.579474 444.428870 428.555913 445.561031 418.571853 389.507705 447.712251 440.783887 433.729120 430.815331 433.241805 434.112522 414.768330 426.084077 446.306941 433.626047 442.873129 409.445092 432.231724 327.018115 435.711192 462.491541 381.401559 435.798076 420.089582 444.061745 431.156138 455.769466 432.711610 434.580713 430.652642 446.576118 432.016219 437.207281 447.330234 444.147075 450.656645 434.411376 442.212991 439.470563 432.215690 442.095161 316.223004 436.650468 407.033516 454.137579 439.849704 459.569976 447.988446 441.017745 426.539642 458.010140 445.974263 314.119044 419.741017 442.981350 434.068411 424.907022 410.792848 433.517683 450.256885 424.619701 441.072720 430.236335 444.690729 430.352680 423.817996 459.286151 430.536376 449.734348 411.395081 454.407550 450.492159 369.882035 443.496060 450.120328 445.969918 441.541760 431.124087 444.856506 300.000000 452.963872 444.083251 446.992708 448.762570 459.227513 450.213358 420.185263 444.094832 445.266056 399.836748 459.145745 453.819133 427.851990 444.395024 419.099455 427.304634 431.484537 430.751418 433.597831 446.732970 431.607012 414.028068 412.431796 439.927660 433.879468 445.110688 312.131872 448.724076 412.732271 431.866811 444.151009 429.700414 414.753674 443.792051 437.540103 311.525311 437.457667 444.253628 420.815063 460.622687 333.568729 411.405333 447.600403 432.548135 459.860216 458.574460 432.737910 453.142328 445.243121 431.992634 397.363273 428.210853 449.192672 453.964330 447.904750 414.164882 311.306373 445.050005 419.680380 431.845330 441.693295 412.956111 440.454294 461.696204 453.380961 441.778113 374.177679 440.917544 439.446608 434.386256 461.241420 435.067532 408.343327 432.966737 439.090697 425.653017 420.115709 454.859101 422.167401 439.349912 462.485768 421.958536 444.052253 430.345811 454.065509 391.672156 435.259217 378.798885 429.645365 321.347644 421.403155 415.906009 422.762853 431.546587 439.376942 449.903838 431.685816 431.938354 443.826892 437.801203 425.842716 419.361994 440.900884 436.313145 433.837874 440.683535 430.966741 414.565307 429.404877 444.324351 456.069322 445.329501 457.558750 434.951038 416.226389 419.497564 448.129620 441.707430 448.649552 445.592424 425.886752 439.686980 457.305842 438.118927 430.117737 435.988166 438.090682 419.602888 444.215446 415.835610 446.591247 405.260212 438.842411 460.717031 372.582406 426.777083 457.841201 427.981705 429.588150 415.704116 434.400362 445.987244 447.243067 431.024719 453.607962 447.915600 438.098603 455.284977 429.458556 420.105201 407.369576 429.357949 435.921779 421.111068 444.803570 461.775364 450.732019 447.814855 430.689811 432.297539 433.245550 438.736554 458.881081 431.081807 430.555260 434.235425 449.965031 454.623060 448.437902 431.286135 441.746233 432.984541 429.292422 449.763832 449.397370 448.573217 450.718154 307.521182 427.863383 441.396369 442.946604 385.504363 436.894969 300.000000 393.875709 437.002405 418.262622 381.130665 404.062832 413.004182 439.440660 428.537568 452.710369 458.011416 461.414898 424.370175 454.059167 438.122397 431.774470 445.924498 432.607805 452.404367 420.425247 444.866477 410.119779 460.481861 445.619384 444.351725 434.310146 434.670079 443.008890 425.666591 438.568454 450.769998 456.359634 435.438008 445.624621 451.357229 432.346981 445.163657 419.130089 441.150856 436.027631 436.403043 438.385245 461.686150 408.427879 447.824033 316.445917 426.036236 429.751129 456.131844 426.499697 428.135848 448.684872 436.625588 450.319499 456.340005 413.112533 403.514873 456.366919 427.290748 441.674605 453.768734 443.592450 461.769722 449.000122 455.591511 445.734579 426.307880 432.720213 445.743971 454.631455 451.355954 460.227038 426.362298 437.819211 450.586416 436.544772 434.973935 423.335973 417.775447 444.271485 444.473003 401.714602 428.900361 413.496130 436.077385 432.547627 458.825397 307.330072 320.530065 430.737880 401.585540 432.759227 444.313742 430.932590 439.231242 459.121927 300.000000 459.562875 439.609720 446.373066 441.879152 431.781452 458.681527 421.099449 429.960456 451.190086 446.329550 395.810950 438.094911 455.100884 419.481035 448.248283 440.304109 429.683281 432.609679 459.351977 452.194875 428.949394 427.184222 430.640488 456.943787 448.833898 440.897125 410.206717 440.028061 426.450063 412.954074 431.096230 430.689716 427.026996 446.805857 414.691488 431.972191 423.975665 450.939717 462.763465 442.070182 442.953067 442.509403 407.027151 415.750430 424.886759 402.204211 425.631896 461.338796 448.996505 442.765802 435.755709 436.246301 413.587910 455.765332 421.176884 438.731400 342.539241 431.065524 455.764427 459.671653 460.194127 453.526777 406.155426 452.665807 441.327037 434.501208 458.098605 432.837899 309.875384 427.246313 405.049749 451.133620 457.147774 349.009662 432.358228 432.781316 425.411555 439.776132 434.279265 314.028960 451.740191 456.971875 446.589064 300.000000 434.091773 416.312224 423.393997 439.065106 407.105330 434.116659 433.047088 425.129173 444.294686 424.765977 433.848342 428.614053 429.823018 448.450303 407.755802 438.207210 462.604203 445.799885 447.063958 444.255188 442.995586 420.767716 
        </DataArray>
      </PointData>
    </Piece>
  </UnstructuredGrid>
</VTKFile>
