<?xml version="1.0"?>
<VTKFile type="UnstructuredGrid" version="0.1" byte_order="LittleEndian">
  <UnstructuredGrid>
    <Piece NumberOfPoints="1630" NumberOfCells="2923">
      <Points>
        <DataArray type="Float64" NumberOfComponents="3" format="ascii">
          0.761253 0.696545 0.0
          3.219928 0.500000 0.0
          0.663764 0.785965 0.0
          2.785933 1.282319 0.0
          1.730444 1.361559 0.0
          3.020770 0.525005 0.0
          0.140097 0.500000 0.0
          3.393400 1.300838 0.0
          1.700000 1.500000 0.0
          2.103395 1.153309 0.0
          2.700088 0.500000 0.0
          1.903282 1.380365 0.0
          0.296149 0.522372 0.0
          2.724080 0.610571 0.0
          2.518968 0.833723 0.0
          1.349372 1.000000 0.0
          2.839380 0.557119 0.0
          2.919737 0.569243 0.0
          2.760076 0.500000 0.0
          2.820062 0.500000 0.0
          0.071497 1.460690 0.0
          2.745778 1.252523 0.0
          2.924706 1.456047 0.0
          2.500000 0.919963 0.0
          2.894040 1.418657 0.0
          3.015329 1.182934 0.0
          3.066934 1.113386 0.0
          0.726883 0.994570 0.0
          0.887452 0.734218 0.0
          3.213651 0.561226 0.0
          1.180011 1.222987 0.0
          2.837464 0.835279 0.0
          0.220085 0.500000 0.0
          0.888362 0.683616 0.0
          1.200000 1.500000 0.0
          3.251818 1.413503 0.0
          1.742085 1.262642 0.0
          2.870047 0.517315 0.0
          2.183703 1.212898 0.0
          0.681002 1.014444 0.0
          3.037788 0.607257 0.0
          1.000332 1.149168 0.0
          1.639508 1.400718 0.0
          1.000000 0.759997 0.0
          0.120669 0.521864 0.0
          0.859903 0.500000 0.0
          0.566328 1.252876 0.0
          0.583460 0.726372 0.0
          3.370617 1.123227 0.0
          2.734254 0.974375 0.0
          1.049351 1.235831 0.0
          3.342986 1.370670 0.0
          1.400000 1.500000 0.0
          1.416270 1.087458 0.0
          0.925490 0.740877 0.0
          2.880044 0.500000 0.0
          0.457275 0.686654 0.0
          3.158619 0.696141 0.0
          0.550000 1.500000 0.0
          2.739980 0.924704 0.0
          3.456980 1.127437 0.0
          0.308178 0.845619 0.0
          2.690090 0.517317 0.0
          0.400037 0.500000 0.0
          2.600000 1.500000 0.0
          0.411414 0.706583 0.0
          3.043958 0.934579 0.0
          0.551293 1.408242 0.0
          3.411379 0.675854 0.0
          1.139859 1.193191 0.0
          1.220163 1.252783 0.0
          1.397938 1.222976 0.0
          0.916186 1.242892 0.0
          0.520448 1.272751 0.0
          2.500000 0.859974 0.0
          1.981114 1.446935 0.0
          1.594585 1.416929 0.0
          2.619519 0.835322 0.0
          3.461241 0.513783 0.0
          3.348009 1.321945 0.0
          2.613794 0.884993 0.0
          1.505650 1.413794 0.0
          3.279080 0.785523 0.0
          1.747813 1.212971 0.0
          2.006779 1.000000 0.0
          0.382807 1.332374 0.0
          3.414557 0.717150 0.0
          0.721154 1.044241 0.0
          1.275073 1.134960 0.0
          1.512862 1.361524 0.0
          3.078459 1.391536 0.0
          0.417177 1.034349 0.0
          0.365568 1.103895 0.0
          0.200088 0.500000 0.0
          0.445573 0.525215 0.0
          0.336873 0.974757 0.0
          1.676058 1.468896 0.0
          1.782219 1.292398 0.0
          3.026781 1.083592 0.0
          0.904721 1.341504 0.0
          1.529869 1.213003 0.0
          1.242692 1.064097 0.0
          3.209665 1.379947 0.0
          0.963780 1.175560 0.0
          0.377025 1.004553 0.0
          2.034906 1.058842 0.0
          1.575843 1.193140 0.0
          0.202534 0.611679 0.0
          2.871892 0.914744 0.0
          0.164862 1.332405 0.0
          2.641751 0.690103 0.0
          0.0 1.102599 0.0
          0.0 1.400650 0.0
          2.625245 0.785651 0.0
          3.300000 1.500000 0.0
          2.711320 0.795575 0.0
          1.352073 1.242834 0.0
          1.047800 1.160912 0.0
          0.639950 0.500000 0.0
          1.842482 1.000000 0.0
          1.390533 1.000000 0.0
          0.239384 1.064177 0.0
          3.128374 1.454813 0.0
          2.008668 1.024491 0.0
          2.740081 0.500000 0.0
          3.129991 0.944496 0.0
          3.061208 1.163057 0.0
          0.973870 0.905553 0.0
          1.214435 1.302454 0.0
          3.239924 0.500000 0.0
          0.976006 0.990932 0.0
          0.836294 0.858716 0.0
          3.115545 1.414250 0.0
          0.340056 0.500000 0.0
          3.200000 1.500000 0.0
          0.698216 0.865447 0.0
          1.965763 1.000000 0.0
          0.823608 1.458596 0.0
          2.191739 1.000000 0.0
          3.410992 0.775563 0.0
          1.750000 1.500000 0.0
          2.143549 1.183103 0.0
          0.981003 0.560522 0.0
          0.199249 1.034382 0.0
          1.000000 0.939961 0.0
          1.595874 1.000000 0.0
          3.045224 0.559234 0.0
          3.313508 0.864988 0.0
          0.042116 1.284379 0.0
          3.101288 0.815360 0.0
          1.525000 1.457538 0.0
          1.097884 1.171546 0.0
          3.456980 0.829386 0.0
          0.574476 1.456341 0.0
          2.557630 0.706612 0.0
          0.676501 1.447078 0.0
          2.030155 1.421319 0.0
          3.118539 1.043838 0.0
          1.900000 1.500000 0.0
          0.491753 1.143613 0.0
          2.797311 0.805485 0.0
          0.772922 0.523698 0.0
          1.349579 1.035324 0.0
          0.063553 0.721165 0.0
          3.465217 0.868940 0.0
          3.015256 0.805443 0.0
          2.877618 0.865073 0.0
          0.623665 1.133660 0.0
          2.407379 1.163200 0.0
          0.685435 0.578486 0.0
          2.750000 1.500000 0.0
          2.688375 0.994252 0.0
          3.335739 0.664753 0.0
          0.744240 0.845647 0.0
          0.158566 1.380621 0.0
          0.388482 0.905212 0.0
          2.603100 0.984422 0.0
          2.906320 0.994210 0.0
          2.027393 1.000000 0.0
          0.474568 1.292625 0.0
          0.313960 1.173440 0.0
          1.267260 1.000000 0.0
          0.933057 0.700516 0.0
          2.686432 1.416257 0.0
          0.044644 0.684425 0.0
          0.772445 1.351945 0.0
          0.878181 0.558858 0.0
          2.546805 0.525357 0.0
          1.396871 1.053159 0.0
          2.472360 1.466087 0.0
          1.800000 1.500000 0.0
          0.330465 1.400094 0.0
          3.255975 0.587414 0.0
          0.083286 0.523021 0.0
          1.489728 1.183689 0.0
          3.353661 0.894783 0.0
          2.729843 1.401179 0.0
          0.612155 0.855510 0.0
          1.831466 1.060741 0.0
          0.405667 0.756207 0.0
          2.806179 0.523435 0.0
          0.0 1.152274 0.0
          0.606480 1.282672 0.0
          2.608194 0.934678 0.0
          3.267702 1.262357 0.0
          0.574392 0.521779 0.0
          2.672899 1.459509 0.0
          0.612209 1.233002 0.0
          1.914370 1.029772 0.0
          3.100000 1.500000 0.0
          0.268079 1.193314 0.0
          3.244726 1.083550 0.0
          1.756455 1.425308 0.0
          3.021579 1.457473 0.0
          2.527835 1.252569 0.0
          1.558564 1.342141 0.0
          3.280099 0.536767 0.0
          2.500000 0.979956 0.0
          1.833839 1.222876 0.0
          0.799912 0.500000 0.0
          1.000000 0.899966 0.0
          0.440144 1.213158 0.0
          2.998191 1.331896 0.0
          2.952199 0.974333 0.0
          0.262351 1.242985 0.0
          1.483922 1.232967 0.0
          3.450000 1.500000 0.0
          0.040558 1.024798 0.0
          0.658035 0.835635 0.0
          0.600752 1.332343 0.0
          3.390365 0.527278 0.0
          2.600102 0.500000 0.0
          0.034959 1.464956 0.0
          2.850000 1.500000 0.0
          0.728877 1.455044 0.0
          2.602958 1.361234 0.0
          0.979893 0.500000 0.0
          0.629340 0.706497 0.0
          2.397082 1.000000 0.0
          0.463057 1.014475 0.0
          0.800000 1.500000 0.0
          3.500000 1.003249 0.0
          1.000000 0.720008 0.0
          2.500000 0.560039 0.0
          2.906393 1.371701 0.0
          1.286397 1.020647 0.0
          0.090286 1.223142 0.0
          0.044429 0.520000 0.0
          0.824336 1.282589 0.0
          1.600000 1.500000 0.0
          1.495793 1.134739 0.0
          0.480296 1.242954 0.0
          2.650000 1.500000 0.0
          0.680839 1.391083 0.0
          2.540107 0.500000 0.0
          0.394264 1.233032 0.0
          3.429351 0.948738 0.0
          1.793694 1.193093 0.0
          2.677051 1.093587 0.0
          0.108673 1.074268 0.0
          0.761567 1.407738 0.0
          2.050000 1.500000 0.0
          2.326694 1.163450 0.0
          0.445819 0.785995 0.0
          3.021055 1.133263 0.0
          0.709697 1.143583 0.0
          1.254587 1.332250 0.0
          2.980008 0.500000 0.0
          3.101362 1.192852 0.0
          1.380771 1.371968 0.0
          2.034364 1.371826 0.0
          2.774408 1.004169 0.0
          0.663817 1.163456 0.0
          1.162199 1.372750 0.0
          2.395945 1.262603 0.0
          0.388535 1.282703 0.0
          0.577785 1.153534 0.0
          1.432379 1.302424 0.0
          2.946400 0.646512 0.0
          3.089837 0.914702 0.0
          2.355893 1.233114 0.0
          2.417701 1.000000 0.0
          0.279536 1.093973 0.0
          0.130391 0.875447 0.0
          0.916569 0.591792 0.0
          0.205014 1.362201 0.0
          0.463004 0.636983 0.0
          0.950000 1.500000 0.0
          0.222199 1.213189 0.0
          1.787964 1.242765 0.0
          2.950000 1.500000 0.0
          1.000000 0.680018 0.0
          3.406260 1.202192 0.0
          3.033966 1.409544 0.0
          0.700514 0.532814 0.0
          2.517905 1.452381 0.0
          2.567988 1.282362 0.0
          3.319908 0.500000 0.0
          0.130438 1.252938 0.0
          0.755575 1.123712 0.0
          2.335734 1.107946 0.0
          2.645692 1.388242 0.0
          0.477205 0.535690 0.0
          2.005887 1.242694 0.0
          0.060105 0.500000 0.0
          2.294389 1.000000 0.0
          3.204870 0.672194 0.0
          2.717258 0.745938 0.0
          2.487683 1.222780 0.0
          3.130064 1.321988 0.0
          2.935022 1.123346 0.0
          0.789948 0.825683 0.0
          2.843263 1.163100 0.0
          3.053375 0.521748 0.0
          1.839816 1.173878 0.0
          0.437405 0.562554 0.0
          0.354058 0.825744 0.0
          1.650000 1.500000 0.0
          1.776405 1.341871 0.0
          1.932761 1.076165 0.0
          2.700606 0.567568 0.0
          1.168554 1.322328 0.0
          2.363010 1.186275 0.0
          1.948574 1.361954 0.0
          2.581106 0.797002 0.0
          0.470005 0.587615 0.0
          0.894582 1.440766 0.0
          0.514650 1.322333 0.0
          3.302130 1.341822 0.0
          1.549531 1.429170 0.0
          2.585010 1.133546 0.0
          1.225891 1.203112 0.0
          1.250000 1.500000 0.0
          2.751431 0.825362 0.0
          0.698241 1.242923 0.0
          0.839905 0.500000 0.0
          0.052084 0.757511 0.0
          3.050000 1.500000 0.0
          2.859476 1.388465 0.0
          1.623805 1.024043 0.0
          1.499707 1.084718 0.0
          3.284879 1.113344 0.0
          2.866166 0.964416 0.0
          0.159268 1.004606 0.0
          2.344320 1.332088 0.0
          0.543308 0.696576 0.0
          2.170130 1.455112 0.0
          2.894795 0.716060 0.0
          0.150000 1.500000 0.0
          0.117462 1.400449 0.0
          0.434362 0.885337 0.0
          1.696205 1.282517 0.0
          0.531851 0.795917 0.0
          2.619574 1.212770 0.0
          3.078386 1.014044 0.0
          3.350000 1.500000 0.0
          2.980828 0.725977 0.0
          0.566600 0.557983 0.0
          3.221823 1.282234 0.0
          2.728528 1.024046 0.0
          0.340055 0.596378 0.0
          2.995506 1.421896 0.0
          0.371297 1.054224 0.0
          0.650000 1.500000 0.0
          1.363532 1.143490 0.0
          3.427690 1.460803 0.0
          3.415011 1.101297 0.0
          2.178335 1.262087 0.0
          2.375315 1.088966 0.0
          1.945129 1.000000 0.0
          2.757230 1.153181 0.0
          3.193121 1.153098 0.0
          0.325416 1.074098 0.0
          1.494340 1.030363 0.0
          2.923571 1.222687 0.0
          0.990811 1.352088 0.0
          0.858016 0.608103 0.0
          0.365498 0.726394 0.0
          1.883486 1.000000 0.0
          1.604444 1.322267 0.0
          1.104329 1.061208 0.0
          2.256184 1.120917 0.0
          2.447533 1.192996 0.0
          1.465844 1.380379 0.0
          2.309842 1.252674 0.0
          2.929297 1.173017 0.0
          2.316410 1.205163 0.0
          2.843190 0.785608 0.0
          0.721101 0.666748 0.0
          1.318581 1.029755 0.0
          0.0 0.804549 0.0
          2.424624 1.391663 0.0
          3.500000 0.903899 0.0
          0.595240 0.627377 0.0
          3.181355 0.532171 0.0
          0.170537 0.905242 0.0
          0.0 1.052924 0.0
          3.458983 1.423545 0.0
          0.846348 0.706052 0.0
          2.631081 1.113396 0.0
          0.239330 0.686685 0.0
          3.164418 1.023961 0.0
          0.153338 0.676855 0.0
          0.422807 1.361820 0.0
          0.151157 1.422637 0.0
          0.074744 0.652494 0.0
          0.889899 0.517319 0.0
          2.068437 1.000000 0.0
          2.121723 1.023336 0.0
          0.726392 1.370805 0.0
          2.780134 0.954498 0.0
          2.561315 0.654443 0.0
          3.124265 0.994167 0.0
          0.428634 0.935008 0.0
          1.123368 1.000000 0.0
          1.443483 1.060376 0.0
          1.041287 1.000000 0.0
          3.500000 1.251625 0.0
          2.579327 1.182761 0.0
          2.120793 1.378804 0.0
          3.462534 0.977761 0.0
          2.500000 0.580037 0.0
          1.669112 1.107624 0.0
          3.139950 0.500000 0.0
          2.923497 0.845196 0.0
          0.233602 0.736356 0.0
          2.648221 0.964458 0.0
          2.734328 1.351867 0.0
          2.500000 0.759997 0.0
          2.665447 1.192878 0.0
          0.248603 0.565710 0.0
          0.159851 0.585127 0.0
          1.879209 1.058657 0.0
          0.050000 1.500000 0.0
          2.085355 1.302246 0.0
          1.518413 1.312203 0.0
          3.233201 0.805400 0.0
          0.910431 1.292277 0.0
          0.141895 1.153596 0.0
          1.386405 1.021438 0.0
          1.827521 1.455106 0.0
          1.739776 1.000000 0.0
          2.775000 1.469933 0.0
          0.509996 0.517313 0.0
          0.596395 1.422200 0.0
          2.510072 0.510189 0.0
          1.082299 1.000000 0.0
          0.936021 1.042074 0.0
          2.228350 1.194683 0.0
          0.099749 0.693506 0.0
          0.785252 0.875893 0.0
          0.537579 0.746246 0.0
          2.514480 1.061085 0.0
          1.334891 1.391843 0.0
          2.089014 1.000000 0.0
          2.548725 0.752504 0.0
          3.417502 0.564433 0.0
          2.580104 0.500000 0.0
          2.051776 1.222833 0.0
          2.960016 0.500000 0.0
          1.753542 1.163302 0.0
          0.319593 0.746211 0.0
          0.331091 0.646936 0.0
          0.556428 0.599016 0.0
          3.049683 0.884908 0.0
          2.315009 1.000000 0.0
          2.860441 1.014087 0.0
          0.460769 1.389151 0.0
          0.508884 0.617109 0.0
          2.762883 0.726020 0.0
          1.976333 1.112268 0.0
          0.944655 1.371371 0.0
          1.416322 1.022228 0.0
          1.493221 1.000000 0.0
          1.328900 1.000000 0.0
          0.922964 0.827234 0.0
          2.500000 0.879970 0.0
          2.189429 1.163227 0.0
          1.000000 0.779992 0.0
          1.061752 1.000000 0.0
          0.203017 0.563294 0.0
          1.080657 1.131218 0.0
          0.283829 0.664478 0.0
          2.952280 1.351814 0.0
          2.889069 0.765731 0.0
          2.826013 0.934621 0.0
          0.377975 0.629467 0.0
          0.801451 1.103844 0.0
          2.448481 1.017723 0.0
          0.336927 1.352249 0.0
          0.114145 1.024568 0.0
          1.288275 1.414847 0.0
          0.260076 0.500000 0.0
          3.193047 0.775606 0.0
          2.699903 1.272395 0.0
          1.873994 1.252683 0.0
          0.359784 0.776072 0.0
          0.313906 0.795948 0.0
          1.000000 0.919963 0.0
          2.814720 1.408690 0.0
          2.212405 1.342035 0.0
          3.089911 1.292194 0.0
          1.587325 1.094156 0.0
          1.350000 1.500000 0.0
          2.250000 1.500000 0.0
          1.000000 1.000000 0.0
          0.777373 0.598217 0.0
          1.850000 1.500000 0.0
          1.982266 1.064064 0.0
          1.760224 1.000000 0.0
          2.131929 1.282129 0.0
          0.380044 0.500000 0.0
          0.635122 1.034319 0.0
          2.963651 0.874991 0.0
          3.381247 1.023794 0.0
          2.325000 1.469814 0.0
          0.147855 1.103952 0.0
          3.426939 0.645932 0.0
          3.500000 0.854224 0.0
          0.0 0.524577 0.0
          0.029845 0.727280 0.0
          2.660095 0.500000 0.0
          0.0 0.559027 0.0
          2.900594 1.043881 0.0
          0.300000 1.500000 0.0
          1.452144 1.019024 0.0
          2.228193 1.152940 0.0
          0.083395 0.948519 0.0
          3.246518 0.531331 0.0
          2.121305 1.427604 0.0
          0.394210 0.855541 0.0
          2.521308 0.696710 0.0
          0.925740 1.144882 0.0
          3.209931 0.517316 0.0
          2.603668 0.599139 0.0
          0.273754 0.766152 0.0
          0.594970 1.004522 0.0
          3.300000 1.428789 0.0
          3.500000 0.655523 0.0
          2.385401 1.364018 0.0
          1.925409 1.182791 0.0
          2.275121 1.173604 0.0
          1.599287 1.371168 0.0
          2.520107 0.500000 0.0
          1.908421 1.332157 0.0
          0.640797 0.607156 0.0
          1.316233 1.109771 0.0
          2.975176 1.153140 0.0
          1.000000 0.799987 0.0
          2.300000 1.500000 0.0
          0.210874 1.464854 0.0
          2.062993 1.124778 0.0
          0.417123 0.656858 0.0
          3.400000 1.500000 0.0
          2.854641 0.686266 0.0
          2.410726 1.023424 0.0
          0.943182 0.998681 0.0
          0.440090 0.835666 0.0
          0.308231 1.223111 0.0
          0.399938 0.805870 0.0
          1.020650 1.000000 0.0
          3.289969 0.684883 0.0
          0.227927 1.163518 0.0
          0.919896 0.534638 0.0
          3.267628 0.884865 0.0
          0.0 0.500000 0.0
          1.566754 1.021701 0.0
          1.066312 1.085171 0.0
          3.038232 0.984250 0.0
          0.537633 1.123738 0.0
          0.784273 1.252845 0.0
          3.385148 0.643292 0.0
          0.619956 0.500000 0.0
          2.057431 1.173432 0.0
          0.554872 1.352218 0.0
          2.150000 1.500000 0.0
          0.434416 1.262829 0.0
          1.636992 1.000000 0.0
          0.074506 1.097848 0.0
          2.072856 1.080582 0.0
          3.460767 1.336257 0.0
          1.812708 1.099769 0.0
          1.452535 1.108003 0.0
          2.600717 0.716153 0.0
          3.500000 1.400650 0.0
          1.594756 1.048891 0.0
          2.705552 0.845239 0.0
          1.986224 1.000000 0.0
          1.234806 1.104977 0.0
          0.559977 0.500000 0.0
          0.0 0.705199 0.0
          2.370919 1.463788 0.0
          3.275047 1.459392 0.0
          0.153541 1.054277 0.0
          0.554818 0.974726 0.0
          0.804166 1.423769 0.0
          2.659743 1.242581 0.0
          0.187722 0.756230 0.0
          3.351660 0.522165 0.0
          1.143955 1.000000 0.0
          0.503209 1.044271 0.0
          0.640850 0.984648 0.0
          0.976325 1.020950 0.0
          0.451547 0.736325 0.0
          2.900037 0.500000 0.0
          2.520180 0.520711 0.0
          0.583513 1.103864 0.0
          3.095636 1.242523 0.0
          0.405720 1.133691 0.0
          0.500000 0.500000 0.0
          2.224185 1.022558 0.0
          1.450012 1.154670 0.0
          3.452679 1.227380 0.0
          2.850000 1.428089 0.0
          0.371372 0.677068 0.0
          1.000000 0.819982 0.0
          2.350000 1.500000 0.0
          0.440023 0.500000 0.0
          2.550000 1.500000 0.0
          2.500000 0.779992 0.0
          1.095068 1.215580 0.0
          2.157169 1.024952 0.0
          3.424850 0.526639 0.0
          0.589242 1.054193 0.0
          0.387915 0.519528 0.0
          1.695574 1.068229 0.0
          3.375537 1.073463 0.0
          2.201241 1.112724 0.0
          0.818569 1.332154 0.0
          2.293339 1.402384 0.0
          2.596103 0.637328 0.0
          2.994171 1.379679 0.0
          1.100000 1.500000 0.0
          1.000000 1.500000 0.0
          0.035191 0.582437 0.0
          3.227548 1.232563 0.0
          1.072120 1.456907 0.0
          1.954302 1.312281 0.0
          2.149275 1.133433 0.0
          2.820243 1.361469 0.0
          2.906673 0.617704 0.0
          0.675274 1.064115 0.0
          2.400000 1.500000 0.0
          0.0 0.903899 0.0
          0.669545 1.113786 0.0
          1.904126 1.000000 0.0
          0.898270 1.390294 0.0
          1.000000 0.959958 0.0
          2.873942 1.459717 0.0
          1.392228 1.272627 0.0
          2.784396 0.564030 0.0
          1.409944 1.126057 0.0
          1.176000 1.458109 0.0
          0.864600 1.311902 0.0
          2.500000 1.500000 0.0
          1.960004 1.262566 0.0
          2.931028 0.521532 0.0
          0.120100 0.500000 0.0
          2.969376 0.825320 0.0
          2.592536 1.084217 0.0
          2.075000 1.456699 0.0
          3.375069 0.695646 0.0
          0.835257 0.804895 0.0
          0.119919 1.451655 0.0
          1.472607 1.000000 0.0
          1.128505 1.022242 0.0
          0.164972 0.954932 0.0
          2.076030 1.401558 0.0
          0.675220 0.686623 0.0
          2.998712 0.571704 0.0
          3.500000 0.953574 0.0
          0.943738 0.929961 0.0
          0.862033 1.464185 0.0
          2.639041 0.638854 0.0
          2.840056 0.500000 0.0
          1.564292 1.292470 0.0
          0.302449 0.895290 0.0
          3.250167 0.650265 0.0
          1.000000 0.740003 0.0
          0.264098 0.524592 0.0
          2.375306 1.033466 0.0
          1.575248 1.457604 0.0
          2.489909 1.026289 0.0
          1.801396 1.000000 0.0
          3.420684 1.330505 0.0
          0.279482 0.716481 0.0
          1.536003 1.163444 0.0
          3.170218 1.351782 0.0
          0.101017 0.746491 0.0
          0.989946 0.510022 0.0
          1.808378 1.024408 0.0
          0.039406 1.124938 0.0
          0.937386 1.420457 0.0
          0.078815 1.367195 0.0
          0.081759 0.605338 0.0
          3.003804 0.904785 0.0
          3.500000 1.450325 0.0
          3.500000 1.500000 0.0
          2.973586 1.457223 0.0
          0.077417 1.047917 0.0
          0.636322 1.409965 0.0
          2.912119 1.322030 0.0
          1.376092 1.422081 0.0
          1.868269 1.302359 0.0
          0.646579 0.934977 0.0
          2.797384 1.182977 0.0
          1.027582 1.430112 0.0
          1.246623 1.000000 0.0
          2.963727 1.252479 0.0
          0.450000 1.500000 0.0
          0.518591 0.564278 0.0
          0.982684 0.690016 0.0
          3.039984 0.500000 0.0
          2.436107 1.292400 0.0
          0.125640 0.925230 0.0
          0.073169 1.144137 0.0
          2.705621 1.222721 0.0
          0.420031 0.500000 0.0
          2.640097 0.500000 0.0
          2.137824 1.232775 0.0
          1.714705 1.123472 0.0
          3.299912 0.500000 0.0
          0.772780 0.974704 0.0
          0.325132 0.696218 0.0
          0.025559 0.541802 0.0
          2.700000 1.500000 0.0
          0.924373 0.662568 0.0
          3.296865 0.586419 0.0
          3.469613 1.378592 0.0
          2.500000 0.620030 0.0
          1.740832 1.031382 0.0
          0.520394 0.895259 0.0
          1.191126 1.122316 0.0
          0.801218 0.726266 0.0
          2.533560 1.202898 0.0
          0.750000 1.500000 0.0
          0.892719 1.063954 0.0
          0.703916 0.815761 0.0
          1.678149 1.000000 0.0
          2.567914 0.904870 0.0
          3.377254 1.450546 0.0
          3.026762 0.706027 0.0
          0.348383 1.252907 0.0
          0.500000 1.500000 0.0
          0.126317 1.301862 0.0
          0.300067 0.500000 0.0
          0.172527 1.459407 0.0
          0.963323 1.131820 0.0
          0.451299 1.427594 0.0
          2.376632 1.000000 0.0
          1.025000 1.470381 0.0
          1.452159 1.000000 0.0
          3.141442 0.845154 0.0
          1.524140 1.262674 0.0
          0.136167 1.203267 0.0
          0.982683 0.869972 0.0
          3.244652 0.706058 0.0
          2.736834 0.535401 0.0
          3.250000 1.500000 0.0
          2.633866 0.738036 0.0
          2.642496 1.014129 0.0
          0.996490 1.302485 0.0
          0.262297 0.865493 0.0
          3.250448 1.033878 0.0
          1.630891 1.453393 0.0
          0.480008 0.500000 0.0
          3.403672 1.251448 0.0
          3.385824 1.351299 0.0
          1.994454 1.342076 0.0
          3.307856 1.292151 0.0
          0.399992 1.183362 0.0
          3.500000 1.301300 0.0
          0.256623 1.292656 0.0
          3.500000 1.052924 0.0
          0.036337 1.428239 0.0
          1.846974 1.023360 0.0
          2.335468 1.063717 0.0
          1.879680 1.202927 0.0
          3.396869 0.874663 0.0
          0.938145 1.093851 0.0
          0.210716 0.935042 0.0
          0.875908 1.213278 0.0
          0.187775 1.133722 0.0
          1.248858 1.381921 0.0
          2.523446 0.584165 0.0
          2.613868 1.262473 0.0
          2.500000 0.600034 0.0
          3.256251 1.361699 0.0
          3.325033 1.143138 0.0
          3.202766 1.422232 0.0
          2.958006 1.302143 0.0
          3.347349 0.943900 0.0
          3.198846 1.103427 0.0
          2.883343 0.815402 0.0
          3.072660 1.063715 0.0
          3.158693 1.073632 0.0
          0.715372 0.716419 0.0
          0.096015 1.173471 0.0
          2.562548 1.331674 0.0
          1.919832 1.232733 0.0
          2.468945 1.422454 0.0
          2.771253 0.622525 0.0
          0.485971 0.815792 0.0
          2.522821 0.866394 0.0
          0.020107 0.500000 0.0
          2.561614 0.852747 0.0
          0.0 0.754874 0.0
          2.785859 0.904827 0.0
          0.887491 1.113755 0.0
          0.881615 1.163638 0.0
          0.749845 1.173384 0.0
          0.181995 0.805901 0.0
          2.332866 1.431417 0.0
          2.173448 1.309761 0.0
          0.392861 0.580382 0.0
          0.170590 1.282734 0.0
          2.282736 1.455014 0.0
          2.500000 0.799987 0.0
          2.957925 0.924662 0.0
          3.095563 0.865031 0.0
          3.038537 1.361430 0.0
          0.599963 0.500000 0.0
          0.497481 1.093942 0.0
          0.301702 0.558000 0.0
          0.290993 0.994631 0.0
          2.986592 0.676254 0.0
          0.480242 0.865463 0.0
          0.870192 1.262659 0.0
          0.827379 0.572935 0.0
          2.524184 0.549514 0.0
          0.974625 0.525392 0.0
          2.745024 0.582672 0.0
          3.081702 0.585781 0.0
          2.218553 1.291795 0.0
          2.470529 1.371846 0.0
          0.086044 0.797766 0.0
          3.307782 0.914659 0.0
          0.182047 1.183393 0.0
          1.386499 1.322298 0.0
          0.738383 1.272713 0.0
          0.250894 1.342327 0.0
          2.269484 1.223156 0.0
          3.239000 1.133221 0.0
          2.711351 1.173060 0.0
          0.639063 0.558713 0.0
          3.020995 0.755754 0.0
          0.187855 0.519290 0.0
          1.208706 1.352125 0.0
          0.495537 1.419036 0.0
          0.948017 0.524970 0.0
          0.560600 1.302547 0.0
          3.411132 1.152565 0.0
          3.055483 1.212728 0.0
          2.500000 0.520044 0.0
          0.970748 0.808932 0.0
          0.719928 0.500000 0.0
          3.261903 0.934536 0.0
          2.424953 1.455600 0.0
          1.137474 1.141005 0.0
          2.900521 0.666389 0.0
          0.692459 0.915102 0.0
          2.625185 1.162833 0.0
          2.298992 1.131011 0.0
          0.319688 1.123769 0.0
          0.0 1.201949 0.0
          0.042395 1.229090 0.0
          1.150812 1.052253 0.0
          2.097667 1.202976 0.0
          2.822214 0.605399 0.0
          3.199933 0.500000 0.0
          3.284805 0.735852 0.0
          0.282647 0.603143 0.0
          2.998078 0.954456 0.0
          0.623612 0.756168 0.0
          2.500000 0.959958 0.0
          0.852964 1.034363 0.0
          0.280072 0.500000 0.0
          3.309910 0.517317 0.0
          0.273808 1.143644 0.0
          0.729926 0.517316 0.0
          0.100000 1.500000 0.0
          2.469191 1.060970 0.0
          2.125944 1.329842 0.0
          3.120170 0.560424 0.0
          3.415466 1.421844 0.0
          1.822389 1.322235 0.0
          2.770242 1.430566 0.0
          2.459631 1.140633 0.0
          2.762956 1.103510 0.0
          0.898947 1.014413 0.0
          2.450000 1.500000 0.0
          1.148004 1.419093 0.0
          0.959893 0.500000 0.0
          2.560105 0.500000 0.0
          2.238020 1.071224 0.0
          1.690477 1.332188 0.0
          1.306195 1.262706 0.0
          2.975104 0.775645 0.0
          3.211237 0.614001 0.0
          2.125000 1.468571 0.0
          1.456447 1.420878 0.0
          0.919896 0.500000 0.0
          3.321757 0.558502 0.0
          0.244196 1.444207 0.0
          1.272530 1.098314 0.0
          2.540483 1.154685 0.0
          1.000000 0.839978 0.0
          3.423029 0.999851 0.0
          3.341993 0.994100 0.0
          2.992353 1.004127 0.0
          1.930480 1.131945 0.0
          0.795676 0.776012 0.0
          2.678379 0.716353 0.0
          0.739924 0.500000 0.0
          1.311923 1.213035 0.0
          3.152893 0.745812 0.0
          0.136120 0.825776 0.0
          0.965619 0.592803 0.0
          2.523376 0.666282 0.0
          0.359903 0.553372 0.0
          0.119892 0.974899 0.0
          2.155001 1.083762 0.0
          2.193842 1.057245 0.0
          2.500000 0.720008 0.0
          0.606427 0.905181 0.0
          1.553906 1.388862 0.0
          3.302056 0.964331 0.0
          3.439714 0.903620 0.0
          0.147575 0.726447 0.0
          2.814561 1.033964 0.0
          1.438095 1.252770 0.0
          0.411324 1.413747 0.0
          3.360495 1.222382 0.0
          2.774353 1.381364 0.0
          1.856126 1.407717 0.0
          3.385854 0.972417 0.0
          0.423767 0.609299 0.0
          1.126571 1.459787 0.0
          2.969451 1.202810 0.0
          1.203274 1.409018 0.0
          0.835836 1.183366 0.0
          2.087262 1.034051 0.0
          1.000000 0.979956 0.0
          1.000000 0.660022 0.0
          0.850336 1.416916 0.0
          2.011573 1.192956 0.0
          1.924613 1.000000 0.0
          3.135790 1.272317 0.0
          1.000000 0.620030 0.0
          0.193484 0.706637 0.0
          3.339905 0.500000 0.0
          1.581477 1.143458 0.0
          2.495747 1.175388 0.0
          0.749796 0.795886 0.0
          0.715425 1.093912 0.0
          0.850000 1.500000 0.0
          0.824372 0.905150 0.0
          0.937722 0.878495 0.0
          1.661781 1.203050 0.0
          2.560104 0.611377 0.0
          1.308261 1.000000 0.0
          2.883417 1.192894 0.0
          0.365881 1.419089 0.0
          2.556713 1.052635 0.0
          2.500000 0.540042 0.0
          0.497427 0.716450 0.0
          2.079602 1.351524 0.0
          3.319299 1.192808 0.0
          0.508938 0.994600 0.0
          1.346347 1.292502 0.0
          0.932098 1.463351 0.0
          2.608257 1.312021 0.0
          0.949475 0.557819 0.0
          2.573714 1.232691 0.0
          0.939895 0.500000 0.0
          0.819908 0.500000 0.0
          0.222145 0.835697 0.0
          0.250000 1.500000 0.0
          2.683627 0.666996 0.0
          0.679938 0.500000 0.0
          2.613407 0.556151 0.0
          0.874487 0.828238 0.0
          1.375421 1.465347 0.0
          0.669164 0.530161 0.0
          1.369908 1.000000 0.0
          3.175870 0.924619 0.0
          0.669492 0.736294 0.0
          3.059977 0.500000 0.0
          1.875000 1.456699 0.0
          3.439895 0.500000 0.0
          2.871966 1.292236 0.0
          1.766705 1.113353 0.0
          2.803110 1.133306 0.0
          2.992321 0.626828 0.0
          1.271771 1.183238 0.0
          0.887997 0.782140 0.0
          0.544906 0.527465 0.0
          2.680092 0.500000 0.0
          1.550000 1.500000 0.0
          2.356045 1.000000 0.0
          0.180092 0.500000 0.0
          2.045786 1.021582 0.0
          1.680065 1.428225 0.0
          2.304022 1.302527 0.0
          0.652361 1.262798 0.0
          0.841461 0.755985 0.0
          2.791659 1.232648 0.0
          0.759919 0.500000 0.0
          3.279153 1.163015 0.0
          2.517316 0.769995 0.0
          2.877692 1.242565 0.0
          0.646632 1.312469 0.0
          3.500000 1.102599 0.0
          3.459880 1.028046 0.0
          3.418407 1.051292 0.0
          2.500000 0.680018 0.0
          2.791585 0.855156 0.0
          3.147241 1.172975 0.0
          1.000000 0.640026 0.0
          0.635068 0.656827 0.0
          1.000000 0.600034 0.0
          1.000000 0.560039 0.0
          2.253575 1.419423 0.0
          0.245112 1.014506 0.0
          2.671171 1.143204 0.0
          2.854715 1.063758 0.0
          0.043020 0.829386 0.0
          2.027254 1.464991 0.0
          1.128402 1.292532 0.0
          2.958791 0.548460 0.0
          0.921158 1.194313 0.0
          0.382753 0.954882 0.0
          0.210742 1.312530 0.0
          0.526123 0.845588 0.0
          2.726638 0.649004 0.0
          0.418061 0.531219 0.0
          1.882426 1.019715 0.0
          2.620228 0.522628 0.0
          2.566139 0.953424 0.0
          0.566275 0.875384 0.0
          0.113637 0.562400 0.0
          0.042104 0.926334 0.0
          3.175943 1.302111 0.0
          2.600726 1.413715 0.0
          0.579969 0.500000 0.0
          0.732611 0.944899 0.0
          3.500000 0.705199 0.0
          3.447118 1.285573 0.0
          0.204985 0.984712 0.0
          1.698952 1.023021 0.0
          0.320062 0.500000 0.0
          0.256569 0.915164 0.0
          0.818672 0.954835 0.0
          1.071065 1.411748 0.0
          3.141516 1.222646 0.0
          0.428593 1.312353 0.0
          0.776557 1.457279 0.0
          1.088250 1.262736 0.0
          0.085400 1.267550 0.0
          2.150628 1.000000 0.0
          1.205611 1.000000 0.0
          3.279915 0.500000 0.0
          3.261976 1.312028 0.0
          3.119244 0.665298 0.0
          1.403740 1.173712 0.0
          1.184991 1.000000 0.0
          2.017181 1.143738 0.0
          0.659944 0.500000 0.0
          0.543361 1.074067 0.0
          1.122674 1.342203 0.0
          2.200000 1.500000 0.0
          2.826086 1.312113 0.0
          1.616514 1.000000 0.0
          2.232740 1.000000 0.0
          0.539984 0.500000 0.0
          0.360414 0.519721 0.0
          3.032609 0.656191 0.0
          1.977319 1.026951 0.0
          1.115360 1.388579 0.0
          1.615901 1.222925 0.0
          0.692513 1.292594 0.0
          3.500000 1.201949 0.0
          2.524448 1.022975 0.0
          2.117244 1.058734 0.0
          2.586399 0.754087 0.0
          3.187321 0.825277 0.0
          3.221749 0.904742 0.0
          0.400000 1.500000 0.0
          2.624771 1.459718 0.0
          1.082513 1.312395 0.0
          0.083184 1.319355 0.0
          0.811284 1.381789 0.0
          1.610173 1.272596 0.0
          2.524689 0.965376 0.0
          2.500000 0.500000 0.0
          0.889925 0.868208 0.0
          2.481957 1.272450 0.0
          1.971194 1.162788 0.0
          2.722802 1.073715 0.0
          0.159045 0.630585 0.0
          2.986627 1.053798 0.0
          0.200000 1.500000 0.0
          0.703969 1.193253 0.0
          2.689227 1.370695 0.0
          0.296775 1.322452 0.0
          2.210591 1.420398 0.0
          2.740054 1.302196 0.0
          0.457329 1.064146 0.0
          2.768682 1.053840 0.0
          0.376167 1.379940 0.0
          0.709644 0.766090 0.0
          1.300467 1.312376 0.0
          1.247763 1.423550 0.0
          3.330758 1.093467 0.0
          0.766463 0.647572 0.0
          1.150000 1.500000 0.0
          2.988106 0.522349 0.0
          0.652307 0.885306 0.0
          0.789992 1.203188 0.0
          2.573884 1.458143 0.0
          3.198773 0.725935 0.0
          1.472373 1.331846 0.0
          0.779915 0.500000 0.0
          0.600000 1.500000 0.0
          3.000000 1.500000 0.0
          0.426514 1.459476 0.0
          0.0 0.605848 0.0
          0.549313 0.647202 0.0
          3.273354 0.835194 0.0
          3.461320 0.629105 0.0
          0.964712 0.965271 0.0
          0.199379 0.657352 0.0
          2.289904 1.081160 0.0
          0.638683 0.521087 0.0
          1.294739 1.362047 0.0
          0.445872 1.163487 0.0
          0.738573 0.895350 0.0
          3.149607 0.529874 0.0
          0.281393 1.464273 0.0
          3.290571 1.063669 0.0
          2.949723 1.407925 0.0
          1.862541 1.352031 0.0
          2.848916 0.735937 0.0
          1.340619 1.342172 0.0
          2.980901 1.103469 0.0
          2.100000 1.500000 0.0
          3.399898 0.500000 0.0
          0.227874 0.786026 0.0
          2.671911 0.766166 0.0
          0.572057 1.203205 0.0
          3.500000 0.754874 0.0
          1.327256 1.070524 0.0
          2.505677 1.136592 0.0
          1.846332 1.126555 0.0
          2.929223 0.795525 0.0
          0.342601 0.925086 0.0
          0.296721 0.944961 0.0
          1.554871 1.000000 0.0
          2.620100 0.500000 0.0
          2.491527 1.100156 0.0
          2.401672 1.212932 0.0
          3.072716 0.686049 0.0
          0.961900 1.223681 0.0
          0.862756 0.937337 0.0
          2.658519 0.535584 0.0
          0.942826 0.777062 0.0
          3.135716 0.894825 0.0
          3.147168 0.795483 0.0
          2.500000 0.740003 0.0
          1.011077 1.200674 0.0
          2.541412 1.103732 0.0
          0.572003 0.825714 0.0
          0.680949 0.636952 0.0
          1.300000 1.500000 0.0
          2.130092 1.000000 0.0
          1.000000 0.520044 0.0
          1.174768 1.017969 0.0
          2.500000 0.899966 0.0
          3.293512 0.630004 0.0
          2.808835 1.083634 0.0
          0.342655 1.302578 0.0
          3.204572 1.053756 0.0
          2.500000 1.000000 0.0
          0.503156 0.666779 0.0
          2.225739 1.461650 0.0
          0.814195 0.524442 0.0
          3.112740 0.716018 0.0
          2.500000 0.839978 0.0
          2.091942 1.252648 0.0
          3.432135 0.858254 0.0
          2.818945 1.456532 0.0
          2.223916 1.242612 0.0
          3.324929 0.765618 0.0
          1.656053 1.252721 0.0
          2.800067 0.500000 0.0
          0.176319 1.233063 0.0
          3.500000 0.559027 0.0
          2.653947 0.914787 0.0
          1.174283 1.272658 0.0
          0.0 0.854224 0.0
          0.241141 0.601079 0.0
          2.860050 0.500000 0.0
          1.422695 1.453525 0.0
          0.965875 0.733787 0.0
          2.500000 0.700013 0.0
          1.369166 1.092129 0.0
          1.799936 1.144584 0.0
          3.066882 0.735865 0.0
          1.863008 1.000000 0.0
          3.338974 0.607956 0.0
          0.103217 1.123970 0.0
          0.978523 1.455531 0.0
          3.085619 0.535525 0.0
          1.667249 1.153731 0.0
          2.900000 1.500000 0.0
          1.900125 1.423073 0.0
          0.141732 0.776137 0.0
          1.164541 1.000000 0.0
          0.080104 0.500000 0.0
          0.468786 0.964804 0.0
          2.803036 0.755814 0.0
          0.726829 0.617078 0.0
          2.557148 1.380585 0.0
          0.176265 0.855572 0.0
          0.040252 1.075408 0.0
          0.326231 1.452554 0.0
          2.046059 1.272518 0.0
          1.000000 0.580037 0.0
          1.768606 1.387379 0.0
          3.124338 1.371659 0.0
          0.331145 1.024428 0.0
          2.940674 0.696183 0.0
          1.185739 1.173316 0.0
          3.319228 0.815313 0.0
          3.238926 0.755729 0.0
          2.476265 1.322199 0.0
          2.814035 0.655921 0.0
          0.514666 0.944930 0.0
          1.420923 1.401765 0.0
          2.725386 1.455933 0.0
          1.476632 1.457623 0.0
          0.085692 0.899967 0.0
          2.000000 1.500000 0.0
          0.686731 0.964773 0.0
          0.120158 1.352184 0.0
          0.526176 1.223080 0.0
          2.800000 1.500000 0.0
          2.273843 1.000000 0.0
          3.119956 0.500000 0.0
          3.392750 0.923107 0.0
          0.018019 0.517276 0.0
          0.035307 0.791716 0.0
          1.942775 1.410694 0.0
          2.500000 0.660022 0.0
          3.428316 1.381534 0.0
          2.757207 0.775699 0.0
          0.359840 1.153565 0.0
          0.641070 1.361870 0.0
          2.523269 0.993545 0.0
          1.000000 0.859974 0.0
          1.287765 1.000000 0.0
          3.370573 0.745658 0.0
          2.900014 0.534590 0.0
          1.287504 1.059149 0.0
          3.407384 0.824026 0.0
          3.368275 0.562630 0.0
          0.857963 1.362427 0.0
          2.665399 0.815445 0.0
          2.940748 1.073675 0.0
          2.837538 1.212771 0.0
          0.841578 1.133675 0.0
          0.0 1.350975 0.0
          2.558290 1.000735 0.0
          2.023477 1.096449 0.0
          0.474514 0.915133 0.0
          0.327043 0.524102 0.0
          0.291046 1.372123 0.0
          3.150000 1.500000 0.0
          3.457826 1.077903 0.0
          1.698604 1.000000 0.0
          2.599448 1.034525 0.0
          0.979076 0.934962 0.0
          0.814007 0.627748 0.0
          1.701933 1.232846 0.0
          0.658089 1.213127 0.0
          0.040817 0.629050 0.0
          2.479350 1.000000 0.0
          3.359903 0.500000 0.0
          3.107088 1.143180 0.0
          1.478249 1.282563 0.0
          2.350056 1.282478 0.0
          1.450000 1.500000 0.0
          0.216417 0.885368 0.0
          2.688301 0.616760 0.0
          2.751504 1.202852 0.0
          0.600335 0.580759 0.0
          0.600698 0.954851 0.0
          0.0 1.003249 0.0
          2.171100 1.000000 0.0
          0.977824 0.626127 0.0
          0.422905 0.984679 0.0
          0.245059 0.637014 0.0
          2.516830 1.351603 0.0
          3.179938 0.500000 0.0
          0.302503 1.272781 0.0
          0.124451 0.606669 0.0
          1.570021 1.242800 0.0
          1.195143 1.065998 0.0
          0.080444 0.998089 0.0
          3.456487 0.735537 0.0
          1.513776 1.000000 0.0
          0.717944 1.414196 0.0
          1.266043 1.232909 0.0
          2.717073 1.123378 0.0
          0.0 0.655523 0.0
          1.215557 1.027340 0.0
          1.426491 1.351842 0.0
          2.390198 1.312205 0.0
          1.431563 1.000000 0.0
          2.745706 0.875033 0.0
          3.379900 0.500000 0.0
          3.000000 0.500000 0.0
          2.335459 1.000000 0.0
          0.245369 1.392466 0.0
          2.039893 1.322148 0.0
          3.170144 0.974290 0.0
          3.187395 1.202769 0.0
          2.694101 0.944581 0.0
          2.952535 0.597786 0.0
          2.512665 1.400716 0.0
          1.736357 1.312314 0.0
          2.162581 1.404471 0.0
          3.359387 0.845111 0.0
          2.412852 1.115286 0.0
          0.046198 1.177914 0.0
          2.199074 1.379799 0.0
          3.500000 0.524577 0.0
          1.226157 1.000000 0.0
          2.190489 1.020543 0.0
          0.967828 0.841394 0.0
          2.246201 1.377091 0.0
          2.650000 1.428538 0.0
          0.755524 0.746216 0.0
          0.686784 1.342265 0.0
          1.950000 1.500000 0.0
          3.420993 0.607640 0.0
          2.912046 0.944539 0.0
          3.112813 1.093509 0.0
          1.780829 1.000000 0.0
          1.949525 1.029237 0.0
          3.165772 0.640763 0.0
          0.038448 1.333344 0.0
          2.649607 0.585561 0.0
          3.354839 1.272413 0.0
          0.451601 1.113816 0.0
          3.107018 0.765683 0.0
          2.500000 0.640026 0.0
          1.854838 1.089891 0.0
          0.160095 0.500000 0.0
          2.549899 1.423041 0.0
          2.860733 0.637440 0.0
          0.778663 0.925114 0.0
          3.454826 1.177526 0.0
          2.917771 0.894868 0.0
          3.160380 1.407354 0.0
          2.768608 0.676349 0.0
          2.583500 0.524242 0.0
          0.847294 1.083963 0.0
          1.545461 1.059767 0.0
          2.894868 1.093552 0.0
          1.357801 1.193164 0.0
          0.795717 1.153522 0.0
          0.851758 0.656874 0.0
          0.605555 0.534822 0.0
          2.917846 1.272358 0.0
          0.744120 1.223050 0.0
          0.268026 0.815823 0.0
          3.474441 0.541802 0.0
          1.443744 1.203186 0.0
          0.468424 1.341768 0.0
          3.336301 1.043775 0.0
          2.522109 1.302240 0.0
          1.650335 1.302357 0.0
          3.330591 0.715759 0.0
          0.858505 0.985018 0.0
          3.210297 1.004084 0.0
          1.013771 1.025169 0.0
          0.596648 1.380228 0.0
          1.151316 1.093849 0.0
          1.231620 1.153442 0.0
          0.0 0.953574 0.0
          2.500000 0.819982 0.0
          3.483115 0.516033 0.0
          1.095934 1.023439 0.0
          1.644656 1.351852 0.0
          0.699933 0.500000 0.0
          0.767034 1.024366 0.0
          2.458713 1.000000 0.0
          1.104622 1.426318 0.0
          1.111191 1.103466 0.0
          1.534237 1.000000 0.0
          2.889143 1.143223 0.0
          0.965366 0.660022 0.0
          3.003884 1.282268 0.0
          0.114265 0.645980 0.0
          2.694174 1.322073 0.0
          0.0 1.450325 0.0
          0.739032 0.561481 0.0
          2.831738 0.884950 0.0
          0.360050 0.500000 0.0
          3.181669 1.252440 0.0
          2.780072 0.500000 0.0
          1.885416 1.153236 0.0
          2.369958 1.137491 0.0
          3.313764 1.242503 0.0
          1.000000 0.500000 0.0
          0.577731 0.776043 0.0
          3.177484 1.455674 0.0
          1.534319 1.019022 0.0
          1.657518 1.000000 0.0
          0.984978 1.402126 0.0
          0.861318 0.897609 0.0
          2.298619 1.352372 0.0
          1.076529 1.361528 0.0
          2.637529 1.063907 0.0
          1.030870 1.381860 0.0
          3.298993 1.388682 0.0
          0.761304 1.074039 0.0
          1.821851 1.000000 0.0
          1.252439 1.025703 0.0
          3.323462 1.459632 0.0
          3.500000 0.804549 0.0
          2.720085 0.500000 0.0
          2.527868 0.895213 0.0
          1.988808 1.391638 0.0
          1.776739 1.022810 0.0
          2.780207 1.331990 0.0
          1.802699 1.416957 0.0
          0.617937 1.183331 0.0
          0.350000 1.500000 0.0
          0.988276 1.101599 0.0
          3.464755 1.464717 0.0
          0.286536 1.424606 0.0
          0.982684 0.769995 0.0
          3.181596 0.874948 0.0
          3.500000 1.152274 0.0
          0.193522 1.084053 0.0
          0.525427 1.457011 0.0
          0.216471 1.262860 0.0
          1.260315 1.282580 0.0
          3.216023 0.954413 0.0
          1.914137 1.282463 0.0
          2.934948 0.745854 0.0
          2.820287 0.984292 0.0
          3.167872 0.578846 0.0
          2.109454 1.105718 0.0
          0.900983 0.912416 0.0
          3.074936 1.447072 0.0
          2.532502 0.803348 0.0
          2.109467 1.000000 0.0
          0.508991 1.372092 0.0
          3.454509 0.680724 0.0
          0.812873 1.004563 0.0
          0.0 1.301300 0.0
          3.273426 1.212686 0.0
          1.317651 1.163364 0.0
          2.848989 1.113429 0.0
          0.560546 0.925055 0.0
          0.549090 1.024397 0.0
          2.297054 1.033201 0.0
          2.525127 0.930050 0.0
          0.063958 0.556884 0.0
          0.939490 0.629130 0.0
          1.000000 0.700013 0.0
          3.479893 0.500000 0.0
          0.807177 1.054165 0.0
          3.464809 0.582437 0.0
          3.500000 0.500000 0.0
          2.212235 1.000000 0.0
          0.411449 1.084020 0.0
          1.002462 1.253376 0.0
          0.233656 1.113847 0.0
          2.699826 0.894910 0.0
          2.382901 1.421149 0.0
          1.777784 1.458749 0.0
          3.032506 1.033921 0.0
          3.061138 0.785561 0.0
          3.055409 0.835237 0.0
          3.044031 1.312071 0.0
          1.540988 1.113373 0.0
          0.956360 1.272719 0.0
          0.895590 0.639555 0.0
          0.950524 1.321988 0.0
          1.828116 1.272561 0.0
          2.600685 0.677735 0.0
          3.152967 1.123304 0.0
          0.977719 1.057460 0.0
          3.296313 1.014000 0.0
          2.654042 1.292250 0.0
          0.043114 0.877242 0.0
          0.830128 1.232984 0.0
          1.134131 1.242861 0.0
          3.159944 0.500000 0.0
          3.099963 0.500000 0.0
          3.365063 0.795416 0.0
          3.459893 0.500000 0.0
          0.042099 0.975833 0.0
          3.227475 0.855071 0.0
          1.000000 0.879970 0.0
          2.648425 1.341775 0.0
          2.866240 1.341907 0.0
          2.563748 0.565561 0.0
          3.079241 0.635300 0.0
          2.659673 0.865116 0.0
          3.259919 0.500000 0.0
          0.899898 0.500000 0.0
          2.163589 1.355001 0.0
          3.009605 1.232603 0.0
          1.621629 1.173254 0.0
          1.707662 1.183176 0.0
          3.216097 1.331905 0.0
          2.257320 1.323017 0.0
          0.475442 1.460128 0.0
          0.348330 0.875415 0.0
          2.335815 1.023021 0.0
          1.660978 1.026801 0.0
          0.519992 0.500000 0.0
          3.339050 1.415926 0.0
          1.022099 1.067429 0.0
          0.354112 1.203236 0.0
          3.009530 0.855114 0.0
          0.460016 0.500000 0.0
          0.222004 0.526063 0.0
          2.430505 1.342352 0.0
          1.500000 1.500000 0.0
          2.441809 1.242675 0.0
          1.575387 1.000000 0.0
          0.617883 0.805839 0.0
          1.965677 1.212801 0.0
          0.778483 1.302476 0.0
          0.491699 0.766121 0.0
          3.084185 1.341865 0.0
          3.500000 0.605848 0.0
          0.197398 1.417748 0.0
          2.722729 0.696226 0.0
          3.381679 1.399084 0.0
          3.049758 1.262398 0.0
          1.635853 1.072314 0.0
          2.339677 1.384252 0.0
          1.740503 1.078705 0.0
          1.784651 1.061089 0.0
          1.889231 1.105598 0.0
          2.770067 0.517704 0.0
          1.816224 1.370899 0.0
          0.879900 0.500000 0.0
          0.732665 1.322390 0.0
          0.0 1.251625 0.0
          0.900000 1.500000 0.0
          2.418768 1.063341 0.0
          0.0 1.500000 0.0
          0.285264 1.044302 0.0
          3.233274 1.182892 0.0
          1.723871 1.408485 0.0
          2.263978 1.272530 0.0
          2.438248 1.000000 0.0
          0.787998 0.559583 0.0
          3.458865 0.779711 0.0
          1.684533 1.381363 0.0
          3.084111 0.964373 0.0
          3.256177 0.984208 0.0
          1.224622 1.459090 0.0
          1.724415 1.456548 0.0
          1.925223 1.455411 0.0
          0.038591 1.383070 0.0
          2.523381 0.626143 0.0
          0.486024 1.193283 0.0
          1.000000 0.540042 0.0
          0.040107 0.500000 0.0
          3.118931 0.521491 0.0
          2.451351 1.097396 0.0
          0.629394 1.083989 0.0
          1.410986 1.000000 0.0
          2.047841 1.000000 0.0
          2.000179 1.292398 0.0
          1.627054 1.123993 0.0
          0.100102 0.500000 0.0
          0.379739 1.457419 0.0
          0.077947 1.418020 0.0
          3.466320 0.937518 0.0
          0.910985 0.962445 0.0
          1.050000 1.500000 0.0
          0.589188 0.676701 0.0
          2.500000 0.939961 0.0
          3.225793 1.458340 0.0
          2.920031 0.500000 0.0
          3.019992 0.500000 0.0
          2.521107 0.726677 0.0
          0.156425 0.536136 0.0
          3.365137 1.172926 0.0
          2.839295 0.516312 0.0
          1.036624 1.332253 0.0
          2.946473 1.024004 0.0
          2.682649 1.043923 0.0
          0.087866 0.849640 0.0
          3.500000 1.350975 0.0
          2.253377 1.000000 0.0
          2.831812 1.262442 0.0
          3.079969 0.500000 0.0
          0.807047 0.676787 0.0
          0.700000 1.500000 0.0
          1.032047 1.116625 0.0
          2.808762 0.706143 0.0
          1.059654 1.033061 0.0
          2.263352 1.031267 0.0
          0.240081 0.500000 0.0
          0.623237 1.456223 0.0
          2.940023 0.500000 0.0
          0.531905 1.173409 0.0
          3.381796 0.599741 0.0
          1.060253 1.198104 0.0
          3.419896 0.500000 0.0
          2.874792 0.586916 0.0
          0.854801 0.525460 0.0
          0.250845 0.964836 0.0
          1.274060 1.459792 0.0
          1.328318 1.451128 0.0
          1.719171 1.000000 0.0
          3.122938 0.611922 0.0
          1.102918 1.000000 0.0
          1.042579 1.283092 0.0
        </DataArray>
      </Points>
      <Cells>
        <DataArray type="Int32" Name="connectivity" format="ascii">
          800 1329 295 1264 1566 152 139 1566 1264 295 189 800 1344 75 1242 482 871 462 1056 234 260 1572 75 1344 673 534 1352 16 1262 1621 234 1311 260 453 702 1625 1417 122 1364 625 1549 720 1457 293 90 650 868 801 139 1309 1566 86 1309 139 539 1483 1548 155 700 253 921 1083 621 801 831 650 416 1386 560 416 1612 1386 14 1458 805 122 132 1364 1605 610 1073 1072 339 145 645 1036 378 1157 1418 1400 407 941 1001 999 680 1524 1626 730 1049 414 665 1628 1060 1176 1065 1581 472 120 919 1035 814 1209 902 1265 1286 488 1397 1625 491 453 751 525 1318 407 1001 1582 999 1524 1322 1217 1176 599 145 566 1536 805 1458 324 683 690 1348 1626 1049 1279 1564 488 281 960 245 1260 1059 621 1174 1547 1525 625 84 123 587 473 373 664 305 1469 1247 1419 1525 577 369 1349 946 479 1612 416 15 162 474 625 422 1547 441 730 1626 454 941 407 749 680 999 720 422 625 898 192 677 136 1349 369 738 1525 1419 465 1469 305 178 123 84 1310 373 473 1307 588 732 509 730 441 238 680 749 1459 941 454 446 1612 479 984 162 15 1334 797 246 253 1311 155 506 828 1282 677 306 898 1058 1090 148 898 306 1350 148 1090 1351 1358 1597 6 521 1164 718 1061 216 1514 1020 917 1227 906 1339 615 124 757 1432 1395 294 979 1303 394 1502 678 1203 242 934 988 440 1454 898 1350 90 132 1457 629 812 816 942 1130 647 1140 698 22 1577 247 804 1474 78 1505 974 563 901 901 406 1515 718 1037 1158 6 44 657 1227 142 1021 1320 598 1287 1554 1622 45 647 1281 144 243 784 421 498 127 220 997 62 521 335 1185 975 1000 846 1358 950 877 297 721 877 1061 1432 62 10 220 755 1508 948 1299 1020 786 1574 729 1259 755 906 219 161 1122 32 1532 93 943 1402 1018 1187 14 74 1007 879 913 18 1552 124 855 879 1395 291 711 943 242 711 1473 817 1458 1391 129 533 1 869 533 1303 1194 200 1411 619 1009 817 548 1443 478 1204 1596 923 43 1443 678 1168 1009 428 1050 1275 745 1067 1133 118 423 1578 1248 572 1373 821 1503 1212 1607 821 205 1044 459 656 1616 1607 313 987 589 996 1074 765 302 1531 1074 443 1526 267 1116 459 609 443 765 871 360 462 1594 1262 604 857 1483 391 621 922 921 604 1262 55 184 405 449 1621 1262 17 449 163 184 391 800 857 1352 534 980 712 5 1595 246 865 1334 153 1447 67 1177 1433 23 415 373 340 939 847 783 858 151 481 481 1399 858 995 1165 475 6 1597 44 718 1164 1037 917 142 1227 1432 757 62 242 1203 711 1116 1029 459 459 1029 656 1595 5 1321 492 679 1614 457 1366 893 1565 828 506 476 1433 1177 254 605 543 732 1388 1307 192 1178 677 1132 894 1613 624 1035 919 894 381 627 1622 828 1185 529 1331 346 186 563 284 876 679 492 231 1366 457 37 1262 16 273 847 939 1105 1335 1340 814 1035 315 192 528 216 1301 871 482 162 188 1205 1350 1627 1454 29 528 192 1026 1251 835 995 54 1165 681 764 249 702 1238 1202 284 376 186 28 54 995 1548 1483 812 391 1483 539 339 585 145 1165 854 475 1458 455 324 1340 1022 1105 145 585 566 835 1603 1026 1058 865 246 1592 1093 874 440 1437 934 561 1178 172 823 871 430 14 805 803 617 1035 717 532 808 779 213 293 1457 324 455 1084 771 1047 417 216 727 192 1058 148 865 1512 1627 1063 346 899 529 1047 684 7 319 432 208 812 515 816 1265 1618 1209 340 582 415 886 499 1190 156 667 660 119 775 1428 720 1549 991 931 1125 1586 707 1429 1337 627 922 894 881 1558 488 1140 361 698 1478 1338 138 380 866 1388 580 728 1254 417 1047 612 1603 1499 1026 1211 1420 706 1218 193 304 1254 684 580 1362 612 292 1353 932 766 991 1549 1550 766 1047 7 663 1587 349 417 612 1081 1615 700 155 1572 1252 75 249 764 317 430 679 823 1550 581 991 1573 1587 774 1620 622 1146 1356 918 1253 674 1599 19 1409 1075 133 621 1083 408 1132 1613 1469 693 1587 1573 1532 430 480 1190 442 886 1185 828 1565 186 828 1622 1241 1499 1603 1461 1309 86 1586 962 931 702 982 1625 284 1491 376 1202 982 702 1613 894 610 169 844 983 1205 1151 162 1362 292 851 169 1407 1221 621 1338 922 1134 491 783 453 491 1134 67 444 153 86 68 1461 381 526 627 835 1251 336 805 1433 803 894 922 610 1447 848 67 546 904 1263 673 110 1494 75 1027 1242 172 1178 1209 677 1178 561 665 866 380 1557 672 326 1211 692 1420 1265 902 598 155 1311 234 1565 1407 161 941 105 1001 1081 612 1362 1263 1151 546 1589 671 1130 315 302 325 927 164 392 340 373 1368 20 1587 663 326 970 1557 832 1627 1512 1063 1627 1350 739 1038 1470 1307 101 588 22 24 1140 16 868 650 1494 630 673 169 983 294 1589 1130 556 1454 883 1137 667 529 660 669 1029 1116 808 736 779 1551 432 319 650 831 757 874 1093 217 510 813 882 392 1588 927 1612 1528 1386 766 932 292 1388 1399 380 294 1407 169 1239 183 196 921 922 627 680 776 1524 41 117 1169 730 625 1049 766 7 1353 28 33 182 131 981 1095 681 76 764 481 151 117 502 1489 1368 580 1047 771 1116 5 669 1470 1433 739 580 684 1047 717 1035 63 886 1239 196 1159 1152 887 1053 636 706 1209 727 902 1457 132 122 935 256 907 977 550 903 1225 1442 191 1545 884 740 1095 1421 131 262 300 1413 1323 1276 1442 660 1027 156 740 1527 1545 1550 1549 730 81 150 1240 1331 1105 346 881 1579 1558 1345 1618 456 1132 381 894 1170 330 905 776 1132 1469 887 1579 1159 456 1377 1476 739 1433 805 1597 1040 44 1164 980 1037 757 320 62 1203 182 711 456 1618 1265 823 360 871 851 60 1362 1489 340 1368 903 1138 977 134 1593 758 151 1619 117 944 672 137 1404 405 694 862 541 381 579 105 941 1088 1119 1043 191 962 1225 779 747 532 1476 1345 456 905 1152 1170 902 727 216 783 1112 939 612 766 292 430 1200 480 418 330 861 1454 1137 394 475 854 1339 934 1215 988 1323 1442 903 1442 1276 191 630 534 673 16 1599 37 919 1075 624 1266 1091 628 980 534 1511 319 208 1349 862 300 262 882 813 1516 692 471 1420 832 1212 883 325 302 710 758 1593 592 1417 1593 134 488 1558 555 1340 1335 500 673 1352 1293 1511 1366 980 206 183 1239 667 419 529 1393 665 380 636 750 706 1528 1496 1386 336 1251 806 907 256 420 1368 585 502 475 981 995 592 1593 35 861 330 399 905 330 418 1043 1341 1088 680 368 776 759 583 110 1407 506 1221 1492 437 1490 851 366 60 182 54 28 757 831 320 1132 862 381 411 1494 154 480 1200 107 100 194 686 1489 250 340 1351 1090 693 816 1022 629 706 750 1211 551 1066 1273 1041 1499 1241 146 1212 832 1483 591 812 1542 1476 1196 522 634 1126 740 884 365 692 646 471 419 1331 529 1002 1562 1571 1528 1440 1496 471 375 1420 1273 1066 470 1153 314 1206 1169 103 41 1625 1624 491 618 1119 64 944 1091 1266 1412 314 1153 777 1412 540 692 326 646 646 99 471 64 1119 1088 295 1119 618 1314 1285 184 419 1516 1331 1440 779 1496 1528 1610 1440 777 314 1412 540 1412 910 99 437 1492 686 194 250 1066 573 945 326 944 646 551 573 1066 1610 41 1440 1240 900 81 1097 1066 945 257 314 218 768 1324 270 1206 314 257 218 314 777 1583 1324 768 1610 117 41 1583 768 637 637 655 1583 655 1451 799 637 1451 655 1610 481 117 1538 655 799 1583 655 303 303 655 1538 867 573 9 703 1451 544 9 573 551 544 1451 637 458 573 867 495 1451 703 1553 1228 318 1553 318 885 1226 1324 1583 318 97 885 367 510 719 719 510 1188 885 97 1493 36 97 1330 1330 97 318 289 97 36 720 1519 1213 958 1519 1283 627 477 638 1213 1519 958 1283 1519 83 638 477 141 1141 934 1553 460 1519 720 38 477 448 1567 1002 42 1567 42 1394 379 1394 542 379 1382 1394 1394 42 542 1193 1382 1092 1002 764 42 1092 1382 379 351 1382 1193 1191 833 367 1394 1382 895 895 1382 351 935 791 1249 908 791 935 926 791 908 486 614 462 908 1497 926 926 1497 1569 462 614 723 763 1139 211 56 65 552 614 377 723 370 705 1294 1569 1385 1450 834 1302 1329 263 199 603 787 35 102 1181 763 211 1497 1139 763 787 102 1520 603 65 56 1497 763 1569 552 65 614 1446 143 121 51 1426 328 1521 500 833 593 143 1446 1340 500 1521 1062 1520 358 603 199 65 279 1166 125 687 1229 309 316 61 497 100 106 1306 811 1216 597 1563 1521 833 285 1543 174 1325 125 985 371 792 842 1495 792 371 328 1426 787 985 1450 1325 763 1385 1569 358 1520 1042 967 1464 1008 125 1166 985 801 868 1236 1424 258 399 954 265 644 787 1520 1062 1450 1385 1325 464 66 695 603 1540 263 1329 1302 1222 856 1450 1086 263 1540 802 195 791 836 1591 393 1019 1019 393 545 967 1414 1464 1032 815 1448 614 65 377 221 1135 1575 1261 1192 1383 279 66 464 1602 359 1098 1098 258 1602 316 496 559 1186 1355 1207 497 461 496 66 872 695 115 1255 333 125 1568 279 1383 1192 870 1569 1450 856 1300 91 104 872 568 909 787 1426 35 1523 61 316 947 1054 1410 352 1171 1033 1233 1504 1332 159 569 1617 1306 106 1079 968 239 1219 175 1523 530 597 1216 928 400 949 1131 1068 606 569 1575 1135 159 554 1236 1360 1563 1003 1521 916 1216 811 1033 802 352 986 237 668 600 239 968 497 496 316 1602 258 1424 272 167 644 1155 1523 175 425 949 400 483 244 701 701 244 1510 393 1295 545 1236 868 1360 1230 362 372 377 461 723 1438 167 272 1274 731 1237 372 362 92 909 568 1485 842 792 211 46 207 202 576 1055 275 1249 791 195 916 811 1223 788 967 1008 410 807 485 222 631 483 1568 66 279 1372 398 1608 607 1054 947 826 731 1274 244 338 1510 57 306 1120 1436 639 933 1207 1355 1486 1523 316 530 497 61 1376 176 1038 203 1560 121 1023 1033 1171 1039 484 1154 793 424 658 513 1284 207 1438 95 104 1230 1106 494 21 1110 986 796 523 466 177 1617 1575 159 852 1517 25 328 787 1062 337 1457 209 569 606 276 426 203 1197 1277 122 1417 363 1615 155 1438 207 1149 49 271 359 1617 569 276 463 1295 393 1197 203 80 859 640 278 209 122 1277 743 1447 58 341 1139 1113 631 1140 483 778 927 1249 359 1108 1098 850 327 73 1365 1236 1611 535 461 497 767 1254 1545 271 1453 929 1190 648 233 1396 1475 1427 1237 1467 594 1156 1623 1051 255 770 221 731 1033 1039 307 1255 115 1522 1447 743 929 466 1025 292 932 1598 695 872 818 1544 307 912 1611 1236 554 179 327 1379 1416 1171 352 211 792 1181 271 1108 359 1487 149 819 282 121 1560 179 1055 576 1509 1498 1405 233 648 1214 1123 1615 363 1518 106 951 87 27 1396 1071 3 1606 933 196 427 165 1486 1487 1237 731 1467 467 1379 1460 39 27 87 277 1121 1316 837 562 288 398 733 1608 741 845 356 92 1256 863 820 631 222 1606 1010 990 530 557 350 734 952 905 1120 306 756 801 1236 1365 1364 1229 687 384 1003 1563 308 952 734 888 1108 1179 1025 466 523 108 166 1363 826 1033 731 109 815 1032 1533 391 539 1548 812 629 269 1238 702 523 177 1601 26 794 1347 126 852 25 1042 309 947 851 292 1598 1042 687 309 1485 568 354 171 359 1602 990 1010 1374 427 196 1103 536 623 1468 873 237 986 1444 1166 752 104 362 1230 371 1561 1326 211 1139 341 309 1541 501 640 1328 278 802 1540 352 557 263 802 1319 807 59 737 135 228 1427 1475 487 1183 1127 345 1481 1446 121 770 1135 221 468 1127 1183 840 1323 285 649 277 838 826 802 1033 1598 967 788 298 1058 246 1363 424 513 756 677 561 1186 1063 57 826 557 802 73 327 179 147 1233 1332 929 1453 466 176 203 426 26 1288 126 1410 1054 1326 1501 69 30 49 359 171 1323 1543 285 354 568 1568 160 1220 387 1513 1267 586 395 283 1223 822 569 159 354 794 1485 210 562 878 224 288 210 1149 207 46 1488 1546 501 496 461 377 635 1410 1326 644 265 272 1467 731 1039 1485 794 98 1342 733 911 223 872 909 412 354 1568 915 1186 57 1350 306 57 1042 1520 687 451 1540 965 202 207 1004 482 723 685 1004 1284 334 666 343 920 753 100 1306 1289 1121 277 70 331 1312 1057 620 1501 487 1475 1367 2 986 1110 157 794 354 379 542 215 89 435 215 285 174 109 277 1316 838 1092 675 1306 649 969 116 620 69 1501 809 532 1030 1134 783 266 1121 435 89 344 1003 1290 1160 1535 274 382 308 1535 1024 843 429 1327 1197 1482 1468 623 1068 986 668 796 1068 623 606 395 780 666 713 1235 1533 834 1329 800 954 87 1427 483 701 790 173 1136 135 1500 248 570 554 859 347 1379 1055 179 1537 1171 1416 1360 640 859 666 1048 343 880 663 348 255 576 275 275 1055 85 173 135 737 147 1332 195 1231 356 1452 1530 464 695 485 807 1408 756 306 677 214 1381 1096 1179 929 1025 1487 1486 149 564 856 1086 836 926 856 594 1467 1296 559 557 530 180 558 210 1232 858 732 1422 1003 344 85 1109 489 1340 1521 1422 1016 160 31 1016 807 1319 71 1064 1378 116 969 896 1051 762 676 911 733 1005 1465 546 364 1111 1134 266 321 273 1069 172 1209 571 820 222 1488 1140 244 483 26 126 264 26 1347 1288 1347 795 1495 1347 157 795 157 401 795 204 1062 358 0 733 1342 1019 237 1591 59 49 1327 412 1325 401 77 805 324 324 1084 113 66 568 872 425 685 535 1518 951 1584 345 1591 47 714 1241 283 1294 705 1006 1457 122 209 985 1166 1444 116 914 1370 924 1039 197 1186 1161 1063 1513 80 77 229 1387 574 222 1403 1488 1436 933 427 81 383 89 838 1316 269 1448 815 1195 1195 298 754 283 916 1223 1464 1414 204 558 224 210 221 251 576 341 788 1008 309 501 947 501 1546 607 1113 48 788 929 1108 271 951 502 1584 1380 1497 908 1147 535 1376 723 461 685 1016 333 160 1220 469 1611 1513 77 1267 1384 875 1462 80 739 805 343 143 593 1316 1121 383 1507 564 1086 924 1467 1039 388 1114 0 402 1099 1131 1110 796 1342 949 402 1131 1238 1316 383 190 440 507 998 681 249 1100 1485 98 1220 1142 387 1611 554 1142 822 1107 600 1107 239 600 1031 1155 175 574 327 850 1617 276 1149 374 961 385 1124 698 213 240 1056 137 1068 822 600 95 1230 824 288 562 210 976 1376 762 1109 191 489 156 75 1434 513 695 818 108 1408 166 819 1166 279 1408 807 1016 160 387 31 1016 1319 333 1482 1197 1513 1468 1068 600 95 1156 1155 836 791 926 1416 47 873 1608 733 0 59 807 410 171 760 426 466 1453 342 954 644 641 425 400 685 316 559 530 1481 121 282 56 552 286 239 91 1300 1530 165 1487 819 279 464 98 794 26 108 342 485 126 25 264 1042 947 1410 1086 1450 985 1319 1482 586 204 769 1062 930 1378 225 70 128 1198 1198 321 1028 1480 1169 50 72 1030 1162 968 1237 594 413 175 350 676 1523 1155 1230 372 1560 255 221 576 49 171 1327 769 1353 79 1004 334 1080 172 571 661 157 354 412 276 1438 1149 1387 67 574 1555 1539 185 760 1280 176 307 1148 912 608 1479 1354 48 851 1598 552 614 486 343 490 920 1346 1363 818 1167 1085 752 561 1383 870 536 594 1296 863 180 878 410 1453 271 1071 1436 3 290 698 1124 1571 1484 140 1291 1240 1534 1609 234 735 1439 1586 1087 177 223 1601 371 1326 1017 1270 808 809 350 557 826 644 167 1580 535 497 1376 873 986 2 965 56 1183 965 603 56 1005 398 28 8 1571 140 466 342 177 239 1300 1219 1529 255 742 772 1032 1448 147 195 836 1004 1080 1011 253 1257 1343 640 17 1328 308 734 214 1381 1235 1096 418 861 353 861 1024 429 1313 888 370 523 1601 1268 1346 818 223 1363 513 818 675 753 1306 753 225 100 930 71 1378 914 994 1465 896 969 1111 266 128 1449 1198 1501 30 30 69 1232 1198 128 321 1028 1057 1501 1629 1480 50 536 1296 601 1296 924 704 400 482 685 1114 1608 0 450 173 311 1005 28 995 1465 88 546 321 847 273 1205 651 364 925 89 215 485 1453 410 701 1374 790 1374 374 708 1143 269 453 706 1420 1425 98 26 264 795 792 1495 635 204 358 601 1243 39 95 824 1156 372 282 1560 863 878 282 911 311 953 202 1004 1011 298 246 754 1172 1019 545 175 530 350 85 403 1109 52 1202 1291 1173 1625 503 1115 652 34 240 137 955 363 155 1609 58 153 1123 524 1225 1439 348 746 1101 433 20 880 166 424 1363 493 436 1085 1120 1234 493 1296 1467 924 1448 1195 288 197 1171 1537 2 737 228 1068 569 822 1005 733 398 1163 1589 1384 1219 1274 1237 395 714 283 1317 344 1290 168 887 382 296 1381 214 734 418 973 888 1179 992 513 1530 695 108 485 1408 1092 379 675 930 277 649 116 896 914 30 1232 331 781 940 809 954 641 87 224 772 1448 1481 562 782 1544 912 978 482 462 723 953 173 737 1110 1342 953 911 662 311 131 450 311 1232 69 858 710 463 468 732 588 1389 1143 969 838 1521 1003 1422 349 693 1244 1078 1053 1423 1053 706 1425 269 702 453 269 1316 1238 818 872 223 1100 98 1144 1408 1016 31 401 1181 795 1230 1560 824 251 73 179 760 176 426 570 248 1539 661 86 1261 1529 770 255 976 1147 1376 1034 801 1365 311 173 953 202 1011 229 1114 1282 1608 1080 1555 1343 67 1460 574 1555 185 409 956 1361 450 1243 27 39 413 350 1274 878 562 1481 965 1183 345 822 159 1354 185 260 409 956 1163 1052 356 825 741 318 1228 4 386 322 280 280 1160 274 1160 382 1535 1024 1313 843 1098 1108 888 1179 1025 1466 1025 523 1369 675 435 753 753 1289 225 930 649 71 1465 364 1370 896 1449 1312 1111 266 1449 321 1069 1028 72 827 781 809 808 532 1371 487 1270 299 1427 487 350 826 1274 1292 976 762 2 1110 737 168 322 1413 1111 969 1143 539 1548 344 546 1205 364 273 1078 1069 450 1136 173 1533 1235 834 1143 838 269 1548 629 1422 552 486 936 925 81 89 937 652 1115 1156 676 1155 1245 46 73 859 1231 347 131 956 450 593 259 490 115 1148 307 20 663 880 652 939 1570 280 274 1290 274 713 1317 308 214 1096 418 353 973 861 429 353 1313 370 843 888 992 370 1179 1466 992 1025 1369 1466 1466 1401 312 523 1268 1369 1369 310 1401 1601 1100 1268 1346 108 1363 149 752 819 1347 794 157 915 57 1120 469 307 1544 1031 95 1155 1031 104 95 1560 1023 824 878 1481 282 1544 978 1034 168 1413 1333 1548 1422 344 978 673 1293 822 1354 1107 1076 40 1512 1533 834 391 222 483 790 629 1340 1422 564 836 856 1468 600 968 1051 1292 762 251 1245 73 403 931 1109 270 667 156 280 1290 384 1160 168 382 308 1096 1535 1096 1235 713 973 296 214 843 716 429 1466 312 992 1408 31 166 1495 1017 1288 333 1255 160 1220 1611 1142 635 358 1410 1319 59 1482 554 1360 859 914 1465 1370 1544 1034 1365 197 1537 228 1537 873 2 662 131 311 1232 732 1389 388 1221 1114 769 328 1062 168 1333 887 1317 539 344 1513 1197 80 978 1293 1034 651 1064 364 157 412 401 1163 1384 1052 80 203 739 222 790 1403 701 990 1374 1436 1106 3 427 1405 1106 1103 1509 1405 1143 453 1134 502 1547 1584 301 235 1509 412 125 1325 858 1388 732 1290 1003 384 1346 342 108 379 215 675 1289 277 930 331 994 1312 1449 128 70 70 1198 30 1232 1389 331 1198 1028 1501 1057 1629 50 1629 761 1480 1480 1490 1162 372 863 282 1186 1207 1161 321 128 847 395 666 714 542 925 215 92 608 1256 48 1598 788 1539 628 185 1160 322 168 1179 1108 929 1487 819 464 149 1167 752 1289 435 1121 838 969 649 896 1312 914 180 1529 558 251 179 576 197 228 1117 1537 1416 873 1342 911 953 965 1540 603 229 574 850 1317 1533 539 1541 820 1488 1078 1423 1069 783 847 266 85 489 1180 1284 1102 334 1374 708 790 1436 427 1106 1103 301 1509 301 1043 235 1053 1425 1423 1568 568 66 1192 1504 1233 758 592 114 1124 213 337 654 295 618 504 816 549 507 988 158 34 1570 332 632 937 1115 287 1211 633 735 1056 240 709 1522 743 940 1118 1371 487 1367 1270 1468 968 594 413 1031 175 1537 2 228 1195 754 837 1282 1372 1608 1438 272 1284 403 467 931 1172 545 169 841 386 384 1063 1350 57 1219 413 1274 685 461 535 1317 713 1533 40 832 1512 224 1448 288 255 275 742 796 0 1342 59 410 49 171 426 1327 202 229 850 80 805 77 701 1510 990 951 1489 502 668 237 1019 463 393 1127 915 1355 1186 756 870 1234 756 561 870 561 172 1383 1092 1306 1079 1289 930 225 1480 1162 1169 72 781 1030 827 1500 781 1371 299 487 641 39 87 512 601 39 1296 704 601 924 1117 704 1117 860 704 180 210 878 1245 1149 46 1416 352 451 1567 1394 895 1343 1257 1011 172 661 1383 754 438 837 956 1052 1361 916 835 1216 1172 169 1221 1425 1600 1423 402 1404 1099 275 85 1180 1231 825 356 840 285 1032 403 1379 467 1167 493 1085 512 623 536 704 1243 601 536 1468 594 47 237 873 1416 451 47 362 1479 92 229 1257 1387 334 839 1080 213 1457 337 22 698 290 206 1239 725 440 988 507 1202 1240 1291 155 234 1609 153 1615 1123 1225 1586 1439 968 1219 1237 1245 1617 1149 1005 995 662 158 1572 1344 177 342 1346 915 1120 493 1319 586 333 1120 756 1234 926 1569 856 1482 1513 586 870 1192 82 940 1500 1118 1051 780 1292 341 1113 788 924 197 1117 796 388 0 911 1005 662 412 1568 125 275 1180 742 56 286 1183 1080 839 1555 409 253 1343 1292 1223 976 1147 425 535 177 1346 223 513 658 1530 1167 915 493 1495 371 1017 1234 436 493 870 82 1234 842 1008 1561 1507 1086 1444 469 1365 1611 87 1396 1427 1051 1623 780 46 850 73 451 965 345 426 1197 1327 1161 1512 1063 552 936 286 1555 839 1539 174 349 1244 834 800 391 928 402 949 98 264 1144 469 1544 1365 753 435 1289 116 1370 71 1312 994 914 896 1111 1449 1057 1089 1629 1480 761 1490 781 809 1030 940 1270 809 1367 808 1270 1156 1051 676 1292 395 1223 1110 953 737 77 113 1267 410 271 49 847 128 266 383 1121 89 1561 635 1326 347 484 1142 1086 985 1444 1195 837 288 1231 1452 347 1113 1380 626 325 710 468 842 211 341 824 1623 1156 501 607 947 388 1172 1221 1541 90 820 489 1276 1104 1071 1606 990 933 886 196 1380 908 514 908 935 514 553 740 365 1214 648 22 158 988 1572 34 652 1570 735 234 1056 58 1447 153 348 663 746 1085 436 1507 309 1229 1541 1555 409 1343 588 88 1389 1071 639 1436 3 1006 1606 140 1484 190 554 347 1142 781 1500 940 221 1575 251 1147 597 425 92 1479 608 286 468 1183 1589 889 1384 77 324 113 593 516 259 1085 1507 1444 842 341 1008 512 536 601 1292 780 395 1518 1584 1213 559 263 557 251 1575 1245 46 202 850 936 325 286 564 147 836 215 435 675 649 116 71 1449 70 1312 70 30 331 1069 1089 1028 1057 50 620 1490 72 1162 400 1301 482 228 135 1117 1111 1143 1134 553 365 226 114 1430 355 1277 1417 134 1214 22 290 1246 1190 233 725 1239 170 252 206 725 64 1088 252 642 857 890 575 346 1070 261 660 1145 1347 1495 1288 388 668 1172 79 767 51 403 1055 1379 1161 1076 1512 190 1484 440 1370 1064 71 1195 815 298 1080 1343 1011 940 1371 1270 299 954 1427 641 512 39 1004 207 1284 463 1127 468 1376 61 762 769 79 328 82 1128 436 1085 1444 752 661 1261 1383 280 322 1160 274 1317 1290 734 905 418 861 399 1024 1024 258 1313 1313 1098 888 1369 1401 1466 1100 1144 1268 1028 1089 1057 451 345 47 345 1127 1591 1452 484 347 994 88 1465 1423 1089 1069 1374 1010 374 1043 1222 235 86 139 1261 586 115 333 760 1424 1280 386 280 384 734 973 214 1313 258 1098 371 842 1561 796 668 388 1113 626 48 790 708 1403 1380 514 626 1089 1600 1629 1332 778 195 286 325 468 1389 88 994 1529 1256 770 1541 1488 501 113 1148 1267 1084 759 113 1510 1071 990 1142 484 387 358 1042 1410 364 1064 1370 1389 994 331 860 1243 704 372 92 863 352 1540 451 85 1055 403 1423 1600 1089 793 1154 424 1127 393 1591 109 744 815 666 920 714 1591 237 47 859 278 1231 438 782 837 1529 742 558 285 109 1032 1323 903 1543 1601 909 1100 1361 722 1045 203 1038 739 752 1166 819 1011 1257 229 1113 1139 1380 343 593 490 171 1602 760 1563 833 1191 1518 1213 958 400 1131 1301 1361 1136 450 558 1304 224 1045 722 27 1629 1600 761 1079 106 1518 772 840 1032 114 592 1430 252 1088 206 59 1327 1482 782 562 837 104 91 362 1580 167 606 742 1304 558 1256 608 770 1535 713 274 79 51 328 912 1148 759 767 1545 51 1100 909 1485 1486 1355 149 1223 811 976 270 156 1434 382 952 308 759 1148 113 174 1244 109 82 436 1234 27 722 1396 1096 713 1535 399 258 1024 1530 658 165 1379 327 1460 342 1453 485 1180 1304 742 427 1103 1405 863 1256 180 1530 1487 464 1354 1135 608 1380 1139 1497 559 199 263 135 1136 860 778 1249 195 1460 327 574 1244 744 109 1268 310 1369 223 909 1601 1117 135 860 1403 1546 1488 298 744 1058 25 547 264 160 1255 1220 644 1580 641 1245 1575 1617 1167 1355 915 1172 668 1019 1039 1171 197 1104 1276 840 1144 547 310 1219 1300 413 65 199 377 887 952 382 180 1256 1529 102 1364 687 1462 875 1475 676 61 1523 355 740 553 204 1414 769 1517 938 25 246 797 754 768 270 1434 1354 1479 1107 1207 845 741 516 1210 259 928 688 449 762 61 676 608 1135 770 436 1128 1507 1288 268 126 484 793 387 1267 1148 115 597 949 425 1520 102 687 268 1054 607 1396 1462 1475 264 547 1144 1267 115 586 79 7 767 1284 272 1102 1220 1255 469 377 199 496 1144 310 1268 438 516 782 224 1304 772 166 793 424 149 1355 1167 564 1128 147 469 1255 307 1602 1424 760 1261 1504 1192 835 336 688 1452 1154 484 769 1414 1353 438 1210 516 1510 639 1071 413 1300 1031 780 1048 666 159 1135 1354 387 793 31 1031 1300 104 299 265 954 424 1154 658 841 384 1563 338 639 1510 343 1048 143 1330 318 4 1361 1045 1136 722 1462 1396 1243 1045 27 4 1567 895 1023 1623 824 1430 740 355 1507 1128 564 121 143 1023 1193 1092 1079 754 797 438 1008 1464 1561 623 1580 606 597 928 949 1017 268 1288 356 897 1452 928 449 402 278 993 825 139 1504 1261 1546 1517 852 489 1104 1180 1102 1375 334 810 1375 1102 825 993 1076 593 1446 516 889 875 1384 385 961 1401 1452 897 1154 362 91 1479 1181 792 795 860 1045 1243 438 797 1210 815 744 298 976 811 1147 1079 1518 958 31 793 166 1371 810 299 1161 741 1076 1052 722 1361 839 570 1539 1353 7 79 1136 1045 860 402 449 1404 1384 1462 1052 1623 1048 780 1326 1054 1017 1052 1462 722 772 1104 840 1147 811 597 1598 932 967 708 938 1517 401 1385 1181 496 199 559 165 845 1486 1479 91 1107 1107 91 239 641 1580 512 827 248 1500 276 167 1438 708 1517 1403 299 810 265 1486 845 1207 782 1446 1481 845 897 356 268 852 126 606 167 276 928 1216 688 191 1276 489 1216 835 688 1207 741 1161 512 1580 623 1414 932 1353 1154 897 658 840 1276 1323 25 938 547 635 1464 204 741 825 1076 1118 810 1371 967 932 1414 1023 1048 1623 1504 1264 1332 1118 1375 810 139 1264 1504 658 897 165 165 897 845 1017 1054 268 82 1233 1128 278 825 1231 1475 875 1367 1128 1233 147 1181 1385 763 1010 1269 961 1180 1104 1304 1332 1264 778 353 596 785 1328 993 278 310 385 1401 1403 1517 1546 272 265 1102 1561 1464 635 607 852 268 21 494 716 1304 1104 772 1541 1229 90 1192 1233 82 334 1375 839 143 1048 1023 370 1294 843 1546 852 607 1606 1269 1010 1076 993 40 516 1446 782 1010 961 374 265 810 1102 1325 1385 401 1500 570 1118 374 938 708 841 1563 1191 1330 4 895 1539 248 628 992 705 370 547 385 310 1193 1079 958 768 1434 323 1375 570 839 3 21 1006 1118 570 1375 938 385 547 1509 971 1498 973 785 296 1405 494 1106 374 385 938 843 1294 716 1401 961 312 785 596 1498 1235 1302 834 961 1269 312 1006 1269 1606 1006 21 1294 235 798 971 993 669 40 429 596 353 1498 971 785 1328 669 993 312 705 992 785 971 296 353 785 973 1294 21 716 1106 21 3 716 596 429 971 798 296 235 971 1509 1498 494 1405 1222 798 235 1269 705 312 1006 705 1269 1381 1302 1235 1381 798 1302 1302 798 1222 296 798 1381 494 596 716 921 627 638 1330 895 351 637 768 323 1193 958 1283 448 841 1191 1498 596 494 9 551 1455 1455 921 638 38 448 1191 351 1193 1283 460 720 991 36 1330 351 544 637 323 38 1191 367 9 1455 638 544 323 11 460 991 1206 36 351 1283 11 934 1141 460 1206 257 141 477 38 83 1519 460 544 11 1141 36 1283 83 38 367 719 9 638 141 289 36 83 703 544 1141 83 460 257 1141 1553 885 867 9 141 141 38 719 867 141 719 289 83 257 703 1141 885 703 885 1493 434 1324 1226 1493 97 289 1188 510 434 289 257 218 867 719 1188 1188 434 1226 458 867 1188 1493 289 218 495 703 1493 495 1493 218 458 1188 1226 1226 1583 303 945 573 458 458 1226 303 495 218 777 799 1451 495 945 458 303 799 495 777 945 303 1538 799 777 540 1420 375 1425 1600 375 761 1538 799 540 1097 945 1538 1425 375 1600 1412 1153 1551 1097 1538 540 470 1066 1097 1097 540 910 910 1412 1551 1241 1603 283 916 1603 835 1565 506 1407 283 1603 916 1547 585 339 1064 611 1378 910 1551 319 470 1097 910 525 373 415 651 611 1064 827 653 248 452 1170 1159 1367 736 808 889 736 875 16 1621 868 456 622 1377 508 1273 470 470 910 319 29 192 898 1489 686 250 1046 1461 538 518 152 1431 1314 184 590 241 420 670 1012 1278 773 1081 1362 1445 1604 580 771 1390 1506 1297 390 1026 1199 201 1334 864 1463 1351 1271 396 1224 111 1445 60 1012 111 691 201 773 1013 241 643 1041 1390 1297 227 396 248 653 628 326 672 944 656 1029 17 875 736 1367 1241 527 1041 100 686 106 951 686 1489 841 541 386 611 194 1378 693 1573 1351 137 595 944 761 1492 1490 598 902 877 1532 480 846 827 437 653 161 1407 879 225 194 100 1170 1152 1159 250 194 611 1435 1550 730 1329 1359 295 1362 60 1445 1224 691 111 201 691 1334 1390 1041 1506 396 227 1224 1506 227 1297 1012 60 1278 241 1013 420 1278 1013 773 323 1252 11 75 1252 1434 1240 150 1534 998 150 681 653 437 99 1490 437 72 452 1159 881 1368 373 1418 99 1492 471 471 1492 375 667 966 419 106 686 951 448 541 841 939 891 273 449 405 1404 375 1492 761 1126 1285 1314 1378 194 225 563 972 284 1430 1527 740 508 470 319 110 583 1494 957 1095 475 29 898 1454 800 189 857 434 966 1324 270 966 667 612 1047 766 1558 368 680 301 1341 1043 651 582 611 784 1511 959 806 520 336 1424 659 1280 628 1091 185 1041 527 1506 1434 1252 323 1534 150 998 48 366 851 1225 962 1586 72 437 827 646 1266 99 1558 1579 1333 1484 1437 440 933 499 886 338 499 639 198 581 1550 1334 865 864 957 1456 1095 653 1266 628 99 1266 653 1257 700 1387 820 293 631 709 1125 1522 1586 1125 1087 1282 376 1372 1213 422 720 1547 422 1584 632 636 937 541 526 381 152 1566 1431 1567 1562 1002 1228 1562 4 1377 622 78 1516 813 500 1254 728 397 1099 431 107 579 1083 1455 1099 107 1131 567 1399 481 1282 828 376 864 865 1556 1627 883 1454 1585 193 1218 551 579 1455 510 882 434 694 1471 1040 1324 966 270 694 1305 1404 367 813 510 500 813 833 60 366 1278 330 659 399 1170 659 330 527 1308 1506 944 1266 646 399 659 1424 185 1091 260 556 602 447 154 918 411 1364 789 1417 1026 1499 1199 643 1499 1041 1552 650 757 591 515 812 339 1525 1547 94 302 315 406 563 186 682 452 881 626 366 48 690 198 1550 1238 900 1202 398 33 28 531 918 154 823 679 12 639 499 933 1163 1456 1589 1105 1184 346 230 456 1265 959 411 1574 200 16 650 1275 919 823 176 1272 1038 1184 1022 816 857 591 1483 349 404 663 1431 1566 1150 67 848 1460 1173 1624 1625 1570 1624 332 1484 212 1437 1543 550 746 688 163 449 17 1029 1328 1461 1129 538 253 700 1257 1114 506 1282 1463 148 1351 90 293 820 107 431 480 640 1621 17 868 1621 1360 858 1399 1388 40 146 832 260 595 1056 1571 96 1002 1087 1125 709 764 76 42 542 76 925 1140 24 244 462 360 486 1387 444 67 714 527 1241 1178 727 1209 631 361 1140 538 1129 1542 346 1184 1070 504 1184 816 1046 1309 1461 571 1618 1345 937 891 652 694 405 1285 1584 422 1213 1590 636 632 634 694 1285 117 1619 1169 566 585 1368 198 1357 581 366 1014 1278 934 1437 1553 903 550 1543 1476 1129 1345 4 1562 1567 250 582 340 69 151 858 508 319 1349 434 882 966 545 844 169 51 1527 1426 1472 284 917 957 475 1339 29 1454 394 1208 775 119 532 103 1030 1162 103 1169 857 189 890 654 189 295 611 582 250 936 315 325 919 360 823 1131 107 1301 529 899 660 744 1090 1058 693 1090 1244 865 148 1556 1364 132 1229 941 1083 579 626 1014 366 1199 1499 643 1103 183 301 35 537 592 746 404 1543 261 1027 660 1273 579 551 1272 963 1082 991 581 1206 1472 1491 284 1625 982 503 52 982 1202 320 1352 1164 978 110 673 759 110 912 260 1311 409 661 68 86 1225 1138 1442 1610 567 481 524 1138 1225 696 397 584 112 774 1406 642 591 857 1524 776 1469 625 1525 1049 1249 256 935 776 300 1132 1211 970 692 419 882 1516 989 622 1620 1253 918 1015 1201 1599 674 662 981 131 511 1075 1409 1597 431 1040 833 813 367 1612 567 1528 244 24 338 181 1429 707 1593 789 35 1506 1308 227 1566 1309 1150 886 442 1239 35 789 102 966 882 419 541 262 386 1543 404 174 392 164 518 883 1212 1578 81 900 383 1132 300 862 1388 866 1307 1522 848 1447 660 899 1145 575 899 346 627 526 477 1164 1352 980 957 671 1456 816 515 549 508 105 1273 1246 442 1190 1239 442 170 1426 537 35 862 262 541 1034 13 801 8 96 1571 1351 1573 1271 322 262 1413 1211 750 633 931 962 1109 88 904 546 1345 517 571 1372 33 398 767 684 1254 648 24 22 955 672 1557 710 357 463 829 1511 784 1101 550 977 887 1152 952 1169 1619 50 131 1421 956 1604 728 580 801 13 831 1440 747 779 474 389 960 448 526 541 806 1251 390 1247 1613 1605 1308 699 227 946 208 645 1556 148 1463 514 1014 626 1280 1272 176 1278 1014 1013 1559 232 433 226 1441 697 184 520 590 1456 1421 1095 287 970 1211 1406 232 1559 697 1441 696 778 1189 927 397 884 1254 1460 848 467 546 1151 1205 156 1027 75 332 1624 1173 336 163 688 1328 1029 669 62 320 1164 944 595 1091 832 883 1627 1221 506 1114 1150 1309 1046 439 188 162 182 1402 711 1105 1022 1184 380 1399 567 138 1338 1298 980 1366 1037 360 814 486 629 1022 1340 1280 963 1272 1372 1491 33 1605 1613 610 937 1398 891 919 814 360 1456 671 1589 645 208 1036 1360 1621 640 1119 1359 1043 1043 1359 1222 11 1215 934 669 146 40 1040 193 44 652 891 939 960 389 245 1014 907 1013 187 1511 829 939 1112 1570 42 76 542 273 891 1078 480 431 1597 1163 1421 1456 514 907 1014 320 13 1293 920 527 714 936 814 315 411 630 1494 1542 1129 1476 101 904 588 1070 1184 504 491 1112 783 1333 368 1558 1471 193 1040 1590 750 636 1570 1112 1624 389 1263 245 1272 1093 1038 995 981 662 1315 101 1307 127 671 957 112 1573 774 1589 556 889 1413 368 1333 1514 528 129 615 854 548 979 983 1067 1502 1137 423 502 585 1547 1293 1352 320 1553 1437 1228 227 699 1224 634 1285 1126 1557 970 287 397 728 584 634 1471 694 959 630 411 1202 900 1240 1295 1373 844 17 1262 656 620 151 69 1263 904 101 380 567 1612 24 613 338 556 447 889 1295 844 545 1334 715 797 1545 1527 51 764 96 317 1437 212 1228 1522 748 848 76 329 925 1095 981 475 920 1308 527 163 520 184 831 13 320 1040 1305 694 1030 103 1162 935 907 514 890 189 654 699 578 1224 452 963 1170 1209 1618 571 917 972 142 889 447 736 1137 883 1578 648 613 24 779 447 1496 182 726 1402 1244 1090 744 532 747 103 1013 907 420 1206 581 1153 1229 132 90 376 1491 1372 736 447 779 1252 1215 11 1511 534 959 682 881 488 196 183 1103 188 53 1205 566 1368 1418 1315 1307 1176 1222 1359 1329 525 415 472 690 1550 1435 1242 1027 261 420 1588 670 692 970 326 848 748 467 503 982 52 698 361 213 129 528 533 548 854 1443 1067 983 1133 423 1137 1578 912 110 978 123 105 508 409 1311 253 571 68 661 844 1373 1133 1056 595 137 1331 1335 1105 533 528 29 1443 854 1165 1572 1215 1252 1442 1138 903 1205 53 651 349 1587 693 996 357 710 1528 567 1610 1159 1579 881 1002 96 764 730 1549 625 651 53 582 1333 1579 887 1258 1093 1272 1170 963 659 977 1138 524 490 1308 920 891 1398 1078 230 1265 598 406 186 1622 784 959 1574 1185 1565 161 200 650 1552 531 154 1596 1275 823 12 500 1335 1516 1461 517 1129 710 302 443 616 591 642 1417 789 1593 1084 455 154 927 1189 164 153 444 1615 724 1471 634 659 963 1280 1285 405 184 927 256 1249 925 329 81 174 404 349 1532 679 430 1516 1335 1331 1224 578 691 663 404 746 295 1359 1119 620 1619 151 376 828 186 154 583 1084 988 1215 1572 1038 1093 1470 670 1588 392 581 1357 1153 578 715 691 490 699 1308 1263 1429 245 81 329 150 213 361 293 1009 455 1458 1624 1112 491 152 1189 1264 1455 1083 921 102 789 1364 616 515 591 518 164 152 486 814 936 1527 537 1426 700 444 1387 1271 1573 112 1082 963 452 636 1398 937 1469 1613 1247 1349 208 946 1571 212 1484 162 389 474 1404 1305 1099 983 844 1133 293 361 631 584 728 1604 383 900 1238 1203 54 182 1615 444 700 1145 899 575 259 699 490 477 526 448 101 1429 1263 871 1200 430 1301 1200 871 682 488 1286 681 329 76 1157 566 1418 1060 1315 1176 183 1341 301 525 472 1318 389 1151 1263 1196 1377 1336 519 724 522 1176 665 599 1348 690 1435 1474 1392 78 247 1250 804 281 488 555 1174 621 408 1628 665 1393 120 472 439 691 715 1334 587 123 1077 664 373 525 577 1525 339 1496 602 1386 582 53 415 1125 748 1522 415 188 472 338 613 499 1091 595 260 549 515 616 259 578 699 170 442 1246 365 1441 226 433 232 20 1001 123 178 1524 1469 465 1049 1525 738 1077 1349 136 1418 373 1310 443 996 710 317 96 8 192 727 1178 386 262 322 1254 884 1545 1307 866 1176 1435 730 509 555 680 238 633 750 1590 439 162 984 408 941 1459 1393 1612 446 1491 726 33 1109 962 191 284 972 917 447 602 1496 216 528 1514 1339 854 615 294 983 979 394 1137 1502 247 1471 724 1494 583 154 1084 583 759 1077 508 1349 1393 380 1612 555 1558 680 1190 613 648 7 684 767 1210 578 259 137 672 955 1476 1377 1196 522 724 634 463 357 1295 1088 1341 206 846 480 1597 1299 1472 917 877 902 216 755 957 1339 879 1407 294 533 29 394 1443 1165 1203 41 747 1440 1053 1398 636 467 748 931 150 329 681 592 537 1430 846 1597 1358 62 1164 521 877 216 1061 1299 917 1020 755 1339 906 1562 212 1571 1552 757 124 879 294 1395 533 394 1303 1443 1203 678 1275 1075 919 200 1599 16 411 918 1574 230 622 456 1210 715 578 669 5 146 956 1421 1163 103 747 41 365 884 397 313 1212 146 1264 1189 778 50 1619 620 830 972 849 1228 212 1562 590 520 806 952 1152 905 746 550 1101 1078 1398 1053 336 520 163 1153 1357 1551 797 715 1210 588 904 88 647 1130 1281 130 1130 942 1293 13 1034 849 563 974 901 563 406 230 598 1320 406 1622 1554 243 829 784 335 1622 1185 950 598 877 1281 127 498 220 127 755 786 784 1574 1185 161 219 93 1532 846 74 14 803 1018 1402 1299 711 1402 943 1007 161 879 1391 1458 14 1009 1458 817 1411 200 1552 531 1596 1204 745 1275 12 1168 1596 1009 1133 1373 572 821 1373 205 1578 1212 1503 1607 1212 313 205 996 589 1074 996 443 443 302 765 1531 302 94 236 830 892 656 1262 1594 55 1262 37 1576 830 1175 690 775 198 499 613 1190 390 1251 1026 256 1588 420 313 5 712 68 517 1461 1413 300 368 368 300 776 23 1433 1470 931 748 1125 154 455 1596 682 1082 452 208 432 1036 1614 679 1532 893 1366 187 1321 5 1116 187 605 254 803 1433 476 12 679 876 142 972 830 1037 1366 231 397 1441 365 20 232 774 696 1441 397 774 232 1406 774 1587 20 130 602 556 1165 54 1203 432 775 1036 198 775 432 849 972 563 571 517 68 1428 775 690 1040 431 1305 1305 431 1099 1337 1429 1315 1470 1093 1592 1430 537 1527 610 1338 1478 94 1035 617 472 188 439 408 1083 941 107 1200 1301 922 1338 610 556 1130 130 1273 105 579 1295 357 1373 1077 123 508 959 534 630 1373 357 205 315 1035 94 1402 726 1472 304 193 247 187 1366 1511 1176 866 665 1472 726 1491 755 127 957 1299 1402 1472 1146 622 230 1574 918 1356 19 1599 200 133 1075 1275 1272 1082 1258 1551 1357 432 33 726 182 206 1341 183 1129 517 1345 927 1588 256 829 605 187 1315 1429 101 432 1357 198 205 357 996 146 5 313 217 1093 1258 63 1035 624 162 1151 389 247 193 1471 415 53 188 164 1189 152 1596 455 1009 1001 105 123 1182 1082 682 1386 602 505 1130 671 1281 1281 671 127 44 193 1585 78 1392 1377 724 1250 247 1036 775 1208 1258 1082 1182 245 1429 181 505 602 130 78 622 989 1015 918 531 37 1599 1201 624 1075 511 1298 1338 621 605 445 543 1377 1392 1336 519 1250 724 1336 1392 1477 565 1250 519 560 1386 505 1182 682 1286 120 439 984 1174 408 1459 1628 1393 446 281 555 238 1348 1435 509 599 665 414 1318 472 1581 1337 1315 1060 1536 566 1157 1260 245 181 1073 610 1478 378 1036 1208 577 339 1072 1298 621 1059 1397 488 1564 587 1077 136 1400 1418 1310 1279 1049 738 1428 690 683 1322 1524 465 1065 1176 1217 664 525 751 1582 1001 178 217 1258 1182 505 130 942 304 247 1577 892 849 974 1505 78 989 893 187 254 1146 230 1320 1515 406 1554 1158 1037 231 657 44 1585 964 829 243 1021 142 1576 45 1622 335 1287 598 950 144 1281 498 23 1470 1592 421 784 786 975 1185 219 10 62 997 297 877 721 93 846 1000 74 803 476 1018 1299 948 729 1574 1356 1508 755 1259 1614 1532 32 1122 161 1007 1391 14 1187 913 879 855 1411 1552 18 1473 711 291 1015 531 1204 745 12 876 1 533 869 19 200 1194 428 1009 619 923 1596 1168 478 1443 43 133 1275 1050 118 1133 572 55 37 1201 1248 1578 1503 63 624 511 1616 656 1594 1044 205 589 987 313 712 1531 94 617 1526 443 609 1321 1116 267 892 830 849 142 830 1576 853 605 964 804 1250 565 1477 1392 1474 543 445 1094 1415 689 236 1175 689 1415 1094 445 853 964 605 829 830 689 1175 236 689 830 853 445 605 
        </DataArray>
        <DataArray type="Int32" Name="offsets" format="ascii">
          3 6 9 12 15 18 21 24 27 30 33 36 39 42 45 48 51 54 57 60 63 66 69 72 75 78 81 84 87 90 93 96 99 102 105 108 111 114 117 120 123 126 129 132 135 138 141 144 147 150 153 156 159 162 165 168 171 174 177 180 183 186 189 192 195 198 201 204 207 210 213 216 219 222 225 228 231 234 237 240 243 246 249 252 255 258 261 264 267 270 273 276 279 282 285 288 291 294 297 300 303 306 309 312 315 318 321 324 327 330 333 336 339 342 345 348 351 354 357 360 363 366 369 372 375 378 381 384 387 390 393 396 399 402 405 408 411 414 417 420 423 426 429 432 435 438 441 444 447 450 453 456 459 462 465 468 471 474 477 480 483 486 489 492 495 498 501 504 507 510 513 516 519 522 525 528 531 534 537 540 543 546 549 552 555 558 561 564 567 570 573 576 579 582 585 588 591 594 597 600 603 606 609 612 615 618 621 624 627 630 633 636 639 642 645 648 651 654 657 660 663 666 669 672 675 678 681 684 687 690 693 696 699 702 705 708 711 714 717 720 723 726 729 732 735 738 741 744 747 750 753 756 759 762 765 768 771 774 777 780 783 786 789 792 795 798 801 804 807 810 813 816 819 822 825 828 831 834 837 840 843 846 849 852 855 858 861 864 867 870 873 876 879 882 885 888 891 894 897 900 903 906 909 912 915 918 921 924 927 930 933 936 939 942 945 948 951 954 957 960 963 966 969 972 975 978 981 984 987 990 993 996 999 1002 1005 1008 1011 1014 1017 1020 1023 1026 1029 1032 1035 1038 1041 1044 1047 1050 1053 1056 1059 1062 1065 1068 1071 1074 1077 1080 1083 1086 1089 1092 1095 1098 1101 1104 1107 1110 1113 1116 1119 1122 1125 1128 1131 1134 1137 1140 1143 1146 1149 1152 1155 1158 1161 1164 1167 1170 1173 1176 1179 1182 1185 1188 1191 1194 1197 1200 1203 1206 1209 1212 1215 1218 1221 1224 1227 1230 1233 1236 1239 1242 1245 1248 1251 1254 1257 1260 1263 1266 1269 1272 1275 1278 1281 1284 1287 1290 1293 1296 1299 1302 1305 1308 1311 1314 1317 1320 1323 1326 1329 1332 1335 1338 1341 1344 1347 1350 1353 1356 1359 1362 1365 1368 1371 1374 1377 1380 1383 1386 1389 1392 1395 1398 1401 1404 1407 1410 1413 1416 1419 1422 1425 1428 1431 1434 1437 1440 1443 1446 1449 1452 1455 1458 1461 1464 1467 1470 1473 1476 1479 1482 1485 1488 1491 1494 1497 1500 1503 1506 1509 1512 1515 1518 1521 1524 1527 1530 1533 1536 1539 1542 1545 1548 1551 1554 1557 1560 1563 1566 1569 1572 1575 1578 1581 1584 1587 1590 1593 1596 1599 1602 1605 1608 1611 1614 1617 1620 1623 1626 1629 1632 1635 1638 1641 1644 1647 1650 1653 1656 1659 1662 1665 1668 1671 1674 1677 1680 1683 1686 1689 1692 1695 1698 1701 1704 1707 1710 1713 1716 1719 1722 1725 1728 1731 1734 1737 1740 1743 1746 1749 1752 1755 1758 1761 1764 1767 1770 1773 1776 1779 1782 1785 1788 1791 1794 1797 1800 1803 1806 1809 1812 1815 1818 1821 1824 1827 1830 1833 1836 1839 1842 1845 1848 1851 1854 1857 1860 1863 1866 1869 1872 1875 1878 1881 1884 1887 1890 1893 1896 1899 1902 1905 1908 1911 1914 1917 1920 1923 1926 1929 1932 1935 1938 1941 1944 1947 1950 1953 1956 1959 1962 1965 1968 1971 1974 1977 1980 1983 1986 1989 1992 1995 1998 2001 2004 2007 2010 2013 2016 2019 2022 2025 2028 2031 2034 2037 2040 2043 2046 2049 2052 2055 2058 2061 2064 2067 2070 2073 2076 2079 2082 2085 2088 2091 2094 2097 2100 2103 2106 2109 2112 2115 2118 2121 2124 2127 2130 2133 2136 2139 2142 2145 2148 2151 2154 2157 2160 2163 2166 2169 2172 2175 2178 2181 2184 2187 2190 2193 2196 2199 2202 2205 2208 2211 2214 2217 2220 2223 2226 2229 2232 2235 2238 2241 2244 2247 2250 2253 2256 2259 2262 2265 2268 2271 2274 2277 2280 2283 2286 2289 2292 2295 2298 2301 2304 2307 2310 2313 2316 2319 2322 2325 2328 2331 2334 2337 2340 2343 2346 2349 2352 2355 2358 2361 2364 2367 2370 2373 2376 2379 2382 2385 2388 2391 2394 2397 2400 2403 2406 2409 2412 2415 2418 2421 2424 2427 2430 2433 2436 2439 2442 2445 2448 2451 2454 2457 2460 2463 2466 2469 2472 2475 2478 2481 2484 2487 2490 2493 2496 2499 2502 2505 2508 2511 2514 2517 2520 2523 2526 2529 2532 2535 2538 2541 2544 2547 2550 2553 2556 2559 2562 2565 2568 2571 2574 2577 2580 2583 2586 2589 2592 2595 2598 2601 2604 2607 2610 2613 2616 2619 2622 2625 2628 2631 2634 2637 2640 2643 2646 2649 2652 2655 2658 2661 2664 2667 2670 2673 2676 2679 2682 2685 2688 2691 2694 2697 2700 2703 2706 2709 2712 2715 2718 2721 2724 2727 2730 2733 2736 2739 2742 2745 2748 2751 2754 2757 2760 2763 2766 2769 2772 2775 2778 2781 2784 2787 2790 2793 2796 2799 2802 2805 2808 2811 2814 2817 2820 2823 2826 2829 2832 2835 2838 2841 2844 2847 2850 2853 2856 2859 2862 2865 2868 2871 2874 2877 2880 2883 2886 2889 2892 2895 2898 2901 2904 2907 2910 2913 2916 2919 2922 2925 2928 2931 2934 2937 2940 2943 2946 2949 2952 2955 2958 2961 2964 2967 2970 2973 2976 2979 2982 2985 2988 2991 2994 2997 3000 3003 3006 3009 3012 3015 3018 3021 3024 3027 3030 3033 3036 3039 3042 3045 3048 3051 3054 3057 3060 3063 3066 3069 3072 3075 3078 3081 3084 3087 3090 3093 3096 3099 3102 3105 3108 3111 3114 3117 3120 3123 3126 3129 3132 3135 3138 3141 3144 3147 3150 3153 3156 3159 3162 3165 3168 3171 3174 3177 3180 3183 3186 3189 3192 3195 3198 3201 3204 3207 3210 3213 3216 3219 3222 3225 3228 3231 3234 3237 3240 3243 3246 3249 3252 3255 3258 3261 3264 3267 3270 3273 3276 3279 3282 3285 3288 3291 3294 3297 3300 3303 3306 3309 3312 3315 3318 3321 3324 3327 3330 3333 3336 3339 3342 3345 3348 3351 3354 3357 3360 3363 3366 3369 3372 3375 3378 3381 3384 3387 3390 3393 3396 3399 3402 3405 3408 3411 3414 3417 3420 3423 3426 3429 3432 3435 3438 3441 3444 3447 3450 3453 3456 3459 3462 3465 3468 3471 3474 3477 3480 3483 3486 3489 3492 3495 3498 3501 3504 3507 3510 3513 3516 3519 3522 3525 3528 3531 3534 3537 3540 3543 3546 3549 3552 3555 3558 3561 3564 3567 3570 3573 3576 3579 3582 3585 3588 3591 3594 3597 3600 3603 3606 3609 3612 3615 3618 3621 3624 3627 3630 3633 3636 3639 3642 3645 3648 3651 3654 3657 3660 3663 3666 3669 3672 3675 3678 3681 3684 3687 3690 3693 3696 3699 3702 3705 3708 3711 3714 3717 3720 3723 3726 3729 3732 3735 3738 3741 3744 3747 3750 3753 3756 3759 3762 3765 3768 3771 3774 3777 3780 3783 3786 3789 3792 3795 3798 3801 3804 3807 3810 3813 3816 3819 3822 3825 3828 3831 3834 3837 3840 3843 3846 3849 3852 3855 3858 3861 3864 3867 3870 3873 3876 3879 3882 3885 3888 3891 3894 3897 3900 3903 3906 3909 3912 3915 3918 3921 3924 3927 3930 3933 3936 3939 3942 3945 3948 3951 3954 3957 3960 3963 3966 3969 3972 3975 3978 3981 3984 3987 3990 3993 3996 3999 4002 4005 4008 4011 4014 4017 4020 4023 4026 4029 4032 4035 4038 4041 4044 4047 4050 4053 4056 4059 4062 4065 4068 4071 4074 4077 4080 4083 4086 4089 4092 4095 4098 4101 4104 4107 4110 4113 4116 4119 4122 4125 4128 4131 4134 4137 4140 4143 4146 4149 4152 4155 4158 4161 4164 4167 4170 4173 4176 4179 4182 4185 4188 4191 4194 4197 4200 4203 4206 4209 4212 4215 4218 4221 4224 4227 4230 4233 4236 4239 4242 4245 4248 4251 4254 4257 4260 4263 4266 4269 4272 4275 4278 4281 4284 4287 4290 4293 4296 4299 4302 4305 4308 4311 4314 4317 4320 4323 4326 4329 4332 4335 4338 4341 4344 4347 4350 4353 4356 4359 4362 4365 4368 4371 4374 4377 4380 4383 4386 4389 4392 4395 4398 4401 4404 4407 4410 4413 4416 4419 4422 4425 4428 4431 4434 4437 4440 4443 4446 4449 4452 4455 4458 4461 4464 4467 4470 4473 4476 4479 4482 4485 4488 4491 4494 4497 4500 4503 4506 4509 4512 4515 4518 4521 4524 4527 4530 4533 4536 4539 4542 4545 4548 4551 4554 4557 4560 4563 4566 4569 4572 4575 4578 4581 4584 4587 4590 4593 4596 4599 4602 4605 4608 4611 4614 4617 4620 4623 4626 4629 4632 4635 4638 4641 4644 4647 4650 4653 4656 4659 4662 4665 4668 4671 4674 4677 4680 4683 4686 4689 4692 4695 4698 4701 4704 4707 4710 4713 4716 4719 4722 4725 4728 4731 4734 4737 4740 4743 4746 4749 4752 4755 4758 4761 4764 4767 4770 4773 4776 4779 4782 4785 4788 4791 4794 4797 4800 4803 4806 4809 4812 4815 4818 4821 4824 4827 4830 4833 4836 4839 4842 4845 4848 4851 4854 4857 4860 4863 4866 4869 4872 4875 4878 4881 4884 4887 4890 4893 4896 4899 4902 4905 4908 4911 4914 4917 4920 4923 4926 4929 4932 4935 4938 4941 4944 4947 4950 4953 4956 4959 4962 4965 4968 4971 4974 4977 4980 4983 4986 4989 4992 4995 4998 5001 5004 5007 5010 5013 5016 5019 5022 5025 5028 5031 5034 5037 5040 5043 5046 5049 5052 5055 5058 5061 5064 5067 5070 5073 5076 5079 5082 5085 5088 5091 5094 5097 5100 5103 5106 5109 5112 5115 5118 5121 5124 5127 5130 5133 5136 5139 5142 5145 5148 5151 5154 5157 5160 5163 5166 5169 5172 5175 5178 5181 5184 5187 5190 5193 5196 5199 5202 5205 5208 5211 5214 5217 5220 5223 5226 5229 5232 5235 5238 5241 5244 5247 5250 5253 5256 5259 5262 5265 5268 5271 5274 5277 5280 5283 5286 5289 5292 5295 5298 5301 5304 5307 5310 5313 5316 5319 5322 5325 5328 5331 5334 5337 5340 5343 5346 5349 5352 5355 5358 5361 5364 5367 5370 5373 5376 5379 5382 5385 5388 5391 5394 5397 5400 5403 5406 5409 5412 5415 5418 5421 5424 5427 5430 5433 5436 5439 5442 5445 5448 5451 5454 5457 5460 5463 5466 5469 5472 5475 5478 5481 5484 5487 5490 5493 5496 5499 5502 5505 5508 5511 5514 5517 5520 5523 5526 5529 5532 5535 5538 5541 5544 5547 5550 5553 5556 5559 5562 5565 5568 5571 5574 5577 5580 5583 5586 5589 5592 5595 5598 5601 5604 5607 5610 5613 5616 5619 5622 5625 5628 5631 5634 5637 5640 5643 5646 5649 5652 5655 5658 5661 5664 5667 5670 5673 5676 5679 5682 5685 5688 5691 5694 5697 5700 5703 5706 5709 5712 5715 5718 5721 5724 5727 5730 5733 5736 5739 5742 5745 5748 5751 5754 5757 5760 5763 5766 5769 5772 5775 5778 5781 5784 5787 5790 5793 5796 5799 5802 5805 5808 5811 5814 5817 5820 5823 5826 5829 5832 5835 5838 5841 5844 5847 5850 5853 5856 5859 5862 5865 5868 5871 5874 5877 5880 5883 5886 5889 5892 5895 5898 5901 5904 5907 5910 5913 5916 5919 5922 5925 5928 5931 5934 5937 5940 5943 5946 5949 5952 5955 5958 5961 5964 5967 5970 5973 5976 5979 5982 5985 5988 5991 5994 5997 6000 6003 6006 6009 6012 6015 6018 6021 6024 6027 6030 6033 6036 6039 6042 6045 6048 6051 6054 6057 6060 6063 6066 6069 6072 6075 6078 6081 6084 6087 6090 6093 6096 6099 6102 6105 6108 6111 6114 6117 6120 6123 6126 6129 6132 6135 6138 6141 6144 6147 6150 6153 6156 6159 6162 6165 6168 6171 6174 6177 6180 6183 6186 6189 6192 6195 6198 6201 6204 6207 6210 6213 6216 6219 6222 6225 6228 6231 6234 6237 6240 6243 6246 6249 6252 6255 6258 6261 6264 6267 6270 6273 6276 6279 6282 6285 6288 6291 6294 6297 6300 6303 6306 6309 6312 6315 6318 6321 6324 6327 6330 6333 6336 6339 6342 6345 6348 6351 6354 6357 6360 6363 6366 6369 6372 6375 6378 6381 6384 6387 6390 6393 6396 6399 6402 6405 6408 6411 6414 6417 6420 6423 6426 6429 6432 6435 6438 6441 6444 6447 6450 6453 6456 6459 6462 6465 6468 6471 6474 6477 6480 6483 6486 6489 6492 6495 6498 6501 6504 6507 6510 6513 6516 6519 6522 6525 6528 6531 6534 6537 6540 6543 6546 6549 6552 6555 6558 6561 6564 6567 6570 6573 6576 6579 6582 6585 6588 6591 6594 6597 6600 6603 6606 6609 6612 6615 6618 6621 6624 6627 6630 6633 6636 6639 6642 6645 6648 6651 6654 6657 6660 6663 6666 6669 6672 6675 6678 6681 6684 6687 6690 6693 6696 6699 6702 6705 6708 6711 6714 6717 6720 6723 6726 6729 6732 6735 6738 6741 6744 6747 6750 6753 6756 6759 6762 6765 6768 6771 6774 6777 6780 6783 6786 6789 6792 6795 6798 6801 6804 6807 6810 6813 6816 6819 6822 6825 6828 6831 6834 6837 6840 6843 6846 6849 6852 6855 6858 6861 6864 6867 6870 6873 6876 6879 6882 6885 6888 6891 6894 6897 6900 6903 6906 6909 6912 6915 6918 6921 6924 6927 6930 6933 6936 6939 6942 6945 6948 6951 6954 6957 6960 6963 6966 6969 6972 6975 6978 6981 6984 6987 6990 6993 6996 6999 7002 7005 7008 7011 7014 7017 7020 7023 7026 7029 7032 7035 7038 7041 7044 7047 7050 7053 7056 7059 7062 7065 7068 7071 7074 7077 7080 7083 7086 7089 7092 7095 7098 7101 7104 7107 7110 7113 7116 7119 7122 7125 7128 7131 7134 7137 7140 7143 7146 7149 7152 7155 7158 7161 7164 7167 7170 7173 7176 7179 7182 7185 7188 7191 7194 7197 7200 7203 7206 7209 7212 7215 7218 7221 7224 7227 7230 7233 7236 7239 7242 7245 7248 7251 7254 7257 7260 7263 7266 7269 7272 7275 7278 7281 7284 7287 7290 7293 7296 7299 7302 7305 7308 7311 7314 7317 7320 7323 7326 7329 7332 7335 7338 7341 7344 7347 7350 7353 7356 7359 7362 7365 7368 7371 7374 7377 7380 7383 7386 7389 7392 7395 7398 7401 7404 7407 7410 7413 7416 7419 7422 7425 7428 7431 7434 7437 7440 7443 7446 7449 7452 7455 7458 7461 7464 7467 7470 7473 7476 7479 7482 7485 7488 7491 7494 7497 7500 7503 7506 7509 7512 7515 7518 7521 7524 7527 7530 7533 7536 7539 7542 7545 7548 7551 7554 7557 7560 7563 7566 7569 7572 7575 7578 7581 7584 7587 7590 7593 7596 7599 7602 7605 7608 7611 7614 7617 7620 7623 7626 7629 7632 7635 7638 7641 7644 7647 7650 7653 7656 7659 7662 7665 7668 7671 7674 7677 7680 7683 7686 7689 7692 7695 7698 7701 7704 7707 7710 7713 7716 7719 7722 7725 7728 7731 7734 7737 7740 7743 7746 7749 7752 7755 7758 7761 7764 7767 7770 7773 7776 7779 7782 7785 7788 7791 7794 7797 7800 7803 7806 7809 7812 7815 7818 7821 7824 7827 7830 7833 7836 7839 7842 7845 7848 7851 7854 7857 7860 7863 7866 7869 7872 7875 7878 7881 7884 7887 7890 7893 7896 7899 7902 7905 7908 7911 7914 7917 7920 7923 7926 7929 7932 7935 7938 7941 7944 7947 7950 7953 7956 7959 7962 7965 7968 7971 7974 7977 7980 7983 7986 7989 7992 7995 7998 8001 8004 8007 8010 8013 8016 8019 8022 8025 8028 8031 8034 8037 8040 8043 8046 8049 8052 8055 8058 8061 8064 8067 8070 8073 8076 8079 8082 8085 8088 8091 8094 8097 8100 8103 8106 8109 8112 8115 8118 8121 8124 8127 8130 8133 8136 8139 8142 8145 8148 8151 8154 8157 8160 8163 8166 8169 8172 8175 8178 8181 8184 8187 8190 8193 8196 8199 8202 8205 8208 8211 8214 8217 8220 8223 8226 8229 8232 8235 8238 8241 8244 8247 8250 8253 8256 8259 8262 8265 8268 8271 8274 8277 8280 8283 8286 8289 8292 8295 8298 8301 8304 8307 8310 8313 8316 8319 8322 8325 8328 8331 8334 8337 8340 8343 8346 8349 8352 8355 8358 8361 8364 8367 8370 8373 8376 8379 8382 8385 8388 8391 8394 8397 8400 8403 8406 8409 8412 8415 8418 8421 8424 8427 8430 8433 8436 8439 8442 8445 8448 8451 8454 8457 8460 8463 8466 8469 8472 8475 8478 8481 8484 8487 8490 8493 8496 8499 8502 8505 8508 8511 8514 8517 8520 8523 8526 8529 8532 8535 8538 8541 8544 8547 8550 8553 8556 8559 8562 8565 8568 8571 8574 8577 8580 8583 8586 8589 8592 8595 8598 8601 8604 8607 8610 8613 8616 8619 8622 8625 8628 8631 8634 8637 8640 8643 8646 8649 8652 8655 8658 8661 8664 8667 8670 8673 8676 8679 8682 8685 8688 8691 8694 8697 8700 8703 8706 8709 8712 8715 8718 8721 8724 8727 8730 8733 8736 8739 8742 8745 8748 8751 8754 8757 8760 8763 8766 8769 
        </DataArray>
        <DataArray type="UInt8" Name="types" format="ascii">
          5 5 5 5 5 5 5 5 5 5 5 5 5 5 5 5 5 5 5 5 5 5 5 5 5 5 5 5 5 5 5 5 5 5 5 5 5 5 5 5 5 5 5 5 5 5 5 5 5 5 5 5 5 5 5 5 5 5 5 5 5 5 5 5 5 5 5 5 5 5 5 5 5 5 5 5 5 5 5 5 5 5 5 5 5 5 5 5 5 5 5 5 5 5 5 5 5 5 5 5 5 5 5 5 5 5 5 5 5 5 5 5 5 5 5 5 5 5 5 5 5 5 5 5 5 5 5 5 5 5 5 5 5 5 5 5 5 5 5 5 5 5 5 5 5 5 5 5 5 5 5 5 5 5 5 5 5 5 5 5 5 5 5 5 5 5 5 5 5 5 5 5 5 5 5 5 5 5 5 5 5 5 5 5 5 5 5 5 5 5 5 5 5 5 5 5 5 5 5 5 5 5 5 5 5 5 5 5 5 5 5 5 5 5 5 5 5 5 5 5 5 5 5 5 5 5 5 5 5 5 5 5 5 5 5 5 5 5 5 5 5 5 5 5 5 5 5 5 5 5 5 5 5 5 5 5 5 5 5 5 5 5 5 5 5 5 5 5 5 5 5 5 5 5 5 5 5 5 5 5 5 5 5 5 5 5 5 5 5 5 5 5 5 5 5 5 5 5 5 5 5 5 5 5 5 5 5 5 5 5 5 5 5 5 5 5 5 5 5 5 5 5 5 5 5 5 5 5 5 5 5 5 5 5 5 5 5 5 5 5 5 5 5 5 5 5 5 5 5 5 5 5 5 5 5 5 5 5 5 5 5 5 5 5 5 5 5 5 5 5 5 5 5 5 5 5 5 5 5 5 5 5 5 5 5 5 5 5 5 5 5 5 5 5 5 5 5 5 5 5 5 5 5 5 5 5 5 5 5 5 5 5 5 5 5 5 5 5 5 5 5 5 5 5 5 5 5 5 5 5 5 5 5 5 5 5 5 5 5 5 5 5 5 5 5 5 5 5 5 5 5 5 5 5 5 5 5 5 5 5 5 5 5 5 5 5 5 5 5 5 5 5 5 5 5 5 5 5 5 5 5 5 5 5 5 5 5 5 5 5 5 5 5 5 5 5 5 5 5 5 5 5 5 5 5 5 5 5 5 5 5 5 5 5 5 5 5 5 5 5 5 5 5 5 5 5 5 5 5 5 5 5 5 5 5 5 5 5 5 5 5 5 5 5 5 5 5 5 5 5 5 5 5 5 5 5 5 5 5 5 5 5 5 5 5 5 5 5 5 5 5 5 5 5 5 5 5 5 5 5 5 5 5 5 5 5 5 5 5 5 5 5 5 5 5 5 5 5 5 5 5 5 5 5 5 5 5 5 5 5 5 5 5 5 5 5 5 5 5 5 5 5 5 5 5 5 5 5 5 5 5 5 5 5 5 5 5 5 5 5 5 5 5 5 5 5 5 5 5 5 5 5 5 5 5 5 5 5 5 5 5 5 5 5 5 5 5 5 5 5 5 5 5 5 5 5 5 5 5 5 5 5 5 5 5 5 5 5 5 5 5 5 5 5 5 5 5 5 5 5 5 5 5 5 5 5 5 5 5 5 5 5 5 5 5 5 5 5 5 5 5 5 5 5 5 5 5 5 5 5 5 5 5 5 5 5 5 5 5 5 5 5 5 5 5 5 5 5 5 5 5 5 5 5 5 5 5 5 5 5 5 5 5 5 5 5 5 5 5 5 5 5 5 5 5 5 5 5 5 5 5 5 5 5 5 5 5 5 5 5 5 5 5 5 5 5 5 5 5 5 5 5 5 5 5 5 5 5 5 5 5 5 5 5 5 5 5 5 5 5 5 5 5 5 5 5 5 5 5 5 5 5 5 5 5 5 5 5 5 5 5 5 5 5 5 5 5 5 5 5 5 5 5 5 5 5 5 5 5 5 5 5 5 5 5 5 5 5 5 5 5 5 5 5 5 5 5 5 5 5 5 5 5 5 5 5 5 5 5 5 5 5 5 5 5 5 5 5 5 5 5 5 5 5 5 5 5 5 5 5 5 5 5 5 5 5 5 5 5 5 5 5 5 5 5 5 5 5 5 5 5 5 5 5 5 5 5 5 5 5 5 5 5 5 5 5 5 5 5 5 5 5 5 5 5 5 5 5 5 5 5 5 5 5 5 5 5 5 5 5 5 5 5 5 5 5 5 5 5 5 5 5 5 5 5 5 5 5 5 5 5 5 5 5 5 5 5 5 5 5 5 5 5 5 5 5 5 5 5 5 5 5 5 5 5 5 5 5 5 5 5 5 5 5 5 5 5 5 5 5 5 5 5 5 5 5 5 5 5 5 5 5 5 5 5 5 5 5 5 5 5 5 5 5 5 5 5 5 5 5 5 5 5 5 5 5 5 5 5 5 5 5 5 5 5 5 5 5 5 5 5 5 5 5 5 5 5 5 5 5 5 5 5 5 5 5 5 5 5 5 5 5 5 5 5 5 5 5 5 5 5 5 5 5 5 5 5 5 5 5 5 5 5 5 5 5 5 5 5 5 5 5 5 5 5 5 5 5 5 5 5 5 5 5 5 5 5 5 5 5 5 5 5 5 5 5 5 5 5 5 5 5 5 5 5 5 5 5 5 5 5 5 5 5 5 5 5 5 5 5 5 5 5 5 5 5 5 5 5 5 5 5 5 5 5 5 5 5 5 5 5 5 5 5 5 5 5 5 5 5 5 5 5 5 5 5 5 5 5 5 5 5 5 5 5 5 5 5 5 5 5 5 5 5 5 5 5 5 5 5 5 5 5 5 5 5 5 5 5 5 5 5 5 5 5 5 5 5 5 5 5 5 5 5 5 5 5 5 5 5 5 5 5 5 5 5 5 5 5 5 5 5 5 5 5 5 5 5 5 5 5 5 5 5 5 5 5 5 5 5 5 5 5 5 5 5 5 5 5 5 5 5 5 5 5 5 5 5 5 5 5 5 5 5 5 5 5 5 5 5 5 5 5 5 5 5 5 5 5 5 5 5 5 5 5 5 5 5 5 5 5 5 5 5 5 5 5 5 5 5 5 5 5 5 5 5 5 5 5 5 5 5 5 5 5 5 5 5 5 5 5 5 5 5 5 5 5 5 5 5 5 5 5 5 5 5 5 5 5 5 5 5 5 5 5 5 5 5 5 5 5 5 5 5 5 5 5 5 5 5 5 5 5 5 5 5 5 5 5 5 5 5 5 5 5 5 5 5 5 5 5 5 5 5 5 5 5 5 5 5 5 5 5 5 5 5 5 5 5 5 5 5 5 5 5 5 5 5 5 5 5 5 5 5 5 5 5 5 5 5 5 5 5 5 5 5 5 5 5 5 5 5 5 5 5 5 5 5 5 5 5 5 5 5 5 5 5 5 5 5 5 5 5 5 5 5 5 5 5 5 5 5 5 5 5 5 5 5 5 5 5 5 5 5 5 5 5 5 5 5 5 5 5 5 5 5 5 5 5 5 5 5 5 5 5 5 5 5 5 5 5 5 5 5 5 5 5 5 5 5 5 5 5 5 5 5 5 5 5 5 5 5 5 5 5 5 5 5 5 5 5 5 5 5 5 5 5 5 5 5 5 5 5 5 5 5 5 5 5 5 5 5 5 5 5 5 5 5 5 5 5 5 5 5 5 5 5 5 5 5 5 5 5 5 5 5 5 5 5 5 5 5 5 5 5 5 5 5 5 5 5 5 5 5 5 5 5 5 5 5 5 5 5 5 5 5 5 5 5 5 5 5 5 5 5 5 5 5 5 5 5 5 5 5 5 5 5 5 5 5 5 5 5 5 5 5 5 5 5 5 5 5 5 5 5 5 5 5 5 5 5 5 5 5 5 5 5 5 5 5 5 5 5 5 5 5 5 5 5 5 5 5 5 5 5 5 5 5 5 5 5 5 5 5 5 5 5 5 5 5 5 5 5 5 5 5 5 5 5 5 5 5 5 5 5 5 5 5 5 5 5 5 5 5 5 5 5 5 5 5 5 5 5 5 5 5 5 5 5 5 5 5 5 5 5 5 5 5 5 5 5 5 5 5 5 5 5 5 5 5 5 5 5 5 5 5 5 5 5 5 5 5 5 5 5 5 5 5 5 5 5 5 5 5 5 5 5 5 5 5 5 5 5 5 5 5 5 5 5 5 5 5 5 5 5 5 5 5 5 5 5 5 5 5 5 5 5 5 5 5 5 5 5 5 5 5 5 5 5 5 5 5 5 5 5 5 5 5 5 5 5 5 5 5 5 5 5 5 5 5 5 5 5 5 5 5 5 5 5 5 5 5 5 5 5 5 5 5 5 5 5 5 5 5 5 5 5 5 5 5 5 5 5 5 5 5 5 5 5 5 5 5 5 5 5 5 5 5 5 5 5 5 5 5 5 5 5 5 5 5 5 5 5 5 5 5 5 5 5 5 5 5 5 5 5 5 5 5 5 5 5 5 5 5 5 5 5 5 5 5 5 5 5 5 5 5 5 5 5 5 5 5 5 5 5 5 5 5 5 5 5 5 5 5 5 5 5 5 5 5 5 5 5 5 5 5 5 5 5 5 5 5 5 5 5 5 5 5 5 5 5 5 5 5 5 5 5 5 5 5 5 5 5 5 5 5 5 5 5 5 5 5 5 5 5 5 5 5 5 5 5 5 5 5 5 5 5 5 5 5 5 5 5 5 5 5 5 5 5 5 5 5 5 5 5 5 5 5 5 5 5 5 5 5 5 5 5 5 5 5 5 5 5 5 5 5 5 5 5 5 5 5 5 5 5 5 5 5 5 5 5 5 5 5 5 5 5 5 5 5 5 5 5 5 5 5 5 5 5 5 5 5 5 5 5 5 5 5 5 5 5 5 5 5 5 5 5 5 5 5 5 5 5 5 5 5 5 5 5 5 5 5 5 5 5 5 5 5 5 5 5 5 5 5 5 5 5 5 5 5 5 5 5 5 5 5 5 5 5 5 5 5 5 5 5 5 5 5 5 5 5 5 5 5 5 5 5 5 5 5 5 5 5 5 5 5 5 5 5 5 5 5 5 5 5 5 5 5 5 5 5 5 5 5 5 5 5 5 5 5 5 5 5 5 5 5 5 5 5 5 5 5 5 5 5 5 5 5 5 5 5 5 5 5 5 5 5 5 5 5 5 5 5 5 5 5 5 5 5 5 5 5 5 5 5 5 5 5 5 5 5 5 5 5 5 5 5 5 5 5 5 5 5 5 5 5 5 5 5 5 5 5 5 5 5 5 5 5 5 5 5 5 5 5 5 5 5 5 5 5 5 5 5 5 5 5 5 5 5 5 5 5 5 5 5 5 5 5 5 5 5 5 5 5 5 5 5 5 5 5 5 5 5 5 5 5 5 5 5 5 5 5 5 5 5 5 5 5 5 5 5 5 5 5 5 5 5 5 5 5 5 5 5 5 5 5 5 5 5 5 5 5 5 5 5 5 5 5 5 5 5 5 5 5 5 5 5 5 5 5 5 5 5 5 5 5 5 5 5 5 5 5 5 5 5 5 5 5 5 5 5 5 5 5 5 5 5 5 5 5 5 5 5 5 5 5 5 5 5 5 5 5 5 5 5 5 5 5 5 5 5 5 5 5 5 5 5 5 5 5 5 5 5 5 5 5 5 5 5 5 5 5 5 5 5 5 5 5 5 5 5 5 5 5 5 5 5 5 5 5 5 5 5 5 5 5 5 5 5 5 5 5 5 5 5 5 5 5 5 5 5 5 5 5 5 5 5 5 5 5 5 5 5 5 5 5 5 5 5 5 5 5 5 5 5 5 5 5 5 5 5 5 5 5 5 5 5 5 5 5 5 5 5 5 5 5 5 5 5 5 5 5 5 5 5 5 5 5 5 5 5 5 5 5 5 5 5 5 5 5 5 5 5 5 5 5 5 5 5 5 5 5 5 5 5 5 5 5 5 5 5 5 5 5 5 5 5 5 5 5 5 5 5 5 5 5 5 5 5 5 5 5 5 5 5 5 5 5 5 5 5 5 5 5 5 5 5 5 5 5 5 5 5 5 5 5 5 5 5 5 5 5 5 5 5 5 5 5 5 5 5 5 5 5 5 5 5 5 5 5 5 5 5 5 5 5 5 5 5 5 5 5 5 5 5 5 5 5 5 5 5 5 5 5 5 5 5 5 5 5 5 5 5 5 5 5 5 5 5 5 5 5 5 5 5 5 5 5 5 5 5 5 5 5 5 5 5 5 5 5 5 5 5 5 5 5 5 5 5 5 5 5 5 5 5 5 5 5 5 5 5 5 5 5 5 5 5 5 5 5 5 5 5 5 5 5 5 5 5 5 5 5 5 5 5 5 5 5 5 5 5 5 5 5 5 5 5 5 5 5 5 5 5 5 5 5 5 5 5 5 5 5 5 5 5 5 5 5 5 5 5 5 5 5 5 5 5 5 5 5 5 5 5 5 5 5 5 5 5 5 5 5 5 5 5 5 5 5 5 5 5 5 5 5 5 5 5 5 5 5 5 5 5 5 5 5 5 5 5 5 5 5 5 5 5 5 5 5 5 5 5 5 5 5 5 5 5 5 5 5 5 5 5 
        </DataArray>
      </Cells>
      <PointData Scalars="value">
        <DataArray type="Float64" Name="value" format="ascii">
          444.463167 428.077267 441.150467 421.443285 413.266164 440.363694 404.425269 406.046574 400.000000 426.566056 450.105522 411.748507 420.782806 449.723241 446.553681 429.986884 447.341098 444.722271 449.075049 447.689002 401.140110 424.010704 404.741156 442.869975 408.624634 424.781761 426.666881 436.850508 445.593525 428.629865 423.998542 443.672756 413.210213 446.216395 400.000000 405.831364 420.358958 446.327597 424.188023 435.363296 439.496544 429.432412 409.922353 445.284077 403.243757 446.032866 421.065671 439.238883 410.674467 440.494986 423.978123 405.951348 400.000000 428.351223 445.654529 445.936209 433.673476 431.947075 400.000000 442.480398 403.863026 424.823101 450.337426 428.296857 400.000000 431.186118 434.010628 408.986589 410.346407 425.927670 421.973363 423.043210 424.026507 419.046840 445.495679 405.615634 408.445104 446.560259 405.071856 407.449954 444.794832 408.786095 422.281309 423.161897 429.625575 412.790957 409.901607 434.715856 427.578241 413.359678 409.656195 427.177621 422.947285 411.169565 431.665294 424.910346 403.307718 418.445372 429.331619 416.229416 423.289475 429.863991 408.560134 428.223484 426.242523 429.009401 424.212504 415.014245 440.434387 407.292069 449.903680 400.000000 400.000000 448.009849 400.000000 446.996889 422.058105 428.380014 440.823726 429.365334 429.797361 417.869719 404.030813 429.437116 449.466208 429.641867 424.535368 441.197898 418.581443 426.565330 437.157580 442.558549 407.443201 423.864356 400.000000 440.414136 429.521236 404.680068 430.646413 410.083358 400.000000 425.477261 446.799169 415.929474 439.587153 429.456792 439.192811 418.643746 402.651813 433.920087 404.501467 427.381090 404.948091 404.537063 450.035742 405.736640 408.137066 427.293218 400.000000 425.570967 445.332236 444.829370 429.665433 405.708792 403.939644 438.352067 441.825266 428.950672 428.637531 442.923162 400.000000 439.908823 418.050319 441.750797 405.430284 428.708935 440.349195 436.634258 429.699839 416.980088 418.497817 430.517417 446.253574 409.421948 403.761760 415.127389 446.535066 451.207115 429.147578 403.930422 400.000000 407.570109 425.308927 398.744240 424.779259 414.888110 410.919258 438.478844 428.571822 430.868360 448.152913 400.000000 419.561945 442.714888 412.707800 438.409438 404.725217 423.016236 429.156402 400.000000 415.942306 419.618671 407.629672 404.272205 423.955452 414.874803 423.355540 439.361546 422.680189 445.160325 441.302829 420.838561 415.335267 436.096745 413.962809 422.292135 400.000000 403.819879 440.138594 415.754501 412.991079 451.019986 400.544187 400.000000 404.974848 414.936008 446.407213 440.972782 433.578551 429.520997 400.000000 400.000000 445.963430 451.361398 412.961950 430.203406 406.203169 393.070422 421.039731 400.000000 426.739557 420.140261 400.000000 411.223963 450.961232 418.619576 407.409734 424.150852 434.785737 409.148199 409.891236 400.000000 427.750648 432.852853 427.214060 429.625086 416.170038 442.135042 421.795869 412.635186 412.624328 438.719049 427.946320 412.989526 422.443060 415.848736 427.070514 417.988839 443.384717 432.433611 424.147775 434.086979 419.358662 412.038250 446.830758 407.341409 433.799239 400.000000 413.323275 421.552478 400.000000 446.437315 407.013542 408.585428 443.102308 405.512364 421.793276 419.848435 407.934019 431.154528 430.130888 412.307495 433.679529 421.846093 392.605622 431.746683 428.914787 448.064764 425.834660 413.768212 429.947129 442.900800 429.311230 438.699875 425.045955 431.662075 427.676109 400.000000 414.842899 428.390060 450.257257 417.219143 426.956765 413.346945 447.835738 433.826618 406.628325 415.554663 408.307616 407.291087 432.194677 424.833114 400.000000 445.633260 423.307426 445.782588 404.941175 400.000000 411.708411 429.194846 428.217102 416.493533 438.779879 413.554513 416.816420 437.776699 404.897209 444.488057 400.000000 403.720186 431.220090 419.096412 436.623517 427.177107 430.060456 400.000000 441.144334 438.404207 413.513043 438.241259 425.636162 407.750563 424.699769 400.000000 426.824101 401.181530 407.566223 421.242289 431.331662 429.472531 430.842645 420.036562 422.092292 429.235259 424.281871 415.205282 446.376573 428.511454 429.381026 416.356690 431.525772 428.812089 427.404890 411.803734 422.566092 427.285289 425.509580 444.737902 443.808081 429.894806 400.000000 411.698096 400.000000 439.935158 430.937695 415.116140 400.000000 401.277408 445.620789 433.606852 419.475519 425.687011 412.483025 411.468696 403.619679 405.608976 446.434002 429.871970 429.951197 413.266773 440.778400 450.806711 428.585008 430.087943 432.173811 428.872313 434.062257 400.000000 429.087554 412.158980 403.962210 451.341717 427.420713 433.606928 440.990113 419.598357 441.391010 415.679200 448.703216 428.593372 417.783524 410.389981 428.655173 400.000000 418.189212 417.164488 425.631734 420.331695 410.412993 429.637282 404.737886 429.405294 403.476327 435.237194 407.916966 450.847032 432.975866 435.322882 425.409284 408.416588 441.563730 437.302759 435.187607 410.957521 429.958437 449.040370 409.975834 451.063304 423.090325 443.000590 425.452714 425.662952 425.692292 438.224605 435.071848 432.049845 436.852873 409.857822 436.080710 447.694406 427.532979 413.511217 429.521613 429.511120 430.106091 443.824069 444.687551 426.641823 444.873936 433.452809 413.630728 429.443797 422.510639 414.284940 443.845613 440.759573 428.657180 432.511285 434.763848 410.717250 409.995949 408.875413 417.053061 428.839481 422.627527 421.035040 428.195485 425.348063 440.490248 409.932891 415.505347 416.517451 427.853808 400.000000 400.000000 435.959414 445.193382 400.000000 428.748887 429.399287 419.733449 426.872665 433.709856 438.835366 411.176702 403.416089 411.557368 408.702774 400.000000 400.000000 402.768860 450.606280 400.000000 434.644591 400.000000 429.440565 427.337006 407.873322 426.097912 407.619313 429.633663 450.195239 430.201732 428.869505 451.092978 422.652966 433.916212 404.227957 400.000000 414.189000 424.768894 426.812220 412.498454 450.773991 415.671357 441.566135 428.202565 427.412204 444.424347 400.000000 402.203697 427.425953 431.311432 400.000000 446.111197 433.612754 437.260841 432.140666 416.395495 430.352889 434.778803 422.087208 414.986135 446.699935 422.039971 350.000000 429.235421 431.434631 432.710923 427.654208 423.151639 413.235337 440.073147 425.532763 413.741472 400.000000 418.010735 429.449817 406.334290 428.720287 402.162685 427.646826 427.699066 449.708167 400.000000 428.839520 445.644051 429.572400 428.875309 437.503426 400.000000 404.124372 402.718907 412.600961 433.778661 408.330842 425.015590 416.282927 416.888431 431.867140 429.922204 435.687529 435.674370 433.361389 445.263056 451.085990 429.624980 419.337916 423.376665 434.457874 430.768839 426.099757 403.543868 407.838979 428.643234 443.917080 400.000000 430.945765 400.000000 448.156652 424.969860 430.194978 409.266374 431.902372 427.776064 428.435944 411.029866 428.622446 416.971726 410.356394 450.851664 411.510447 400.000000 400.000000 400.608712 415.483024 404.828235 417.204130 427.564196 414.440073 445.044661 433.170889 400.000000 400.000000 430.704191 429.414048 411.735367 438.597509 404.467561 420.096387 448.731645 427.258553 404.628945 418.744963 400.000000 420.555918 444.238697 401.907775 439.835243 435.066717 404.669986 414.082426 443.874793 402.047319 429.548673 431.882711 414.401528 410.045891 442.497936 441.466524 400.000000 440.342849 404.070674 450.572187 447.139566 418.500205 424.097865 425.568377 445.652700 418.083591 432.712540 404.481215 436.002325 429.363274 404.163365 422.759985 425.576423 411.068271 409.157215 446.321673 429.141908 403.366789 408.728616 403.362859 404.576851 436.505095 400.000000 400.000000 404.465610 406.897525 409.262215 417.148439 408.083860 417.812705 437.412912 428.578531 407.679930 430.681708 421.610532 400.000000 436.197930 446.388976 439.305684 420.447160 411.511537 405.868761 426.403029 429.645533 450.790439 422.856041 426.938305 421.619282 438.160329 425.758176 396.415926 400.000000 446.574921 421.837677 401.360822 451.148118 429.076167 434.622082 428.675706 444.814771 427.486101 400.000000 434.592276 441.611892 429.452335 443.930109 402.173971 439.320965 416.358526 400.000000 406.667398 420.606845 402.210092 430.656350 406.626660 433.124217 403.364833 429.588168 431.118676 420.479425 409.211385 442.460189 425.684129 449.667217 400.000000 449.091880 439.011768 419.361165 421.788539 420.509202 404.915271 433.351273 406.420359 405.156753 415.010042 410.015630 421.123505 400.000000 411.786546 400.000000 401.061284 429.162402 431.402422 423.749558 411.025966 432.832922 417.832049 426.110317 413.519610 411.979851 451.353828 423.467092 451.274064 408.623392 413.341176 405.899541 418.151669 414.928696 421.490803 442.960080 428.500993 424.429230 443.304271 407.174855 417.601333 422.243810 408.665665 448.792543 434.472165 445.347716 378.992863 446.019101 400.000000 442.565556 432.067303 429.249834 428.251257 416.100071 407.526154 417.905712 429.053524 409.039185 405.003081 447.578880 437.592886 433.280614 412.508449 439.269289 427.874795 422.048227 422.082211 441.467853 433.562333 422.618298 446.003888 451.326090 446.606428 449.481836 437.206418 419.395300 413.703452 408.168196 418.528239 412.142382 416.624862 421.449278 409.393743 424.136890 418.502620 429.823141 441.303006 438.942103 410.582446 414.671398 407.664614 446.678560 417.578262 407.313267 422.081013 451.118960 444.281804 443.352178 421.700985 405.090406 428.440258 444.892902 438.976389 430.557749 428.848778 420.393966 400.000000 403.050370 431.060934 424.297491 447.690658 429.538617 422.210812 421.440869 435.226877 440.361321 440.678179 436.069731 418.866499 420.761197 417.738304 443.783113 400.000000 434.131654 416.232907 434.966348 402.418762 416.352114 407.792921 430.450064 433.763212 436.887867 400.000000 408.651861 446.520803 451.068211 430.069891 415.583936 420.990960 440.602085 428.718095 403.430764 408.129972 446.500062 419.654343 403.740252 428.783649 430.579551 443.347437 407.704592 414.744952 433.694987 426.801289 443.982152 449.117279 443.871293 423.880972 431.840093 412.504121 446.910261 450.689905 426.383620 410.796111 429.108980 429.964546 449.683634 437.196188 410.998066 418.272852 406.594743 412.800534 436.765303 421.233162 407.459745 409.471178 412.762070 409.313956 411.303864 431.337421 404.474200 424.688527 409.568568 428.025593 429.645743 437.467213 446.615111 409.089888 424.492610 429.448769 416.583599 446.805533 416.201777 418.013586 426.297509 428.920596 442.894338 432.313274 400.000000 441.060808 442.286530 423.671598 451.194825 430.225992 426.857189 406.611534 436.358798 451.301480 435.667108 414.397303 412.488602 431.723752 418.877747 404.161552 419.389202 446.839769 425.616067 446.535113 445.488155 419.115101 400.000000 449.799063 442.193453 451.135002 443.608103 403.736893 442.122069 429.896314 427.523796 441.935115 438.259803 404.580462 407.687177 419.941488 427.244240 431.620489 441.579284 425.570711 444.758874 437.111450 450.372719 400.000000 432.735120 409.005455 429.590458 407.360356 418.993556 421.479152 444.875586 425.194578 444.346910 415.491841 448.518235 423.587885 417.727850 400.000000 404.052330 407.734468 450.452011 444.082682 421.124374 446.740188 441.372411 446.839932 446.724601 408.605360 419.090333 431.838553 434.642362 404.280403 403.762987 419.647694 443.195512 427.270016 427.578557 409.518012 435.731991 449.387020 430.023003 429.221170 451.026657 441.645606 436.638012 404.952605 404.166370 413.852920 409.721924 438.407136 438.730100 400.000000 403.406641 416.949396 429.193785 422.257762 421.060795 439.285228 409.487516 419.023916 414.894634 404.791714 421.963462 405.310761 430.339763 431.091271 423.340124 410.850117 434.665886 425.443133 431.317627 426.593039 441.534848 429.953273 415.737097 400.000000 418.727660 429.430420 431.032482 436.546289 425.803106 439.493224 429.306694 411.633837 422.677010 419.633308 400.000000 437.265384 429.400435 448.957245 428.573280 424.995042 400.000000 404.713190 418.299215 404.385007 412.475117 419.772122 440.600071 450.373575 442.562746 422.226326 425.724393 435.719273 411.832054 431.894080 400.000000 426.630551 413.994511 411.515475 408.443744 420.045873 427.719330 436.383547 409.552795 442.573916 417.571564 408.070360 413.981714 444.883558 400.000000 441.875805 438.894468 426.606273 404.881425 428.949655 415.758831 444.771031 400.000000 400.000000 403.740538 400.000000 438.065891 422.228812 404.757967 438.635386 415.829397 430.384674 440.993633 413.630988 423.389396 440.362226 433.072079 402.655209 417.277404 409.366061 414.086147 445.549019 415.174653 429.806524 400.000000 412.079602 419.470679 448.156240 424.223298 400.000000 429.135810 431.239454 426.852274 441.938828 426.030066 423.181402 429.438227 450.922320 432.909842 425.775730 437.173109 425.219834 440.132993 450.760379 445.025528 430.481291 431.567604 449.215130 426.443833 433.484410 437.723840 442.844956 400.000000 430.204904 446.352979 431.299109 443.809707 422.022235 434.343197 413.675843 422.691036 437.639793 435.966696 404.232427 445.593459 434.622750 446.237986 421.500924 407.534692 404.921710 422.692576 418.511795 420.972098 448.190153 410.650894 400.000000 443.519331 420.869761 400.000000 418.013795 446.556889 404.956227 445.828302 450.099648 428.446259 426.192237 436.951211 429.377777 417.933571 408.242879 405.034445 436.982199 425.842027 400.000000 407.876792 412.771818 431.575348 396.146995 431.091542 446.317709 444.091536 413.025368 415.697033 403.632143 403.808570 420.112606 446.814607 411.084711 410.536354 423.597316 443.129814 426.588966 418.633594 425.724520 418.183364 447.531712 433.288027 409.951024 405.112562 404.508337 408.197299 400.000000 437.295123 405.171018 422.217447 400.000000 431.497716 434.844116 411.091682 388.190958 403.475529 409.073070 450.738638 402.936970 446.798043 420.979438 413.627121 438.864940 442.716179 430.352333 414.327927 445.412930 429.634908 410.276489 415.172381 414.342936 446.916606 432.290054 426.152036 430.998507 400.000000 439.095185 428.122164 432.437003 423.342060 408.695351 400.000000 404.035672 429.432751 437.778988 439.947021 445.773184 422.102486 424.878148 402.622311 436.262797 416.107903 423.922634 419.271221 420.731001 400.000000 418.559628 450.217103 427.600410 439.973418 435.677771 400.000000 430.494919 446.842685 428.741531 419.097640 415.701354 430.956855 414.074116 408.076889 421.613569 430.284669 407.418080 405.199913 429.477603 409.124990 422.972352 432.920331 400.000000 430.731280 414.246292 418.648354 429.652887 444.193912 414.132329 441.242490 432.357589 406.735083 416.623432 426.712082 418.300561 442.092012 443.399972 410.965773 417.047844 409.899634 414.794228 430.952807 403.660458 412.220134 400.000000 430.881176 430.477077 443.402361 412.599320 408.131886 443.797412 415.585921 400.000000 409.460656 438.347341 425.746610 429.379181 429.230402 431.830019 402.062508 450.810538 408.574859 425.678788 434.363837 450.977023 427.929062 406.783326 408.692345 446.411499 439.984935 403.742389 439.795893 407.495990 448.324274 451.193192 433.667716 428.687004 432.363882 424.709046 429.716607 446.112959 439.858228 420.911932 425.024498 422.324741 403.325855 423.951347 413.528307 414.450774 420.026039 417.765520 418.295044 438.239826 423.661522 434.464587 411.736082 430.004224 427.144724 400.000000 446.940056 402.291969 432.420296 414.064569 442.798295 436.088141 435.396044 407.978668 430.163357 429.444358 429.774837 446.676840 418.869964 408.566626 418.466981 400.000000 444.292440 442.348370 425.395850 416.251177 448.660110 425.943112 429.406266 411.383709 445.953612 438.588714 403.662157 429.291623 429.447423 410.541086 441.513680 414.925374 414.188057 436.411391 412.422295 406.295585 433.758959 429.365552 430.414616 402.313874 400.000000 449.808397 444.182559 410.845632 429.159681 417.298243 408.430174 426.139199 400.000000 431.912590 400.569770 405.418249 445.144970 428.139182 400.000000 414.784311 404.327009 411.505120 419.834956 424.423314 419.212352 442.649794 438.900846 431.884731 428.238707 441.099840 405.007714 447.611143 430.080091 411.703292 405.507544 437.269244 400.000000 414.241325 426.234537 432.134331 435.325123 431.991079 431.450555 442.523438 400.073544 446.817417 446.219825 402.872392 435.020295 404.405175 400.000000 430.837846 425.391576 423.022013 416.500937 444.007523 408.667739 404.355347 431.157176 436.531355 435.908172 416.088644 427.363270 421.765373 446.582244 417.864985 419.770832 450.356542 422.916702 434.054355 417.862518 421.075033 404.302934 424.716954 423.048379 432.313871 436.040684 414.596684 405.355851 404.082098 425.393004 442.033385 416.750519 415.890225 451.333827 437.172746 445.365434 424.990016 446.378099 414.293820 422.009559 425.069612 424.603975 411.183220 417.204626 403.858474 426.953290 432.147249 429.167229 435.522849 404.213307 432.829992 418.787393 437.542965 432.179787 414.230941 416.273382 400.000000 424.148209 429.433802 439.531963 423.395774 419.328445 435.171632 413.300678 400.000000 404.628882 448.862631 403.919360 419.275726 428.363266 412.183409 428.172465 428.564461 427.557122 448.960450 412.512028 446.227939 417.500659 400.000000 400.000000 432.890020 400.000000 420.806756 417.134311 409.204391 420.965478 434.671225 445.308336 404.850597 411.609588 431.365416 421.196491 404.485374 404.585533 404.718358 401.626683 451.133060 422.997892 446.578636 387.226878 434.984287 432.322030 431.468827 429.713078 429.766741 418.682685 426.939748 399.210779 403.701663 402.298293 403.668782 439.126361 400.000000 439.681023 441.826748 403.157388 444.557214 440.293486 449.602338 407.986691 410.193017 447.240871 416.818738 434.334119 437.471939 408.421784 400.000000 431.259918 422.632815 437.179591 445.404049 400.000000 430.674828 447.043635 433.026918 431.070802 415.177202 404.660951 443.791702 425.080721 413.684146 426.232405 409.925574 446.234100 446.157614 420.157399 404.375925 405.261530 429.428725 434.712440 432.541691 420.699889 
        </DataArray>
      </PointData>
    </Piece>
  </UnstructuredGrid>
</VTKFile>
