<?xml version="1.0"?>
<VTKFile type="UnstructuredGrid" version="0.1" byte_order="LittleEndian">
  <UnstructuredGrid>
    <Piece NumberOfPoints="2835" NumberOfCells="5174">
      <Points>
        <DataArray type="Float64" NumberOfComponents="3" format="ascii">
          0.760153 0.067703 0.0
          1.747852 0.983210 0.0
          2.146009 0.392666 0.0
          2.472607 0.0 0.0
          2.565113 0.018012 0.0
          0.033949 0.320465 0.0
          1.950120 0.513263 0.0
          2.500000 0.560039 0.0
          2.177185 0.051201 0.0
          0.589178 0.404809 0.0
          1.219351 0.196074 0.0
          0.0 0.439961 0.0
          1.870661 0.777041 0.0
          3.297702 0.416536 0.0
          2.154127 0.018347 0.0
          2.852033 0.480631 0.0
          2.359990 0.017272 0.0
          2.119033 0.540397 0.0
          1.000000 0.979956 0.0
          3.482684 0.210011 0.0
          3.409598 0.409467 0.0
          1.123368 1.000000 0.0
          2.309857 0.615676 0.0
          2.865331 0.466738 0.0
          2.715925 0.447061 0.0
          1.667851 0.647644 0.0
          1.411727 0.525114 0.0
          1.000000 0.919963 0.0
          1.017518 0.710048 0.0
          1.482220 0.230005 0.0
          1.017717 0.750000 0.0
          3.313736 0.051225 0.0
          2.904126 0.0 0.0
          0.938679 0.062374 0.0
          2.180373 0.981152 0.0
          1.197505 0.749636 0.0
          2.094139 0.093968 0.0
          0.441861 0.017752 0.0
          3.462968 0.036971 0.0
          1.239182 0.870914 0.0
          3.500000 0.160022 0.0
          0.699933 0.500000 0.0
          2.222404 0.980944 0.0
          1.358025 0.981408 0.0
          0.671500 0.365050 0.0
          1.356045 0.0 0.0
          0.0 0.419963 0.0
          0.224237 0.365637 0.0
          2.308261 0.0 0.0
          3.060334 0.269881 0.0
          0.112860 0.018102 0.0
          1.246623 1.000000 0.0
          2.421027 0.036693 0.0
          1.500000 0.060039 0.0
          1.556039 0.961725 0.0
          1.123754 0.251933 0.0
          3.066136 0.220247 0.0
          2.483099 0.570038 0.0
          2.903960 0.346095 0.0
          1.952439 0.787893 0.0
          2.065923 0.936569 0.0
          1.328152 0.771377 0.0
          0.609405 0.482389 0.0
          2.980008 0.500000 0.0
          1.461906 0.500331 0.0
          3.160864 0.017729 0.0
          2.000000 0.040042 0.0
          3.222503 0.017477 0.0
          3.349904 0.485794 0.0
          0.277494 0.017468 0.0
          2.016594 0.511086 0.0
          1.089014 0.0 0.0
          0.0 0.479956 0.0
          2.000000 0.220008 0.0
          1.490892 0.668987 0.0
          3.035898 0.016237 0.0
          1.000000 0.700013 0.0
          2.124673 0.800401 0.0
          1.733695 0.945519 0.0
          1.038384 0.525371 0.0
          1.068437 0.0 0.0
          3.151139 0.177591 0.0
          1.801921 0.966358 0.0
          2.950163 0.481651 0.0
          2.330760 0.217250 0.0
          0.033663 0.258718 0.0
          2.205582 0.339614 0.0
          0.903550 0.031974 0.0
          2.084607 0.497025 0.0
          1.676850 0.970580 0.0
          3.182810 0.150754 0.0
          2.723882 0.340489 0.0
          0.470336 0.077838 0.0
          1.240986 0.777004 0.0
          2.481769 0.908275 0.0
          0.953182 0.214389 0.0
          1.441303 0.464712 0.0
          2.327943 0.324254 0.0
          2.088526 0.557203 0.0
          1.623471 0.727714 0.0
          1.676479 0.541475 0.0
          0.388827 0.200281 0.0
          3.284128 0.017699 0.0
          1.680018 0.500000 0.0
          0.017316 0.269995 0.0
          1.151177 0.177831 0.0
          2.498964 0.233210 0.0
          0.419010 0.127250 0.0
          0.776989 0.417669 0.0
          2.238877 0.128647 0.0
          2.439188 0.488540 0.0
          2.356178 0.961407 0.0
          0.819908 0.500000 0.0
          2.700088 0.500000 0.0
          3.029988 0.482686 0.0
          3.500000 0.180018 0.0
          2.692928 0.358705 0.0
          2.875952 0.446625 0.0
          0.300891 0.211141 0.0
          3.275762 0.365635 0.0
          2.404541 0.559158 0.0
          3.117524 0.463888 0.0
          2.148996 0.966410 0.0
          1.036176 0.741760 0.0
          2.475848 0.127299 0.0
          1.965763 1.000000 0.0
          1.804297 0.556412 0.0
          1.416957 0.924351 0.0
          2.998237 0.017125 0.0
          2.242739 0.089591 0.0
          0.139324 0.238116 0.0
          3.440347 0.206668 0.0
          0.187483 0.389758 0.0
          1.026254 0.087211 0.0
          1.061408 0.547549 0.0
          2.716441 0.231469 0.0
          1.182165 0.580136 0.0
          1.473350 0.964716 0.0
          1.345873 0.018345 0.0
          3.500000 0.379970 0.0
          2.500000 0.919963 0.0
          1.946233 0.835537 0.0
          3.246954 0.116028 0.0
          2.500000 0.879970 0.0
          2.143838 0.359206 0.0
          2.081551 0.204485 0.0
          2.457650 0.202717 0.0
          1.856900 0.945237 0.0
          0.308305 0.031724 0.0
          2.056511 0.245695 0.0
          1.640026 0.500000 0.0
          2.408417 0.098663 0.0
          0.759919 0.500000 0.0
          0.357152 0.439176 0.0
          2.380738 0.459903 0.0
          3.466302 0.339978 0.0
          1.760783 0.686501 0.0
          3.385641 0.216187 0.0
          3.057581 0.017531 0.0
          2.821851 0.0 0.0
          2.482077 0.166898 0.0
          2.284313 0.348939 0.0
          0.879606 0.323364 0.0
          2.524437 0.429472 0.0
          0.490004 0.485891 0.0
          1.156594 0.143023 0.0
          0.503498 0.017761 0.0
          2.444997 0.389684 0.0
          1.300898 0.296596 0.0
          3.376632 0.0 0.0
          2.764085 0.203434 0.0
          3.278046 0.091766 0.0
          1.060339 0.022046 0.0
          1.144350 0.054836 0.0
          0.064887 0.139058 0.0
          2.082349 0.450303 0.0
          2.017821 0.230005 0.0
          0.616455 0.034011 0.0
          3.053077 0.102703 0.0
          2.754639 0.397894 0.0
          3.447188 0.240543 0.0
          2.225529 0.606774 0.0
          0.525101 0.357938 0.0
          2.143955 0.0 0.0
          1.000000 0.879970 0.0
          0.0 0.500000 0.0
          2.366868 0.395193 0.0
          2.000000 0.140026 0.0
          3.310931 0.481747 0.0
          3.238098 0.237812 0.0
          1.726678 0.694521 0.0
          1.929161 0.535081 0.0
          2.539401 0.117772 0.0
          2.042853 0.062883 0.0
          0.369908 0.0 0.0
          1.125203 0.888722 0.0
          1.118302 0.017214 0.0
          1.055077 0.389670 0.0
          0.781616 0.467695 0.0
          2.312103 0.888083 0.0
          0.129594 0.103112 0.0
          0.364585 0.409290 0.0
          1.328900 1.000000 0.0
          1.842482 1.000000 0.0
          0.940938 0.465396 0.0
          2.444112 0.736644 0.0
          2.996933 0.088543 0.0
          3.500000 0.140026 0.0
          1.700833 0.964335 0.0
          3.000000 0.500000 0.0
          2.241769 0.322665 0.0
          1.442920 0.337262 0.0
          0.867046 0.454242 0.0
          2.803750 0.239354 0.0
          2.706755 0.081099 0.0
          3.177635 0.357042 0.0
          2.639739 0.098488 0.0
          0.535767 0.462495 0.0
          2.351630 0.033671 0.0
          2.460056 0.056870 0.0
          2.482425 0.830531 0.0
          3.374017 0.041387 0.0
          1.540354 0.795066 0.0
          2.070856 0.899169 0.0
          3.177320 0.469441 0.0
          0.286188 0.065731 0.0
          1.051343 0.348888 0.0
          1.979956 0.500000 0.0
          0.619956 0.500000 0.0
          1.820594 0.534128 0.0
          2.640097 0.500000 0.0
          0.509938 0.478412 0.0
          1.294389 0.0 0.0
          0.215870 0.017697 0.0
          3.263610 0.017724 0.0
          1.000000 0.520044 0.0
          2.000000 0.419963 0.0
          0.440206 0.068153 0.0
          1.418633 0.201906 0.0
          1.984911 0.817957 0.0
          2.428532 0.980015 0.0
          2.664096 0.338458 0.0
          2.465845 0.889699 0.0
          2.132981 0.019657 0.0
          1.348161 0.853230 0.0
          0.154272 0.166417 0.0
          1.595874 1.000000 0.0
          0.379838 0.020170 0.0
          3.019992 0.466564 0.0
          1.711120 0.939665 0.0
          1.009457 0.330039 0.0
          3.212632 0.038065 0.0
          2.781388 0.416959 0.0
          2.212062 0.941904 0.0
          3.036945 0.442147 0.0
          1.624372 0.542043 0.0
          2.343389 0.680083 0.0
          0.827135 0.090182 0.0
          0.934885 0.018012 0.0
          2.161542 0.894893 0.0
          1.373692 0.074981 0.0
          2.340047 0.018573 0.0
          0.382240 0.107502 0.0
          0.348762 0.133271 0.0
          2.439618 0.851289 0.0
          2.034244 0.179798 0.0
          0.421784 0.018392 0.0
          2.226157 0.0 0.0
          0.409105 0.446781 0.0
          2.017316 0.289989 0.0
          0.859903 0.500000 0.0
          2.993439 0.118597 0.0
          3.184137 0.114698 0.0
          1.232740 0.0 0.0
          0.563480 0.034548 0.0
          2.940023 0.500000 0.0
          0.559977 0.500000 0.0
          2.145926 0.202054 0.0
          0.054500 0.359812 0.0
          0.017316 0.210011 0.0
          2.190105 0.944812 0.0
          2.689841 0.481549 0.0
          0.490878 0.054709 0.0
          1.084108 0.179803 0.0
          2.123368 0.0 0.0
          1.560562 0.586434 0.0
          2.089014 1.000000 0.0
          2.411164 0.442848 0.0
          0.221042 0.133104 0.0
          0.819180 0.057291 0.0
          1.037616 0.017608 0.0
          3.374681 0.454689 0.0
          2.085146 0.287371 0.0
          1.088528 0.442791 0.0
          3.157873 0.060504 0.0
          2.335459 1.000000 0.0
          1.449908 0.650495 0.0
          2.486516 0.985968 0.0
          2.739874 0.067703 0.0
          1.387806 0.258628 0.0
          1.261123 0.128647 0.0
          0.841419 0.442643 0.0
          1.479480 0.071660 0.0
          2.500438 0.445996 0.0
          0.082983 0.228168 0.0
          2.731987 0.104720 0.0
          2.343406 0.143023 0.0
          2.191739 1.000000 0.0
          1.513776 1.000000 0.0
          1.532331 0.868743 0.0
          0.462384 0.017450 0.0
          2.601516 0.467574 0.0
          1.407116 0.128413 0.0
          1.011442 0.198306 0.0
          0.742752 0.262635 0.0
          3.006779 0.0 0.0
          2.545835 0.153035 0.0
          1.000000 0.680018 0.0
          1.486525 0.014019 0.0
          0.842482 0.0 0.0
          1.129597 0.348177 0.0
          1.013907 0.485466 0.0
          1.431089 0.963529 0.0
          2.363919 0.944793 0.0
          2.462225 0.802479 0.0
          3.455705 0.297974 0.0
          0.068913 0.072762 0.0
          2.490551 0.330038 0.0
          1.906034 0.931574 0.0
          0.312921 0.051775 0.0
          1.500000 0.100034 0.0
          2.039177 0.117311 0.0
          1.671862 0.846624 0.0
          2.321679 0.370441 0.0
          2.500000 0.839978 0.0
          3.279915 0.500000 0.0
          1.085351 0.712210 0.0
          2.418233 0.794937 0.0
          0.845685 0.468718 0.0
          2.433714 0.921717 0.0
          2.754087 0.431608 0.0
          0.408003 0.483053 0.0
          2.477007 0.953399 0.0
          0.425791 0.171982 0.0
          2.647535 0.062279 0.0
          2.940497 0.340787 0.0
          1.230291 0.073928 0.0
          0.396853 0.306518 0.0
          0.314021 0.445783 0.0
          1.482683 0.369972 0.0
          0.911805 0.074210 0.0
          3.404879 0.444857 0.0
          1.434039 0.046763 0.0
          2.942093 0.179614 0.0
          1.000000 0.939961 0.0
          0.598631 0.110013 0.0
          1.037422 0.701640 0.0
          1.844558 0.529887 0.0
          2.414541 0.712071 0.0
          1.393029 0.930685 0.0
          2.664091 0.299758 0.0
          2.770074 0.482686 0.0
          0.014719 0.014549 0.0
          2.590103 0.483867 0.0
          0.167072 0.482154 0.0
          2.654321 0.468721 0.0
          2.414253 0.279583 0.0
          1.274297 0.606707 0.0
          3.485980 0.169987 0.0
          1.354902 0.393064 0.0
          1.022975 0.953359 0.0
          1.409373 0.630209 0.0
          0.777021 0.184610 0.0
          0.216585 0.397792 0.0
          3.114332 0.152256 0.0
          2.525684 0.456998 0.0
          2.588195 0.074212 0.0
          2.058670 0.574458 0.0
          2.229929 0.557081 0.0
          2.478504 0.869806 0.0
          3.171546 0.487305 0.0
          2.579805 0.057074 0.0
          1.665090 0.746619 0.0
          1.287889 0.941697 0.0
          2.123326 0.148297 0.0
          3.273197 0.318469 0.0
          1.700290 0.717327 0.0
          2.347277 0.478914 0.0
          1.710798 0.903539 0.0
          0.500000 0.500000 0.0
          3.482683 0.130028 0.0
          3.130092 0.0 0.0
          2.144028 0.945455 0.0
          0.460213 0.050791 0.0
          1.759161 0.967997 0.0
          1.933013 0.981519 0.0
          0.728198 0.057691 0.0
          2.486182 0.485389 0.0
          1.410819 0.163577 0.0
          1.339081 0.984778 0.0
          0.763503 0.463405 0.0
          1.462969 0.297723 0.0
          2.215884 0.017758 0.0
          2.520107 0.500000 0.0
          2.770527 0.016178 0.0
          2.289064 0.037199 0.0
          1.740237 0.584110 0.0
          2.034945 0.552895 0.0
          1.819982 0.500000 0.0
          1.789989 0.517316 0.0
          0.188267 0.150798 0.0
          1.000000 0.720008 0.0
          1.060206 0.858745 0.0
          2.980182 0.468172 0.0
          3.233060 0.460487 0.0
          1.425295 0.261745 0.0
          0.686939 0.017204 0.0
          1.883583 0.961117 0.0
          2.087387 0.319148 0.0
          0.0 0.399966 0.0
          0.564164 0.095925 0.0
          2.473746 0.087211 0.0
          0.042565 0.059798 0.0
          1.418387 0.421983 0.0
          0.151535 0.407772 0.0
          1.143822 0.961409 0.0
          0.351758 0.278673 0.0
          1.187897 0.888083 0.0
          0.071941 0.314128 0.0
          3.274741 0.425425 0.0
          0.989761 0.141909 0.0
          1.689844 0.519010 0.0
          3.482279 0.369931 0.0
          1.500000 0.299987 0.0
          2.965088 0.077997 0.0
          2.561321 0.062374 0.0
          1.500000 0.459958 0.0
          1.217949 0.932168 0.0
          1.630759 0.517578 0.0
          2.151425 0.521008 0.0
          3.482524 0.389722 0.0
          0.708021 0.117277 0.0
          0.618236 0.300417 0.0
          2.117071 0.851428 0.0
          3.482231 0.048948 0.0
          0.939895 0.500000 0.0
          1.949959 0.529942 0.0
          0.492874 0.034328 0.0
          1.300937 0.150432 0.0
          2.036890 0.419963 0.0
          1.911883 0.548475 0.0
          3.469009 0.169753 0.0
          1.056256 0.755052 0.0
          0.996523 0.018099 0.0
          1.335459 0.0 0.0
          1.215231 0.900823 0.0
          3.379125 0.425911 0.0
          2.794297 0.339508 0.0
          1.739729 0.552687 0.0
          1.060610 0.825959 0.0
          1.089047 0.408349 0.0
          2.863008 0.0 0.0
          3.435224 0.104022 0.0
          0.984294 0.037756 0.0
          1.066052 0.952920 0.0
          2.441397 0.693731 0.0
          3.482817 0.029223 0.0
          1.945129 1.000000 0.0
          2.390533 0.0 0.0
          1.500000 0.479956 0.0
          0.044310 0.297977 0.0
          0.097538 0.087709 0.0
          1.320376 0.981326 0.0
          2.164541 0.0 0.0
          1.090806 0.369538 0.0
          0.596040 0.346095 0.0
          2.813061 0.017200 0.0
          1.083111 0.229328 0.0
          3.440085 0.170154 0.0
          0.634669 0.466738 0.0
          1.552760 0.617617 0.0
          2.465236 0.520050 0.0
          1.650066 0.912102 0.0
          0.120100 0.500000 0.0
          0.186635 0.050501 0.0
          0.0 0.140026 0.0
          3.353709 0.049667 0.0
          3.158434 0.455217 0.0
          2.380635 0.954768 0.0
          3.229926 0.482684 0.0
          1.802239 0.883124 0.0
          3.184583 0.079844 0.0
          3.372527 0.108270 0.0
          1.037674 0.678277 0.0
          0.040107 0.500000 0.0
          1.933545 0.516275 0.0
          0.700920 0.081825 0.0
          1.889538 0.514970 0.0
          0.420031 0.500000 0.0
          1.258795 0.273754 0.0
          1.483649 0.535369 0.0
          3.279159 0.172864 0.0
          1.350681 0.560883 0.0
          2.606194 0.017422 0.0
          0.862009 0.356830 0.0
          2.416890 0.229328 0.0
          1.476897 0.046545 0.0
          3.213941 0.065657 0.0
          0.969501 0.482263 0.0
          2.343143 0.907077 0.0
          0.138049 0.278329 0.0
          0.446998 0.102472 0.0
          2.057753 0.980137 0.0
          0.0 0.339978 0.0
          0.101390 0.032600 0.0
          1.226157 1.000000 0.0
          2.366991 0.980302 0.0
          1.646027 0.588288 0.0
          0.082299 0.0 0.0
          3.348465 0.407772 0.0
          1.088273 0.474886 0.0
          2.017317 0.110032 0.0
          1.369381 0.651953 0.0
          2.036775 0.459075 0.0
          2.217677 0.067570 0.0
          2.309608 0.054879 0.0
          2.858073 0.056535 0.0
          0.385209 0.153359 0.0
          2.548593 0.218054 0.0
          1.482316 0.429962 0.0
          1.924613 1.000000 0.0
          0.424200 0.391195 0.0
          1.739776 1.000000 0.0
          1.482344 0.210011 0.0
          2.311998 0.164955 0.0
          3.445500 0.359812 0.0
          2.579420 0.291944 0.0
          0.267260 0.0 0.0
          2.965763 0.0 0.0
          0.260076 0.500000 0.0
          1.940949 0.628868 0.0
          0.835837 0.123463 0.0
          0.696335 0.239145 0.0
          1.376632 0.0 0.0
          3.467065 0.058211 0.0
          1.482903 0.512074 0.0
          2.246623 0.0 0.0
          2.033256 0.339302 0.0
          2.660095 0.500000 0.0
          2.305962 0.658298 0.0
          2.739776 0.0 0.0
          2.143760 0.038521 0.0
          0.506647 0.109570 0.0
          2.351511 0.557978 0.0
          1.094454 0.905764 0.0
          1.141077 0.559354 0.0
          1.500000 0.0 0.0
          3.401252 0.088372 0.0
          1.149998 0.599368 0.0
          1.109972 0.588095 0.0
          0.143988 0.043129 0.0
          1.156857 0.907077 0.0
          3.335512 0.037510 0.0
          1.889111 0.534113 0.0
          1.382594 0.504798 0.0
          2.468442 0.599389 0.0
          0.562255 0.414062 0.0
          0.220246 0.466713 0.0
          3.309601 0.112697 0.0
          1.606120 0.984648 0.0
          2.632787 0.480668 0.0
          3.390980 0.466809 0.0
          2.043234 0.754487 0.0
          3.391569 0.250263 0.0
          0.020107 0.500000 0.0
          2.096879 0.921392 0.0
          3.367658 0.072424 0.0
          2.000000 0.500000 0.0
          2.344557 0.939755 0.0
          2.488897 0.198079 0.0
          0.471678 0.483369 0.0
          1.338898 0.810538 0.0
          2.881764 0.300417 0.0
          3.108921 0.379792 0.0
          1.915539 0.757055 0.0
          0.567173 0.230556 0.0
          0.415644 0.351399 0.0
          2.037977 0.500157 0.0
          0.157689 0.128685 0.0
          0.266391 0.288785 0.0
          0.315526 0.114611 0.0
          1.439510 0.173638 0.0
          2.441589 0.113801 0.0
          2.383969 0.429003 0.0
          2.500000 0.979956 0.0
          3.074456 0.391796 0.0
          0.945129 0.0 0.0
          0.949262 0.444286 0.0
          0.892731 0.443877 0.0
          0.617931 0.414755 0.0
          3.150758 0.132635 0.0
          1.500000 0.020044 0.0
          1.566702 0.881017 0.0
          0.474196 0.187834 0.0
          0.063586 0.105753 0.0
          1.863008 1.000000 0.0
          2.269332 0.485129 0.0
          2.534263 0.032650 0.0
          0.965763 0.0 0.0
          1.445944 0.609979 0.0
          2.051351 0.833872 0.0
          2.076120 0.964577 0.0
          1.521992 0.981786 0.0
          2.000000 0.439961 0.0
          2.277524 0.019060 0.0
          1.993983 0.587985 0.0
          2.462835 0.701885 0.0
          1.530000 0.520385 0.0
          2.335290 0.963952 0.0
          2.453769 0.035755 0.0
          0.764254 0.443232 0.0
          0.780829 0.0 0.0
          2.672867 0.090182 0.0
          2.510880 0.481631 0.0
          1.636992 1.000000 0.0
          2.760224 0.0 0.0
          2.236114 0.016918 0.0
          1.735495 0.619826 0.0
          2.659129 0.157033 0.0
          0.729926 0.482686 0.0
          2.691433 0.395279 0.0
          1.530700 0.596588 0.0
          0.863008 0.0 0.0
          2.448869 0.566999 0.0
          1.467914 0.020856 0.0
          1.412613 0.319148 0.0
          0.654748 0.457435 0.0
          2.150116 0.560977 0.0
          3.482098 0.309852 0.0
          2.412105 0.680213 0.0
          3.397089 0.035264 0.0
          1.861616 0.965586 0.0
          1.132825 0.394968 0.0
          2.036357 0.982251 0.0
          2.484019 0.463259 0.0
          1.324690 0.365222 0.0
          2.463092 0.759997 0.0
          1.485362 0.029195 0.0
          1.387762 0.410516 0.0
          2.736497 0.463406 0.0
          1.191739 0.0 0.0
          2.860050 0.500000 0.0
          0.390446 0.083954 0.0
          1.034288 0.547803 0.0
          2.798634 0.453068 0.0
          2.340238 0.869547 0.0
          1.116817 0.053014 0.0
          1.394757 0.437835 0.0
          2.085832 0.390021 0.0
          1.857072 0.885249 0.0
          3.313955 0.190094 0.0
          0.270074 0.482684 0.0
          2.938210 0.445456 0.0
          0.741849 0.128872 0.0
          2.813622 0.188451 0.0
          2.550106 0.482681 0.0
          2.274101 0.109210 0.0
          0.718629 0.416959 0.0
          1.236153 0.982988 0.0
          3.482682 0.070038 0.0
          2.896040 0.154001 0.0
          2.567011 0.095476 0.0
          1.150015 0.518776 0.0
          1.317818 0.033451 0.0
          0.0 0.379970 0.0
          1.487206 0.979168 0.0
          3.500000 0.220008 0.0
          2.463456 0.721167 0.0
          1.481801 0.149121 0.0
          1.093057 0.965528 0.0
          2.060812 0.511460 0.0
          0.051519 0.017723 0.0
          0.114754 0.215943 0.0
          3.500000 0.500000 0.0
          1.482682 0.409965 0.0
          1.410178 0.723920 0.0
          2.219756 0.803880 0.0
          2.082299 0.0 0.0
          0.739776 0.0 0.0
          2.713254 0.050132 0.0
          0.128890 0.480382 0.0
          1.243073 0.910034 0.0
          3.335459 0.0 0.0
          0.512192 0.061545 0.0
          3.458545 0.078534 0.0
          3.099963 0.500000 0.0
          1.348575 0.521008 0.0
          1.313327 0.497671 0.0
          3.346337 0.167128 0.0
          2.118642 0.942072 0.0
          1.017317 0.630028 0.0
          0.682371 0.463691 0.0
          2.472908 0.037036 0.0
          0.526943 0.022311 0.0
          0.151293 0.369423 0.0
          3.020313 0.240719 0.0
          0.400758 0.018439 0.0
          2.882885 0.092567 0.0
          2.620557 0.324222 0.0
          0.831408 0.483185 0.0
          2.410986 0.0 0.0
          2.386966 0.535610 0.0
          1.500000 0.160022 0.0
          1.967523 0.933922 0.0
          2.979363 0.213373 0.0
          1.800499 0.533050 0.0
          1.501204 0.600132 0.0
          1.459650 0.920534 0.0
          1.348343 0.234443 0.0
          1.256770 0.982576 0.0
          0.0 0.160022 0.0
          1.434591 0.108525 0.0
          3.438248 0.0 0.0
          2.425129 0.737690 0.0
          2.000000 0.279992 0.0
          2.253377 1.000000 0.0
          1.222477 0.019061 0.0
          2.822953 0.142387 0.0
          1.364445 0.786390 0.0
          1.000000 0.500000 0.0
          0.143955 0.0 0.0
          0.993907 0.103941 0.0
          0.821851 0.0 0.0
          3.418996 0.340477 0.0
          2.197143 0.250126 0.0
          0.315000 0.145922 0.0
          0.697197 0.052038 0.0
          2.142437 0.436749 0.0
          2.406955 0.965511 0.0
          0.509804 0.040192 0.0
          1.367019 0.019644 0.0
          3.462563 0.102225 0.0
          1.746103 0.733786 0.0
          1.578193 0.966166 0.0
          1.990537 0.955344 0.0
          0.0 0.200013 0.0
          1.837063 0.697948 0.0
          2.284769 0.900823 0.0
          0.183120 0.298262 0.0
          2.756793 0.359355 0.0
          0.298411 0.386586 0.0
          0.901658 0.051465 0.0
          2.633732 0.392809 0.0
          1.445758 0.752669 0.0
          2.037977 0.359363 0.0
          1.481811 0.169386 0.0
          2.149911 0.480548 0.0
          3.037052 0.407876 0.0
          0.960599 0.117772 0.0
          1.259334 0.222763 0.0
          0.391091 0.379905 0.0
          0.453704 0.031710 0.0
          2.093010 0.034269 0.0
          0.349238 0.326003 0.0
          1.191091 0.126815 0.0
          0.284873 0.133656 0.0
          3.047841 0.0 0.0
          1.289261 0.123195 0.0
          1.140023 0.017275 0.0
          2.035552 0.944390 0.0
          2.092226 0.014873 0.0
          0.885299 0.033499 0.0
          1.769662 0.604585 0.0
          3.419896 0.500000 0.0
          0.647967 0.480631 0.0
          1.000000 0.560039 0.0
          2.459153 0.912616 0.0
          3.413874 0.374623 0.0
          2.068437 1.000000 0.0
          0.981922 0.182885 0.0
          0.530930 0.048784 0.0
          1.400991 0.981688 0.0
          2.500000 0.620030 0.0
          3.191739 0.0 0.0
          2.017716 0.170020 0.0
          0.520320 0.213406 0.0
          1.036558 0.760893 0.0
          3.153391 0.095185 0.0
          0.0 0.180018 0.0
          0.822888 0.462248 0.0
          0.073078 0.018437 0.0
          0.849904 0.486593 0.0
          2.017318 0.409965 0.0
          0.472607 0.0 0.0
          2.500000 0.740003 0.0
          2.482599 0.650108 0.0
          0.686462 0.188333 0.0
          1.017817 0.730012 0.0
          1.779093 0.961346 0.0
          1.028505 0.407380 0.0
          1.507651 0.969658 0.0
          2.374797 0.888722 0.0
          1.500000 0.240003 0.0
          1.441856 0.982100 0.0
          3.461298 0.466385 0.0
          0.478805 0.419384 0.0
          0.0 0.240003 0.0
          1.366816 0.942730 0.0
          0.017317 0.110032 0.0
          2.051572 0.013110 0.0
          0.267218 0.031850 0.0
          0.057713 0.394984 0.0
          1.412040 0.966900 0.0
          1.447985 0.029021 0.0
          0.123932 0.144809 0.0
          3.396417 0.311377 0.0
          0.904126 0.0 0.0
          1.019457 0.570241 0.0
          0.810159 0.481549 0.0
          2.938570 0.059181 0.0
          1.745476 0.792902 0.0
          1.027092 0.037037 0.0
          0.0 0.359974 0.0
          2.036207 0.238372 0.0
          0.065235 0.041557 0.0
          3.380526 0.390328 0.0
          3.118263 0.110874 0.0
          0.739924 0.500000 0.0
          1.994782 0.517148 0.0
          2.199103 0.296596 0.0
          0.636881 0.036842 0.0
          0.669354 0.036959 0.0
          2.130703 0.963669 0.0
          3.480899 0.090256 0.0
          1.482032 0.625443 0.0
          2.803653 0.051267 0.0
          2.093097 0.061385 0.0
          1.600616 0.894775 0.0
          3.216507 0.166185 0.0
          0.017401 0.150769 0.0
          1.862739 0.838418 0.0
          1.756216 0.536253 0.0
          0.513580 0.176761 0.0
          2.722791 0.377562 0.0
          3.278355 0.268445 0.0
          0.920195 0.057073 0.0
          0.261353 0.239421 0.0
          2.936187 0.016365 0.0
          1.479350 0.0 0.0
          0.643306 0.390895 0.0
          1.986224 1.000000 0.0
          1.298250 0.981848 0.0
          0.020402 0.070876 0.0
          2.965727 0.112071 0.0
          1.042351 0.202717 0.0
          2.482231 0.530027 0.0
          2.650096 0.486593 0.0
          3.459028 0.413552 0.0
          2.831372 0.037083 0.0
          0.852465 0.062279 0.0
          2.017845 0.190016 0.0
          2.960016 0.500000 0.0
          0.672174 0.068988 0.0
          1.439188 0.511460 0.0
          3.151048 0.228552 0.0
          1.919764 0.707455 0.0
          1.194616 0.981602 0.0
          2.018497 0.964408 0.0
          3.482638 0.189189 0.0
          1.172203 0.324258 0.0
          2.308736 0.034878 0.0
          2.688093 0.017778 0.0
          2.269873 0.392188 0.0
          1.300186 0.043356 0.0
          2.443514 0.754727 0.0
          0.399798 0.414332 0.0
          2.088978 0.591626 0.0
          3.159944 0.500000 0.0
          1.985612 0.562015 0.0
          0.558982 0.466711 0.0
          2.751899 0.045730 0.0
          0.922338 0.425967 0.0
          2.765949 0.093883 0.0
          0.770159 0.015550 0.0
          2.116860 0.375355 0.0
          1.294425 0.339731 0.0
          2.119197 0.044988 0.0
          2.750078 0.482683 0.0
          2.014980 0.389544 0.0
          3.315245 0.031824 0.0
          0.788809 0.288686 0.0
          1.919963 0.500000 0.0
          0.483765 0.289988 0.0
          0.749922 0.482683 0.0
          2.870926 0.482518 0.0
          1.482682 0.090035 0.0
          3.059977 0.500000 0.0
          1.093007 0.871136 0.0
          1.199307 0.849103 0.0
          3.351658 0.207092 0.0
          0.339406 0.178315 0.0
          3.321977 0.425702 0.0
          1.517230 0.929050 0.0
          2.550737 0.444287 0.0
          0.308261 0.0 0.0
          2.205611 0.0 0.0
          1.039944 0.056871 0.0
          0.167322 0.036619 0.0
          0.770573 0.482531 0.0
          1.669465 0.516310 0.0
          3.116947 0.345867 0.0
          2.059953 0.142629 0.0
          1.178736 0.370941 0.0
          0.085343 0.033177 0.0
          0.041287 0.0 0.0
          1.554871 1.000000 0.0
          2.624855 0.272050 0.0
          0.090402 0.409467 0.0
          1.462386 0.982705 0.0
          1.672807 0.609839 0.0
          1.002986 0.419883 0.0
          1.500000 0.180018 0.0
          0.774526 0.141407 0.0
          3.273843 0.0 0.0
          2.606928 0.159974 0.0
          1.442146 0.282206 0.0
          1.000000 1.000000 0.0
          2.383270 0.579714 0.0
          1.215212 0.299157 0.0
          3.055255 0.319566 0.0
          1.989556 0.538293 0.0
          0.644033 0.171550 0.0
          1.584116 0.756896 0.0
          1.636411 0.875970 0.0
          2.225536 0.890362 0.0
          2.057104 0.960004 0.0
          0.306845 0.259196 0.0
          2.349875 0.518657 0.0
          0.914894 0.243552 0.0
          2.820832 0.440347 0.0
          0.930037 0.346939 0.0
          0.253955 0.153114 0.0
          2.164664 0.035892 0.0
          3.153804 0.480617 0.0
          2.990004 0.482687 0.0
          2.932831 0.377273 0.0
          3.243061 0.016772 0.0
          0.923336 0.038821 0.0
          2.000000 0.359974 0.0
          3.483151 0.470975 0.0
          0.0 0.220008 0.0
          1.573884 0.916555 0.0
          1.899966 0.500000 0.0
          3.469893 0.483921 0.0
          1.570038 0.517318 0.0
          0.674250 0.102726 0.0
          3.336285 0.063724 0.0
          0.149269 0.202457 0.0
          1.639787 0.619647 0.0
          2.329877 0.275112 0.0
          0.291649 0.354355 0.0
          0.623115 0.083394 0.0
          0.038702 0.466385 0.0
          2.710712 0.023127 0.0
          1.830633 0.515224 0.0
          3.467151 0.240042 0.0
          2.225690 0.426798 0.0
          0.559486 0.341009 0.0
          2.302492 0.749642 0.0
          3.138084 0.464240 0.0
          2.047906 0.694914 0.0
          2.232740 1.000000 0.0
          1.760224 1.000000 0.0
          2.482696 0.610032 0.0
          2.013475 0.014019 0.0
          1.500000 0.080037 0.0
          1.649463 0.554291 0.0
          0.719928 0.500000 0.0
          1.335337 0.035893 0.0
          1.909641 0.806284 0.0
          2.373547 0.924628 0.0
          1.482224 0.490088 0.0
          0.017112 0.329980 0.0
          0.298013 0.017750 0.0
          3.349514 0.441601 0.0
          2.493221 0.0 0.0
          2.014638 0.029196 0.0
          1.433128 0.077445 0.0
          2.408201 0.870204 0.0
          0.626753 0.017762 0.0
          2.371841 0.035278 0.0
          1.189081 0.459240 0.0
          1.873256 0.982005 0.0
          1.169246 0.217250 0.0
          1.020650 1.000000 0.0
          2.273843 1.000000 0.0
          1.965743 0.962573 0.0
          1.389320 0.019060 0.0
          0.678149 0.0 0.0
          2.216890 0.383147 0.0
          1.318096 0.410739 0.0
          1.045365 0.573557 0.0
          2.319508 0.018824 0.0
          3.429833 0.018440 0.0
          1.123482 0.851243 0.0
          0.133299 0.018957 0.0
          0.123368 0.0 0.0
          2.626753 0.017735 0.0
          1.018262 0.510499 0.0
          2.089449 0.165271 0.0
          1.288799 0.802905 0.0
          3.399898 0.500000 0.0
          3.482684 0.230005 0.0
          1.707957 0.865953 0.0
          1.421061 0.830662 0.0
          1.304605 0.914107 0.0
          2.500000 0.959958 0.0
          1.016404 0.650071 0.0
          3.482202 0.289816 0.0
          0.210086 0.483257 0.0
          1.006779 0.0 0.0
          1.000000 0.759997 0.0
          3.410277 0.487407 0.0
          1.055888 0.736644 0.0
          2.500000 0.580037 0.0
          0.932989 0.095476 0.0
          1.998996 0.980548 0.0
          2.097862 0.980416 0.0
          3.422664 0.040805 0.0
          1.721988 0.536653 0.0
          1.230681 0.485144 0.0
          1.327452 0.675577 0.0
          1.121346 0.160803 0.0
          0.359640 0.017757 0.0
          2.406805 0.938222 0.0
          1.042184 0.956462 0.0
          0.994714 0.068226 0.0
          2.032837 0.439234 0.0
          2.000000 0.200013 0.0
          0.659944 0.500000 0.0
          2.033692 0.914399 0.0
          2.647489 0.017430 0.0
          1.155442 0.939754 0.0
          2.500000 0.899966 0.0
          2.610882 0.483247 0.0
          3.084129 0.351472 0.0
          1.625914 0.981762 0.0
          1.997284 0.768527 0.0
          1.038200 0.475922 0.0
          0.017159 0.029571 0.0
          0.017195 0.349969 0.0
          1.233264 0.041591 0.0
          0.566956 0.134742 0.0
          1.587552 0.981933 0.0
          0.178023 0.425702 0.0
          1.640650 0.532503 0.0
          0.276106 0.408925 0.0
          2.117151 0.573357 0.0
          1.382885 0.573363 0.0
          2.399130 0.034950 0.0
          1.562808 0.533092 0.0
          2.052014 0.029023 0.0
          2.345781 0.637903 0.0
          2.172141 0.725568 0.0
          3.465627 0.430887 0.0
          2.800067 0.500000 0.0
          3.132112 0.033032 0.0
          0.719171 0.0 0.0
          0.952358 0.379901 0.0
          2.227109 0.471235 0.0
          0.548775 0.482015 0.0
          2.135842 0.055124 0.0
          1.211009 0.876395 0.0
          0.876527 0.050334 0.0
          2.732359 0.037664 0.0
          1.485722 0.922866 0.0
          2.379754 0.659974 0.0
          2.300693 0.849103 0.0
          2.630288 0.135318 0.0
          0.089382 0.470386 0.0
          0.328955 0.487321 0.0
          1.534237 1.000000 0.0
          2.369908 0.0 0.0
          2.524018 0.017285 0.0
          2.698604 0.0 0.0
          0.603960 0.153996 0.0
          2.247691 0.359174 0.0
          0.644494 0.060805 0.0
          2.325229 0.982593 0.0
          0.838525 0.411558 0.0
          0.558548 0.180573 0.0
          3.459893 0.500000 0.0
          1.972241 0.900619 0.0
          1.016061 0.608365 0.0
          0.578405 0.462671 0.0
          1.632745 0.826039 0.0
          2.104754 0.888875 0.0
          1.170154 0.275112 0.0
          3.016173 0.289982 0.0
          2.348719 0.598315 0.0
          1.975993 0.982281 0.0
          0.965697 0.032669 0.0
          3.354036 0.326361 0.0
          1.467284 0.220228 0.0
          2.298103 0.018056 0.0
          0.793245 0.081099 0.0
          1.239801 0.825424 0.0
          1.284255 0.751651 0.0
          1.017317 0.889968 0.0
          2.616514 0.0 0.0
          2.172370 0.784356 0.0
          0.032857 0.240043 0.0
          2.026771 0.586683 0.0
          2.605431 0.105055 0.0
          1.493221 1.000000 0.0
          2.560105 0.500000 0.0
          3.339905 0.500000 0.0
          1.780215 0.819117 0.0
          2.036505 0.278721 0.0
          1.036744 0.798840 0.0
          0.032771 0.277739 0.0
          3.063314 0.456818 0.0
          1.000000 0.600034 0.0
          2.412552 0.643168 0.0
          1.598342 0.854488 0.0
          2.071462 0.019837 0.0
          3.465546 0.397756 0.0
          0.893897 0.372241 0.0
          1.385571 0.220749 0.0
          1.369908 1.000000 0.0
          2.057814 0.797447 0.0
          2.277069 0.579123 0.0
          1.309321 0.872701 0.0
          0.841148 0.156917 0.0
          1.875702 0.727475 0.0
          3.482683 0.110032 0.0
          0.834547 0.338537 0.0
          1.120087 0.700219 0.0
          2.057862 0.282213 0.0
          2.108663 0.469137 0.0
          1.623978 0.908716 0.0
          2.267260 0.0 0.0
          1.500000 0.220008 0.0
          2.088641 0.675528 0.0
          1.698604 1.000000 0.0
          0.146423 0.075502 0.0
          1.000000 0.740003 0.0
          0.923557 0.390468 0.0
          1.669409 0.796454 0.0
          0.221948 0.091762 0.0
          0.202983 0.036069 0.0
          2.438959 0.458483 0.0
          2.017456 0.984938 0.0
          1.939575 0.559097 0.0
          2.842482 0.0 0.0
          1.500000 0.399966 0.0
          2.059553 0.487614 0.0
          1.267260 1.000000 0.0
          1.012774 0.590165 0.0
          2.986488 0.062205 0.0
          2.553717 0.036330 0.0
          3.196241 0.201490 0.0
          3.150010 0.036491 0.0
          2.974661 0.260367 0.0
          1.015397 0.374686 0.0
          1.852582 0.604510 0.0
          2.663408 0.375664 0.0
          2.855969 0.171563 0.0
          2.317849 0.966418 0.0
          1.560039 0.500000 0.0
          1.719171 1.000000 0.0
          1.240953 0.680992 0.0
          0.285118 0.097832 0.0
          0.811908 0.017777 0.0
          1.000000 0.859974 0.0
          0.480008 0.500000 0.0
          2.441422 0.775348 0.0
          1.688691 0.983595 0.0
          0.150096 0.485794 0.0
          2.381710 0.017207 0.0
          1.344645 0.060026 0.0
          0.706059 0.338396 0.0
          0.429388 0.481824 0.0
          2.017317 0.369972 0.0
          1.016492 0.670020 0.0
          2.630806 0.223410 0.0
          2.411694 0.326442 0.0
          1.584959 0.609037 0.0
          1.482217 0.269995 0.0
          1.659850 0.965739 0.0
          2.057090 0.337246 0.0
          2.047841 1.000000 0.0
          0.160095 0.500000 0.0
          1.060812 0.488540 0.0
          1.731087 0.658921 0.0
          0.145964 0.326361 0.0
          0.109020 0.466809 0.0
          1.939337 0.594610 0.0
          3.417701 0.0 0.0
          1.017807 0.769995 0.0
          2.720085 0.500000 0.0
          2.059482 0.178701 0.0
          2.118339 0.183696 0.0
          1.849976 0.512938 0.0
          0.801396 0.0 0.0
          2.310820 0.459216 0.0
          2.446214 0.596826 0.0
          2.462384 0.017608 0.0
          3.254723 0.402069 0.0
          1.538639 0.736890 0.0
          0.836690 0.376372 0.0
          2.381259 0.497258 0.0
          0.809308 0.152285 0.0
          0.380044 0.500000 0.0
          0.729473 0.016178 0.0
          2.431563 0.0 0.0
          3.500000 0.279992 0.0
          2.482273 0.630042 0.0
          2.882282 0.041324 0.0
          0.893805 0.017393 0.0
          1.000000 0.580037 0.0
          0.607266 0.200993 0.0
          2.006779 1.000000 0.0
          1.534020 0.688607 0.0
          2.849282 0.219884 0.0
          1.146101 0.797548 0.0
          2.559062 0.465396 0.0
          1.463451 0.239054 0.0
          3.089014 0.035140 0.0
          2.484574 0.849818 0.0
          1.461800 0.524078 0.0
          2.037833 0.159961 0.0
          1.127678 0.301410 0.0
          0.894986 0.409197 0.0
          2.199816 0.043354 0.0
          1.128172 0.035276 0.0
          3.162365 0.425842 0.0
          2.245265 0.034118 0.0
          2.308909 0.126815 0.0
          2.618846 0.466633 0.0
          1.274464 0.890362 0.0
          0.975562 0.429471 0.0
          0.636992 0.0 0.0
          3.500000 0.419963 0.0
          0.418616 0.466469 0.0
          0.059915 0.170154 0.0
          0.431563 0.0 0.0
          1.885255 0.593344 0.0
          1.465352 0.389304 0.0
          2.191218 0.964918 0.0
          1.084125 0.531831 0.0
          1.907655 0.854935 0.0
          2.500000 0.779992 0.0
          0.280072 0.500000 0.0
          3.199933 0.500000 0.0
          2.225372 0.039749 0.0
          1.548201 0.935940 0.0
          0.177024 0.245246 0.0
          2.017607 0.349871 0.0
          2.113288 0.964884 0.0
          1.858436 0.572475 0.0
          2.079575 0.860747 0.0
          3.325229 0.017287 0.0
          1.198378 0.703625 0.0
          2.130353 0.652201 0.0
          2.554871 0.0 0.0
          3.019992 0.500000 0.0
          0.017903 0.309852 0.0
          2.931285 0.034382 0.0
          1.038323 0.841817 0.0
          2.311006 0.415349 0.0
          1.350089 0.480548 0.0
          3.316839 0.298209 0.0
          1.832285 0.985245 0.0
          3.089014 0.0 0.0
          3.482888 0.329980 0.0
          2.900037 0.500000 0.0
          2.008016 0.886672 0.0
          0.881980 0.073623 0.0
          1.150628 0.0 0.0
          1.540042 0.500000 0.0
          3.079969 0.500000 0.0
          1.500000 0.259997 0.0
          1.676037 0.888185 0.0
          2.620100 0.500000 0.0
          1.813030 0.981737 0.0
          2.513776 0.0 0.0
          0.030968 0.016350 0.0
          2.894756 0.020291 0.0
          3.019141 0.432357 0.0
          3.356045 0.0 0.0
          2.632954 0.454242 0.0
          1.263886 0.016918 0.0
          2.411445 0.408422 0.0
          1.802554 0.944884 0.0
          1.450852 0.696853 0.0
          1.559155 0.839536 0.0
          3.148159 0.278491 0.0
          2.970012 0.482686 0.0
          1.500000 0.200013 0.0
          1.628765 0.777336 0.0
          0.149002 0.467552 0.0
          2.150628 1.000000 0.0
          0.036904 0.220008 0.0
          2.287687 0.058170 0.0
          1.188002 0.164955 0.0
          0.453919 0.365323 0.0
          1.505627 0.523353 0.0
          2.106158 0.437717 0.0
          2.017644 0.490055 0.0
          0.041563 0.084145 0.0
          0.245277 0.402069 0.0
          2.349372 0.0 0.0
          1.367375 0.604974 0.0
          0.783559 0.231469 0.0
          1.086683 0.645730 0.0
          3.171100 0.0 0.0
          2.723099 0.417688 0.0
          0.383055 0.345890 0.0
          1.285026 0.098824 0.0
          0.307048 0.314983 0.0
          1.168861 0.040937 0.0
          1.939961 0.500000 0.0
          1.500000 0.379970 0.0
          3.500000 0.339978 0.0
          0.369837 0.075536 0.0
          1.270051 0.557057 0.0
          2.168425 0.958017 0.0
          2.370639 0.348210 0.0
          1.440415 0.487647 0.0
          2.668598 0.483187 0.0
          2.998598 0.467191 0.0
          1.001036 0.233210 0.0
          2.933282 0.135081 0.0
          2.000000 0.160022 0.0
          2.986224 0.0 0.0
          1.081523 0.797617 0.0
          2.987477 0.176604 0.0
          2.772002 0.057589 0.0
          0.330875 0.394289 0.0
          2.301619 0.703630 0.0
          0.487120 0.337697 0.0
          2.966025 0.310892 0.0
          1.118478 0.815827 0.0
          0.400037 0.500000 0.0
          2.078774 0.473721 0.0
          1.438956 0.541514 0.0
          2.000000 0.299987 0.0
          0.033698 0.339978 0.0
          2.175285 0.363965 0.0
          1.634872 0.959517 0.0
          2.441912 0.717198 0.0
          2.881118 0.467755 0.0
          2.974734 0.357053 0.0
          3.239924 0.500000 0.0
          2.680092 0.500000 0.0
          2.000000 0.020044 0.0
          0.176985 0.458596 0.0
          1.441999 0.304844 0.0
          2.830218 0.069254 0.0
          3.143049 0.368583 0.0
          0.367643 0.044839 0.0
          2.156664 0.092529 0.0
          2.456726 0.937504 0.0
          0.051831 0.270913 0.0
          2.764206 0.033808 0.0
          1.602623 0.927115 0.0
          2.000000 0.459958 0.0
          3.012374 0.058396 0.0
          1.164709 0.963951 0.0
          0.0 0.279992 0.0
          0.914353 0.017679 0.0
          2.636619 0.357103 0.0
          3.299912 0.466476 0.0
          1.017923 0.166898 0.0
          0.702087 0.290758 0.0
          2.577662 0.425967 0.0
          2.556599 0.183435 0.0
          0.433473 0.220290 0.0
          1.961159 0.736393 0.0
          1.525464 0.957325 0.0
          1.174770 0.982590 0.0
          1.358380 0.437151 0.0
          2.240668 0.222763 0.0
          2.027393 1.000000 0.0
          2.539774 0.263747 0.0
          1.390533 1.000000 0.0
          2.280653 0.196074 0.0
          1.959958 0.500000 0.0
          2.547633 0.379943 0.0
          1.344708 0.169958 0.0
          2.348824 0.177831 0.0
          1.078973 0.036693 0.0
          2.850994 0.018247 0.0
          0.340744 0.018232 0.0
          2.657518 0.0 0.0
          1.037954 0.499988 0.0
          1.649715 0.515507 0.0
          0.805967 0.038804 0.0
          2.309994 0.798398 0.0
          1.938680 0.914968 0.0
          1.186764 0.542273 0.0
          1.321686 0.629787 0.0
          1.799677 0.589215 0.0
          2.337552 0.105846 0.0
          1.793822 0.717171 0.0
          1.032748 0.779680 0.0
          1.073828 0.580634 0.0
          0.413568 0.087694 0.0
          2.983707 0.450618 0.0
          0.209496 0.060991 0.0
          2.020650 0.0 0.0
          1.036544 0.721167 0.0
          1.093195 0.938222 0.0
          1.495736 0.552766 0.0
          0.949530 0.162337 0.0
          1.544554 0.982257 0.0
          2.270532 0.525553 0.0
          1.259959 0.174064 0.0
          1.117584 0.425813 0.0
          0.013922 0.430229 0.0
          2.909224 0.436738 0.0
          0.595874 0.0 0.0
          0.100102 0.500000 0.0
          3.039984 0.500000 0.0
          2.000000 0.080037 0.0
          0.030107 0.483921 0.0
          2.000000 0.479956 0.0
          1.343758 0.275975 0.0
          0.077470 0.259360 0.0
          0.650573 0.087482 0.0
          1.151892 0.765150 0.0
          2.461654 0.826408 0.0
          2.033415 0.220229 0.0
          1.463840 0.258097 0.0
          0.244762 0.463766 0.0
          0.094180 0.122752 0.0
          0.039045 0.147390 0.0
          1.285207 0.701638 0.0
          2.182185 0.033448 0.0
          1.463110 0.419963 0.0
          1.916463 0.964458 0.0
          1.078726 0.017766 0.0
          2.409353 0.369508 0.0
          2.757698 0.263733 0.0
          1.397082 0.0 0.0
          1.159961 0.018565 0.0
          1.478546 0.585126 0.0
          2.185048 0.073845 0.0
          1.877892 0.934242 0.0
          2.379954 0.078195 0.0
          1.414883 0.946979 0.0
          1.287765 1.000000 0.0
          2.036172 0.320145 0.0
          3.027393 0.0 0.0
          1.006798 0.037415 0.0
          3.500000 0.259997 0.0
          0.014020 0.169987 0.0
          1.225513 0.960158 0.0
          2.466093 0.660724 0.0
          2.482152 0.769995 0.0
          0.305955 0.417530 0.0
          0.017476 0.389722 0.0
          2.698426 0.114847 0.0
          3.500000 0.319982 0.0
          2.790149 0.381862 0.0
          1.505848 0.894656 0.0
          3.046689 0.031938 0.0
          2.908110 0.078662 0.0
          2.596444 0.031983 0.0
          0.607903 0.380984 0.0
          2.129585 0.700823 0.0
          2.294389 1.000000 0.0
          1.276366 0.850278 0.0
          2.131402 0.913879 0.0
          0.734198 0.093884 0.0
          1.772146 0.900818 0.0
          1.017317 0.829980 0.0
          1.082299 1.000000 0.0
          0.061752 0.0 0.0
          2.464494 0.740846 0.0
          2.873247 0.017735 0.0
          1.058332 0.633473 0.0
          2.530499 0.482263 0.0
          3.398854 0.058347 0.0
          1.415393 0.497025 0.0
          0.020072 0.449618 0.0
          2.187598 0.834490 0.0
          1.821851 1.000000 0.0
          2.928126 0.277571 0.0
          2.345868 0.981639 0.0
          1.000000 0.660022 0.0
          3.219928 0.500000 0.0
          1.855353 0.917278 0.0
          1.710113 0.518233 0.0
          2.118708 0.339055 0.0
          0.709931 0.482684 0.0
          3.150628 0.0 0.0
          2.355654 0.054836 0.0
          2.482715 0.670086 0.0
          2.600102 0.500000 0.0
          0.120875 0.425911 0.0
          0.235467 0.059280 0.0
          2.693039 0.322181 0.0
          2.164391 0.926999 0.0
          0.599963 0.463056 0.0
          2.575387 0.0 0.0
          2.921263 0.462647 0.0
          2.675389 0.196336 0.0
          1.579273 0.535732 0.0
          0.0 0.319982 0.0
          0.615222 0.053210 0.0
          2.438127 0.079241 0.0
          3.073905 0.171869 0.0
          1.017334 0.057459 0.0
          3.007879 0.451966 0.0
          2.937745 0.414062 0.0
          2.888543 0.250563 0.0
          0.349372 0.0 0.0
          1.705267 0.592754 0.0
          0.039950 0.036401 0.0
          1.014627 0.970789 0.0
          2.863222 0.123089 0.0
          2.086121 0.819484 0.0
          0.604711 0.018874 0.0
          0.075515 0.288320 0.0
          0.999564 0.445996 0.0
          1.496893 0.856721 0.0
          2.317389 0.579976 0.0
          1.944347 0.966503 0.0
          1.310869 0.584058 0.0
          1.482430 0.309910 0.0
          2.500000 0.799987 0.0
          3.171133 0.034619 0.0
          0.286434 0.169758 0.0
          0.190481 0.112809 0.0
          1.616001 0.598986 0.0
          0.534237 0.0 0.0
          3.500000 0.060039 0.0
          0.342924 0.059315 0.0
          2.457808 0.956489 0.0
          1.500000 0.500000 0.0
          2.503485 0.018094 0.0
          1.091583 0.098663 0.0
          1.074805 0.737755 0.0
          0.997197 0.465133 0.0
          1.066961 0.922153 0.0
          3.050630 0.480663 0.0
          1.800223 0.669060 0.0
          1.578570 0.707706 0.0
          2.607270 0.443876 0.0
          3.279094 0.133081 0.0
          1.526077 0.830315 0.0
          1.461646 0.181592 0.0
          1.482195 0.469978 0.0
          2.088273 0.525114 0.0
          3.362832 0.278710 0.0
          0.391395 0.039797 0.0
          3.500000 0.459958 0.0
          3.500000 0.439961 0.0
          0.806961 0.322181 0.0
          2.383192 0.053008 0.0
          1.500000 0.419963 0.0
          1.062936 0.047787 0.0
          3.102108 0.414052 0.0
          1.500000 0.339978 0.0
          2.387538 0.740873 0.0
          1.969457 0.519547 0.0
          0.348530 0.229638 0.0
          1.881858 0.909293 0.0
          1.443712 0.244492 0.0
          2.482682 0.550041 0.0
          0.590549 0.436748 0.0
          1.100876 0.034960 0.0
          2.437064 0.047787 0.0
          1.190062 0.615725 0.0
          0.064195 0.460180 0.0
          1.058513 0.693848 0.0
          0.371791 0.482183 0.0
          2.322888 0.949023 0.0
          1.338733 0.961155 0.0
          0.490964 0.386747 0.0
          0.513776 0.0 0.0
          0.801582 0.114847 0.0
          2.892112 0.380952 0.0
          1.274430 0.426899 0.0
          1.059896 0.664868 0.0
          3.044013 0.142768 0.0
          0.322381 0.357209 0.0
          1.412713 0.355308 0.0
          2.282051 0.932168 0.0
          2.343674 0.723668 0.0
          3.345772 0.017605 0.0
          1.210939 0.037198 0.0
          2.034485 0.139943 0.0
          1.212235 0.0 0.0
          2.212235 1.000000 0.0
          1.085335 0.503693 0.0
          1.314651 0.455142 0.0
          3.319908 0.500000 0.0
          2.580104 0.500000 0.0
          0.051253 0.482076 0.0
          2.439661 0.022046 0.0
          3.201971 0.017273 0.0
          1.017679 0.789989 0.0
          1.038314 0.818163 0.0
          2.376632 1.000000 0.0
          0.920575 0.457043 0.0
          1.205611 1.000000 0.0
          2.134411 0.881858 0.0
          3.136014 0.403281 0.0
          3.312516 0.389756 0.0
          1.374949 0.110845 0.0
          1.245408 0.965793 0.0
          1.463495 0.278721 0.0
          0.030985 0.169776 0.0
          2.932827 0.230565 0.0
          3.139950 0.500000 0.0
          0.564960 0.014107 0.0
          1.939447 0.944288 0.0
          1.431563 1.000000 0.0
          3.304682 0.016902 0.0
          0.698604 0.0 0.0
          2.500000 0.660022 0.0
          2.448696 0.348885 0.0
          2.801396 0.0 0.0
          3.189936 0.486088 0.0
          0.560202 0.445532 0.0
          1.369291 0.883696 0.0
          2.569924 0.480957 0.0
          3.448340 0.270892 0.0
          1.162448 0.105846 0.0
          1.830743 0.871190 0.0
          2.533953 0.052838 0.0
          3.447077 0.052905 0.0
          0.949894 0.482681 0.0
          1.458068 0.043188 0.0
          2.373488 0.116530 0.0
          3.463096 0.220008 0.0
          3.208322 0.354292 0.0
          2.689885 0.433860 0.0
          0.059775 0.206678 0.0
          2.050052 0.650502 0.0
          3.397082 0.0 0.0
          1.913231 0.614299 0.0
          1.739076 0.532505 0.0
          1.148386 0.033658 0.0
          0.657080 0.270519 0.0
          0.017363 0.189189 0.0
          1.604747 0.959543 0.0
          1.312344 0.111514 0.0
          1.904126 1.000000 0.0
          1.859974 0.500000 0.0
          2.263846 0.982988 0.0
          0.701366 0.453068 0.0
          1.120046 0.078195 0.0
          2.172339 0.675843 0.0
          1.117459 0.495168 0.0
          1.044744 0.255585 0.0
          2.159430 0.324452 0.0
          0.114749 0.351921 0.0
          2.017317 0.130028 0.0
          2.441318 0.425533 0.0
          3.270043 0.448371 0.0
          3.393612 0.483733 0.0
          2.572822 0.127388 0.0
          2.038080 0.478202 0.0
          1.630412 0.932933 0.0
          1.340435 0.130009 0.0
          3.191692 0.031725 0.0
          1.000000 0.640026 0.0
          3.259919 0.500000 0.0
          1.231395 0.442385 0.0
          2.000000 0.0 0.0
          2.719171 0.0 0.0
          3.046079 0.365323 0.0
          0.867213 0.480668 0.0
          1.941370 0.877861 0.0
          2.328900 0.0 0.0
          2.576409 0.390506 0.0
          2.066794 0.077616 0.0
          0.554871 0.0 0.0
          3.500000 0.240003 0.0
          0.894568 0.105045 0.0
          0.789288 0.023127 0.0
          2.961055 0.460161 0.0
          2.065139 0.109400 0.0
          2.211266 0.963064 0.0
          1.964627 0.688165 0.0
          2.381058 0.620869 0.0
          0.038163 0.191165 0.0
          2.038200 0.524078 0.0
          0.349480 0.035076 0.0
          0.639950 0.500000 0.0
          3.460637 0.125223 0.0
          2.210739 0.123195 0.0
          0.649010 0.018306 0.0
          2.661639 0.411629 0.0
          1.453063 0.963767 0.0
          2.618020 0.073623 0.0
          0.539984 0.500000 0.0
          0.717597 0.465492 0.0
          1.271458 0.512867 0.0
          2.791112 0.015499 0.0
          1.965864 0.577725 0.0
          1.417494 0.235494 0.0
          0.893632 0.158593 0.0
          0.735979 0.203277 0.0
          1.095874 0.557322 0.0
          0.786747 0.050132 0.0
          0.669075 0.480980 0.0
          2.014983 0.847578 0.0
          0.0 0.020044 0.0
          1.215661 0.248189 0.0
          1.223901 0.149224 0.0
          1.812401 0.845723 0.0
          2.240041 0.174064 0.0
          2.500000 0.600034 0.0
          1.482283 0.250000 0.0
          1.000000 0.540042 0.0
          1.243843 0.941403 0.0
          1.058411 0.113801 0.0
          0.583432 0.018392 0.0
          1.955446 0.982257 0.0
          1.780829 1.000000 0.0
          1.356241 0.038520 0.0
          2.257901 0.727160 0.0
          1.164541 1.000000 0.0
          1.092240 0.985025 0.0
          1.308261 1.000000 0.0
          1.150285 0.438652 0.0
          2.356045 1.000000 0.0
          0.200088 0.466476 0.0
          0.767644 0.037664 0.0
          1.282323 0.067570 0.0
          1.495689 0.952999 0.0
          0.503779 0.422665 0.0
          0.745934 0.431587 0.0
          2.485371 0.970794 0.0
          2.832013 0.015432 0.0
          2.088539 0.773601 0.0
          3.098358 0.468572 0.0
          1.130092 0.0 0.0
          2.421274 0.017766 0.0
          2.470916 0.442503 0.0
          0.616514 0.0 0.0
          0.060105 0.500000 0.0
          3.482684 0.269995 0.0
          1.429464 0.872106 0.0
          1.775147 0.933703 0.0
          3.109620 0.482502 0.0
          2.924613 0.0 0.0
          3.242405 0.192066 0.0
          2.448423 0.986778 0.0
          3.449360 0.017105 0.0
          2.017769 0.469973 0.0
          0.458075 0.436509 0.0
          1.367287 0.913229 0.0
          1.839978 0.500000 0.0
          2.195395 0.914107 0.0
          1.380221 0.982189 0.0
          2.313427 0.541752 0.0
          1.195813 0.085549 0.0
          3.090258 0.057910 0.0
          1.839684 0.645277 0.0
          0.253267 0.435969 0.0
          1.537990 0.564882 0.0
          0.790038 0.482541 0.0
          1.126512 0.116530 0.0
          1.787566 0.768902 0.0
          2.492674 0.399293 0.0
          1.356409 0.359323 0.0
          0.750677 0.021335 0.0
          3.355072 0.033289 0.0
          1.041287 1.000000 0.0
          1.038620 0.908814 0.0
          2.497014 0.419883 0.0
          1.445082 0.437229 0.0
          2.866586 0.348693 0.0
          2.182400 0.410156 0.0
          3.233445 0.288517 0.0
          0.611456 0.250527 0.0
          0.591455 0.074244 0.0
          3.380502 0.180472 0.0
          1.410986 1.000000 0.0
          3.297068 0.036193 0.0
          0.578477 0.314529 0.0
          1.089069 0.136614 0.0
          2.417701 1.000000 0.0
          1.112462 0.740873 0.0
          3.500000 0.100034 0.0
          0.957671 0.466753 0.0
          2.243513 0.058355 0.0
          2.094973 0.952949 0.0
          1.465090 0.138478 0.0
          2.799982 0.433839 0.0
          1.133009 0.980316 0.0
          2.595874 0.0 0.0
          0.287538 0.038226 0.0
          1.610625 0.520795 0.0
          1.284116 0.017758 0.0
          2.534647 0.311299 0.0
          0.590738 0.041857 0.0
          2.410931 0.136614 0.0
          2.335269 0.071307 0.0
          1.577500 0.945382 0.0
          2.000000 0.100034 0.0
          1.551341 0.518393 0.0
          2.993465 0.039742 0.0
          0.072640 0.482917 0.0
          0.875145 0.272050 0.0
          3.012869 0.337696 0.0
          3.469032 0.016350 0.0
          0.336401 0.427923 0.0
          2.856701 0.390920 0.0
          0.910044 0.190968 0.0
          2.576380 0.158964 0.0
          3.018623 0.032514 0.0
          1.254736 0.034118 0.0
          2.155356 0.060025 0.0
          3.109467 0.0 0.0
          1.405661 0.093814 0.0
          3.246037 0.152916 0.0
          2.434044 0.952857 0.0
          2.185349 0.455142 0.0
          2.605309 0.373804 0.0
          3.424780 0.288276 0.0
          3.500000 0.479956 0.0
          1.655289 0.941841 0.0
          2.000000 0.240003 0.0
          2.115031 0.410529 0.0
          3.310192 0.078018 0.0
          1.743007 0.922659 0.0
          1.463830 0.320148 0.0
          2.082778 0.235752 0.0
          2.467861 0.979091 0.0
          1.194038 0.658298 0.0
          0.184991 0.0 0.0
          0.649577 0.426222 0.0
          1.381292 0.339055 0.0
          2.797720 0.291509 0.0
          3.428352 0.313860 0.0
          1.369885 0.964986 0.0
          2.009574 0.623685 0.0
          3.121160 0.018722 0.0
          0.434552 0.039024 0.0
          2.442916 0.663056 0.0
          2.830925 0.480980 0.0
          1.184704 0.926287 0.0
          2.678149 0.0 0.0
          2.500000 0.720008 0.0
          3.482597 0.150763 0.0
          0.599963 0.500000 0.0
          3.323014 0.458596 0.0
          0.080104 0.500000 0.0
          2.835241 0.319572 0.0
          1.779992 0.500000 0.0
          1.309632 0.965397 0.0
          2.405748 0.905609 0.0
          1.589819 0.519494 0.0
          2.184991 0.0 0.0
          1.500000 0.140026 0.0
          1.199802 0.956550 0.0
          0.310064 0.486088 0.0
          1.252398 0.359317 0.0
          2.840056 0.500000 0.0
          2.151658 0.234443 0.0
          0.679170 0.440347 0.0
          0.020650 0.0 0.0
          2.604982 0.409176 0.0
          1.462041 0.359392 0.0
          1.774394 0.863488 0.0
          0.202296 0.416535 0.0
          3.068435 0.425821 0.0
          0.017317 0.130028 0.0
          0.256714 0.080124 0.0
          1.521461 0.545551 0.0
          2.265217 0.638066 0.0
          2.381522 0.815827 0.0
          3.290530 0.061042 0.0
          0.530758 0.081149 0.0
          3.212235 0.0 0.0
          2.017684 0.429962 0.0
          2.658631 0.442664 0.0
          2.500000 0.759997 0.0
          2.880044 0.500000 0.0
          1.266933 0.958350 0.0
          0.735848 0.033843 0.0
          1.184991 1.000000 0.0
          1.482566 0.329886 0.0
          1.660022 0.500000 0.0
          0.256939 0.016765 0.0
          3.214792 0.097864 0.0
          0.330967 0.036661 0.0
          3.350998 0.467552 0.0
          2.700132 0.462781 0.0
          0.768058 0.104719 0.0
          0.589966 0.482277 0.0
          2.414661 0.510082 0.0
          2.259009 0.777019 0.0
          0.472615 0.032579 0.0
          1.258233 0.322665 0.0
          0.205611 0.0 0.0
          2.017434 0.329885 0.0
          3.294389 0.0 0.0
          2.271175 0.440408 0.0
          2.500000 0.540042 0.0
          2.315296 0.926288 0.0
          1.043032 0.936953 0.0
          0.863143 0.033207 0.0
          2.711529 0.289510 0.0
          2.828539 0.365200 0.0
          1.082649 0.764009 0.0
          3.348707 0.369423 0.0
          2.284349 0.248189 0.0
          1.453157 0.800351 0.0
          3.371110 0.480382 0.0
          2.482918 0.018131 0.0
          0.410986 0.0 0.0
          0.226157 0.0 0.0
          2.000000 0.259997 0.0
          0.689936 0.482684 0.0
          0.807077 0.358661 0.0
          2.300197 0.956552 0.0
          0.534479 0.152173 0.0
          1.343336 0.092529 0.0
          1.580037 0.500000 0.0
          1.156610 0.680082 0.0
          1.468407 0.944941 0.0
          1.810275 0.516890 0.0
          1.482684 0.289989 0.0
          1.442203 0.196749 0.0
          0.547628 0.017594 0.0
          1.893806 0.982218 0.0
          1.156326 0.723666 0.0
          3.417733 0.228124 0.0
          3.458713 0.0 0.0
          0.257123 0.193934 0.0
          3.078726 0.017748 0.0
          2.171100 1.000000 0.0
          3.086971 0.089224 0.0
          0.946278 0.036332 0.0
          1.032139 0.979091 0.0
          0.525339 0.260367 0.0
          2.274487 0.960158 0.0
          2.058696 0.464525 0.0
          2.344502 0.829587 0.0
          2.082308 0.421865 0.0
          2.614701 0.033505 0.0
          1.500000 0.439961 0.0
          0.629074 0.482518 0.0
          3.246686 0.435992 0.0
          0.036408 0.104495 0.0
          0.986224 0.0 0.0
          3.466094 0.359897 0.0
          2.758277 0.128882 0.0
          2.446571 0.153932 0.0
          0.873247 0.017735 0.0
          3.339966 0.093460 0.0
          1.000000 0.839978 0.0
          1.411143 0.674487 0.0
          0.444745 0.319566 0.0
          3.408742 0.018506 0.0
          0.294132 0.464826 0.0
          2.569957 0.347102 0.0
          2.447946 0.970760 0.0
          1.801623 0.915819 0.0
          2.091683 0.129335 0.0
          1.391270 0.859377 0.0
          2.000000 0.060039 0.0
          2.458713 1.000000 0.0
          2.000000 0.319982 0.0
          3.500000 0.0 0.0
          2.677143 0.462261 0.0
          2.074752 0.261786 0.0
          2.636992 0.0 0.0
          2.310989 0.499961 0.0
          0.889118 0.483247 0.0
          2.600553 0.133525 0.0
          3.342949 0.129444 0.0
          3.500000 0.020044 0.0
          1.391948 0.960066 0.0
          2.482684 0.809984 0.0
          1.752980 0.949495 0.0
          2.119235 0.299198 0.0
          1.311942 0.539048 0.0
          3.464040 0.378720 0.0
          1.824879 0.608722 0.0
          2.174771 0.017365 0.0
          2.464067 0.780915 0.0
          1.482082 0.189910 0.0
          2.199063 0.150432 0.0
          2.493201 0.037414 0.0
          1.436020 0.907336 0.0
          3.461847 0.191164 0.0
          1.109467 0.0 0.0
          0.189820 0.078036 0.0
          3.140360 0.017757 0.0
          0.300067 0.500000 0.0
          3.442287 0.394984 0.0
          3.135805 0.050605 0.0
          1.257261 0.089591 0.0
          2.635110 0.177765 0.0
          2.422553 0.577079 0.0
          2.500000 0.520044 0.0
          0.821874 0.032053 0.0
          3.483171 0.250000 0.0
          2.000000 0.120030 0.0
          2.218670 0.654240 0.0
          1.879970 0.500000 0.0
          3.312307 0.151183 0.0
          2.862019 0.034957 0.0
          1.879647 0.678830 0.0
          2.910034 0.482277 0.0
          3.094703 0.447337 0.0
          2.058500 0.201595 0.0
          1.459663 0.844680 0.0
          2.415892 0.179803 0.0
          1.155498 0.829587 0.0
          0.034373 0.430887 0.0
          2.348108 0.765152 0.0
          3.313456 0.344219 0.0
          0.743663 0.358235 0.0
          2.305383 0.981605 0.0
          1.462208 0.158448 0.0
          2.482356 0.509945 0.0
          0.449635 0.480841 0.0
          0.0 0.299987 0.0
          0.240081 0.500000 0.0
          1.017317 0.869972 0.0
          2.540107 0.500000 0.0
          3.119956 0.500000 0.0
          0.866271 0.177184 0.0
          3.089975 0.482811 0.0
          2.065950 0.046787 0.0
          0.532660 0.431620 0.0
          0.879900 0.500000 0.0
          2.500000 1.000000 0.0
          1.391473 0.469198 0.0
          0.960226 0.263747 0.0
          0.020013 0.049455 0.0
          1.114632 0.778783 0.0
          3.405336 0.122922 0.0
          2.018144 0.149788 0.0
          0.110312 0.250547 0.0
          2.223634 0.850278 0.0
          2.500000 0.700013 0.0
          1.061873 0.079241 0.0
          0.086126 0.374623 0.0
          1.171100 0.0 0.0
          3.268401 0.482894 0.0
          0.869712 0.135318 0.0
          0.776118 0.340489 0.0
          0.498592 0.082892 0.0
          0.0 0.040042 0.0
          1.678149 1.000000 0.0
          2.156243 0.275975 0.0
          0.457352 0.405067 0.0
          2.000000 0.379970 0.0
          1.466750 0.339312 0.0
          1.828749 0.930232 0.0
          2.680821 0.057291 0.0
          2.951324 0.033696 0.0
          1.828055 0.899020 0.0
          2.729841 0.015550 0.0
          1.126453 0.924628 0.0
          2.017783 0.269995 0.0
          0.918105 0.155283 0.0
          2.379913 0.700219 0.0
          1.463096 0.459931 0.0
          2.576660 0.038823 0.0
          2.214975 0.098824 0.0
          0.638833 0.121500 0.0
          1.212314 0.058168 0.0
          0.121067 0.039352 0.0
          0.709868 0.382020 0.0
          1.829898 0.579105 0.0
          0.360050 0.500000 0.0
          1.458713 0.0 0.0
          2.973137 0.021658 0.0
          1.826005 0.798888 0.0
          3.232740 0.0 0.0
          1.016794 0.909815 0.0
          1.380967 0.540397 0.0
          0.700020 0.433839 0.0
          0.266906 0.460455 0.0
          2.189049 0.584301 0.0
          0.745440 0.397733 0.0
          1.613647 0.679333 0.0
          1.500000 0.279992 0.0
          0.974316 0.456998 0.0
          0.567250 0.377497 0.0
          1.482683 0.110032 0.0
          1.088306 0.326442 0.0
          2.266737 0.041591 0.0
          1.439329 0.372051 0.0
          3.113223 0.041586 0.0
          3.279508 0.217827 0.0
          0.860262 0.098488 0.0
          0.869194 0.223410 0.0
          1.370166 0.699548 0.0
          1.482172 0.449958 0.0
          0.824611 0.196336 0.0
          1.708042 0.764984 0.0
          3.500000 0.040042 0.0
          3.500000 0.359974 0.0
          0.320062 0.500000 0.0
          2.459498 0.541372 0.0
          1.159762 0.869547 0.0
          3.479350 0.0 0.0
          2.017318 0.090035 0.0
          2.410415 0.834249 0.0
          2.190679 0.872701 0.0
          1.410584 0.591661 0.0
          1.482683 0.130028 0.0
          3.359903 0.500000 0.0
          0.866208 0.393198 0.0
          2.110680 0.019064 0.0
          3.192725 0.259196 0.0
          2.799294 0.469957 0.0
          2.157285 0.860216 0.0
          0.226803 0.318469 0.0
          0.052932 0.240550 0.0
          2.044406 0.873580 0.0
          2.128941 0.752036 0.0
          1.421287 0.982238 0.0
          1.349372 1.000000 0.0
          3.408940 0.158498 0.0
          0.017316 0.230005 0.0
          2.462486 0.499255 0.0
          1.438248 0.0 0.0
          1.015990 0.463266 0.0
          2.778659 0.444021 0.0
          0.464988 0.462012 0.0
          2.930051 0.482502 0.0
          1.525696 0.637938 0.0
          2.921515 0.314476 0.0
          0.231599 0.482894 0.0
          1.058087 0.717211 0.0
          3.485281 0.014549 0.0
          1.700135 0.538196 0.0
          0.569772 0.482563 0.0
          2.500000 0.500000 0.0
          1.229475 0.525637 0.0
          1.495018 0.816003 0.0
          2.372361 0.301415 0.0
          1.448428 0.013110 0.0
          2.467575 0.560040 0.0
          1.112713 0.527639 0.0
          2.909790 0.044250 0.0
          2.331143 0.040948 0.0
          2.534237 0.0 0.0
          2.055018 0.437209 0.0
          0.930076 0.480957 0.0
          1.274628 0.039749 0.0
          2.376255 0.251934 0.0
          1.225899 0.109210 0.0
          0.966049 0.052837 0.0
          0.340056 0.500000 0.0
          2.017570 0.309909 0.0
          2.005305 0.717229 0.0
          0.650730 0.219822 0.0
          0.017721 0.369931 0.0
          2.243230 0.982576 0.0
          3.188161 0.051181 0.0
          1.242088 0.727134 0.0
          3.255230 0.463772 0.0
          2.591543 0.195638 0.0
          0.364046 0.462704 0.0
          0.657518 0.0 0.0
          2.900037 0.463056 0.0
          1.485020 0.389544 0.0
          1.414854 0.287371 0.0
          2.757701 0.460544 0.0
          1.340570 0.324452 0.0
          2.750661 0.163112 0.0
          1.057893 0.802779 0.0
          1.591739 0.577301 0.0
          0.927150 0.127112 0.0
          2.463106 0.640026 0.0
          1.270068 0.925796 0.0
          0.122333 0.066369 0.0
          3.185924 0.446994 0.0
          0.204137 0.444004 0.0
          0.883486 0.0 0.0
          2.579425 0.457043 0.0
          0.186537 0.344228 0.0
          1.339034 0.894442 0.0
          3.400433 0.278181 0.0
          0.664723 0.319420 0.0
          1.729322 0.986146 0.0
          1.407754 0.782495 0.0
          2.376518 0.851243 0.0
          0.262625 0.051287 0.0
          3.500000 0.120030 0.0
          3.485405 0.485423 0.0
          2.378654 0.160803 0.0
          1.029079 0.442502 0.0
          0.328900 0.0 0.0
          0.745866 0.311460 0.0
          3.479928 0.449618 0.0
          1.978698 0.862415 0.0
          1.201897 0.018058 0.0
          2.017820 0.449962 0.0
          0.950839 0.411452 0.0
          1.000000 0.620030 0.0
          1.616514 1.000000 0.0
          2.517562 0.395216 0.0
          3.235913 0.336426 0.0
          2.785693 0.154082 0.0
          1.802557 0.625505 0.0
          0.700207 0.031182 0.0
          0.162793 0.093816 0.0
          2.935488 0.095828 0.0
          1.039312 0.882319 0.0
          1.406989 0.034257 0.0
          0.841158 0.036987 0.0
          2.819150 0.408455 0.0
          0.247068 0.034656 0.0
          0.174776 0.017097 0.0
          1.037771 0.620030 0.0
          0.092985 0.017241 0.0
          1.741755 0.883757 0.0
          1.500000 0.359974 0.0
          1.461453 0.090940 0.0
          2.465164 0.848483 0.0
          1.053850 0.601713 0.0
          3.479893 0.500000 0.0
          2.036121 0.258015 0.0
          2.756987 0.314017 0.0
          1.967633 0.547383 0.0
          0.460016 0.500000 0.0
          3.434818 0.138297 0.0
          0.284718 0.437432 0.0
          2.799793 0.031182 0.0
          0.708888 0.015499 0.0
          0.034454 0.397756 0.0
          3.130470 0.439475 0.0
          2.349631 0.438650 0.0
          3.323319 0.246526 0.0
          3.379900 0.500000 0.0
          1.482393 0.349871 0.0
          2.304187 0.085549 0.0
          2.780072 0.500000 0.0
          1.000000 0.779992 0.0
          1.327795 0.725284 0.0
          0.508831 0.451349 0.0
          0.784075 0.447061 0.0
          2.782405 0.465493 0.0
          2.484877 0.889439 0.0
          0.852511 0.017427 0.0
          1.540293 0.904736 0.0
          2.463837 0.679630 0.0
          0.185405 0.031435 0.0
          1.568288 0.554668 0.0
          0.920581 0.291944 0.0
          1.997636 0.921738 0.0
          2.505286 0.068226 0.0
          2.256721 0.017388 0.0
          2.549156 0.411458 0.0
          2.012944 0.941432 0.0
          1.065513 0.891049 0.0
          0.125319 0.454689 0.0
          0.965354 0.311299 0.0
          0.095361 0.054204 0.0
          0.748101 0.045730 0.0
          1.647208 0.983721 0.0
          2.215727 0.751714 0.0
          0.229946 0.448366 0.0
          2.355615 0.087395 0.0
          0.119597 0.180530 0.0
          3.105853 0.249719 0.0
          0.017798 0.289816 0.0
          2.284818 0.299157 0.0
          3.017386 0.013175 0.0
          3.279753 0.466713 0.0
          0.482921 0.017128 0.0
          2.414750 0.607553 0.0
          0.102918 0.0 0.0
          0.053314 0.328746 0.0
          2.120220 0.983074 0.0
          1.467947 0.888976 0.0
          1.381661 0.183696 0.0
          3.030701 0.079543 0.0
          0.225252 0.425421 0.0
          0.867329 0.425520 0.0
          3.232760 0.031863 0.0
          2.479403 0.928225 0.0
          2.241209 0.273754 0.0
          2.353864 0.797503 0.0
          1.378867 0.820313 0.0
          1.052064 0.970766 0.0
          2.464768 0.619388 0.0
          3.223721 0.408919 0.0
          2.037032 0.297722 0.0
          1.710940 0.982769 0.0
          2.000000 0.399966 0.0
          1.188862 0.499945 0.0
          3.482804 0.349969 0.0
          1.007331 0.399291 0.0
          1.968273 0.646928 0.0
          0.455987 0.142768 0.0
          1.715515 0.563051 0.0
          2.452896 0.305274 0.0
          0.721348 0.444017 0.0
          2.725504 0.141409 0.0
          0.742301 0.460542 0.0
          2.471499 0.407384 0.0
          1.061752 1.000000 0.0
          2.482838 0.590035 0.0
          1.500000 0.319982 0.0
          2.500000 0.680018 0.0
          2.718389 0.467664 0.0
          1.740003 0.500000 0.0
          0.440023 0.500000 0.0
          1.728869 0.964752 0.0
          0.558910 0.059191 0.0
          1.591128 0.807589 0.0
          2.160864 0.982234 0.0
          1.620030 0.500000 0.0
          1.087248 0.681051 0.0
          3.376649 0.144486 0.0
          1.417701 0.0 0.0
          2.186673 0.497671 0.0
          1.190005 0.798394 0.0
          1.243279 0.017388 0.0
          2.740081 0.500000 0.0
          0.989136 0.481643 0.0
          0.389807 0.465972 0.0
          2.194619 0.018348 0.0
          1.047111 0.305275 0.0
          1.017722 0.689769 0.0
          2.276099 0.149224 0.0
          2.482287 0.789989 0.0
          2.259019 0.681015 0.0
          0.380552 0.440305 0.0
          0.290648 0.484911 0.0
          0.799890 0.462937 0.0
          2.078247 0.985997 0.0
          0.165911 0.061152 0.0
          2.151800 0.826178 0.0
          0.253024 0.116010 0.0
          1.510350 0.573914 0.0
          2.882071 0.414760 0.0
          1.598737 0.545653 0.0
          2.722979 0.184610 0.0
          2.140963 0.982677 0.0
          2.452159 0.0 0.0
          1.411474 0.557203 0.0
          1.309379 0.943846 0.0
          2.155292 0.169958 0.0
          1.461845 0.478387 0.0
          0.899466 0.133352 0.0
          3.068437 0.0 0.0
          1.018133 0.850743 0.0
          1.701215 0.633841 0.0
          0.679938 0.500000 0.0
          2.397082 1.000000 0.0
          1.136081 0.944793 0.0
          2.827457 0.103124 0.0
          1.407773 0.014870 0.0
          2.438335 0.888591 0.0
          2.126308 0.074981 0.0
          2.482283 0.750000 0.0
          2.455257 0.255585 0.0
          1.467155 0.439409 0.0
          2.518496 0.186000 0.0
          1.707444 0.820127 0.0
          2.013127 0.533963 0.0
          0.529050 0.398016 0.0
          1.182148 0.966415 0.0
          2.409156 0.061698 0.0
          2.690693 0.152285 0.0
          2.968370 0.048037 0.0
          2.658842 0.036987 0.0
          2.461800 0.475922 0.0
          2.780829 0.0 0.0
          1.302858 0.250126 0.0
          0.394070 0.249728 0.0
          2.484621 0.374688 0.0
          3.006359 0.147661 0.0
          1.027393 0.0 0.0
          1.017658 0.531655 0.0
          3.442334 0.033725 0.0
          0.483853 0.445933 0.0
          0.389936 0.486242 0.0
          2.664163 0.123463 0.0
          0.089723 0.487407 0.0
          0.091076 0.158524 0.0
          3.065397 0.038485 0.0
          1.000000 0.959958 0.0
          1.273270 0.472648 0.0
          1.090844 0.061698 0.0
          1.256487 0.058355 0.0
          1.312456 0.837845 0.0
          0.411497 0.034776 0.0
          2.041930 0.043192 0.0
          3.500000 0.399966 0.0
          2.883486 0.0 0.0
          3.201589 0.386586 0.0
          1.600034 0.500000 0.0
          2.385194 0.778551 0.0
          3.082403 0.467089 0.0
          2.500000 0.859974 0.0
          2.667833 0.017766 0.0
          3.446686 0.328746 0.0
          0.490004 0.468600 0.0
          1.441330 0.574458 0.0
          2.585642 0.017688 0.0
          0.356951 0.368583 0.0
          0.200088 0.500000 0.0
          0.266346 0.376526 0.0
          1.867800 0.519122 0.0
          1.831196 0.746830 0.0
          1.801396 1.000000 0.0
          0.835767 0.299491 0.0
          2.810064 0.482684 0.0
          3.295860 0.444005 0.0
          1.061046 0.516345 0.0
          2.038497 0.091089 0.0
          2.178074 0.630002 0.0
          0.749339 0.163112 0.0
          2.057428 0.404192 0.0
          1.144385 0.087395 0.0
          2.735746 0.443233 0.0
          2.088260 0.724495 0.0
          1.047841 0.0 0.0
          1.024152 0.127299 0.0
          1.442602 0.404240 0.0
          2.188174 0.539108 0.0
          0.226159 0.037403 0.0
          2.729427 0.482531 0.0
          2.114603 0.220980 0.0
          1.380765 0.299198 0.0
          3.103114 0.306487 0.0
          1.189182 0.415683 0.0
          2.117406 0.504798 0.0
          0.545578 0.036486 0.0
          2.400727 0.013985 0.0
          3.283415 0.397792 0.0
          3.358691 0.240497 0.0
          0.246623 0.0 0.0
          3.243268 0.080133 0.0
          0.533938 0.311050 0.0
          0.668194 0.014494 0.0
          0.717108 0.033934 0.0
          2.916574 0.019092 0.0
          0.714307 0.154082 0.0
          2.441907 0.796568 0.0
          1.110721 0.980835 0.0
          3.460906 0.147263 0.0
          0.095121 0.444857 0.0
          1.305382 0.018351 0.0
          0.519992 0.500000 0.0
          2.506093 0.103941 0.0
          2.945129 0.0 0.0
          0.140097 0.500000 0.0
          2.515701 0.037751 0.0
          2.020520 0.071660 0.0
          1.466898 0.552248 0.0
          0.014595 0.485423 0.0
          2.940023 0.465852 0.0
          2.269710 0.073928 0.0
          2.256157 0.941403 0.0
          2.090463 0.630256 0.0
          2.760076 0.500000 0.0
          1.680654 0.923085 0.0
          2.260199 0.825425 0.0
          1.099277 0.013988 0.0
          2.678140 0.032049 0.0
          1.742874 0.840891 0.0
          1.831318 0.962236 0.0
          2.058001 0.304844 0.0
          1.700013 0.500000 0.0
          3.123038 0.073012 0.0
          2.482397 0.690005 0.0
          0.777745 0.377592 0.0
          1.472607 1.000000 0.0
          2.060768 0.371896 0.0
          1.180491 0.018818 0.0
          2.132968 0.604810 0.0
          1.912754 0.578618 0.0
          0.322533 0.469278 0.0
          2.465696 0.580662 0.0
          2.000000 0.180018 0.0
          1.017777 0.809984 0.0
          1.253377 0.0 0.0
          3.100642 0.018953 0.0
          3.039476 0.051385 0.0
          1.493966 0.768888 0.0
          0.104989 0.310528 0.0
          3.205828 0.464986 0.0
          0.809416 0.394906 0.0
          0.043402 0.447314 0.0
          0.829533 0.252127 0.0
          3.233620 0.376518 0.0
          2.632707 0.425535 0.0
          1.463269 0.201101 0.0
          0.154249 0.018267 0.0
          1.440155 0.938553 0.0
          0.016829 0.250000 0.0
          0.839905 0.500000 0.0
          0.532955 0.120172 0.0
          2.479350 1.000000 0.0
          1.384527 0.375511 0.0
          1.863408 0.544405 0.0
          2.623479 0.050334 0.0
          3.150219 0.326345 0.0
          0.189069 0.481747 0.0
          3.179938 0.500000 0.0
          1.154132 0.981641 0.0
          1.177108 0.949020 0.0
          3.008055 0.381436 0.0
          2.920031 0.500000 0.0
          1.215687 0.348939 0.0
          3.466052 0.320464 0.0
          0.959893 0.500000 0.0
          3.500000 0.200013 0.0
          1.222959 0.579209 0.0
          2.970081 0.145121 0.0
          1.504640 0.985934 0.0
          0.087318 0.193978 0.0
          2.892736 0.201009 0.0
          0.439594 0.269889 0.0
          3.500000 0.299987 0.0
          2.783066 0.033789 0.0
          1.834465 0.553112 0.0
          0.020150 0.411804 0.0
          3.423434 0.259247 0.0
          3.215043 0.133700 0.0
          1.020597 0.928225 0.0
          2.315009 1.000000 0.0
          1.046231 0.035755 0.0
          3.438548 0.428500 0.0
          3.025845 0.189849 0.0
          1.085754 0.279582 0.0
          1.694245 0.561682 0.0
          0.390533 0.0 0.0
          2.502808 0.465138 0.0
          0.287765 0.0 0.0
          1.883879 0.874238 0.0
          2.954810 0.013727 0.0
          2.019826 0.805789 0.0
          2.542329 0.466754 0.0
          1.675064 0.575701 0.0
          2.438248 1.000000 0.0
          2.792491 0.117217 0.0
          2.130092 1.000000 0.0
          2.284116 0.982242 0.0
          2.417077 0.763750 0.0
          3.002945 0.418934 0.0
          0.779915 0.500000 0.0
          1.081314 0.611272 0.0
          0.319564 0.017787 0.0
          1.770527 0.982374 0.0
          3.500000 0.080037 0.0
          1.191262 0.034878 0.0
          2.288991 0.876395 0.0
          2.038345 0.200295 0.0
          1.887067 0.561023 0.0
          1.000000 0.899966 0.0
          1.910843 0.521618 0.0
          2.482482 0.710048 0.0
          2.034668 0.389271 0.0
          0.346758 0.480406 0.0
          3.248048 0.481474 0.0
          0.106388 0.483733 0.0
          1.637755 0.654677 0.0
          0.436686 0.456818 0.0
          1.234766 0.638066 0.0
          1.759997 0.500000 0.0
          0.832167 0.017746 0.0
          2.456591 0.870722 0.0
          1.089313 0.835954 0.0
          1.778365 0.538033 0.0
          2.054620 0.222900 0.0
          3.479850 0.411804 0.0
          2.017690 0.210011 0.0
          1.315009 0.0 0.0
          2.112194 0.258628 0.0
          0.150486 0.441601 0.0
          3.070531 0.481439 0.0
          1.769025 0.518080 0.0
          1.769300 0.565268 0.0
          0.919896 0.500000 0.0
          0.180092 0.500000 0.0
          3.289914 0.483257 0.0
          2.820062 0.500000 0.0
          0.899898 0.500000 0.0
          2.254592 0.965793 0.0
          1.364158 0.055124 0.0
          1.273843 0.0 0.0
          3.439895 0.500000 0.0
          2.598342 0.051465 0.0
          3.192854 0.314888 0.0
          1.277596 0.980943 0.0
          0.264060 0.336471 0.0
          2.971680 0.397337 0.0
          0.119474 0.390328 0.0
          2.883142 0.066710 0.0
          0.100458 0.278166 0.0
          0.571874 0.277564 0.0
          3.465967 0.258201 0.0
          3.253377 0.0 0.0
          0.810249 0.433804 0.0
          0.0 0.259997 0.0
          1.610257 0.635051 0.0
          2.214747 0.701730 0.0
          1.281164 0.654167 0.0
          3.428003 0.070010 0.0
          1.283213 0.383261 0.0
          1.119359 0.659641 0.0
          3.009996 0.483313 0.0
          2.495388 0.283802 0.0
          0.955437 0.017304 0.0
          2.440770 0.628411 0.0
          3.315009 0.0 0.0
          0.0 0.060039 0.0
          1.400702 0.898203 0.0
          3.332928 0.482154 0.0
          2.260818 0.870914 0.0
          1.030850 0.593990 0.0
          2.534223 0.082472 0.0
          1.119365 0.954768 0.0
          1.729971 0.517436 0.0
          1.231728 0.394696 0.0
          0.452159 0.0 0.0
          3.264536 0.059283 0.0
          1.545101 0.539352 0.0
          0.251952 0.481474 0.0
          1.322820 0.051203 0.0
          1.657211 0.531377 0.0
          1.622701 0.567353 0.0
          1.571311 0.653356 0.0
          0.965777 0.082472 0.0
          2.636857 0.033208 0.0
          2.410661 0.476634 0.0
          1.457124 0.062825 0.0
          2.389281 0.980830 0.0
          1.445138 0.220968 0.0
          0.618882 0.467755 0.0
          0.974918 0.355433 0.0
          0.236390 0.017724 0.0
          2.032086 0.020856 0.0
          0.924613 0.0 0.0
          0.186880 0.191221 0.0
          0.061452 0.428500 0.0
          2.233066 0.958349 0.0
          0.898484 0.467574 0.0
          2.379303 0.203123 0.0
          3.130191 0.482005 0.0
          1.791112 0.982253 0.0
          3.181419 0.016971 0.0
          2.749323 0.021335 0.0
          3.412701 0.193964 0.0
          1.014281 0.549956 0.0
          0.016849 0.470975 0.0
          0.0 0.120030 0.0
          0.881154 0.466633 0.0
          0.221393 0.268766 0.0
          1.750000 0.517316 0.0
          3.111644 0.199859 0.0
          1.051577 0.986779 0.0
          0.195309 0.016887 0.0
          2.790069 0.482684 0.0
          0.677390 0.142120 0.0
          3.039984 0.463038 0.0
          3.215126 0.437600 0.0
          1.969554 0.610217 0.0
          3.020623 0.113452 0.0
          0.345716 0.094636 0.0
          0.019313 0.091795 0.0
          0.0 0.100034 0.0
          3.456598 0.447314 0.0
          2.439102 0.818180 0.0
          2.023102 0.046548 0.0
          3.427360 0.482917 0.0
          2.159565 0.130009 0.0
          0.0 0.459958 0.0
          3.080899 0.127106 0.0
          1.071468 0.980015 0.0
          3.193162 0.417329 0.0
          2.799450 0.081881 0.0
          1.428538 0.019837 0.0
          0.975984 0.017287 0.0
          2.850425 0.426226 0.0
          1.460823 0.117311 0.0
          1.116048 0.623306 0.0
          1.667833 0.985661 0.0
          2.053983 0.609973 0.0
          1.368552 0.747228 0.0
          2.061752 0.0 0.0
          1.565129 0.982249 0.0
          2.500000 0.640026 0.0
          0.479560 0.111479 0.0
          0.0 0.0 0.0
          3.169225 0.393287 0.0
          0.700707 0.469957 0.0
          2.187656 0.111514 0.0
          2.670467 0.252127 0.0
          2.038795 0.962727 0.0
          1.406903 0.061385 0.0
          0.315212 0.079738 0.0
          1.439902 0.140806 0.0
          0.220592 0.218277 0.0
          0.479317 0.240759 0.0
          1.575387 1.000000 0.0
          3.386857 0.017710 0.0
          2.500000 0.939961 0.0
          1.119033 0.459602 0.0
          3.299912 0.500000 0.0
          2.500000 0.819982 0.0
          0.340176 0.455660 0.0
          0.982437 0.395215 0.0
          2.125051 0.110845 0.0
          0.680858 0.408455 0.0
          1.520044 0.500000 0.0
          2.525083 0.355433 0.0
          0.499072 0.143163 0.0
          2.407762 0.985022 0.0
          0.164541 0.0 0.0
          1.325230 0.017367 0.0
          1.500000 0.120030 0.0
          2.482183 0.730012 0.0
          0.221232 0.172225 0.0
          1.054950 0.778685 0.0
          2.229931 0.925796 0.0
          0.035960 0.378720 0.0
          2.109467 1.000000 0.0
          2.087287 0.355308 0.0
          1.004614 0.283802 0.0
          2.425375 0.544229 0.0
          2.694034 0.038804 0.0
          0.431215 0.425373 0.0
          0.493221 0.0 0.0
          2.009548 0.558526 0.0
          3.410618 0.470386 0.0
          2.965752 0.431010 0.0
          3.448747 0.482076 0.0
          1.444262 0.262833 0.0
          1.120698 0.203123 0.0
          2.041287 0.0 0.0
          1.151939 0.478702 0.0
          0.624048 0.446623 0.0
          1.354109 0.202008 0.0
          2.008764 0.669074 0.0
          0.760224 0.0 0.0
          3.366339 0.017769 0.0
          2.857753 0.087272 0.0
          0.575387 0.0 0.0
          1.720008 0.500000 0.0
          0.039363 0.125223 0.0
          0.579969 0.500000 0.0
          0.390186 0.061925 0.0
          1.799987 0.500000 0.0
          1.036387 0.649862 0.0
          1.000000 0.799987 0.0
          0.081004 0.340477 0.0
          3.059896 0.068446 0.0
          1.376674 0.148297 0.0
          1.058630 0.425523 0.0
          0.033906 0.359898 0.0
          3.467267 0.277735 0.0
          1.883486 1.000000 0.0
          1.697046 0.674632 0.0
          1.380803 0.044988 0.0
          1.143955 1.000000 0.0
          0.909897 0.483867 0.0
          1.314952 0.073846 0.0
          2.201779 0.981662 0.0
          2.189739 0.201193 0.0
          1.452159 1.000000 0.0
          2.017717 0.250000 0.0
          2.055738 0.262833 0.0
          1.766264 0.643487 0.0
          1.417782 0.450327 0.0
          1.906486 0.894910 0.0
          2.544557 0.017292 0.0
          1.500000 0.040042 0.0
          1.102918 1.000000 0.0
          1.657518 1.000000 0.0
          1.000000 0.819982 0.0
          1.850893 0.982415 0.0
          1.880944 0.632848 0.0
          1.287762 0.963433 0.0
          3.273841 0.037403 0.0
          2.482666 0.057459 0.0
          1.493047 0.717971 0.0
          2.228625 0.512629 0.0
          1.154180 0.637889 0.0
          1.164731 0.071307 0.0
          2.510239 0.141909 0.0
          1.190392 0.054878 0.0
          1.053429 0.153932 0.0
          0.979893 0.500000 0.0
          0.530891 0.484584 0.0
          2.709962 0.482541 0.0
          0.040972 0.413552 0.0
          3.237395 0.051282 0.0
          2.845252 0.457435 0.0
          1.680415 0.953165 0.0
          2.817629 0.463691 0.0
          1.017084 0.018132 0.0
          2.890595 0.482389 0.0
          3.252945 0.034667 0.0
          2.910796 0.404757 0.0
          1.013483 0.985967 0.0
          2.061044 0.541514 0.0
          0.413453 0.055059 0.0
          1.034996 0.861297 0.0
          0.633414 0.348693 0.0
          2.842902 0.270679 0.0
          2.585106 0.243552 0.0
          2.102918 0.0 0.0
          0.220085 0.500000 0.0
          1.923656 0.656930 0.0
          2.256927 0.910034 0.0
          3.385251 0.351921 0.0
          3.486078 0.430229 0.0
          1.657235 0.691709 0.0
          2.902801 0.112042 0.0
          3.435805 0.460180 0.0
          2.287765 0.0 0.0
          2.444521 0.518220 0.0
          1.914191 0.984167 0.0
          0.0 0.080037 0.0
          0.799912 0.500000 0.0
          1.421273 0.473782 0.0
          2.000000 0.339978 0.0
          1.215884 0.982242 0.0
          3.209352 0.484911 0.0
          1.337934 0.928244 0.0
          1.061041 0.458483 0.0
          1.414750 0.390956 0.0
          1.310261 0.201193 0.0
        </DataArray>
      </Points>
      <Cells>
        <DataArray type="Int32" Name="connectivity" format="ascii">
          249 2800 2466 1415 95 1815 249 208 2800 211 1870 2095 2478 754 1190 1641 1690 1245 478 1994 131 661 1963 2336 2830 2491 489 675 800 2520 2823 2107 2731 659 1632 840 1815 2067 1415 2518 2569 1575 22 1877 1131 2368 828 70 1441 1529 395 1763 2096 2474 1026 1100 744 462 1694 2232 328 1441 417 2824 1441 395 559 1708 555 161 333 872 2246 217 231 1589 211 2095 2478 1190 2729 2654 478 131 1641 1245 2521 1256 1380 902 911 1594 331 653 79 134 421 2786 2257 1036 1514 133 2596 2411 47 119 2495 2208 1763 2474 1940 333 1270 872 2471 641 2782 1875 2193 225 507 2798 2442 1075 717 2281 2625 912 2514 100 909 431 355 961 2072 2315 394 1 911 331 1686 2238 1270 186 636 479 2743 117 23 2799 792 2563 449 1440 1248 684 134 79 2418 1123 2615 1846 1466 1075 2281 1040 2260 2256 2085 1963 661 489 2491 414 1775 1908 2530 2287 1363 776 357 1203 2412 642 2435 1730 1315 2552 2687 1679 1389 1964 940 1068 1147 2135 716 631 2625 2435 912 422 1310 852 961 1430 2072 2224 2637 302 2458 193 2419 637 2086 2480 2615 2179 1846 1817 1368 1808 900 1534 735 81 90 1161 367 2569 2518 1131 1877 181 1552 2144 222 1923 2023 2548 2829 866 1862 240 738 1823 464 679 2680 19 1638 1994 1690 1303 279 1147 1127 940 1964 1825 1679 1313 1530 502 2207 1770 2379 1164 2299 2713 2316 1802 1782 1688 2815 2300 1234 2329 402 1800 2452 873 222 2144 2489 1125 762 2034 352 2215 2683 2008 2420 181 1053 743 1649 170 2209 664 796 2447 1707 462 741 1694 1859 1799 2344 858 2234 476 416 2211 831 298 1338 882 1475 396 0 555 1708 2148 2251 1256 902 2815 540 2300 2583 126 1403 170 2175 2209 2447 2421 1707 1470 9 2091 945 2805 1584 1400 328 2776 2834 2744 718 1866 277 2770 2020 2289 1399 2324 1225 1431 2459 1414 1447 779 95 1415 731 1036 133 421 2257 2454 1016 342 2708 354 370 2390 417 1441 1933 1933 1441 2824 1040 2256 1277 1447 1414 2342 264 1432 2225 2757 2490 1660 2817 815 733 708 1825 1964 2237 121 2014 224 380 943 2564 1080 2482 417 1449 328 2505 357 2412 298 880 1338 396 2265 0 2689 1843 1112 1447 834 609 367 1402 2608 472 1857 1580 840 2540 659 2420 2086 181 2412 563 2505 940 1127 162 2596 47 2121 385 119 2208 222 1296 1552 684 1248 2171 888 2563 792 878 2735 615 1999 857 2533 2646 2797 811 397 2538 623 2327 1545 321 2633 480 1187 2317 1296 222 53 506 2778 66 2675 1969 591 238 398 2471 2782 1273 1802 1722 1524 2074 560 2181 459 1336 2573 1400 1619 328 90 838 1161 1993 2618 1748 1100 996 744 1524 177 1802 2690 685 2191 424 2580 1501 456 984 519 617 2628 1876 2550 1409 2737 196 1235 1573 2220 2755 700 1059 990 1179 1709 1733 1684 963 1074 689 217 2795 231 1735 800 675 560 1145 2181 2474 2000 294 769 2260 1040 2229 91 1910 1709 289 1105 214 2061 689 2731 2107 633 2153 2767 1607 2185 363 1629 2207 2379 2717 2641 1164 2713 819 2373 434 1875 225 1172 1892 507 2442 487 224 943 2564 2482 2712 367 1530 1402 2328 1244 341 20 1999 2533 2646 811 917 2526 2076 126 662 1421 1516 566 1572 1627 840 1632 1715 2482 1863 1963 2491 1626 224 2239 660 899 186 1270 333 344 2635 2374 2216 1909 859 1009 145 1201 2647 2163 42 2595 719 1886 1117 2470 820 2111 337 2674 325 2515 2405 2279 5 470 1564 2237 2014 1009 1202 145 2631 909 100 2064 1074 963 1684 1733 883 2111 1878 337 956 576 1958 711 1898 2731 1640 1895 1973 789 2337 2604 912 2435 642 1153 191 446 930 828 2368 456 519 825 2598 424 1501 1259 1027 1793 347 586 1318 910 1045 2434 1873 2014 1121 1291 365 570 1676 338 212 1350 2266 1046 2611 1315 2687 1838 636 2743 117 2799 2685 1483 623 375 1033 247 1361 2731 1898 2823 1380 54 1416 2090 2327 508 1148 2103 2367 238 2282 398 1184 2755 493 776 94 2287 2530 2082 1775 2583 841 2574 84 2155 959 1097 55 993 1387 534 84 993 1305 10 1310 2671 852 1336 1343 2573 388 249 2466 2480 2086 2420 1027 611 1793 2191 685 753 420 2316 1782 2597 2550 2737 988 264 2361 1796 2449 2623 1153 446 2230 1654 2697 701 2801 2119 654 2552 1482 2226 787 2474 294 1967 911 1686 609 834 296 1642 1843 2689 686 1487 1110 488 2638 516 519 901 1611 132 1054 424 2277 927 2003 957 2645 1257 2094 2258 614 726 2325 1051 675 137 1735 864 81 1161 2487 1844 2096 2335 153 201 2831 1580 2349 1580 1842 43 772 2583 1403 2371 1574 1512 2047 1563 2392 1762 346 2156 666 2462 2242 2619 1853 1894 1301 1357 364 1015 2180 1240 934 2726 1759 1677 1400 2776 1580 399 472 2619 188 1853 1357 2508 364 1993 127 2618 1961 586 347 2434 1045 929 1187 2606 2633 1402 1530 1313 1416 612 1380 2091 475 1470 1584 58 945 734 1866 2770 2834 718 2377 1393 2011 858 831 830 1696 740 997 2765 2443 1786 967 345 2136 1342 2324 1431 35 968 2020 1399 1649 569 1053 2042 462 2232 2096 1228 2487 886 2117 243 1715 1871 1117 757 2550 2512 2217 252 1465 2075 667 2715 708 1372 1825 1149 1410 1502 2627 1879 171 1940 2474 826 1515 1409 2550 559 555 558 1799 255 2344 1715 490 1871 1994 868 19 279 1648 1690 1288 2446 2149 2787 753 1295 1826 1841 815 2490 428 1525 1983 394 2315 1230 2459 1346 2807 407 1691 901 13 1611 132 1872 1054 2213 819 434 1034 488 980 2065 2623 1413 2675 986 2643 634 647 506 108 1737 2087 179 340 1317 615 2735 1112 1567 930 2230 1189 2266 1350 669 833 694 836 886 2362 260 2765 2701 2506 2635 344 859 1909 1073 966 1905 1069 2708 342 2287 2530 370 354 1048 2197 2832 1151 1744 2375 2583 2574 126 24 1895 1640 2604 2337 2247 1862 1458 2829 2548 1944 1923 2419 2110 2458 302 895 2224 2674 1432 264 591 1931 238 118 1534 900 2338 611 1027 1015 383 2180 2726 253 1759 1843 2668 615 459 2176 1336 1580 1857 2349 700 2755 1017 1764 1987 1165 2014 2402 1121 390 1851 2450 1437 839 1874 729 2327 321 2391 1672 1585 397 623 2142 412 459 2573 2434 2507 910 1318 763 347 873 2154 1800 402 1255 1234 890 2052 2199 110 1898 2636 1501 2262 2451 351 291 456 2703 591 398 1684 1398 1709 689 2732 963 1691 407 2368 500 2459 1230 2405 1841 325 470 428 2279 2621 2220 1093 817 653 1001 1127 504 162 458 841 2583 2367 2103 820 1487 2340 1110 2154 1292 1800 402 626 1255 890 1560 2052 91 1503 1910 1821 260 2701 836 2362 36 2339 1145 560 231 2406 2246 2373 2062 2079 2768 1319 1734 524 2071 1448 1762 2073 346 2462 1304 2242 1034 980 1858 554 2065 1413 1848 455 437 1590 747 1907 2718 552 2502 534 1391 84 993 105 1305 1992 2457 2257 576 221 1484 1036 463 1455 1236 487 2237 1619 1441 328 2757 428 2490 815 1841 733 2149 2599 1218 1069 1905 606 1017 2755 1184 1709 1398 289 2061 2732 689 2149 1218 1288 201 153 1813 2731 120 711 70 828 577 1817 1808 128 1969 2675 2458 302 506 53 1149 1502 1875 2442 2627 171 1649 1667 1350 1627 217 2035 342 1738 1835 1942 1521 370 956 486 576 1572 1094 1627 662 1507 1421 1018 638 325 470 1267 2272 2489 753 2787 834 716 2135 2131 2197 1048 2375 1744 644 1090 842 1924 2519 1337 353 487 969 2237 604 326 471 1030 1672 2391 1359 858 526 1963 1863 2336 2830 1626 2491 1444 2229 1910 2177 2254 2344 824 1520 681 2210 1987 1764 264 2572 2361 254 248 1515 2068 358 1566 1789 336 1137 299 2172 2433 1984 292 2579 47 2411 1311 1208 2495 119 1654 701 1867 939 2801 654 1297 2507 2434 347 763 426 1030 1702 2143 1417 2788 606 1458 668 2829 2548 1653 1944 1315 1482 2552 2364 146 106 1332 854 1658 2371 52 1574 1563 1392 2392 2649 2155 84 993 55 2740 852 2040 422 1808 1368 1159 2823 1898 110 835 2234 858 831 2211 736 43 399 1580 1689 927 2277 1102 815 2817 1660 2490 1195 542 796 1707 170 664 213 1047 239 59 2716 1307 1541 639 1123 1846 2729 1190 418 635 211 1589 1607 2767 2648 311 363 2185 1601 962 1576 2821 804 2738 2079 1808 2373 1736 805 1581 2572 2225 379 1250 1597 2148 2589 2163 2647 1886 719 1613 1165 1260 1247 2277 2615 1123 1744 1776 303 1526 920 2197 1450 1498 1561 656 173 1655 2679 1940 826 262 1408 107 1581 805 2057 2290 1968 244 1873 1121 254 1756 2568 2733 1867 636 1838 2685 2799 939 1390 2744 2834 2770 277 2350 2682 835 1359 862 736 496 2758 2389 1763 2808 1845 237 1366 1805 951 2075 2715 44 1911 2217 1465 1581 2057 1306 1675 757 2512 2018 1225 2324 1399 2289 1946 1092 713 1400 1159 1368 206 820 2470 2367 1694 390 2450 1437 1874 2751 2225 1229 379 406 458 2583 2580 2262 1501 456 291 984 238 2639 1705 1336 2725 1912 2816 2463 2726 2180 1720 691 129 1792 2462 346 2393 2001 336 1577 2320 639 465 358 418 2472 292 2172 1358 635 681 790 824 933 837 1124 289 2216 859 344 2374 2061 2148 1597 1657 2666 248 254 563 2561 450 2156 346 2001 129 2462 666 1240 2180 691 2816 2726 934 75 1467 1817 1468 2149 819 897 412 2573 644 1744 303 1526 2197 2131 1358 1833 211 1190 1453 2472 1846 2252 465 1577 493 1586 312 2703 398 1764 1165 2783 2433 635 1839 1495 418 1984 1076 639 2068 1137 2320 2611 1260 2559 1247 713 1619 1400 858 2011 526 219 2786 421 133 1514 906 188 1373 1853 1357 1732 2508 1165 1247 2783 721 2686 2703 573 2188 1556 733 535 777 2048 278 2757 2261 2214 412 1541 1307 545 1468 819 2213 744 867 1026 1880 780 2316 2087 1737 667 252 340 179 566 1627 2035 2737 662 1516 2079 2062 2541 865 2815 1688 1925 1180 260 2362 1819 1362 2361 776 339 1546 1775 2261 980 578 509 561 1042 2065 987 2224 721 1686 2419 1680 88 1345 1139 2038 2827 1485 580 2133 2406 2679 826 374 527 262 107 1237 2258 2094 1051 2325 1818 340 2424 1317 108 620 1737 211 2059 1870 754 547 1190 1659 1984 2056 1428 2433 2174 256 2068 1591 1934 1137 1927 1085 355 2072 1522 2820 670 757 1289 2550 147 641 2471 2217 1795 252 667 2084 2715 2193 1798 225 174 2751 604 507 251 2798 2552 2226 1407 1818 1292 2154 1255 626 1237 2521 1245 2388 2127 478 2654 2111 264 988 1009 911 1967 420 1782 355 2820 1468 2213 1285 82 2471 826 2474 787 1465 252 179 2087 667 2075 2512 2550 2597 2391 1702 1030 606 2788 1069 2601 1786 2443 1342 2136 1489 388 2466 1283 1880 2316 420 2620 2816 934 1240 691 39 109 129 666 2156 2001 300 2823 481 2107 566 2035 2369 2597 2737 1516 1513 2679 374 527 107 343 1832 249 388 1649 743 1805 351 571 291 2262 1196 2451 1317 24 1640 2604 2247 108 671 1113 1665 2178 1683 1025 1913 519 1611 132 424 704 2702 1539 2670 787 294 491 1482 2220 2226 623 2538 375 2242 525 1804 2790 2792 1762 1759 280 1504 2831 2349 1015 1436 604 471 1911 1465 457 1181 2075 44 1294 798 1749 993 10 1713 1914 1387 84 807 1580 2831 2090 1545 2327 406 2583 772 772 1403 2210 1366 1649 1805 1675 2512 1811 1341 1581 1306 1092 1400 1677 2758 1763 1940 1408 2808 237 837 1366 951 906 1563 2047 1512 1574 219 1085 2072 931 1167 1522 670 2715 1867 1838 2685 939 2217 2346 2280 832 1873 254 757 2057 1756 2733 151 2371 1512 2047 2392 1543 1677 2776 1251 126 2076 1403 955 862 496 2682 1359 2359 835 858 1359 862 831 736 1871 2470 1117 785 842 1090 353 1337 714 268 1244 2328 61 1010 1107 2267 686 1110 33 2157 2634 2622 1633 435 976 2631 100 2388 174 1436 2042 2232 2127 2542 239 1047 60 769 1040 1028 640 1962 2687 559 558 1418 300 448 1991 109 1716 545 1307 500 875 2335 201 1106 39 898 1077 2620 2467 825 519 1913 704 424 2598 2214 2809 412 2445 1887 396 1338 1365 2525 2686 1794 2703 2230 446 1567 1619 1529 1441 2041 1912 1789 1566 2549 2401 2579 1834 2432 1128 1705 299 1095 933 1124 2135 2633 1223 321 1545 2131 644 2538 397 1710 774 636 2654 131 1935 304 1641 2521 2799 15 1847 1801 1964 2717 2641 940 2263 1307 1414 500 1925 260 1612 2714 2362 1362 1413 679 464 1823 738 1034 2581 1547 1121 2568 2026 1182 801 980 509 561 2065 195 2372 2345 1508 2102 372 1212 1835 1540 342 370 1035 1942 2623 425 1796 516 111 488 20 351 456 1501 2451 917 1627 879 217 1689 2277 1123 2623 2449 679 1556 815 1102 1195 2490 510 2034 762 836 2701 2215 352 1876 1307 617 1589 2095 2833 658 2478 2729 349 1248 1870 754 2563 1183 2717 2379 327 250 1164 2641 60 935 769 393 282 92 268 2335 875 2643 2396 2675 506 1636 634 713 996 1619 557 576 1484 326 824 2264 1813 348 1461 2681 2182 1236 247 1557 1361 2765 1725 740 243 551 886 738 2638 488 2277 1206 2615 1519 2536 2302 711 120 927 278 2279 2757 733 2405 535 0 1709 1105 214 689 298 2561 191 450 2747 2707 221 777 1999 20 917 811 2048 1338 2525 835 736 2445 396 1408 237 511 178 2758 1940 1201 1231 911 2715 1838 849 1814 2685 2217 575 1793 60 595 1873 757 2057 2733 531 1236 2237 1610 837 951 602 2436 88 1139 2038 1485 564 1764 2783 2012 1105 289 257 622 2061 214 274 1722 1802 167 2379 2307 799 1164 197 699 1259 1793 1181 44 2189 1855 1911 457 257 289 859 344 2061 622 1610 2237 1564 1650 1319 2768 1448 2071 2698 427 455 1848 1907 747 199 1564 2014 1873 987 2637 2224 2419 193 1680 1838 2743 599 2343 117 2685 223 60 1040 1546 1908 1775 776 1363 339 2594 1639 215 1588 960 1320 2702 329 1539 294 2164 491 2072 955 2665 727 2359 1522 1484 1028 2609 2622 435 671 1025 33 2634 1915 753 2489 1341 1306 1961 929 1675 1811 703 2437 780 575 1474 699 955 496 441 2546 2682 2359 2302 1029 458 358 723 1566 1789 1544 336 292 1974 2579 299 415 2172 1257 130 957 1613 668 1458 1944 1653 2589 206 1368 2283 2738 2676 2821 1576 1809 1601 517 976 2544 2388 1245 174 2232 478 2127 2765 997 2215 1366 1667 1649 2466 1828 482 131 180 1935 304 2122 1641 2035 2246 1736 2097 660 2239 1128 2282 238 1283 482 933 2369 1736 1581 988 2361 1858 554 2261 897 2179 1459 1846 1749 1983 1832 1046 569 1649 2133 2384 2406 1967 1686 36 1821 721 312 34 2318 1327 2670 1325 262 418 292 1984 2433 2172 635 639 358 2068 1137 336 2320 1128 238 1705 2201 1092 1677 2041 1336 1912 1823 1965 240 2680 2291 464 2041 1343 1336 815 2188 1826 280 1327 1504 762 2117 886 785 1090 585 1616 353 714 1468 2599 2149 1009 1201 911 2111 2674 264 976 100 2544 133 906 2047 1512 219 421 1525 2600 2490 671 376 1113 1683 350 1025 141 1677 1251 1047 572 2542 1428 299 2433 1984 2579 2056 2068 1566 1591 1934 1789 1137 858 1739 1393 1696 2444 831 627 406 772 2505 563 2559 780 739 703 2774 772 2210 151 1512 592 1721 2047 1543 1834 2575 145 1649 1350 1046 495 191 2561 1573 1235 656 2549 1176 337 2641 1068 940 1964 1389 2717 2533 2821 351 2451 1576 2646 1924 2718 2502 1358 211 635 418 1190 2472 1577 1586 2320 639 1846 465 2095 2428 2833 658 2422 2478 237 393 92 2283 2488 2758 36 2362 2714 1612 260 1821 2135 480 2633 1561 990 1059 2733 268 875 1076 1123 639 1179 2438 1059 635 1589 1839 1495 2729 418 1876 1414 1307 951 1256 2251 2633 2606 2088 1858 980 801 195 2065 554 2489 2144 1915 1548 2210 1764 882 1338 2682 496 396 1475 448 1668 1390 2350 2677 1991 1543 1655 1768 1637 1450 151 572 1130 2542 898 2108 2018 1946 655 1077 2817 777 825 2598 2048 1660 1413 464 1546 339 1823 1034 109 666 2332 1714 2156 300 2620 934 2045 1473 1240 39 1376 2185 903 597 1607 881 2261 412 897 1831 956 1958 2212 2339 1996 2433 1839 2174 1659 1495 1984 256 1076 2068 1137 2611 1927 471 2181 200 721 2703 312 2264 2074 2181 359 1981 807 631 480 2135 1680 2034 836 2701 352 987 1757 807 2831 1573 2468 196 2800 1189 1828 147 2471 2060 2242 1804 1404 1631 2790 1762 1689 1123 1076 1759 1504 259 2187 2831 1015 1010 581 2394 764 1762 2156 666 2242 1238 1132 1015 1240 934 1759 2112 1765 2268 2284 429 1663 1951 1272 2239 1556 510 1257 748 2157 463 1036 417 641 147 268 2328 2335 1327 1249 34 126 229 2526 1802 1511 1782 2257 2457 1633 899 2440 2239 2359 2748 1522 301 789 2604 1640 1973 1883 525 2150 1804 2790 1321 2792 2300 2668 1843 1875 1502 2193 2798 2627 2442 1277 2256 1092 216 344 622 257 859 2098 2454 2257 2622 2634 1036 731 1321 1446 2479 2339 484 1996 1831 31 956 1380 1735 902 2034 1061 1125 2683 813 352 1002 261 2150 557 462 2042 2751 1952 604 1994 1638 131 1641 1303 1690 902 1075 1466 476 1739 858 1516 2805 945 2091 9 566 831 2444 416 2349 383 1015 1759 253 280 2471 1273 1285 2149 2446 1268 2161 796 542 213 664 1224 1958 576 492 2192 988 801 195 897 1004 2251 902 1466 1519 2302 406 2177 2344 2632 384 1967 2714 1612 312 2759 2559 450 2481 1916 571 1664 2566 1196 690 1450 1561 2371 2392 656 1655 1475 0 1896 305 298 882 1 2190 2315 285 2254 2177 2696 1236 1610 201 1813 1339 2281 1993 1748 535 1999 777 2048 811 278 617 1307 2716 1251 2540 840 174 604 1436 826 787 600 263 2670 262 274 1618 1722 2745 1843 1642 296 834 74 2820 2213 1333 1052 420 355 1102 2817 1913 704 1660 1195 1556 2440 573 61 581 1010 1550 311 2185 1607 2648 598 2361 339 1858 554 1546 2261 2254 1509 2344 2186 704 1195 1102 1913 2021 1686 1680 36 1821 987 721 1034 738 488 2623 679 1413 2817 733 777 2048 2757 1660 1465 179 749 2022 2087 2075 182 2369 1581 2512 2597 1353 145 1202 2432 384 2714 2677 1668 1612 2759 438 255 1799 1183 2563 888 2171 1248 349 979 1251 840 1095 1124 2317 2108 195 1004 2192 801 655 1256 54 1380 1843 615 1112 365 856 570 1676 791 338 2301 2718 603 332 1283 933 2344 1509 1859 2123 1040 1277 1765 1435 2268 1663 2166 1951 2714 1362 2677 1668 1925 1612 337 1878 2401 2213 434 853 2502 1880 420 2108 561 195 801 509 655 1359 526 2748 787 491 272 590 2702 2670 1640 1883 1697 1089 301 2604 2476 108 2087 179 1317 843 2186 132 704 1913 1611 2021 1966 1294 1749 1317 1640 630 2492 2604 108 2091 566 2369 2597 1516 945 1013 388 1283 2222 1832 388 1476 1749 1832 758 2634 731 2454 2622 192 1793 611 60 919 2544 1519 1962 1003 1028 2496 1291 1550 598 212 2285 60 611 935 1923 1944 1590 437 1458 1862 2060 2471 1294 1908 370 2530 2287 342 1363 2544 2536 1519 1096 1474 575 2466 2800 1828 836 762 886 2765 2215 2701 1505 1094 1572 1421 1507 2170 493 2755 1586 2181 1145 200 2707 640 221 2534 2380 1587 1257 2645 2704 33 1941 2157 1633 1160 435 1332 313 854 146 579 106 2661 81 864 604 1310 326 1513 374 2661 101 527 343 1418 448 2834 2770 1991 1716 704 2598 1660 2817 825 1913 509 1907 199 427 1848 561 326 2264 471 1650 2768 1925 1362 1448 2698 1106 898 2324 1399 1077 2467 636 701 1710 1847 2801 2799 829 1659 2056 1428 2174 168 171 1879 1831 1996 1410 1149 1934 1927 1263 1340 256 1591 2819 2567 25 1876 2628 1766 1511 1087 961 2182 2491 224 2482 1963 348 1206 2292 2615 1221 1085 931 1167 670 2522 1637 151 1803 1787 1543 1768 2458 2675 193 2637 506 302 2792 2073 1762 2242 1304 525 0 1733 1709 689 1074 298 212 338 301 1883 365 1291 1260 2505 2559 2601 2443 1943 1163 1342 1489 1234 1255 524 1734 2154 873 832 2280 1259 2552 1407 559 2085 1435 1765 1951 2166 414 1946 2192 655 2108 1004 2018 1763 1228 2096 2072 1430 955 1574 52 1602 172 1392 1563 2350 384 2677 1668 2759 1390 2226 2220 2621 2609 694 462 1376 903 2259 2204 597 881 171 1831 568 1535 1996 1149 2232 2450 478 1245 1437 174 1508 628 2372 1212 1133 2102 742 1405 1769 195 554 897 988 1858 801 1967 36 2714 1612 1821 312 557 2609 462 1590 1944 2463 1720 1458 437 2192 2111 988 897 2573 1004 437 1862 1848 1907 1923 1590 2180 1886 1720 2463 2647 2726 1734 873 2768 1448 1234 524 2150 870 1002 1886 1613 1720 2463 2589 2647 384 1009 1967 312 398 2759 2479 2556 1321 2526 357 2505 2428 1248 1440 449 2563 2422 2035 217 2246 1272 1102 2021 2186 1195 748 2316 274 1802 346 1051 2393 1792 2094 2462 959 2155 2145 1232 55 1097 2598 917 2048 777 20 825 1051 1818 2393 1792 1237 2094 2618 1968 1748 492 557 2042 1436 471 200 807 1842 1580 2302 2140 1029 1713 10 759 1383 1387 1914 1450 2269 1498 173 2423 1655 1892 2442 142 2341 1875 1172 2496 1550 1869 1233 598 2285 1899 686 2267 1107 1010 93 1840 2229 1444 326 422 824 1894 1853 984 2580 1357 1301 1493 147 2060 2534 1587 1513 429 2417 1663 2268 2183 2284 1801 2717 327 250 2641 2263 74 2135 1223 1688 2300 2745 2149 1268 819 2182 487 1236 1813 2712 348 1834 145 2432 638 2515 325 470 5 1267 1782 961 355 2208 1639 2594 1320 960 2596 2549 337 2401 35 1431 1934 1591 2020 968 2377 718 1428 2056 1866 734 1153 2230 1704 2568 268 2733 2342 1876 1766 1805 1256 951 2682 1338 835 736 396 496 2681 2667 2182 348 2233 1461 216 1699 344 859 1278 2098 1845 393 237 2758 2488 2389 2533 2673 2821 1576 2493 2646 2044 130 510 291 1894 984 2580 1301 2262 2677 2698 1991 448 1650 1668 898 427 2108 655 199 1077 1172 225 2702 491 507 1892 2121 2186 748 1272 2021 385 2256 744 713 2743 1505 1572 1421 2170 117 1968 1628 244 2679 178 1940 1408 511 107 1675 595 757 2057 531 1306 2715 849 44 1911 1814 2217 1855 457 1840 1375 1181 2189 20 2533 351 2451 2646 917 524 1255 1792 2393 2154 1734 2377 1428 168 829 2056 734 837 602 1124 2392 1573 656 1561 1059 2371 474 642 460 694 544 669 1327 122 392 35 1934 1263 1340 1591 968 746 1764 2012 1092 2256 713 2418 1250 134 970 572 2160 1549 2633 2088 892 1341 1961 929 1811 1098 708 1964 536 2255 940 162 396 1887 2265 880 1365 1338 156 1405 742 575 699 1793 901 1853 2417 2183 1357 1054 557 1484 2609 2559 563 450 2565 489 414 2085 661 2629 371 1313 2113 406 2302 458 510 2600 2044 589 2596 2121 385 2208 1780 223 575 60 1813 1461 1339 2696 2681 1236 2320 1315 2611 217 879 1070 435 381 376 350 845 33 285 1766 2254 1556 2188 815 326 1310 422 2072 2665 931 1167 727 1522 582 58 1778 2810 475 442 118 900 1568 2281 717 1993 1802 177 1511 2339 907 484 305 214 298 0 1105 1896 237 92 511 178 2283 2758 1087 830 831 527 900 263 1814 2343 2685 1838 599 849 2733 875 531 595 1564 1873 2632 255 976 300 767 448 1991 1695 109 2343 1421 117 2743 1572 599 291 1916 1894 951 2251 602 1301 690 2262 898 2018 2324 1399 1946 1077 2598 1501 917 20 456 825 448 1390 2834 2770 2350 1991 2300 1843 2745 74 834 2135 2237 969 121 2121 47 2186 2021 119 385 431 2140 100 39 1072 898 1077 2557 2620 517 2632 976 2466 482 1283 1272 1556 1102 1195 510 748 2035 1736 2369 1515 1289 254 1867 2084 1654 654 1795 939 955 441 2665 727 2546 2359 1382 2038 1271 756 1139 737 341 2385 2328 2546 882 2682 496 1475 441 2226 1001 1407 814 2388 1436 2042 2127 2321 434 206 853 2703 2024 591 798 1983 1749 2003 633 1206 1539 1325 2670 180 1630 2528 1429 1364 2122 2123 223 1040 2373 1159 434 1001 653 134 56 2534 1513 1293 186 1443 2748 707 1522 412 1269 459 1817 1467 2488 2622 671 192 758 1025 2634 984 901 519 424 1054 2580 643 1152 867 77 2340 443 444 38 466 840 1715 2080 2609 1634 694 996 1529 1619 2558 265 1201 1189 1350 1828 422 1520 824 2201 1277 1092 919 517 2544 141 2201 1677 2257 2786 1992 881 1607 598 1550 2185 1376 1455 1514 1036 1484 640 1028 1576 962 2493 2673 804 2821 1680 836 36 1821 2701 987 1512 421 592 1721 133 2047 291 571 1916 690 1196 2262 492 576 557 2816 1590 2463 1720 437 691 2393 1734 2001 129 524 1792 817 2655 653 2224 2092 2686 331 521 2419 554 1413 1546 339 1034 1858 2182 224 487 2712 2482 348 859 1073 1278 1699 2506 344 876 2480 2464 2608 2569 367 181 1877 2008 627 1519 406 2774 627 772 1655 2423 1768 1637 2269 1450 1218 1481 1288 2040 1520 422 1548 2774 2210 212 2658 1676 570 1239 1291 979 141 1251 849 2810 44 1911 1778 1814 2490 2600 510 1418 1714 300 109 2332 1716 482 1140 933 2620 2045 2467 1106 1473 39 444 544 38 1602 619 1574 1563 2532 172 1522 707 2820 1775 1108 2214 2609 1028 1634 2428 1777 423 1947 2152 2422 1547 2666 1121 2568 2133 2026 343 2301 603 1566 2401 2020 1431 2041 1789 2579 2432 1866 718 1128 299 2552 559 2687 1470 2810 849 1814 1778 1584 1223 2633 1549 2127 2654 1783 2270 2521 2388 278 1348 2279 2405 155 535 2263 940 2255 536 1964 1801 1787 1721 1543 151 592 1803 1772 1733 2265 880 1074 2653 2654 1935 157 682 304 2521 819 2062 2373 2012 2815 865 833 741 694 1181 2199 2022 254 1289 757 2715 2084 1867 939 1795 2217 2712 2168 2564 1757 359 807 1602 52 1743 1442 1392 172 561 1848 1042 578 1907 509 2366 528 106 1332 95 779 1925 2768 1180 1819 1448 1362 1539 1361 1325 2187 1757 2831 1714 764 2156 666 1238 2332 934 2112 2045 1473 1132 1240 359 1451 1981 764 1631 1762 2242 1404 1238 2679 1587 178 511 2301 107 1132 2187 1015 1759 259 2112 814 1436 200 492 2042 2321 927 553 711 56 1513 2661 101 343 1378 753 685 1295 2559 2481 1247 890 2199 314 844 2239 1272 748 1257 2659 1831 1958 568 1535 2212 1996 903 163 2259 2204 1241 597 2471 82 1294 505 146 2364 1658 854 477 1586 1482 1315 746 1548 1764 979 840 12 1300 1095 2317 1589 2833 2504 884 658 2729 1224 1167 2522 1221 931 2161 2694 2301 511 178 1587 2669 1062 1689 1076 2611 2687 2789 1668 1650 1925 1362 2698 2677 2737 1685 662 2108 427 561 509 199 655 2392 1655 1543 151 1450 2371 324 1432 2674 826 600 374 527 263 262 443 1523 77 2820 1333 670 1085 1052 355 895 2092 2224 2419 521 2110 1912 1544 1789 1566 723 2549 2579 1974 1834 1705 415 299 435 376 671 1025 350 33 1465 749 457 1181 2022 2075 251 2286 2798 2783 1644 2815 2512 1353 1811 1341 182 1581 2193 810 1798 1421 2805 1516 566 9 1572 2265 1733 0 298 1074 880 94 242 2249 2362 1071 1819 1180 2590 260 2264 2181 471 426 1320 936 2118 2594 1297 744 996 713 510 130 1257 1486 962 2656 949 804 2200 1261 1523 443 759 1418 2834 2770 1716 1383 1095 332 933 933 1140 837 93 1106 2324 1399 2467 1899 1340 2334 549 1836 1171 1263 2285 212 301 1883 1291 2496 1359 2748 2359 598 2658 212 1291 1239 1550 121 1741 2014 2306 620 400 649 2424 2173 2164 251 507 225 1798 329 2783 2815 2012 147 1449 417 2653 1365 880 2265 1887 1772 2527 2019 1420 2818 1064 2576 2442 171 142 2341 1149 1875 1233 881 598 1550 1376 1869 2364 366 505 477 2535 1658 2121 748 2659 844 1272 385 1766 2628 2254 2622 2257 1633 2157 1036 2634 450 1153 2481 1685 1298 83 2689 1112 377 2407 1447 609 392 122 832 2233 2085 1765 1951 414 2667 1297 2434 2271 2378 347 426 2230 878 1704 1408 2753 2808 980 323 578 1042 2358 2065 2186 47 132 1611 119 2021 377 407 2807 1346 2459 2407 2213 853 1333 1052 2502 420 787 272 600 263 590 2670 1380 800 1735 1134 2012 865 1549 2088 99 1070 2795 217 197 1164 226 1624 2379 167 491 1892 272 590 1172 2702 2246 2384 1736 179 843 749 2022 2476 2087 2255 162 1810 916 708 536 1883 2496 1697 1089 2285 301 2597 945 1353 182 2091 2369 1640 1697 630 2492 1089 2604 672 2148 1657 1211 711 937 648 657 1382 2082 1108 1775 1317 630 843 2476 2492 108 2705 603 785 1013 2222 388 1476 1966 1749 523 1037 2152 862 1087 831 1375 2189 1647 2811 1855 1840 1966 2060 1294 2222 1476 1832 332 1013 1283 2230 930 878 1893 148 2553 2760 799 197 167 2307 1662 1361 1692 1033 2648 2658 598 1550 1239 311 892 1961 2523 49 929 1098 1777 2365 2069 240 2719 738 679 1728 2680 2702 225 329 2164 507 491 1471 2425 1143 589 2121 2659 844 385 1780 2832 2197 2760 1662 1744 1151 1001 2621 817 1306 586 1961 929 1045 1675 31 562 956 2799 2801 939 1867 701 636 1598 1382 1271 756 737 1824 780 2437 2316 1124 1296 2317 352 2637 987 1680 193 2034 343 603 1378 464 1908 1546 339 1363 1823 907 2253 484 101 900 527 1735 1928 1075 2430 1410 1150 1785 1879 2785 979 59 141 221 640 1484 2328 2168 2335 1502 2218 2193 2798 2804 2627 2821 2736 351 2451 1079 1576 1805 54 1256 393 1900 282 1125 770 762 2215 2360 2683 2425 572 970 1965 1540 1835 1942 1035 2291 1574 619 219 906 2532 1563 582 1778 1855 2189 2810 442 2088 2567 2819 1206 565 2292 2636 1898 1211 1493 1449 147 1087 1430 961 2224 2686 721 1686 331 2419 1769 1405 2413 325 1841 1826 1525 428 470 2659 1257 2704 2097 2239 844 1607 204 2153 1629 1226 2185 2494 2415 890 1910 360 2699 2239 2440 1556 320 642 474 2315 208 249 2233 1963 2085 414 2491 2667 2392 1392 1573 1059 52 2371 119 2439 1208 1311 373 47 2653 1074 2064 883 1733 1772 1029 1645 458 1853 1373 2417 2183 1732 1357 1073 751 1278 1699 2593 2506 1375 2199 1181 1775 2214 2261 846 1937 118 2704 1937 846 189 1752 2097 1161 1752 189 1121 2666 254 1756 2133 2568 1099 927 1689 1525 470 1364 1630 325 1826 1715 1117 2080 2368 2735 930 1014 1968 2290 1333 353 670 1085 1090 1052 1880 552 2053 811 2727 278 535 1986 1999 705 2534 56 714 2534 705 589 1320 2596 2208 2594 1780 255 1055 976 1504 1474 259 1489 582 1517 1781 442 2601 1932 2437 703 522 1313 371 1049 1520 2040 2379 1770 2307 799 2299 1164 294 1533 2164 2550 1289 1515 1134 746 2012 931 796 2161 1224 664 1167 443 2340 2120 262 652 1408 162 2415 1810 916 360 708 1982 1432 324 2812 2167 1185 2099 1815 938 281 1330 1973 789 709 818 1260 2526 2505 535 155 1954 2761 1348 278 584 979 12 1300 2317 932 1737 620 2306 2173 2424 340 1047 59 1379 304 2044 1429 853 271 2519 1139 1308 737 1382 657 2038 1443 186 1328 1394 1893 2553 2811 582 1855 2189 442 1647 659 1569 1493 1165 2076 1260 226 1164 250 327 2379 1624 1482 2755 2220 2232 1694 2450 1437 2751 174 505 366 2155 55 2535 477 2574 715 126 643 2700 512 1442 2468 1573 1059 2438 1743 1353 1342 1811 1341 2443 182 2152 1945 523 2160 572 1047 2107 2147 633 338 789 301 1883 1973 365 2800 89 1189 1656 2420 2008 2069 96 1777 2277 2003 1206 840 2080 12 967 475 2091 945 58 345 2293 1951 2667 2233 1765 1056 867 2700 643 97 333 161 2167 2002 1185 2099 2032 1815 2288 829 734 2377 168 499 2317 222 932 180 2528 1935 304 1429 2122 759 2834 2377 734 2770 1383 1726 1340 968 35 1263 2165 1241 2090 597 903 375 163 1031 1402 522 226 250 2330 2303 327 1624 2288 734 1383 759 2377 499 93 2324 35 968 1399 1899 631 2342 1766 984 1853 901 1054 1357 2580 1726 968 1899 93 35 2165 168 1901 499 2288 210 829 584 59 979 869 912 320 2464 2480 1264 1568 900 101 2344 255 2632 1508 2345 135 1314 372 2102 2080 2413 12 1268 2062 819 1177 89 208 1135 390 1694 2751 1874 808 2245 2690 61 1105 257 1583 1463 622 214 1208 429 1951 1765 2284 1311 1063 2124 1471 2122 1303 1641 131 1638 180 1447 716 834 549 2334 1877 2569 1171 1836 1139 1345 175 2775 2827 2038 1061 2396 2643 634 1636 813 2273 210 2288 499 1901 928 694 741 462 1110 77 2124 970 2745 1642 296 74 1295 2374 2469 2061 77 1740 2124 705 56 49 1161 189 2118 56 2271 49 589 2659 846 2659 2704 846 705 49 1098 864 1161 2118 2378 101 1378 2523 2378 1378 426 936 1568 189 1780 2118 936 118 1568 2378 1568 101 2378 426 1568 189 2097 844 864 2118 1297 936 846 118 864 1297 2271 189 844 1780 2523 1378 2705 936 589 846 892 2523 2705 1943 892 2705 2661 864 2271 56 2661 2271 705 1098 1163 1943 2705 785 714 705 1163 1943 785 585 1616 714 1163 2601 1943 585 1616 1163 1489 1781 2601 585 1616 1489 1517 1781 585 1221 2522 1616 1517 1781 1221 2161 1224 2522 1517 1224 1517 2811 1647 1781 2161 213 1224 2811 1647 2161 542 1375 1647 542 213 2811 1840 213 1840 1444 314 1375 542 314 542 1707 170 213 1444 314 1707 1314 135 170 1444 135 1444 1910 890 314 1314 2494 890 1314 135 1910 2699 1508 135 2699 2494 1314 2102 2288 1383 1914 1713 759 499 1110 2124 1063 1726 1899 2267 1107 93 2165 289 2005 2216 1185 1508 2699 2494 2102 2099 2273 2288 1914 161 210 2273 1097 993 1713 928 1901 2514 1713 499 928 2514 912 869 1914 84 959 2267 1110 1063 2608 1402 1031 2245 61 1107 1107 2165 1438 2607 1726 2267 617 1807 2628 1185 2699 916 1810 2494 2099 1097 1713 928 97 161 2273 2273 1914 959 928 2514 869 99 382 1300 2607 2267 1063 2245 1107 1438 1656 2008 2607 1438 2608 1031 414 2166 2565 2629 1435 2085 180 2602 1630 1364 85 2122 1810 2099 938 2812 1185 916 610 1523 1261 97 2273 959 1097 928 869 584 12 1134 99 1300 932 1656 2607 1063 2100 2690 2245 2245 1438 1031 1379 59 584 868 451 368 1457 1615 1648 2050 2166 2275 567 1435 2137 1378 603 2705 2386 216 622 257 2098 541 1095 1148 332 1269 2354 1477 2481 1644 1247 2525 2234 835 736 2211 2445 252 2132 340 1737 2304 667 2493 962 1486 2200 804 2673 759 10 1418 1716 1387 1383 2255 1810 938 2812 916 536 2764 2819 25 97 959 2145 1328 333 97 1232 1097 869 1549 99 932 584 1134 865 2519 353 1333 1052 1090 1924 2467 686 1899 93 1010 1106 2100 2245 1031 1264 2420 1656 1656 1063 1471 1173 1398 1684 963 2732 871 2024 678 755 875 201 760 583 1610 1564 645 885 2174 1659 86 1349 2124 2425 1471 2502 552 1880 84 1391 2649 2740 105 993 2251 1466 309 1536 2177 2632 658 1830 1947 1326 367 2518 1131 181 378 2579 1866 2056 1428 718 299 1934 1431 1789 1566 2020 1591 2428 423 2833 658 1947 2422 314 2199 1375 1475 1896 663 1955 305 882 1894 68 2619 364 1178 1301 92 2053 2694 1143 2425 970 1630 1826 2528 1429 1525 1364 2003 2731 633 106 579 2366 779 313 1332 2699 360 916 1810 2415 2494 936 1320 589 1780 2594 2118 1360 2696 1610 201 1339 2409 2613 1801 327 250 2263 2730 1466 2281 1527 1187 285 2177 74 1223 2787 2160 1688 2745 2361 242 776 2436 1139 756 1271 2038 564 2281 1748 2016 2283 1368 2488 1201 2015 2558 280 1249 1327 2610 645 1000 1779 1349 999 2372 2305 2345 372 922 1212 1923 1168 2023 1647 442 1781 1517 582 2811 1711 2123 1277 1317 2424 24 2247 620 108 1119 1406 2725 866 2370 1862 2185 1226 903 597 204 1607 1014 2290 2191 12 2413 1134 1586 1315 2320 1131 1528 22 1575 136 2518 737 1308 1830 1495 884 2729 1589 2504 1839 374 81 2661 421 2454 124 2427 731 133 382 2103 1148 256 1062 1076 2611 2789 1927 42 1687 2647 1886 2784 2595 1769 2413 2080 345 1342 1353 182 2443 967 614 405 2094 200 1145 2212 1051 1593 726 1983 78 1832 814 2270 2388 2127 1783 2321 2355 919 1519 107 2301 343 1513 1587 2679 1325 652 262 2412 497 563 2263 2255 2039 1385 536 1801 1385 2812 536 2255 938 2039 220 1432 1982 1328 97 2145 1232 869 320 457 2229 1840 1379 865 1688 1223 1549 1209 1549 932 1209 1379 584 865 839 1615 1457 368 451 1851 2480 1057 637 1855 1778 1911 44 2810 2189 1567 828 930 2417 13 901 1054 1872 2183 2620 747 2816 691 455 39 2001 1319 300 109 2071 129 2389 1228 1763 2808 2395 1845 1404 2269 1637 1768 2423 1631 430 758 731 2454 192 2791 2654 157 1783 2270 682 2521 682 2044 304 1209 222 2489 181 2086 378 1946 1878 2192 1004 1343 2018 943 969 487 604 1952 1310 2350 1202 384 2759 2282 1390 337 2448 2674 379 242 2572 145 2015 1201 2100 1031 522 1264 1656 1471 1777 2775 423 1947 175 2152 1845 761 393 2488 1467 2389 1740 2425 2124 186 593 2238 1832 78 249 742 2103 386 2613 106 1385 2039 1332 2730 2160 1047 1379 1209 2489 2787 2100 685 2690 1958 492 1979 588 200 2212 1117 820 1769 820 742 1769 1735 137 1928 927 120 2003 1326 1530 367 2674 2448 324 165 1768 1631 1404 1637 306 1197 1644 2481 1201 265 1231 2725 2176 1119 332 1148 2367 135 2345 170 1707 372 1314 2095 1248 2428 2422 2563 2478 2143 1326 2518 1131 378 1417 2463 1944 2589 1613 1458 1720 1382 369 648 1598 1000 1382 737 1779 1824 2249 242 379 1016 1738 342 370 1521 2390 2812 528 2167 1815 95 938 59 239 141 2522 353 1616 585 1090 1221 2519 271 2380 1637 1803 2196 1032 1787 1768 884 1830 658 526 2599 2748 2307 1776 1744 2197 920 799 672 555 2148 1062 1099 1689 2687 558 2789 2797 2019 2527 2576 1064 857 1234 1439 2329 2452 673 873 1735 1075 902 932 222 1209 776 242 94 1376 2259 1679 1147 2204 881 171 568 1551 288 1535 1149 1099 553 927 742 190 156 2271 2434 49 2523 347 2378 999 872 966 1585 2625 2610 1451 127 2499 244 581 2290 2428 1440 1777 2152 449 2422 659 2540 1569 1327 392 1504 502 1058 1313 1730 1419 642 1792 1255 1237 1818 2154 2393 1294 82 798 706 1557 247 1961 347 2523 49 2434 929 31 889 562 500 1414 2459 2676 2736 2821 1112 407 377 2407 2459 1447 1576 1079 1809 1119 2176 1605 2263 2039 2730 2613 1385 1801 1830 2 737 2575 1433 2558 2302 2536 2140 1943 2443 892 1098 1342 1163 2160 1379 1688 1223 1209 2787 1941 1101 2157 900 735 263 525 870 2150 1321 2556 2792 1633 607 1160 1511 830 1087 409 715 2574 633 2483 1206 426 763 1320 2594 2507 1297 1153 1704 1197 2639 1931 2497 1846 1459 2252 324 2448 1989 1892 142 2529 765 2341 1172 99 2819 382 2496 1869 752 2116 1233 2285 336 2138 1577 465 1351 358 506 647 2778 66 986 2675 1001 134 1407 2272 1120 470 325 2762 1018 2063 1493 2060 2760 2197 799 2307 1744 1662 162 1136 2415 2086 2429 378 912 642 320 1694 741 1135 283 854 2793 1956 146 2017 2172 925 1358 2472 1138 292 338 709 789 1973 1330 365 250 2730 2330 2303 2613 327 1134 2413 746 2694 2718 2301 1587 2380 2669 2264 514 2074 2214 1108 2029 382 1148 1300 824 913 2264 238 1931 2639 560 907 2339 1336 2176 2725 1402 1313 522 867 1152 1026 588 814 200 492 2321 1979 1211 1898 711 755 1553 2024 2646 2019 2797 857 1064 2533 2342 716 1447 1833 2059 211 1190 547 1453 386 190 742 1981 781 1760 2373 1808 1159 2143 2518 1401 1761 1131 1417 970 2160 2745 74 2787 1295 2174 885 168 829 86 1659 2686 2092 2114 1661 521 331 2493 2019 2646 2533 1064 2673 2497 1103 2639 2297 1030 2143 1417 606 1976 1117 1769 2080 1981 1842 807 1511 961 1782 282 2053 92 2608 1171 2569 1877 2334 2008 2430 2218 1502 930 2735 878 976 1055 2631 2417 2275 1663 2268 567 2183 1585 2610 1000 1779 999 966 2199 2052 2022 134 1708 1407 2627 2804 2785 1326 1985 1530 523 1945 1666 216 1113 1699 1278 1683 2098 862 1430 1087 1588 763 2409 1360 2507 215 1577 356 493 2252 616 465 2574 2582 409 1453 2294 2472 1358 401 1833 1247 1644 2783 2351 96 2069 2446 847 1268 2541 2062 847 1109 503 1797 2763 1933 1651 1129 1760 1386 1742 196 1995 2039 95 1332 106 528 1385 2603 946 2081 1849 2404 1395 1488 1273 203 998 2444 2169 246 569 2206 816 1219 2184 1745 1524 1422 32 1288 2398 1678 1002 48 1939 34 307 2198 2553 904 1729 472 202 650 2479 2049 783 2652 1316 328 1569 2776 537 1891 2441 538 2541 2455 1265 2777 2151 1081 1416 915 467 1723 125 608 2614 596 1681 1932 1537 2537 247 194 1154 1739 159 319 2571 732 2681 2293 2667 2233 1056 1461 730 1005 1006 468 1179 1082 391 1844 1820 1888 866 1608 2578 2452 232 1300 1148 1095 670 353 2522 1221 1090 1085 2741 2643 1411 1970 1835 2503 848 634 2078 994 1942 1774 1408 652 2753 1310 1952 2671 1328 186 333 2616 1621 1904 1902 2663 1837 1472 2023 2531 905 2329 1860 2278 2221 518 1198 1962 1643 2477 675 1114 2381 2802 1020 985 1917 3 2734 2276 793 2183 1872 2284 429 13 2417 2725 452 1912 1935 573 157 550 2064 1674 621 883 2746 2132 1795 654 1654 2084 2304 1748 1968 1014 2499 127 1993 2191 753 1915 1811 1342 1098 892 2443 1341 285 631 1766 2639 1570 1705 1191 512 778 2353 158 766 2626 37 1246 2347 1602 1215 80 172 2426 1620 803 2771 2497 1931 1553 1731 516 1606 543 740 45 21 1796 2766 169 2747 1290 183 243 284 1290 1592 692 2720 2498 730 1477 1605 1269 1726 2334 1340 1263 1171 2165 2088 2819 99 282 1900 447 778 2338 286 1215 1743 710 71 1442 80 1784 2125 1620 645 369 1000 1105 1583 1896 305 1463 214 1099 1528 553 2766 2510 1727 45 138 454 295 1490 1731 473 14 183 1246 266 1918 1274 1938 2353 1438 1171 2608 2008 2334 2607 1346 2407 2348 98 377 2807 329 1893 1539 1582 166 2734 1020 453 1953 1286 1542 985 850 1026 1222 315 128 1335 1114 2520 308 1724 2651 2414 1674 963 1084 1204 1684 621 2074 50 1005 1422 1722 2749 2308 2680 1478 2130 2683 2322 1788 240 2545 687 1125 2691 995 2548 1472 232 1800 2591 1608 2829 515 267 402 905 512 2700 935 1320 763 1588 215 2507 2594 2667 2491 2182 348 1963 2233 518 790 1479 722 1003 1198 1904 102 923 1919 233 1902 194 1033 1518 1497 1997 391 1279 768 1742 2126 43 1129 1082 16 1312 2547 2346 1302 2316 2437 274 223 1096 575 450 191 1153 287 1662 1151 2832 2760 293 2169 1696 1242 461 1393 1154 360 241 708 1264 2480 2420 1395 1041 1975 203 2782 605 632 2250 319 798 394 1983 2226 2621 1001 545 500 1230 1691 2368 70 1506 4 1265 596 258 2644 530 395 467 915 2692 2706 972 2554 1724 1157 2595 1452 2081 67 1881 2822 614 1141 273 726 1595 1596 42 971 2539 69 537 1881 1603 783 1452 851 1729 1595 2202 650 1332 1658 2730 2613 2364 106 1242 989 1745 1302 2318 1939 1312 261 1678 1518 1394 2198 1586 2755 1482 307 2769 1596 48 1104 2822 904 983 2539 308 612 1081 1953 2684 608 1335 2079 538 699 832 1259 504 1136 162 692 1262 2616 1006 50 2278 284 2117 2813 1606 2638 2357 92 2694 511 178 2669 2283 875 760 531 595 583 1564 220 1229 2225 1814 1584 2343 599 1470 849 2706 1053 246 2644 1371 816 1651 2824 530 1797 2408 1506 1751 2446 32 1573 1392 1442 1743 52 1059 2251 309 602 671 1665 192 758 2178 1025 605 992 2763 2206 1046 624 2398 1481 461 2184 1957 632 1975 1007 1109 517 1536 2632 1167 664 727 2665 796 931 1316 65 1497 2049 1446 1279 202 399 2126 1144 2295 1170 2093 1232 320 1328 2145 1186 2546 1955 882 1475 663 441 923 234 2603 2441 2642 1919 1936 1754 722 1479 681 914 2151 1083 1286 125 1100 850 1537 703 1582 2833 648 2504 872 1905 966 774 479 636 2799 23 15 159 476 1625 2414 1285 1488 1622 416 998 2055 1177 1144 732 1173 1204 1084 871 1849 264 2225 2572 1820 2487 1274 1918 706 2537 1386 781 1784 1837 2219 2720 1860 1988 473 2531 1088 295 454 2721 2578 1727 1381 1888 2779 2449 21 1445 997 543 1643 2707 169 2426 290 2381 766 75 1454 2771 918 2477 793 310 2626 3 1207 2347 1384 643 1191 2514 1864 2625 872 1086 161 2593 1948 2506 625 2653 550 2746 1772 688 532 1 972 1028 2383 1634 1073 771 751 1078 1113 216 2098 1683 2051 2116 504 1127 2794 2327 729 1644 540 2815 1185 2002 1508 2102 2032 2099 2083 564 26 2709 1657 520 1555 2436 17 2636 1211 154 2201 1711 1277 1264 1471 1143 1960 2100 522 2142 623 403 1159 206 434 321 2131 1048 2375 644 397 1231 1594 911 2293 1208 1951 1765 1311 1056 1585 1672 2625 1828 1667 482 1721 2427 133 421 124 592 739 693 282 2669 206 2283 1250 1708 134 1427 1309 577 1541 981 469 2004 2025 2142 729 1008 235 935 2700 769 627 2355 1519 910 2507 1360 2409 763 1318 1634 544 694 235 2382 1719 469 1554 436 257 541 1583 1463 2386 622 2164 1669 251 1798 148 329 2549 874 1176 1548 156 2774 2386 1078 216 2098 2051 541 2516 508 2794 403 1483 2030 494 1601 1746 2592 2738 1091 445 1635 2516 2030 665 1115 227 1567 1388 1827 949 1558 1712 1049 2054 2678 2656 72 2104 466 1980 1367 1755 1427 1906 855 2004 1280 617 2716 1746 1809 1854 773 2676 2592 2584 2153 445 1115 1629 1600 1538 444 2104 11 1486 2678 1558 2200 1559 2054 2040 2617 436 2101 1949 613 2203 1367 1169 1807 1280 7 1571 1906 282 447 739 2617 852 2825 1949 529 1562 975 302 53 27 2530 354 1322 495 891 46 1420 11 1926 954 1169 1559 2818 1243 775 817 1220 236 1882 613 2555 669 1538 1969 2458 1425 1024 57 7 2708 2287 140 140 94 1043 891 2561 952 1425 2110 1806 2400 1859 1926 2560 2082 27 330 895 975 1717 2309 1024 419 2527 46 1790 833 2555 1562 684 1155 2296 792 236 2825 2671 2672 1243 2576 2397 2240 1664 1011 1423 2566 483 483 690 2456 2397 440 139 782 973 1717 674 1462 419 1155 2171 1323 2058 888 2296 2672 808 2657 2194 1135 1790 1122 1093 2205 184 1108 2560 2319 1799 2400 2722 2092 330 1806 521 2007 1043 2249 143 2115 1916 2240 270 1676 2036 1284 570 230 139 432 2105 2657 1874 485 2007 1661 187 143 379 2403 1861 2114 2722 2009 2412 1652 1174 2029 184 822 2162 674 150 438 2319 207 390 2194 1323 349 2223 948 1183 2058 2693 1217 782 2205 700 1670 2828 1258 948 1623 795 2693 1670 1017 1491 2223 2241 1565 712 678 1861 187 2043 1334 1959 2354 1174 513 1050 822 40 1851 207 2105 2298 1324 485 839 720 1192 364 2585 1599 2619 1116 720 1457 788 1510 982 513 2781 1477 1959 921 755 712 1334 784 2484 1324 1275 1464 334 220 2711 115 368 40 2826 818 112 1355 281 113 2710 188 1599 2585 2508 2410 2473 431 103 408 1929 2754 2517 868 115 1464 638 2524 2027 1267 1510 788 1648 745 2711 1982 1532 2756 2485 2781 2484 860 1038 1299 1990 921 113 2796 1200 2410 1019 2814 335 2586 2710 2551 1767 2826 2754 409 1856 676 19 2517 1532 2333 1252 745 279 950 433 1930 2089 2524 1018 1216 2244 1604 2756 1850 2562 2046 1370 2272 2027 1038 2577 73 1142 533 1299 724 269 1347 76 28 411 2814 2137 2028 1200 2431 2326 152 908 2551 1671 2050 335 2575 2015 145 1682 1012 676 1216 1747 1456 2605 104 1370 950 2128 806 794 2723 1850 802 29 1142 1856 2582 2570 2089 1188 1282 1252 1460 1884 411 797 1146 73 176 1829 1920 2066 724 1021 1199 2244 2028 2629 539 2326 887 2465 1354 2565 1671 827 893 152 2568 1244 268 1994 451 868 1648 1615 1690 1834 149 2575 1884 2363 794 1829 2772 1920 1456 2006 1682 806 2500 2605 1146 30 1021 1282 1718 802 2570 2660 2313 2465 361 2243 977 629 827 539 661 1253 1492 489 1354 2225 1432 220 1253 2336 1998 1254 2830 1492 41 1496 977 2243 2664 1065 2345 2175 170 1707 2421 372 2356 1921 41 1065 2416 2587 2587 1847 1865 1039 1710 2356 1617 943 877 2158 2564 2077 1865 15 651 1693 774 1039 2077 1578 1213 1401 555 672 651 894 1885 2031 2650 1617 228 1950 1693 1176 2448 337 1852 62 228 1885 2803 1276 2752 1897 1852 1344 341 498 1281 2033 695 1276 2013 2513 1135 741 833 1112 2735 407 498 1182 2314 896 2581 1281 276 2141 2752 2513 2134 275 1700 1070 276 275 83 861 2314 2026 2231 1424 1547 896 2231 580 1175 1266 114 1424 2453 2795 1700 861 1298 63 1932 1618 274 389 231 2453 63 944 209 209 2612 1266 876 2689 377 2407 609 2113 128 2274 1817 2704 2724 1937 2793 854 1374 160 146 1956 175 1308 1139 2038 657 2775 2002 628 1508 2102 1133 2032 1958 1979 568 1535 588 2212 1418 10 1714 2332 1387 1716 163 2207 2259 2204 2713 1241 2045 686 2467 1106 1010 1473 2313 2624 2750 1757 2618 359 764 165 1631 1404 306 1238 201 2409 760 583 1360 1610 259 2120 2112 1132 244 2187 1598 1585 1000 1779 966 1824 1605 2176 459 1466 1527 309 1536 1187 2177 2096 2000 2474 2349 1857 2784 1752 501 2097 1339 1588 2409 1360 215 2696 1687 1249 280 1666 1945 1156 2281 2016 1527 1748 1014 2016 1162 1533 294 2129 2823 110 1193 2418 1396 863 1329 64 587 1156 680 1293 167 1662 2760 197 460 1005 560 2074 1539 1692 1361 1817 2274 75 1329 96 2351 512 611 2338 25 958 919 947 1941 33 435 1160 2070 2315 2295 208 695 1750 2031 965 2602 180 2122 85 1111 878 615 1704 1711 610 2123 2017 505 2649 2740 477 283 2478 2563 754 1870 1248 2095 171 1551 142 2341 288 1149 696 1271 564 2742 672 1657 2436 756 439 1211 937 387 1376 1679 1869 1233 1147 881 710 2438 468 1995 2468 71 505 2155 2649 2740 55 477 2328 1578 2168 1715 1632 490 737 2 1779 1756 2384 2133 2454 2791 124 2427 430 731 2789 1836 1927 256 549 1062 2750 1494 2473 2403 1229 334 1396 79 1008 600 81 374 1761 1417 1976 2297 2143 1401 2355 25 919 1437 1615 839 1851 451 2450 749 2229 457 1153 1197 2481 1960 685 2100 2200 1064 2818 1420 2019 1486 576 486 221 508 1791 2090 375 2543 1483 1740 572 2425 853 2519 1333 1052 1924 2502 1892 2529 272 590 765 1172 653 2382 79 1089 2116 2285 2496 752 1697 630 116 843 2476 1922 2492 945 345 1353 182 967 2091 332 2367 1013 2222 1871 1476 1966 2063 2060 708 241 1372 2673 1064 2200 1486 2019 2493 208 89 2800 1113 376 1699 1278 350 1683 165 1032 1768 1637 2196 306 219 619 702 821 2532 906 2297 1401 672 697 1598 1271 756 1824 2323 937 1761 1976 1803 2017 2196 1032 283 1787 1553 1931 591 22 549 1877 2569 1836 1575 1989 2448 1176 2413 1405 746 2449 1728 679 2418 79 1396 609 296 371 2464 1642 2689 378 2788 1417 2143 1702 1326 384 1202 1009 398 2282 2759 2694 552 2718 937 553 1761 2192 1878 2111 2573 1343 1004 1443 1624 167 197 226 474 738 2719 2638 288 410 1535 2717 1389 2207 2713 1068 2641 1339 750 1588 215 2399 2696 448 767 1650 2698 1695 1991 2174 1771 645 1349 144 1659 642 1419 460 83 2461 1685 1598 2391 1585 966 1069 1824 1014 2191 1915 283 2793 1787 1803 1956 2017 746 1405 1548 898 1072 427 199 2557 1077 430 1415 758 192 316 2791 1699 376 2593 751 350 1278 1443 1328 1186 2093 320 474 808 1952 2751 226 2330 2093 1186 2303 1624 564 1485 26 1555 88 2436 1657 1597 520 997 2360 2215 818 2337 789 1973 1895 281 2315 2190 2295 610 1261 2123 1498 2269 1804 2790 2423 173 1611 2439 119 47 373 132 2116 1127 1233 762 770 2117 1960 522 371 2464 1264 1143 1143 970 1642 296 1295 1960 2063 659 1493 1938 1228 2389 1845 2395 266 1218 2011 1481 1565 1889 2310 1971 1903 2828 563 497 2561 1187 480 285 1448 8 1234 1907 1579 1923 1862 2511 1848 873 2630 2768 711 553 937 568 2010 1551 1313 1058 2113 305 2305 1463 1583 922 1896 1451 812 1981 1502 1410 2430 2785 1879 2627 733 1841 2405 2279 428 2757 887 649 2173 2306 400 893 1293 593 186 112 709 2501 548 1330 1355 573 2440 157 1869 1825 752 1474 392 699 2044 2600 1429 938 95 2039 1385 528 2812 1950 479 774 15 23 894 1535 410 588 2558 2015 2575 2120 1609 443 2024 1553 591 1197 540 1644 1110 2340 77 2730 1658 2330 2303 2364 2613 1491 1184 317 2311 1499 1623 1839 1771 2174 1659 144 1495 252 1795 2132 2304 2084 667 1340 549 256 1927 1836 1263 2528 573 1935 577 828 227 729 321 1008 1541 545 981 2025 397 2142 1309 70 577 1000 369 1382 1779 2 1349 2498 560 1005 1778 58 1584 1470 475 2810 648 369 2504 2123 1261 223 2032 1706 1815 2167 924 2002 1557 2753 1361 582 2136 58 475 1786 442 2275 2166 1663 2268 1435 567 876 1057 2480 43 1760 1129 768 196 1742 2498 1005 730 1121 2402 2581 1182 1244 2568 1524 1722 1422 488 323 980 2065 2358 2623 2671 1952 808 2407 2113 2348 98 876 377 423 648 2833 2169 2444 1696 2081 946 67 194 247 1033 847 2062 1268 232 2452 1800 1608 866 2829 769 2700 867 2404 1041 1395 1273 2782 203 2328 2385 1578 1020 2802 453 1114 675 2520 914 1287 1868 2109 1812 1936 166 2276 2734 1542 1917 985 2548 2023 1472 402 2329 905 1997 1844 391 1082 1179 16 1290 2747 1592 1393 1739 1154 1222 1152 1384 1651 1933 2824 1797 503 2408 1621 102 1904 1902 233 2663 2221 790 518 1198 1003 1962 287 1293 1662 2760 460 293 319 2250 2571 778 512 2338 1215 1602 1743 2125 803 1620 1442 172 80 2614 258 596 467 395 1723 1416 2692 915 1265 4 2777 69 1891 537 621 1684 883 2064 963 1674 1731 1490 516 740 138 45 1796 2510 2766 183 14 243 1729 851 472 783 1603 2652 650 2202 2479 1007 503 1109 992 1933 2763 34 2769 307 1002 1104 48 2553 983 904 2353 1938 158 37 266 1246 1745 989 1524 32 2446 1288 1053 569 246 1371 1219 816 2198 1394 2553 1678 261 1002 1939 2318 34 2184 1219 1957 2206 569 1046 1288 1481 2398 2315 78 1983 1081 612 1416 608 2684 2614 538 2079 2541 234 946 2603 157 899 1783 2270 957 682 2479 1446 2049 472 399 202 2652 65 1316 1233 1127 1147 2441 1891 2642 1005 50 1006 1848 2511 1042 578 1579 1907 1760 781 1386 2749 1618 1681 2616 1262 1621 2278 50 2221 1932 703 1537 1723 1100 125 2777 1083 2151 871 2404 1849 1285 1273 1488 416 2444 998 1724 2554 2651 159 1739 476 732 2571 1173 2093 2535 1232 2145 366 1186 706 247 2537 243 2117 284 516 2638 1606 1592 1262 692 886 1071 2362 260 2590 2765 1820 1844 2487 206 271 853 2768 2630 1180 1819 8 1448 1381 866 1888 2721 2452 2578 128 2079 1335 2520 612 308 453 2684 1953 2531 2023 1088 1860 2329 1988 2663 2219 1837 1999 1126 857 2797 2236 811 1962 2707 1643 1032 2740 283 2017 2649 2196 2526 229 357 2346 2318 1302 16 261 1312 1033 1394 1518 1269 1605 459 2436 439 17 2083 696 564 2709 2742 1657 1211 387 154 918 675 2477 290 2802 2381 3 1917 1207 793 2276 310 1696 989 1242 441 2447 2665 727 2209 2546 317 2331 76 2046 2475 2311 2720 2219 2498 543 997 740 21 2449 1796 169 2707 2747 1805 743 54 387 2238 154 2083 502 696 439 637 17 2709 1730 2742 1784 781 2125 158 1938 2389 1845 266 37 2792 2556 1593 1658 2535 2330 2303 366 2364 1286 1083 1542 850 1100 1026 1582 703 166 1497 65 1997 2126 399 43 1279 1446 768 1548 1405 156 461 1481 1393 1988 14 473 1727 2510 1381 454 138 2721 1088 1490 295 766 158 75 2426 172 290 310 37 2626 2771 803 918 1207 1602 2347 643 512 1191 1918 266 706 2487 1938 1274 67 1603 1881 726 2202 1595 2595 851 1452 1084 963 871 2414 2651 1285 1173 1684 1204 2653 2064 550 2746 883 1772 405 870 525 1479 790 681 1754 1003 722 923 102 234 2642 233 1919 2820 707 1468 1975 1041 1007 605 2782 992 1957 2250 632 2539 983 69 1596 2769 42 2822 1104 614 2408 4 1506 2644 258 1371 2824 395 530 2706 2692 1053 558 1575 2789 1062 22 1099 1880 693 780 2306 2304 1737 340 2132 2173 331 1594 1661 2376 404 625 688 1214 1067 1824 1069 2323 697 2391 1598 2718 842 603 1261 443 1096 1177 2295 1144 1 2554 972 142 1822 2529 1295 685 1960 156 1194 2774 1429 2600 1525 1600 363 1500 2588 2767 2584 286 1027 2728 1955 2305 305 1896 922 663 157 2440 899 553 1528 1761 609 371 2113 876 2464 2689 2129 481 2823 587 1666 1156 1093 2220 700 1910 1503 360 2415 1560 890 884 2 1830 196 2468 1995 664 2209 727 2665 2447 796 765 941 2341 1929 964 229 1777 96 2775 1679 1825 1869 175 1945 2152 1511 177 830 1170 2190 532 1091 953 2227 574 1426 494 1825 1372 752 1374 779 430 2791 2366 160 468 2438 1179 1979 2010 568 321 1048 1396 545 1230 64 587 1691 70 2129 2375 397 1665 316 192 758 1415 2178 1329 2351 64 653 2655 2382 1730 991 2742 387 1205 2238 1293 1443 167 197 474 460 1743 2438 710 71 2468 1442 2668 540 1197 2606 2567 2088 1407 1708 559 756 2323 439 696 697 1271 2742 2297 672 937 1976 387 1760 1842 1981 1928 717 1075 1287 1520 1049 2293 2495 1208 1311 2411 1056 541 1212 1583 1463 2372 2386 2355 2764 25 1575 1836 2789 1062 549 22 2310 1531 433 1347 2159 1971 2791 160 124 2427 1374 430 1527 1552 309 583 910 1360 2409 1318 760 1014 1915 2016 1536 2606 1187 1711 2542 610 223 1261 1096 588 245 814 2321 698 1979 955 1430 862 110 1151 2375 680 2807 1691 1230 1346 863 1048 2832 1193 919 958 517 615 2668 1704 1704 2668 1197 531 586 1306 1675 1045 595 2696 2399 2681 1461 750 1339 602 1296 1124 1213 2385 1344 296 1960 371 2464 1143 1642 208 2295 1177 1555 98 2807 2636 287 1151 1346 2348 26 2832 293 520 1584 2805 2343 599 9 1470 226 2093 474 1443 1186 1624 141 239 2201 592 1956 1803 1787 2793 1721 603 842 785 1361 2753 1325 1868 362 2695 1972 2139 2109 1230 863 64 587 680 1691 1048 1193 1396 2129 110 2375 1714 1305 764 1238 534 2332 2112 1487 2045 1473 2394 1132 2774 1194 627 2406 164 580 110 2636 1151 1346 26 863 680 1555 2807 2832 520 1193 1555 17 98 2636 154 287 2348 2083 26 293 2709 520 2681 2399 2293 1056 750 1461 231 164 2406 2057 805 1756 410 245 588 2695 362 1712 1980 2139 1972 1161 838 1752 1937 1534 118 545 64 981 1309 587 70 321 1396 1008 2025 2129 397 1451 2499 322 375 303 163 1241 1526 2090 1403 1987 2210 508 2327 2794 2565 2166 2050 2137 1435 2629 403 623 1483 1681 1618 1932 1232 2535 55 2155 366 2145 1008 2382 235 981 1554 469 1113 1978 1665 2178 2352 1683 2165 1171 1438 2607 2334 1726 412 2809 1269 2004 855 2025 1427 1755 1309 1719 2655 775 1026 1152 1222 2486 2325 273 1141 2258 546 2227 2195 683 185 2460 574 2394 581 244 2168 1578 2564 1554 2101 436 663 2447 441 2546 2209 1955 2566 2387 1079 2736 1022 1664 1483 665 2030 2516 1635 508 1601 1809 1746 2592 2676 2738 2153 1635 445 1115 665 1629 2104 444 466 2678 1486 2656 1049 2040 2054 949 2200 1558 1367 2203 1755 1280 1807 617 1906 1571 855 669 444 1538 1420 1486 11 1559 2200 2818 1882 2203 613 954 1807 1169 2617 2040 852 1949 2101 529 57 1571 7 2287 94 140 2458 2110 1425 495 2561 891 1926 1859 954 975 895 302 27 2082 2530 1024 2309 57 46 2527 1420 529 684 1562 236 792 1882 2555 833 669 852 2671 2825 2818 2576 1243 94 2249 1043 2110 521 1806 2560 1108 2082 2400 1799 1859 330 2092 895 1135 833 1790 1462 2527 419 973 2309 1717 1155 684 2171 888 792 2296 2672 2671 808 2397 2576 440 2566 690 483 2240 1916 1664 51 719 1157 971 2163 725 440 432 139 808 1874 2657 2194 390 1135 674 2162 1462 2029 1108 184 2114 2092 2722 2007 521 1661 438 1799 2319 143 2249 379 2171 349 1323 2058 1183 888 782 1217 973 1093 700 2205 1874 839 485 432 2298 2105 2223 349 2241 1258 1183 948 1670 700 1017 795 1217 2693 1661 2043 187 1861 678 2114 1174 2354 2029 822 1050 2162 207 1851 390 556 318 848 1411 974 1673 926 2806 994 2503 297 2037 1936 1812 1754 681 1287 914 755 678 712 1477 2354 1959 1334 2043 784 982 1050 513 368 1851 40 720 839 1457 1324 2298 1275 1599 188 2619 364 2508 2585 2743 2640 1505 2170 1352 117 2784 383 2349 1275 638 1464 1510 1267 982 1457 1648 788 115 868 368 220 1982 2711 2781 2485 1477 784 860 2484 921 1990 755 281 2796 113 2826 1767 818 2410 2508 1019 2586 188 2710 470 1120 1364 1630 2762 325 280 253 1687 1929 409 2754 2524 638 1018 19 868 2517 745 1648 279 2272 1267 2027 1532 1982 2333 1604 2485 2756 1038 860 2577 533 1990 1299 1722 1618 2749 329 148 1893 2796 2431 1200 2551 908 1767 335 2050 2586 1019 2137 2814 683 2195 1827 72 2460 185 409 2582 1856 1018 1747 1216 1370 104 2272 279 2128 950 676 1012 19 28 797 411 2244 1199 1604 1142 29 533 2577 176 73 2333 1460 1252 1930 1188 2089 724 2066 269 1850 2723 2562 2703 1794 2024 126 715 229 779 1415 430 2791 316 2366 2028 2137 2629 2565 2050 1671 2326 2431 887 893 908 152 2676 1022 2736 1079 2387 1809 1456 1747 2006 2006 1012 1682 806 2128 2500 2500 104 2605 1829 176 2772 1884 1460 2363 1718 29 802 2363 2723 794 30 1199 1021 2570 2582 2660 1146 797 30 1282 1188 1718 2772 2066 1920 887 361 2465 827 629 893 1354 489 2565 2629 661 539 361 2664 2243 1253 661 2336 2830 489 1492 977 1496 629 2357 2719 1788 1478 1728 2779 1504 392 1474 1921 1496 41 1065 2664 2416 2384 805 1736 2416 1847 2587 2356 1710 1921 2450 451 478 1245 1615 1437 1847 15 1865 1039 774 1710 2564 1578 2077 1617 2650 943 651 15 894 1950 774 1693 2660 2624 2313 2338 1027 286 228 62 1950 894 2803 1885 2090 1791 597 903 2543 375 1673 974 1356 601 318 556 18 2806 926 2037 297 594 2742 991 2297 1976 1205 387 1897 62 1852 1276 2803 2013 2212 1145 2339 1384 1152 643 341 1182 498 1281 2581 2033 2752 2141 1897 2013 2134 2513 2492 1210 1089 1697 1166 630 2572 242 2361 1182 2026 2314 1070 2141 276 275 2134 83 896 1547 2581 1826 2188 2528 2618 1628 1968 272 90 600 263 735 590 1476 490 1966 1700 2795 1070 83 1298 861 2231 2026 580 114 1547 1424 843 91 749 2022 2052 2476 1979 698 2010 1013 2470 2222 79 2382 1008 1266 2612 114 231 2795 2453 63 1298 944 1804 2269 1404 1631 2423 2790 944 2612 209 2488 1368 1817 285 480 631 2295 2190 1170 379 1229 2403 334 1229 220 2473 1494 431 2332 534 1387 10 1305 1714 2045 1487 686 1010 2394 1473 1830 1308 1947 837 1140 1366 625 404 2653 1772 1214 688 2813 770 687 2322 2360 1445 2031 1750 2650 867 2260 769 2033 1750 695 935 611 512 2776 2540 1251 2455 847 1751 2624 1494 2750 532 2190 1 273 2325 726 614 2258 1141 2680 1728 1478 1788 2719 240 2002 924 1078 2051 1706 2032 2541 847 2455 2610 885 645 1349 86 999 1416 54 2692 1157 719 2595 42 2163 971 992 417 1933 1542 1992 1917 2802 1455 453 1723 996 1100 682 130 2044 740 1725 138 1490 111 516 1796 425 2510 14 551 243 1625 1703 2376 1067 2235 1622 2683 2360 2322 687 770 1125 1592 562 1262 65 1162 1997 2408 2070 4 258 947 1371 128 1808 2079 983 1798 69 67 251 1603 555 136 558 637 2429 2086 2150 1498 1804 2790 173 1321 2736 571 351 77 1523 1740 2451 1196 1079 2638 2719 2357 1685 413 1298 2642 2430 233 102 2785 234 645 1771 369 2117 770 2813 2779 1728 2449 681 1520 1287 2191 728 2690 1690 1615 1245 478 451 1994 244 1628 2187 1463 2305 2372 1212 922 1583 2241 1889 1565 2828 1903 1258 400 908 893 887 2431 649 1751 847 2446 2713 920 1241 163 1776 2207 952 497 2009 1445 2360 997 818 709 112 1355 1330 281 1530 1985 502 1356 986 66 2778 647 601 227 828 1567 476 1703 1625 1622 2235 416 594 1738 1016 2390 1521 18 352 1636 2637 193 2396 2034 1017 1184 1491 1623 1499 795 249 78 2315 2418 1597 1250 2819 386 382 820 2103 742 315 2274 128 2238 1205 1270 2116 1210 504 322 2499 1698 1078 628 2002 2032 1133 2051 401 925 1614 1118 1138 2294 2534 1337 2380 1661 1594 2043 2120 1487 2112 1132 2394 244 764 1305 165 306 534 1238 1835 1753 1965 2291 2662 1942 2297 991 1030 606 1205 1976 863 1485 1329 1156 88 680 1193 1597 2418 76 2331 28 2562 2475 2046 2618 127 359 2610 1864 885 86 1086 999 2435 991 1730 2584 2767 2153 1629 363 1600 1922 1210 2492 630 1166 116 1449 1569 328 2499 717 1928 1965 1753 240 2680 2662 2291 494 1426 1601 2738 953 1091 1871 490 1476 2367 2470 1013 1551 1822 142 2010 501 1551 2547 2280 2346 75 2274 1454 600 90 81 446 6 1567 495 6 446 2643 809 1061 813 2146 634 749 91 2229 1096 1609 1474 433 1531 1930 269 2159 1347 38 544 1634 464 1035 1908 1363 1540 1823 2055 2688 1177 2203 523 1755 1571 2107 855 529 1440 684 792 449 1882 1554 2069 2101 528 1377 2167 2162 2727 1462 440 1986 432 1258 754 1183 349 1870 2241 795 2179 1217 2043 1231 784 2571 2250 2216 1046 2266 624 533 2497 1990 1982 324 2333 1604 1119 2485 860 2558 2577 28 1412 797 1012 1638 19 279 1303 2128 1930 1614 1188 2066 1118 269 2723 677 2562 176 823 2772 1718 1227 29 1460 646 2363 30 786 1199 629 2306 893 887 2173 361 2374 1041 2404 1710 701 1921 2416 2801 1847 2207 1389 2259 2204 1068 2713 2683 2146 813 1061 809 1125 1897 1505 62 2803 2170 2013 2382 2655 1719 1493 1569 1449 2341 941 288 2026 2133 580 114 2666 1547 1218 2599 526 1578 2385 1213 775 2655 817 259 1609 2120 2342 1414 1876 1344 2385 341 2114 1794 2686 2343 2805 1421 1572 9 599 2029 2809 2214 274 2437 1932 103 909 1890 995 1653 2548 2829 668 515 1783 698 2321 814 245 2270 627 1194 2355 1970 1753 1835 1942 2662 1774 2741 809 2643 634 2146 2078 2201 239 1711 1800 1292 2591 267 626 402 124 1956 592 1721 2793 2427 309 1296 602 2561 497 952 410 2645 245 2009 497 2412 1150 1410 484 31 1879 1785 517 958 1536 595 1045 583 760 586 531 1089 1210 2116 752 1166 1697 1454 2274 315 2651 2554 798 1893 1692 1539 288 2724 410 2187 1628 1757 466 38 1812 2529 90 272 590 735 765 1966 490 2063 116 91 843 2476 2052 1922 1260 2076 2526 2222 2470 1871 1859 1509 954 2308 2662 2680 240 1753 2545 2130 2146 2683 1125 809 2691 677 1351 616 356 2138 1412 1767 2337 818 281 1895 2796 431 909 103 1757 1628 2618 612 800 1380 1844 1066 2096 1184 2331 317 2311 2475 1499 597 1791 204 1226 2543 903 1489 2136 582 442 1786 2601 1593 2073 2792 2582 841 2660 525 1304 405 1104 405 614 2125 322 803 726 1593 2202 2017 146 505 477 854 283 2053 552 2694 1889 1531 2310 1971 2159 1903 706 2395 1557 1269 2809 2354 2293 2399 2495 2411 750 1056 2043 1594 1231 2709 1419 1730 2238 593 154 2083 1058 502 637 1057 17 1993 717 2499 1494 2140 431 1401 136 555 375 2538 303 1526 1545 2090 1343 1225 2018 1946 2289 1878 2350 277 1202 2282 2744 1390 631 716 2342 2024 1794 678 2737 1409 1685 624 2266 2780 1676 1977 2036 1284 1044 570 1214 2235 1067 2376 1703 404 2780 2688 2055 1208 2439 429 2284 373 1311 690 1178 2456 2115 68 1916 1192 1178 364 2619 68 1116 408 964 1929 714 1337 2534 2168 153 2335 2256 2260 744 443 1609 1096 798 82 2651 2330 2535 2093 1186 366 2303 1809 2387 1854 773 1022 2676 1423 2387 2566 1664 1022 1011 438 1055 255 1544 2138 336 358 1351 723 751 87 947 678 1794 2114 2070 1469 2593 501 660 2097 2769 1687 42 2336 1863 1998 1254 1626 2830 2595 2784 851 484 1410 1996 1831 1879 31 100 2536 2544 2621 1158 817 1093 1158 2621 150 1397 438 1761 1528 1131 2518 136 1401 570 856 230 270 791 1676 1567 6 1388 1322 6 495 580 164 1175 389 164 231 2764 386 2819 680 88 1555 26 1485 863 520 1597 1193 2704 2645 2724 2528 2188 573 744 2260 867 790 913 824 2728 2280 2547 526 2011 1218 2406 2384 2246 2412 1203 1652 369 1771 2504 817 1158 1220 1122 1158 1093 2036 1977 2588 1500 1044 1284 1023 2138 1544 723 1351 205 1372 1166 752 957 130 682 1569 2540 2776 2354 2809 2029 2628 1060 2254 386 2103 382 1469 1948 2593 698 660 2010 415 925 2172 292 1138 1974 2158 1080 2564 943 380 877 1116 68 2115 2456 1178 1192 245 2645 957 1758 964 408 1740 1130 572 1358 925 401 2294 1138 2472 751 771 87 2625 1864 2610 999 1086 872 823 149 2228 1434 1570 1227 1027 2280 2728 372 2421 922 2305 2175 2345 703 739 166 33 845 947 2070 381 435 221 1773 2747 2739 925 415 1974 1138 2773 1175 164 389 1321 1646 1446 1813 153 2712 168 885 1901 210 86 829 261 218 2150 2290 728 2191 899 698 1783 2270 245 957 2649 1391 2196 1032 105 2740 725 1653 995 515 668 51 811 2236 2727 1986 1126 1999 460 1419 293 287 593 1293 446 191 495 98 1057 876 2113 1058 2348 2355 1194 2764 293 1419 2709 154 593 287 17 1057 98 2348 1058 2083 1166 241 116 1350 1667 1828 2509 1626 1254 1998 1863 2106 1711 239 2542 160 1956 124 2427 2793 1374 1854 2387 1423 1011 1022 773 1698 2499 1928 359 127 1451 1552 1296 309 229 964 357 407 2735 2368 1536 958 2606 583 1045 910 1318 586 760 709 791 2501 548 856 1330 2094 1304 2462 346 2073 1051 616 1351 465 1577 2138 356 501 1822 1551 1685 2461 662 665 1226 1629 2153 204 1635 2647 253 2726 2180 383 1886 2016 2144 1527 2574 841 2582 363 1044 1500 2588 1977 2767 2380 271 2669 546 626 267 2591 1292 2486 702 2786 219 906 1514 821 2620 2557 747 455 1072 39 109 1695 2071 1319 767 300 51 668 719 2163 1653 725 210 1086 86 885 1864 1901 765 1534 941 1165 1987 2076 1915 2144 2016 1916 68 1894 1301 1178 690 2258 626 546 2486 1292 2325 646 874 1480 1922 1136 1210 1822 838 2529 439 2429 637 502 1985 696 813 1636 352 2034 2396 1061 123 452 786 1890 1397 150 1992 2786 702 821 1514 1455 2498 907 560 780 693 739 2259 1389 1679 1147 1068 2204 2501 791 270 230 856 548 2599 707 2748 1079 1196 2566 1664 571 2736 2003 120 2731 2219 907 2498 2401 2289 2020 1431 1225 2041 4 1160 2777 2614 1941 258 2432 277 1866 718 2744 1128 423 657 648 899 660 698 282 693 2053 1388 6 1322 290 821 2802 1917 702 1207 1083 2457 1542 2520 800 612 1397 1055 438 1741 2402 2014 288 941 2724 2510 1369 1381 1088 618 1490 138 978 2721 1988 942 14 111 618 578 1042 1369 425 851 1857 472 2266 2688 2780 1912 452 1544 34 1249 2769 723 874 2549 2775 657 423 1947 1308 175 453 463 2684 803 1698 918 1372 241 1166 2429 2788 378 1326 1702 1985 2291 1035 464 1823 1540 1965 1527 2144 1552 2323 2429 439 696 1985 697 2690 728 61 953 804 949 2656 962 1426 2196 1391 306 165 105 1032 1531 401 1930 269 2294 2159 2527 2236 2797 857 1126 2576 2247 198 400 649 2312 24 161 1086 210 1901 1864 2514 2562 616 2475 2331 356 28 1696 830 989 1002 870 1104 2202 2556 2479 2183 567 1732 1373 2275 2417 2650 969 943 2241 2059 1889 1903 547 1258 1652 1203 1758 229 715 1929 2545 1753 1970 1774 2662 2308 437 455 691 2816 747 1590 1398 2005 289 2061 2469 2732 1734 1319 2001 129 2071 524 1705 1570 415 1974 149 1834 2374 2635 1041 2250 1909 2216 2078 2146 2130 2691 809 2741 2318 122 1327 1812 38 1754 551 942 1819 1180 978 1725 1962 640 2707 1029 2140 1494 2483 565 1206 2802 821 1455 1210 1136 504 1992 702 1917 1870 2059 2241 1258 547 754 1542 2457 1992 2070 1160 4 258 1941 947 1490 618 111 425 1369 2510 1725 978 138 14 942 551 1481 2011 1393 1220 1158 1122 1094 879 1627 662 2461 1507 2739 1434 1614 1118 2228 2773 1455 463 453 909 1397 1890 884 144 2 2228 149 2773 1981 812 781 2386 628 1078 2051 1133 541 2739 1570 1434 266 2395 706 2487 1228 1938 64 2351 981 2025 481 2129 1309 1666 587 877 380 2509 2106 1080 2158 1557 2395 2808 1544 452 1023 205 874 723 2724 2645 410 2122 1111 1303 1638 965 180 43 1842 1760 166 447 2276 1023 123 1412 677 1480 205 1044 1239 570 1676 2658 1977 795 1459 2179 1754 2383 1003 2782 641 992 2593 381 2070 947 845 751 981 2351 1554 306 1391 534 1305 105 165 2010 660 501 663 2421 2447 2209 2175 1955 1498 990 1561 992 641 417 1755 1666 1309 855 481 2025 656 1235 173 1217 2292 973 2485 1605 1477 1990 1553 755 784 265 860 415 1570 2739 2773 149 1974 2363 1480 2723 1188 1434 1718 2772 2228 2066 797 123 30 2333 1989 1460 65 1533 1162 535 1954 1986 2727 2761 278 322 1698 803 2013 1507 2134 2141 1094 1897 2650 1750 121 2615 2292 2179 1480 874 205 1003 2383 1028 1050 2761 2162 432 1954 2298 1023 452 123 2430 1150 233 102 1785 2785 1593 2556 2202 1104 870 405 1554 2351 2069 2577 1433 176 2101 2365 529 1882 1037 2203 1723 1529 996 1033 1692 1394 2179 2292 1217 2652 1533 65 523 1666 1755 2107 481 855 1231 265 784 1119 1605 2485 2497 1553 1990 860 265 2558 2723 1480 677 2066 2228 1118 1614 1434 1188 1412 123 797 646 1480 2363 30 123 786 1718 1434 1227 823 2228 2772 1460 1989 646 324 1989 2333 2784 1857 851 2769 1249 1687 1758 1203 964 2504 1771 1839 1495 144 884 303 1776 163 1241 920 1526 2140 2536 100 2170 1507 2013 1897 1094 1505 1986 1954 432 2162 2761 2727 1199 1406 1604 176 1433 823 2558 1433 2577 2203 1037 523 529 2365 1440 449 1037 1882 1997 1066 1844 2069 2365 2101 786 1406 1199 1604 1406 1119 1029 1494 2624 2053 693 1880 1499 1459 795 1227 1103 29 533 1103 2497 2642 2218 2430 1955 2175 2305 922 2421 663 2 144 1349 1498 218 990 973 565 2309 16 218 261 2785 2804 234 947 87 1371 25 2567 958 1446 1646 768 342 1540 1363 1908 1035 370 2529 838 90 735 1534 765 2148 1708 1250 2408 1469 2070 29 1103 533 1235 1646 173 172 2532 290 1207 619 1602 54 743 2692 2221 913 790 2309 2483 57 28 356 1412 677 616 2562 1592 1773 562 1267 5 982 1275 2515 638 1515 1331 1409 1474 1609 259 2509 380 1626 1863 1080 2106 2125 812 322 1929 715 409 1798 810 69 1012 965 1638 1303 1111 2128 781 812 2125 251 1669 1603 983 148 1798 67 2286 251 562 889 1262 750 960 1588 215 1639 2399 2738 804 953 1426 962 1601 751 845 350 376 381 2593 405 1304 2094 1051 2073 1593 400 620 2247 24 2424 649 739 447 166 303 2538 644 2131 1545 1526 233 1150 2663 1621 1785 102 114 248 2666 2495 1639 2208 2596 960 2411 2675 2396 193 2637 1636 506 2445 2235 1214 404 1703 2525 2808 2753 1557 121 969 2650 2074 514 50 2132 2248 2173 2306 1701 2304 1118 2294 269 1930 401 1614 2765 2590 1725 551 1071 886 1394 1692 1893 2134 2461 83 1070 879 2141 2264 913 514 2366 1377 528 989 177 1524 1571 2147 2107 2323 2788 2429 1985 1702 697 701 2697 1921 2416 2119 2801 832 122 2346 2173 2248 361 629 1701 2306 1687 253 2647 1886 383 2784 2796 2312 2431 908 198 1767 2623 2358 425 111 323 488 1462 2236 2527 2576 1126 440 1499 2475 2252 493 2331 1184 1833 1531 1889 1903 2159 1453 2660 1645 2624 618 1579 578 942 8 1819 1042 2511 1369 1180 2630 978 1259 2280 1027 156 190 1194 62 2640 1950 894 1352 2803 1179 990 16 768 1235 196 994 2806 1942 1835 297 2503 848 318 634 2643 974 1411 2033 1741 1750 2128 1111 2500 2006 965 1012 50 514 2221 1889 2059 1833 1453 547 1903 395 1529 1723 2298 155 1275 982 1348 1050 558 136 1575 22 1528 1099 1069 2788 2323 697 1702 2391 954 1060 1807 1468 707 2599 1078 1978 1113 1683 2352 2051 1270 1905 872 610 1130 1523 2651 82 1285 2625 1672 2435 1366 1140 1667 2475 616 2252 493 356 2331 341 1244 1182 2581 2402 2033 290 2532 821 702 619 1207 1891 2218 2642 234 2804 946 490 1632 2063 2159 2294 1453 1833 401 1531 2300 540 2668 2508 1732 1019 2586 1373 188 719 668 1613 2589 1653 2163 116 1503 91 2052 1560 1922 2325 1292 1818 1237 626 2258 1752 1822 501 1409 413 1685 2712 153 2168 830 177 989 1773 486 562 1807 1060 2628 338 791 709 1330 856 365 2612 248 114 1381 2370 866 2023 1168 1088 1924 842 2718 2380 1337 2519 1189 2688 2266 311 1044 363 2767 1977 2648 2292 565 973 1371 87 1219 2724 941 1937 503 1469 2408 1088 1168 618 1369 2370 1381 294 2000 1162 1331 413 1409 1160 607 2777 204 1791 1635 665 2543 1226 2614 1101 1941 1988 1439 942 978 673 2721 2041 1225 1343 1878 2289 2401 316 1377 2366 1202 277 2432 1128 2744 2282 2721 673 2452 2329 1439 1988 463 1101 2684 2542 1130 610 1083 607 2457 1712 362 1049 466 2139 1980 1614 925 2739 2773 1138 1118 2141 879 1094 1507 2461 2134 2309 565 2483 699 392 832 1698 137 918 2656 2460 72 1827 2195 949 823 1433 2575 476 2234 1703 2235 2211 416 1018 2762 1747 104 1120 2272 1173 2005 1398 2372 628 2386 541 1133 1212 2732 2469 871 941 1534 1937 2219 2253 907 1050 1348 2761 1954 155 2298 2692 743 1053 2631 1055 1397 1667 1140 482 205 1351 677 1412 2138 1023 646 1989 1176 2777 607 1083 1205 1905 1270 1752 838 1822 2684 1101 2614 2120 2340 1487 2252 1459 1499 2727 2236 1462 440 1126 1986 918 137 675 447 1900 2276 2747 1773 1592 1767 198 2337 1895 2312 2796 2435 1672 991 2216 2005 2571 2404 2469 2374 5 1348 982 1275 155 2515 2276 1900 310 2500 85 104 1747 2602 2006 2639 1103 1227 2431 2312 649 400 198 908 2631 1397 909 991 1672 1030 1950 2640 479 23 1352 894 606 1905 1205 57 2147 1571 2688 89 1177 1162 1066 1997 2725 1406 786 1505 2640 62 2803 1352 2170 2063 1632 659 2033 2402 1741 1776 1770 2207 2713 2299 920 1219 771 1957 1007 1948 503 1611 13 2439 373 1872 132 1921 2697 1496 2664 2119 2416 562 486 956 1496 1701 629 361 2248 2664 654 2248 2132 2304 1701 1654 2669 271 206 2050 2275 2586 1019 567 2137 2284 1872 373 2439 13 429 310 761 37 158 1467 75 404 1365 2653 1772 1887 1214 2652 1669 1533 1 394 2554 311 1239 1044 1977 2658 2648 1523 1130 1740 2571 2005 1173 1635 1791 508 1483 2543 665 871 2469 2404 1194 190 2764 1957 1909 2250 1041 2635 1007 1750 1741 121 1214 1887 2445 2525 1365 404 2483 2147 57 2109 2139 1812 1287 362 1868 964 1203 357 2366 579 160 1374 313 779 69 810 1891 946 2286 67 1168 1579 618 1369 2511 2370 2254 1060 1509 669 544 444 173 1646 1321 2346 122 2318 2150 218 1498 2553 148 983 1603 1669 2652 1150 2253 2663 1665 1816 316 1439 8 942 978 2630 673 1156 1345 88 1485 2827 1329 944 1331 2612 967 1786 475 58 2136 345 1621 889 1785 1509 1060 954 2370 2511 1862 1923 1579 1168 1626 380 224 2482 1080 1863 2663 2253 2219 1298 413 944 841 1645 2660 1440 2365 1777 2152 1037 449 1262 889 1621 1111 85 2500 2006 2602 965 1756 805 2384 1942 2806 1521 1738 297 1835 634 318 647 986 974 2643 2804 2286 946 1415 2067 2178 1891 810 2218 1978 1816 1665 322 812 1451 1732 567 1019 2586 2275 1373 503 1948 1469 953 2195 2227 574 2460 1426 87 771 1219 104 85 1120 2762 2602 1747 673 2630 873 1234 8 1439 2612 1331 248 2764 190 386 2157 1101 463 24 2312 1895 2337 198 2247 2554 394 798 310 1900 761 160 579 146 854 313 1374 2457 607 1633 1945 1345 1156 771 1909 1957 2697 1701 1496 2664 2248 2119 1329 2827 96 1007 2635 1948 647 318 601 1356 974 986 1521 2806 18 594 297 1738 37 761 1845 2389 1467 158 1812 2139 466 1049 362 1287 116 241 1503 1928 137 1698 2624 1645 1029 958 2567 2606 578 323 111 425 2358 1042 2575 149 823 944 413 1331 2000 1066 1162 1706 2067 1815 990 218 16 768 1646 1235 1176 874 646 924 1816 1978 924 1978 1078 2051 2352 1706 1819 1071 551 1725 2590 1180 1227 1570 2639 2076 1987 1403 2178 2067 2352 2096 1066 2000 2411 960 750 2399 1639 2495 38 2383 1754 786 452 2725 1560 1136 1922 1426 2460 2656 949 2195 953 514 913 2221 1634 2383 38 2279 1348 5 2515 155 2405 2445 2211 2235 1703 2234 2525 175 1345 1945 96 2827 2775 1503 241 360 1533 1669 2164 2167 1816 924 2352 2067 1706 633 2147 2483 117 1352 23 479 2640 2743 484 2253 1150 2415 1136 1560 1785 889 31 2798 2286 2804 2218 810 2193 2307 1770 1776 920 2299 799 1189 89 2688 248 1331 1515 1120 85 1364 1630 2602 2762 761 1900 393 61 728 581 581 728 2290 1073 1909 771 1948 2635 2506 1654 1701 2697 2119 2248 654 2167 1377 1816 1650 767 1319 2071 1695 2698 427 1072 455 747 2557 199 221 486 1773 2753 652 1325 458 1645 841 1816 1377 316 
        </DataArray>
        <DataArray type="Int32" Name="offsets" format="ascii">
          3 6 9 12 15 18 21 24 27 30 33 36 39 42 45 48 51 54 57 60 63 66 69 72 75 78 81 84 87 90 93 96 99 102 105 108 111 114 117 120 123 126 129 132 135 138 141 144 147 150 153 156 159 162 165 168 171 174 177 180 183 186 189 192 195 198 201 204 207 210 213 216 219 222 225 228 231 234 237 240 243 246 249 252 255 258 261 264 267 270 273 276 279 282 285 288 291 294 297 300 303 306 309 312 315 318 321 324 327 330 333 336 339 342 345 348 351 354 357 360 363 366 369 372 375 378 381 384 387 390 393 396 399 402 405 408 411 414 417 420 423 426 429 432 435 438 441 444 447 450 453 456 459 462 465 468 471 474 477 480 483 486 489 492 495 498 501 504 507 510 513 516 519 522 525 528 531 534 537 540 543 546 549 552 555 558 561 564 567 570 573 576 579 582 585 588 591 594 597 600 603 606 609 612 615 618 621 624 627 630 633 636 639 642 645 648 651 654 657 660 663 666 669 672 675 678 681 684 687 690 693 696 699 702 705 708 711 714 717 720 723 726 729 732 735 738 741 744 747 750 753 756 759 762 765 768 771 774 777 780 783 786 789 792 795 798 801 804 807 810 813 816 819 822 825 828 831 834 837 840 843 846 849 852 855 858 861 864 867 870 873 876 879 882 885 888 891 894 897 900 903 906 909 912 915 918 921 924 927 930 933 936 939 942 945 948 951 954 957 960 963 966 969 972 975 978 981 984 987 990 993 996 999 1002 1005 1008 1011 1014 1017 1020 1023 1026 1029 1032 1035 1038 1041 1044 1047 1050 1053 1056 1059 1062 1065 1068 1071 1074 1077 1080 1083 1086 1089 1092 1095 1098 1101 1104 1107 1110 1113 1116 1119 1122 1125 1128 1131 1134 1137 1140 1143 1146 1149 1152 1155 1158 1161 1164 1167 1170 1173 1176 1179 1182 1185 1188 1191 1194 1197 1200 1203 1206 1209 1212 1215 1218 1221 1224 1227 1230 1233 1236 1239 1242 1245 1248 1251 1254 1257 1260 1263 1266 1269 1272 1275 1278 1281 1284 1287 1290 1293 1296 1299 1302 1305 1308 1311 1314 1317 1320 1323 1326 1329 1332 1335 1338 1341 1344 1347 1350 1353 1356 1359 1362 1365 1368 1371 1374 1377 1380 1383 1386 1389 1392 1395 1398 1401 1404 1407 1410 1413 1416 1419 1422 1425 1428 1431 1434 1437 1440 1443 1446 1449 1452 1455 1458 1461 1464 1467 1470 1473 1476 1479 1482 1485 1488 1491 1494 1497 1500 1503 1506 1509 1512 1515 1518 1521 1524 1527 1530 1533 1536 1539 1542 1545 1548 1551 1554 1557 1560 1563 1566 1569 1572 1575 1578 1581 1584 1587 1590 1593 1596 1599 1602 1605 1608 1611 1614 1617 1620 1623 1626 1629 1632 1635 1638 1641 1644 1647 1650 1653 1656 1659 1662 1665 1668 1671 1674 1677 1680 1683 1686 1689 1692 1695 1698 1701 1704 1707 1710 1713 1716 1719 1722 1725 1728 1731 1734 1737 1740 1743 1746 1749 1752 1755 1758 1761 1764 1767 1770 1773 1776 1779 1782 1785 1788 1791 1794 1797 1800 1803 1806 1809 1812 1815 1818 1821 1824 1827 1830 1833 1836 1839 1842 1845 1848 1851 1854 1857 1860 1863 1866 1869 1872 1875 1878 1881 1884 1887 1890 1893 1896 1899 1902 1905 1908 1911 1914 1917 1920 1923 1926 1929 1932 1935 1938 1941 1944 1947 1950 1953 1956 1959 1962 1965 1968 1971 1974 1977 1980 1983 1986 1989 1992 1995 1998 2001 2004 2007 2010 2013 2016 2019 2022 2025 2028 2031 2034 2037 2040 2043 2046 2049 2052 2055 2058 2061 2064 2067 2070 2073 2076 2079 2082 2085 2088 2091 2094 2097 2100 2103 2106 2109 2112 2115 2118 2121 2124 2127 2130 2133 2136 2139 2142 2145 2148 2151 2154 2157 2160 2163 2166 2169 2172 2175 2178 2181 2184 2187 2190 2193 2196 2199 2202 2205 2208 2211 2214 2217 2220 2223 2226 2229 2232 2235 2238 2241 2244 2247 2250 2253 2256 2259 2262 2265 2268 2271 2274 2277 2280 2283 2286 2289 2292 2295 2298 2301 2304 2307 2310 2313 2316 2319 2322 2325 2328 2331 2334 2337 2340 2343 2346 2349 2352 2355 2358 2361 2364 2367 2370 2373 2376 2379 2382 2385 2388 2391 2394 2397 2400 2403 2406 2409 2412 2415 2418 2421 2424 2427 2430 2433 2436 2439 2442 2445 2448 2451 2454 2457 2460 2463 2466 2469 2472 2475 2478 2481 2484 2487 2490 2493 2496 2499 2502 2505 2508 2511 2514 2517 2520 2523 2526 2529 2532 2535 2538 2541 2544 2547 2550 2553 2556 2559 2562 2565 2568 2571 2574 2577 2580 2583 2586 2589 2592 2595 2598 2601 2604 2607 2610 2613 2616 2619 2622 2625 2628 2631 2634 2637 2640 2643 2646 2649 2652 2655 2658 2661 2664 2667 2670 2673 2676 2679 2682 2685 2688 2691 2694 2697 2700 2703 2706 2709 2712 2715 2718 2721 2724 2727 2730 2733 2736 2739 2742 2745 2748 2751 2754 2757 2760 2763 2766 2769 2772 2775 2778 2781 2784 2787 2790 2793 2796 2799 2802 2805 2808 2811 2814 2817 2820 2823 2826 2829 2832 2835 2838 2841 2844 2847 2850 2853 2856 2859 2862 2865 2868 2871 2874 2877 2880 2883 2886 2889 2892 2895 2898 2901 2904 2907 2910 2913 2916 2919 2922 2925 2928 2931 2934 2937 2940 2943 2946 2949 2952 2955 2958 2961 2964 2967 2970 2973 2976 2979 2982 2985 2988 2991 2994 2997 3000 3003 3006 3009 3012 3015 3018 3021 3024 3027 3030 3033 3036 3039 3042 3045 3048 3051 3054 3057 3060 3063 3066 3069 3072 3075 3078 3081 3084 3087 3090 3093 3096 3099 3102 3105 3108 3111 3114 3117 3120 3123 3126 3129 3132 3135 3138 3141 3144 3147 3150 3153 3156 3159 3162 3165 3168 3171 3174 3177 3180 3183 3186 3189 3192 3195 3198 3201 3204 3207 3210 3213 3216 3219 3222 3225 3228 3231 3234 3237 3240 3243 3246 3249 3252 3255 3258 3261 3264 3267 3270 3273 3276 3279 3282 3285 3288 3291 3294 3297 3300 3303 3306 3309 3312 3315 3318 3321 3324 3327 3330 3333 3336 3339 3342 3345 3348 3351 3354 3357 3360 3363 3366 3369 3372 3375 3378 3381 3384 3387 3390 3393 3396 3399 3402 3405 3408 3411 3414 3417 3420 3423 3426 3429 3432 3435 3438 3441 3444 3447 3450 3453 3456 3459 3462 3465 3468 3471 3474 3477 3480 3483 3486 3489 3492 3495 3498 3501 3504 3507 3510 3513 3516 3519 3522 3525 3528 3531 3534 3537 3540 3543 3546 3549 3552 3555 3558 3561 3564 3567 3570 3573 3576 3579 3582 3585 3588 3591 3594 3597 3600 3603 3606 3609 3612 3615 3618 3621 3624 3627 3630 3633 3636 3639 3642 3645 3648 3651 3654 3657 3660 3663 3666 3669 3672 3675 3678 3681 3684 3687 3690 3693 3696 3699 3702 3705 3708 3711 3714 3717 3720 3723 3726 3729 3732 3735 3738 3741 3744 3747 3750 3753 3756 3759 3762 3765 3768 3771 3774 3777 3780 3783 3786 3789 3792 3795 3798 3801 3804 3807 3810 3813 3816 3819 3822 3825 3828 3831 3834 3837 3840 3843 3846 3849 3852 3855 3858 3861 3864 3867 3870 3873 3876 3879 3882 3885 3888 3891 3894 3897 3900 3903 3906 3909 3912 3915 3918 3921 3924 3927 3930 3933 3936 3939 3942 3945 3948 3951 3954 3957 3960 3963 3966 3969 3972 3975 3978 3981 3984 3987 3990 3993 3996 3999 4002 4005 4008 4011 4014 4017 4020 4023 4026 4029 4032 4035 4038 4041 4044 4047 4050 4053 4056 4059 4062 4065 4068 4071 4074 4077 4080 4083 4086 4089 4092 4095 4098 4101 4104 4107 4110 4113 4116 4119 4122 4125 4128 4131 4134 4137 4140 4143 4146 4149 4152 4155 4158 4161 4164 4167 4170 4173 4176 4179 4182 4185 4188 4191 4194 4197 4200 4203 4206 4209 4212 4215 4218 4221 4224 4227 4230 4233 4236 4239 4242 4245 4248 4251 4254 4257 4260 4263 4266 4269 4272 4275 4278 4281 4284 4287 4290 4293 4296 4299 4302 4305 4308 4311 4314 4317 4320 4323 4326 4329 4332 4335 4338 4341 4344 4347 4350 4353 4356 4359 4362 4365 4368 4371 4374 4377 4380 4383 4386 4389 4392 4395 4398 4401 4404 4407 4410 4413 4416 4419 4422 4425 4428 4431 4434 4437 4440 4443 4446 4449 4452 4455 4458 4461 4464 4467 4470 4473 4476 4479 4482 4485 4488 4491 4494 4497 4500 4503 4506 4509 4512 4515 4518 4521 4524 4527 4530 4533 4536 4539 4542 4545 4548 4551 4554 4557 4560 4563 4566 4569 4572 4575 4578 4581 4584 4587 4590 4593 4596 4599 4602 4605 4608 4611 4614 4617 4620 4623 4626 4629 4632 4635 4638 4641 4644 4647 4650 4653 4656 4659 4662 4665 4668 4671 4674 4677 4680 4683 4686 4689 4692 4695 4698 4701 4704 4707 4710 4713 4716 4719 4722 4725 4728 4731 4734 4737 4740 4743 4746 4749 4752 4755 4758 4761 4764 4767 4770 4773 4776 4779 4782 4785 4788 4791 4794 4797 4800 4803 4806 4809 4812 4815 4818 4821 4824 4827 4830 4833 4836 4839 4842 4845 4848 4851 4854 4857 4860 4863 4866 4869 4872 4875 4878 4881 4884 4887 4890 4893 4896 4899 4902 4905 4908 4911 4914 4917 4920 4923 4926 4929 4932 4935 4938 4941 4944 4947 4950 4953 4956 4959 4962 4965 4968 4971 4974 4977 4980 4983 4986 4989 4992 4995 4998 5001 5004 5007 5010 5013 5016 5019 5022 5025 5028 5031 5034 5037 5040 5043 5046 5049 5052 5055 5058 5061 5064 5067 5070 5073 5076 5079 5082 5085 5088 5091 5094 5097 5100 5103 5106 5109 5112 5115 5118 5121 5124 5127 5130 5133 5136 5139 5142 5145 5148 5151 5154 5157 5160 5163 5166 5169 5172 5175 5178 5181 5184 5187 5190 5193 5196 5199 5202 5205 5208 5211 5214 5217 5220 5223 5226 5229 5232 5235 5238 5241 5244 5247 5250 5253 5256 5259 5262 5265 5268 5271 5274 5277 5280 5283 5286 5289 5292 5295 5298 5301 5304 5307 5310 5313 5316 5319 5322 5325 5328 5331 5334 5337 5340 5343 5346 5349 5352 5355 5358 5361 5364 5367 5370 5373 5376 5379 5382 5385 5388 5391 5394 5397 5400 5403 5406 5409 5412 5415 5418 5421 5424 5427 5430 5433 5436 5439 5442 5445 5448 5451 5454 5457 5460 5463 5466 5469 5472 5475 5478 5481 5484 5487 5490 5493 5496 5499 5502 5505 5508 5511 5514 5517 5520 5523 5526 5529 5532 5535 5538 5541 5544 5547 5550 5553 5556 5559 5562 5565 5568 5571 5574 5577 5580 5583 5586 5589 5592 5595 5598 5601 5604 5607 5610 5613 5616 5619 5622 5625 5628 5631 5634 5637 5640 5643 5646 5649 5652 5655 5658 5661 5664 5667 5670 5673 5676 5679 5682 5685 5688 5691 5694 5697 5700 5703 5706 5709 5712 5715 5718 5721 5724 5727 5730 5733 5736 5739 5742 5745 5748 5751 5754 5757 5760 5763 5766 5769 5772 5775 5778 5781 5784 5787 5790 5793 5796 5799 5802 5805 5808 5811 5814 5817 5820 5823 5826 5829 5832 5835 5838 5841 5844 5847 5850 5853 5856 5859 5862 5865 5868 5871 5874 5877 5880 5883 5886 5889 5892 5895 5898 5901 5904 5907 5910 5913 5916 5919 5922 5925 5928 5931 5934 5937 5940 5943 5946 5949 5952 5955 5958 5961 5964 5967 5970 5973 5976 5979 5982 5985 5988 5991 5994 5997 6000 6003 6006 6009 6012 6015 6018 6021 6024 6027 6030 6033 6036 6039 6042 6045 6048 6051 6054 6057 6060 6063 6066 6069 6072 6075 6078 6081 6084 6087 6090 6093 6096 6099 6102 6105 6108 6111 6114 6117 6120 6123 6126 6129 6132 6135 6138 6141 6144 6147 6150 6153 6156 6159 6162 6165 6168 6171 6174 6177 6180 6183 6186 6189 6192 6195 6198 6201 6204 6207 6210 6213 6216 6219 6222 6225 6228 6231 6234 6237 6240 6243 6246 6249 6252 6255 6258 6261 6264 6267 6270 6273 6276 6279 6282 6285 6288 6291 6294 6297 6300 6303 6306 6309 6312 6315 6318 6321 6324 6327 6330 6333 6336 6339 6342 6345 6348 6351 6354 6357 6360 6363 6366 6369 6372 6375 6378 6381 6384 6387 6390 6393 6396 6399 6402 6405 6408 6411 6414 6417 6420 6423 6426 6429 6432 6435 6438 6441 6444 6447 6450 6453 6456 6459 6462 6465 6468 6471 6474 6477 6480 6483 6486 6489 6492 6495 6498 6501 6504 6507 6510 6513 6516 6519 6522 6525 6528 6531 6534 6537 6540 6543 6546 6549 6552 6555 6558 6561 6564 6567 6570 6573 6576 6579 6582 6585 6588 6591 6594 6597 6600 6603 6606 6609 6612 6615 6618 6621 6624 6627 6630 6633 6636 6639 6642 6645 6648 6651 6654 6657 6660 6663 6666 6669 6672 6675 6678 6681 6684 6687 6690 6693 6696 6699 6702 6705 6708 6711 6714 6717 6720 6723 6726 6729 6732 6735 6738 6741 6744 6747 6750 6753 6756 6759 6762 6765 6768 6771 6774 6777 6780 6783 6786 6789 6792 6795 6798 6801 6804 6807 6810 6813 6816 6819 6822 6825 6828 6831 6834 6837 6840 6843 6846 6849 6852 6855 6858 6861 6864 6867 6870 6873 6876 6879 6882 6885 6888 6891 6894 6897 6900 6903 6906 6909 6912 6915 6918 6921 6924 6927 6930 6933 6936 6939 6942 6945 6948 6951 6954 6957 6960 6963 6966 6969 6972 6975 6978 6981 6984 6987 6990 6993 6996 6999 7002 7005 7008 7011 7014 7017 7020 7023 7026 7029 7032 7035 7038 7041 7044 7047 7050 7053 7056 7059 7062 7065 7068 7071 7074 7077 7080 7083 7086 7089 7092 7095 7098 7101 7104 7107 7110 7113 7116 7119 7122 7125 7128 7131 7134 7137 7140 7143 7146 7149 7152 7155 7158 7161 7164 7167 7170 7173 7176 7179 7182 7185 7188 7191 7194 7197 7200 7203 7206 7209 7212 7215 7218 7221 7224 7227 7230 7233 7236 7239 7242 7245 7248 7251 7254 7257 7260 7263 7266 7269 7272 7275 7278 7281 7284 7287 7290 7293 7296 7299 7302 7305 7308 7311 7314 7317 7320 7323 7326 7329 7332 7335 7338 7341 7344 7347 7350 7353 7356 7359 7362 7365 7368 7371 7374 7377 7380 7383 7386 7389 7392 7395 7398 7401 7404 7407 7410 7413 7416 7419 7422 7425 7428 7431 7434 7437 7440 7443 7446 7449 7452 7455 7458 7461 7464 7467 7470 7473 7476 7479 7482 7485 7488 7491 7494 7497 7500 7503 7506 7509 7512 7515 7518 7521 7524 7527 7530 7533 7536 7539 7542 7545 7548 7551 7554 7557 7560 7563 7566 7569 7572 7575 7578 7581 7584 7587 7590 7593 7596 7599 7602 7605 7608 7611 7614 7617 7620 7623 7626 7629 7632 7635 7638 7641 7644 7647 7650 7653 7656 7659 7662 7665 7668 7671 7674 7677 7680 7683 7686 7689 7692 7695 7698 7701 7704 7707 7710 7713 7716 7719 7722 7725 7728 7731 7734 7737 7740 7743 7746 7749 7752 7755 7758 7761 7764 7767 7770 7773 7776 7779 7782 7785 7788 7791 7794 7797 7800 7803 7806 7809 7812 7815 7818 7821 7824 7827 7830 7833 7836 7839 7842 7845 7848 7851 7854 7857 7860 7863 7866 7869 7872 7875 7878 7881 7884 7887 7890 7893 7896 7899 7902 7905 7908 7911 7914 7917 7920 7923 7926 7929 7932 7935 7938 7941 7944 7947 7950 7953 7956 7959 7962 7965 7968 7971 7974 7977 7980 7983 7986 7989 7992 7995 7998 8001 8004 8007 8010 8013 8016 8019 8022 8025 8028 8031 8034 8037 8040 8043 8046 8049 8052 8055 8058 8061 8064 8067 8070 8073 8076 8079 8082 8085 8088 8091 8094 8097 8100 8103 8106 8109 8112 8115 8118 8121 8124 8127 8130 8133 8136 8139 8142 8145 8148 8151 8154 8157 8160 8163 8166 8169 8172 8175 8178 8181 8184 8187 8190 8193 8196 8199 8202 8205 8208 8211 8214 8217 8220 8223 8226 8229 8232 8235 8238 8241 8244 8247 8250 8253 8256 8259 8262 8265 8268 8271 8274 8277 8280 8283 8286 8289 8292 8295 8298 8301 8304 8307 8310 8313 8316 8319 8322 8325 8328 8331 8334 8337 8340 8343 8346 8349 8352 8355 8358 8361 8364 8367 8370 8373 8376 8379 8382 8385 8388 8391 8394 8397 8400 8403 8406 8409 8412 8415 8418 8421 8424 8427 8430 8433 8436 8439 8442 8445 8448 8451 8454 8457 8460 8463 8466 8469 8472 8475 8478 8481 8484 8487 8490 8493 8496 8499 8502 8505 8508 8511 8514 8517 8520 8523 8526 8529 8532 8535 8538 8541 8544 8547 8550 8553 8556 8559 8562 8565 8568 8571 8574 8577 8580 8583 8586 8589 8592 8595 8598 8601 8604 8607 8610 8613 8616 8619 8622 8625 8628 8631 8634 8637 8640 8643 8646 8649 8652 8655 8658 8661 8664 8667 8670 8673 8676 8679 8682 8685 8688 8691 8694 8697 8700 8703 8706 8709 8712 8715 8718 8721 8724 8727 8730 8733 8736 8739 8742 8745 8748 8751 8754 8757 8760 8763 8766 8769 8772 8775 8778 8781 8784 8787 8790 8793 8796 8799 8802 8805 8808 8811 8814 8817 8820 8823 8826 8829 8832 8835 8838 8841 8844 8847 8850 8853 8856 8859 8862 8865 8868 8871 8874 8877 8880 8883 8886 8889 8892 8895 8898 8901 8904 8907 8910 8913 8916 8919 8922 8925 8928 8931 8934 8937 8940 8943 8946 8949 8952 8955 8958 8961 8964 8967 8970 8973 8976 8979 8982 8985 8988 8991 8994 8997 9000 9003 9006 9009 9012 9015 9018 9021 9024 9027 9030 9033 9036 9039 9042 9045 9048 9051 9054 9057 9060 9063 9066 9069 9072 9075 9078 9081 9084 9087 9090 9093 9096 9099 9102 9105 9108 9111 9114 9117 9120 9123 9126 9129 9132 9135 9138 9141 9144 9147 9150 9153 9156 9159 9162 9165 9168 9171 9174 9177 9180 9183 9186 9189 9192 9195 9198 9201 9204 9207 9210 9213 9216 9219 9222 9225 9228 9231 9234 9237 9240 9243 9246 9249 9252 9255 9258 9261 9264 9267 9270 9273 9276 9279 9282 9285 9288 9291 9294 9297 9300 9303 9306 9309 9312 9315 9318 9321 9324 9327 9330 9333 9336 9339 9342 9345 9348 9351 9354 9357 9360 9363 9366 9369 9372 9375 9378 9381 9384 9387 9390 9393 9396 9399 9402 9405 9408 9411 9414 9417 9420 9423 9426 9429 9432 9435 9438 9441 9444 9447 9450 9453 9456 9459 9462 9465 9468 9471 9474 9477 9480 9483 9486 9489 9492 9495 9498 9501 9504 9507 9510 9513 9516 9519 9522 9525 9528 9531 9534 9537 9540 9543 9546 9549 9552 9555 9558 9561 9564 9567 9570 9573 9576 9579 9582 9585 9588 9591 9594 9597 9600 9603 9606 9609 9612 9615 9618 9621 9624 9627 9630 9633 9636 9639 9642 9645 9648 9651 9654 9657 9660 9663 9666 9669 9672 9675 9678 9681 9684 9687 9690 9693 9696 9699 9702 9705 9708 9711 9714 9717 9720 9723 9726 9729 9732 9735 9738 9741 9744 9747 9750 9753 9756 9759 9762 9765 9768 9771 9774 9777 9780 9783 9786 9789 9792 9795 9798 9801 9804 9807 9810 9813 9816 9819 9822 9825 9828 9831 9834 9837 9840 9843 9846 9849 9852 9855 9858 9861 9864 9867 9870 9873 9876 9879 9882 9885 9888 9891 9894 9897 9900 9903 9906 9909 9912 9915 9918 9921 9924 9927 9930 9933 9936 9939 9942 9945 9948 9951 9954 9957 9960 9963 9966 9969 9972 9975 9978 9981 9984 9987 9990 9993 9996 9999 10002 10005 10008 10011 10014 10017 10020 10023 10026 10029 10032 10035 10038 10041 10044 10047 10050 10053 10056 10059 10062 10065 10068 10071 10074 10077 10080 10083 10086 10089 10092 10095 10098 10101 10104 10107 10110 10113 10116 10119 10122 10125 10128 10131 10134 10137 10140 10143 10146 10149 10152 10155 10158 10161 10164 10167 10170 10173 10176 10179 10182 10185 10188 10191 10194 10197 10200 10203 10206 10209 10212 10215 10218 10221 10224 10227 10230 10233 10236 10239 10242 10245 10248 10251 10254 10257 10260 10263 10266 10269 10272 10275 10278 10281 10284 10287 10290 10293 10296 10299 10302 10305 10308 10311 10314 10317 10320 10323 10326 10329 10332 10335 10338 10341 10344 10347 10350 10353 10356 10359 10362 10365 10368 10371 10374 10377 10380 10383 10386 10389 10392 10395 10398 10401 10404 10407 10410 10413 10416 10419 10422 10425 10428 10431 10434 10437 10440 10443 10446 10449 10452 10455 10458 10461 10464 10467 10470 10473 10476 10479 10482 10485 10488 10491 10494 10497 10500 10503 10506 10509 10512 10515 10518 10521 10524 10527 10530 10533 10536 10539 10542 10545 10548 10551 10554 10557 10560 10563 10566 10569 10572 10575 10578 10581 10584 10587 10590 10593 10596 10599 10602 10605 10608 10611 10614 10617 10620 10623 10626 10629 10632 10635 10638 10641 10644 10647 10650 10653 10656 10659 10662 10665 10668 10671 10674 10677 10680 10683 10686 10689 10692 10695 10698 10701 10704 10707 10710 10713 10716 10719 10722 10725 10728 10731 10734 10737 10740 10743 10746 10749 10752 10755 10758 10761 10764 10767 10770 10773 10776 10779 10782 10785 10788 10791 10794 10797 10800 10803 10806 10809 10812 10815 10818 10821 10824 10827 10830 10833 10836 10839 10842 10845 10848 10851 10854 10857 10860 10863 10866 10869 10872 10875 10878 10881 10884 10887 10890 10893 10896 10899 10902 10905 10908 10911 10914 10917 10920 10923 10926 10929 10932 10935 10938 10941 10944 10947 10950 10953 10956 10959 10962 10965 10968 10971 10974 10977 10980 10983 10986 10989 10992 10995 10998 11001 11004 11007 11010 11013 11016 11019 11022 11025 11028 11031 11034 11037 11040 11043 11046 11049 11052 11055 11058 11061 11064 11067 11070 11073 11076 11079 11082 11085 11088 11091 11094 11097 11100 11103 11106 11109 11112 11115 11118 11121 11124 11127 11130 11133 11136 11139 11142 11145 11148 11151 11154 11157 11160 11163 11166 11169 11172 11175 11178 11181 11184 11187 11190 11193 11196 11199 11202 11205 11208 11211 11214 11217 11220 11223 11226 11229 11232 11235 11238 11241 11244 11247 11250 11253 11256 11259 11262 11265 11268 11271 11274 11277 11280 11283 11286 11289 11292 11295 11298 11301 11304 11307 11310 11313 11316 11319 11322 11325 11328 11331 11334 11337 11340 11343 11346 11349 11352 11355 11358 11361 11364 11367 11370 11373 11376 11379 11382 11385 11388 11391 11394 11397 11400 11403 11406 11409 11412 11415 11418 11421 11424 11427 11430 11433 11436 11439 11442 11445 11448 11451 11454 11457 11460 11463 11466 11469 11472 11475 11478 11481 11484 11487 11490 11493 11496 11499 11502 11505 11508 11511 11514 11517 11520 11523 11526 11529 11532 11535 11538 11541 11544 11547 11550 11553 11556 11559 11562 11565 11568 11571 11574 11577 11580 11583 11586 11589 11592 11595 11598 11601 11604 11607 11610 11613 11616 11619 11622 11625 11628 11631 11634 11637 11640 11643 11646 11649 11652 11655 11658 11661 11664 11667 11670 11673 11676 11679 11682 11685 11688 11691 11694 11697 11700 11703 11706 11709 11712 11715 11718 11721 11724 11727 11730 11733 11736 11739 11742 11745 11748 11751 11754 11757 11760 11763 11766 11769 11772 11775 11778 11781 11784 11787 11790 11793 11796 11799 11802 11805 11808 11811 11814 11817 11820 11823 11826 11829 11832 11835 11838 11841 11844 11847 11850 11853 11856 11859 11862 11865 11868 11871 11874 11877 11880 11883 11886 11889 11892 11895 11898 11901 11904 11907 11910 11913 11916 11919 11922 11925 11928 11931 11934 11937 11940 11943 11946 11949 11952 11955 11958 11961 11964 11967 11970 11973 11976 11979 11982 11985 11988 11991 11994 11997 12000 12003 12006 12009 12012 12015 12018 12021 12024 12027 12030 12033 12036 12039 12042 12045 12048 12051 12054 12057 12060 12063 12066 12069 12072 12075 12078 12081 12084 12087 12090 12093 12096 12099 12102 12105 12108 12111 12114 12117 12120 12123 12126 12129 12132 12135 12138 12141 12144 12147 12150 12153 12156 12159 12162 12165 12168 12171 12174 12177 12180 12183 12186 12189 12192 12195 12198 12201 12204 12207 12210 12213 12216 12219 12222 12225 12228 12231 12234 12237 12240 12243 12246 12249 12252 12255 12258 12261 12264 12267 12270 12273 12276 12279 12282 12285 12288 12291 12294 12297 12300 12303 12306 12309 12312 12315 12318 12321 12324 12327 12330 12333 12336 12339 12342 12345 12348 12351 12354 12357 12360 12363 12366 12369 12372 12375 12378 12381 12384 12387 12390 12393 12396 12399 12402 12405 12408 12411 12414 12417 12420 12423 12426 12429 12432 12435 12438 12441 12444 12447 12450 12453 12456 12459 12462 12465 12468 12471 12474 12477 12480 12483 12486 12489 12492 12495 12498 12501 12504 12507 12510 12513 12516 12519 12522 12525 12528 12531 12534 12537 12540 12543 12546 12549 12552 12555 12558 12561 12564 12567 12570 12573 12576 12579 12582 12585 12588 12591 12594 12597 12600 12603 12606 12609 12612 12615 12618 12621 12624 12627 12630 12633 12636 12639 12642 12645 12648 12651 12654 12657 12660 12663 12666 12669 12672 12675 12678 12681 12684 12687 12690 12693 12696 12699 12702 12705 12708 12711 12714 12717 12720 12723 12726 12729 12732 12735 12738 12741 12744 12747 12750 12753 12756 12759 12762 12765 12768 12771 12774 12777 12780 12783 12786 12789 12792 12795 12798 12801 12804 12807 12810 12813 12816 12819 12822 12825 12828 12831 12834 12837 12840 12843 12846 12849 12852 12855 12858 12861 12864 12867 12870 12873 12876 12879 12882 12885 12888 12891 12894 12897 12900 12903 12906 12909 12912 12915 12918 12921 12924 12927 12930 12933 12936 12939 12942 12945 12948 12951 12954 12957 12960 12963 12966 12969 12972 12975 12978 12981 12984 12987 12990 12993 12996 12999 13002 13005 13008 13011 13014 13017 13020 13023 13026 13029 13032 13035 13038 13041 13044 13047 13050 13053 13056 13059 13062 13065 13068 13071 13074 13077 13080 13083 13086 13089 13092 13095 13098 13101 13104 13107 13110 13113 13116 13119 13122 13125 13128 13131 13134 13137 13140 13143 13146 13149 13152 13155 13158 13161 13164 13167 13170 13173 13176 13179 13182 13185 13188 13191 13194 13197 13200 13203 13206 13209 13212 13215 13218 13221 13224 13227 13230 13233 13236 13239 13242 13245 13248 13251 13254 13257 13260 13263 13266 13269 13272 13275 13278 13281 13284 13287 13290 13293 13296 13299 13302 13305 13308 13311 13314 13317 13320 13323 13326 13329 13332 13335 13338 13341 13344 13347 13350 13353 13356 13359 13362 13365 13368 13371 13374 13377 13380 13383 13386 13389 13392 13395 13398 13401 13404 13407 13410 13413 13416 13419 13422 13425 13428 13431 13434 13437 13440 13443 13446 13449 13452 13455 13458 13461 13464 13467 13470 13473 13476 13479 13482 13485 13488 13491 13494 13497 13500 13503 13506 13509 13512 13515 13518 13521 13524 13527 13530 13533 13536 13539 13542 13545 13548 13551 13554 13557 13560 13563 13566 13569 13572 13575 13578 13581 13584 13587 13590 13593 13596 13599 13602 13605 13608 13611 13614 13617 13620 13623 13626 13629 13632 13635 13638 13641 13644 13647 13650 13653 13656 13659 13662 13665 13668 13671 13674 13677 13680 13683 13686 13689 13692 13695 13698 13701 13704 13707 13710 13713 13716 13719 13722 13725 13728 13731 13734 13737 13740 13743 13746 13749 13752 13755 13758 13761 13764 13767 13770 13773 13776 13779 13782 13785 13788 13791 13794 13797 13800 13803 13806 13809 13812 13815 13818 13821 13824 13827 13830 13833 13836 13839 13842 13845 13848 13851 13854 13857 13860 13863 13866 13869 13872 13875 13878 13881 13884 13887 13890 13893 13896 13899 13902 13905 13908 13911 13914 13917 13920 13923 13926 13929 13932 13935 13938 13941 13944 13947 13950 13953 13956 13959 13962 13965 13968 13971 13974 13977 13980 13983 13986 13989 13992 13995 13998 14001 14004 14007 14010 14013 14016 14019 14022 14025 14028 14031 14034 14037 14040 14043 14046 14049 14052 14055 14058 14061 14064 14067 14070 14073 14076 14079 14082 14085 14088 14091 14094 14097 14100 14103 14106 14109 14112 14115 14118 14121 14124 14127 14130 14133 14136 14139 14142 14145 14148 14151 14154 14157 14160 14163 14166 14169 14172 14175 14178 14181 14184 14187 14190 14193 14196 14199 14202 14205 14208 14211 14214 14217 14220 14223 14226 14229 14232 14235 14238 14241 14244 14247 14250 14253 14256 14259 14262 14265 14268 14271 14274 14277 14280 14283 14286 14289 14292 14295 14298 14301 14304 14307 14310 14313 14316 14319 14322 14325 14328 14331 14334 14337 14340 14343 14346 14349 14352 14355 14358 14361 14364 14367 14370 14373 14376 14379 14382 14385 14388 14391 14394 14397 14400 14403 14406 14409 14412 14415 14418 14421 14424 14427 14430 14433 14436 14439 14442 14445 14448 14451 14454 14457 14460 14463 14466 14469 14472 14475 14478 14481 14484 14487 14490 14493 14496 14499 14502 14505 14508 14511 14514 14517 14520 14523 14526 14529 14532 14535 14538 14541 14544 14547 14550 14553 14556 14559 14562 14565 14568 14571 14574 14577 14580 14583 14586 14589 14592 14595 14598 14601 14604 14607 14610 14613 14616 14619 14622 14625 14628 14631 14634 14637 14640 14643 14646 14649 14652 14655 14658 14661 14664 14667 14670 14673 14676 14679 14682 14685 14688 14691 14694 14697 14700 14703 14706 14709 14712 14715 14718 14721 14724 14727 14730 14733 14736 14739 14742 14745 14748 14751 14754 14757 14760 14763 14766 14769 14772 14775 14778 14781 14784 14787 14790 14793 14796 14799 14802 14805 14808 14811 14814 14817 14820 14823 14826 14829 14832 14835 14838 14841 14844 14847 14850 14853 14856 14859 14862 14865 14868 14871 14874 14877 14880 14883 14886 14889 14892 14895 14898 14901 14904 14907 14910 14913 14916 14919 14922 14925 14928 14931 14934 14937 14940 14943 14946 14949 14952 14955 14958 14961 14964 14967 14970 14973 14976 14979 14982 14985 14988 14991 14994 14997 15000 15003 15006 15009 15012 15015 15018 15021 15024 15027 15030 15033 15036 15039 15042 15045 15048 15051 15054 15057 15060 15063 15066 15069 15072 15075 15078 15081 15084 15087 15090 15093 15096 15099 15102 15105 15108 15111 15114 15117 15120 15123 15126 15129 15132 15135 15138 15141 15144 15147 15150 15153 15156 15159 15162 15165 15168 15171 15174 15177 15180 15183 15186 15189 15192 15195 15198 15201 15204 15207 15210 15213 15216 15219 15222 15225 15228 15231 15234 15237 15240 15243 15246 15249 15252 15255 15258 15261 15264 15267 15270 15273 15276 15279 15282 15285 15288 15291 15294 15297 15300 15303 15306 15309 15312 15315 15318 15321 15324 15327 15330 15333 15336 15339 15342 15345 15348 15351 15354 15357 15360 15363 15366 15369 15372 15375 15378 15381 15384 15387 15390 15393 15396 15399 15402 15405 15408 15411 15414 15417 15420 15423 15426 15429 15432 15435 15438 15441 15444 15447 15450 15453 15456 15459 15462 15465 15468 15471 15474 15477 15480 15483 15486 15489 15492 15495 15498 15501 15504 15507 15510 15513 15516 15519 15522 
        </DataArray>
        <DataArray type="UInt8" Name="types" format="ascii">
          5 5 5 5 5 5 5 5 5 5 5 5 5 5 5 5 5 5 5 5 5 5 5 5 5 5 5 5 5 5 5 5 5 5 5 5 5 5 5 5 5 5 5 5 5 5 5 5 5 5 5 5 5 5 5 5 5 5 5 5 5 5 5 5 5 5 5 5 5 5 5 5 5 5 5 5 5 5 5 5 5 5 5 5 5 5 5 5 5 5 5 5 5 5 5 5 5 5 5 5 5 5 5 5 5 5 5 5 5 5 5 5 5 5 5 5 5 5 5 5 5 5 5 5 5 5 5 5 5 5 5 5 5 5 5 5 5 5 5 5 5 5 5 5 5 5 5 5 5 5 5 5 5 5 5 5 5 5 5 5 5 5 5 5 5 5 5 5 5 5 5 5 5 5 5 5 5 5 5 5 5 5 5 5 5 5 5 5 5 5 5 5 5 5 5 5 5 5 5 5 5 5 5 5 5 5 5 5 5 5 5 5 5 5 5 5 5 5 5 5 5 5 5 5 5 5 5 5 5 5 5 5 5 5 5 5 5 5 5 5 5 5 5 5 5 5 5 5 5 5 5 5 5 5 5 5 5 5 5 5 5 5 5 5 5 5 5 5 5 5 5 5 5 5 5 5 5 5 5 5 5 5 5 5 5 5 5 5 5 5 5 5 5 5 5 5 5 5 5 5 5 5 5 5 5 5 5 5 5 5 5 5 5 5 5 5 5 5 5 5 5 5 5 5 5 5 5 5 5 5 5 5 5 5 5 5 5 5 5 5 5 5 5 5 5 5 5 5 5 5 5 5 5 5 5 5 5 5 5 5 5 5 5 5 5 5 5 5 5 5 5 5 5 5 5 5 5 5 5 5 5 5 5 5 5 5 5 5 5 5 5 5 5 5 5 5 5 5 5 5 5 5 5 5 5 5 5 5 5 5 5 5 5 5 5 5 5 5 5 5 5 5 5 5 5 5 5 5 5 5 5 5 5 5 5 5 5 5 5 5 5 5 5 5 5 5 5 5 5 5 5 5 5 5 5 5 5 5 5 5 5 5 5 5 5 5 5 5 5 5 5 5 5 5 5 5 5 5 5 5 5 5 5 5 5 5 5 5 5 5 5 5 5 5 5 5 5 5 5 5 5 5 5 5 5 5 5 5 5 5 5 5 5 5 5 5 5 5 5 5 5 5 5 5 5 5 5 5 5 5 5 5 5 5 5 5 5 5 5 5 5 5 5 5 5 5 5 5 5 5 5 5 5 5 5 5 5 5 5 5 5 5 5 5 5 5 5 5 5 5 5 5 5 5 5 5 5 5 5 5 5 5 5 5 5 5 5 5 5 5 5 5 5 5 5 5 5 5 5 5 5 5 5 5 5 5 5 5 5 5 5 5 5 5 5 5 5 5 5 5 5 5 5 5 5 5 5 5 5 5 5 5 5 5 5 5 5 5 5 5 5 5 5 5 5 5 5 5 5 5 5 5 5 5 5 5 5 5 5 5 5 5 5 5 5 5 5 5 5 5 5 5 5 5 5 5 5 5 5 5 5 5 5 5 5 5 5 5 5 5 5 5 5 5 5 5 5 5 5 5 5 5 5 5 5 5 5 5 5 5 5 5 5 5 5 5 5 5 5 5 5 5 5 5 5 5 5 5 5 5 5 5 5 5 5 5 5 5 5 5 5 5 5 5 5 5 5 5 5 5 5 5 5 5 5 5 5 5 5 5 5 5 5 5 5 5 5 5 5 5 5 5 5 5 5 5 5 5 5 5 5 5 5 5 5 5 5 5 5 5 5 5 5 5 5 5 5 5 5 5 5 5 5 5 5 5 5 5 5 5 5 5 5 5 5 5 5 5 5 5 5 5 5 5 5 5 5 5 5 5 5 5 5 5 5 5 5 5 5 5 5 5 5 5 5 5 5 5 5 5 5 5 5 5 5 5 5 5 5 5 5 5 5 5 5 5 5 5 5 5 5 5 5 5 5 5 5 5 5 5 5 5 5 5 5 5 5 5 5 5 5 5 5 5 5 5 5 5 5 5 5 5 5 5 5 5 5 5 5 5 5 5 5 5 5 5 5 5 5 5 5 5 5 5 5 5 5 5 5 5 5 5 5 5 5 5 5 5 5 5 5 5 5 5 5 5 5 5 5 5 5 5 5 5 5 5 5 5 5 5 5 5 5 5 5 5 5 5 5 5 5 5 5 5 5 5 5 5 5 5 5 5 5 5 5 5 5 5 5 5 5 5 5 5 5 5 5 5 5 5 5 5 5 5 5 5 5 5 5 5 5 5 5 5 5 5 5 5 5 5 5 5 5 5 5 5 5 5 5 5 5 5 5 5 5 5 5 5 5 5 5 5 5 5 5 5 5 5 5 5 5 5 5 5 5 5 5 5 5 5 5 5 5 5 5 5 5 5 5 5 5 5 5 5 5 5 5 5 5 5 5 5 5 5 5 5 5 5 5 5 5 5 5 5 5 5 5 5 5 5 5 5 5 5 5 5 5 5 5 5 5 5 5 5 5 5 5 5 5 5 5 5 5 5 5 5 5 5 5 5 5 5 5 5 5 5 5 5 5 5 5 5 5 5 5 5 5 5 5 5 5 5 5 5 5 5 5 5 5 5 5 5 5 5 5 5 5 5 5 5 5 5 5 5 5 5 5 5 5 5 5 5 5 5 5 5 5 5 5 5 5 5 5 5 5 5 5 5 5 5 5 5 5 5 5 5 5 5 5 5 5 5 5 5 5 5 5 5 5 5 5 5 5 5 5 5 5 5 5 5 5 5 5 5 5 5 5 5 5 5 5 5 5 5 5 5 5 5 5 5 5 5 5 5 5 5 5 5 5 5 5 5 5 5 5 5 5 5 5 5 5 5 5 5 5 5 5 5 5 5 5 5 5 5 5 5 5 5 5 5 5 5 5 5 5 5 5 5 5 5 5 5 5 5 5 5 5 5 5 5 5 5 5 5 5 5 5 5 5 5 5 5 5 5 5 5 5 5 5 5 5 5 5 5 5 5 5 5 5 5 5 5 5 5 5 5 5 5 5 5 5 5 5 5 5 5 5 5 5 5 5 5 5 5 5 5 5 5 5 5 5 5 5 5 5 5 5 5 5 5 5 5 5 5 5 5 5 5 5 5 5 5 5 5 5 5 5 5 5 5 5 5 5 5 5 5 5 5 5 5 5 5 5 5 5 5 5 5 5 5 5 5 5 5 5 5 5 5 5 5 5 5 5 5 5 5 5 5 5 5 5 5 5 5 5 5 5 5 5 5 5 5 5 5 5 5 5 5 5 5 5 5 5 5 5 5 5 5 5 5 5 5 5 5 5 5 5 5 5 5 5 5 5 5 5 5 5 5 5 5 5 5 5 5 5 5 5 5 5 5 5 5 5 5 5 5 5 5 5 5 5 5 5 5 5 5 5 5 5 5 5 5 5 5 5 5 5 5 5 5 5 5 5 5 5 5 5 5 5 5 5 5 5 5 5 5 5 5 5 5 5 5 5 5 5 5 5 5 5 5 5 5 5 5 5 5 5 5 5 5 5 5 5 5 5 5 5 5 5 5 5 5 5 5 5 5 5 5 5 5 5 5 5 5 5 5 5 5 5 5 5 5 5 5 5 5 5 5 5 5 5 5 5 5 5 5 5 5 5 5 5 5 5 5 5 5 5 5 5 5 5 5 5 5 5 5 5 5 5 5 5 5 5 5 5 5 5 5 5 5 5 5 5 5 5 5 5 5 5 5 5 5 5 5 5 5 5 5 5 5 5 5 5 5 5 5 5 5 5 5 5 5 5 5 5 5 5 5 5 5 5 5 5 5 5 5 5 5 5 5 5 5 5 5 5 5 5 5 5 5 5 5 5 5 5 5 5 5 5 5 5 5 5 5 5 5 5 5 5 5 5 5 5 5 5 5 5 5 5 5 5 5 5 5 5 5 5 5 5 5 5 5 5 5 5 5 5 5 5 5 5 5 5 5 5 5 5 5 5 5 5 5 5 5 5 5 5 5 5 5 5 5 5 5 5 5 5 5 5 5 5 5 5 5 5 5 5 5 5 5 5 5 5 5 5 5 5 5 5 5 5 5 5 5 5 5 5 5 5 5 5 5 5 5 5 5 5 5 5 5 5 5 5 5 5 5 5 5 5 5 5 5 5 5 5 5 5 5 5 5 5 5 5 5 5 5 5 5 5 5 5 5 5 5 5 5 5 5 5 5 5 5 5 5 5 5 5 5 5 5 5 5 5 5 5 5 5 5 5 5 5 5 5 5 5 5 5 5 5 5 5 5 5 5 5 5 5 5 5 5 5 5 5 5 5 5 5 5 5 5 5 5 5 5 5 5 5 5 5 5 5 5 5 5 5 5 5 5 5 5 5 5 5 5 5 5 5 5 5 5 5 5 5 5 5 5 5 5 5 5 5 5 5 5 5 5 5 5 5 5 5 5 5 5 5 5 5 5 5 5 5 5 5 5 5 5 5 5 5 5 5 5 5 5 5 5 5 5 5 5 5 5 5 5 5 5 5 5 5 5 5 5 5 5 5 5 5 5 5 5 5 5 5 5 5 5 5 5 5 5 5 5 5 5 5 5 5 5 5 5 5 5 5 5 5 5 5 5 5 5 5 5 5 5 5 5 5 5 5 5 5 5 5 5 5 5 5 5 5 5 5 5 5 5 5 5 5 5 5 5 5 5 5 5 5 5 5 5 5 5 5 5 5 5 5 5 5 5 5 5 5 5 5 5 5 5 5 5 5 5 5 5 5 5 5 5 5 5 5 5 5 5 5 5 5 5 5 5 5 5 5 5 5 5 5 5 5 5 5 5 5 5 5 5 5 5 5 5 5 5 5 5 5 5 5 5 5 5 5 5 5 5 5 5 5 5 5 5 5 5 5 5 5 5 5 5 5 5 5 5 5 5 5 5 5 5 5 5 5 5 5 5 5 5 5 5 5 5 5 5 5 5 5 5 5 5 5 5 5 5 5 5 5 5 5 5 5 5 5 5 5 5 5 5 5 5 5 5 5 5 5 5 5 5 5 5 5 5 5 5 5 5 5 5 5 5 5 5 5 5 5 5 5 5 5 5 5 5 5 5 5 5 5 5 5 5 5 5 5 5 5 5 5 5 5 5 5 5 5 5 5 5 5 5 5 5 5 5 5 5 5 5 5 5 5 5 5 5 5 5 5 5 5 5 5 5 5 5 5 5 5 5 5 5 5 5 5 5 5 5 5 5 5 5 5 5 5 5 5 5 5 5 5 5 5 5 5 5 5 5 5 5 5 5 5 5 5 5 5 5 5 5 5 5 5 5 5 5 5 5 5 5 5 5 5 5 5 5 5 5 5 5 5 5 5 5 5 5 5 5 5 5 5 5 5 5 5 5 5 5 5 5 5 5 5 5 5 5 5 5 5 5 5 5 5 5 5 5 5 5 5 5 5 5 5 5 5 5 5 5 5 5 5 5 5 5 5 5 5 5 5 5 5 5 5 5 5 5 5 5 5 5 5 5 5 5 5 5 5 5 5 5 5 5 5 5 5 5 5 5 5 5 5 5 5 5 5 5 5 5 5 5 5 5 5 5 5 5 5 5 5 5 5 5 5 5 5 5 5 5 5 5 5 5 5 5 5 5 5 5 5 5 5 5 5 5 5 5 5 5 5 5 5 5 5 5 5 5 5 5 5 5 5 5 5 5 5 5 5 5 5 5 5 5 5 5 5 5 5 5 5 5 5 5 5 5 5 5 5 5 5 5 5 5 5 5 5 5 5 5 5 5 5 5 5 5 5 5 5 5 5 5 5 5 5 5 5 5 5 5 5 5 5 5 5 5 5 5 5 5 5 5 5 5 5 5 5 5 5 5 5 5 5 5 5 5 5 5 5 5 5 5 5 5 5 5 5 5 5 5 5 5 5 5 5 5 5 5 5 5 5 5 5 5 5 5 5 5 5 5 5 5 5 5 5 5 5 5 5 5 5 5 5 5 5 5 5 5 5 5 5 5 5 5 5 5 5 5 5 5 5 5 5 5 5 5 5 5 5 5 5 5 5 5 5 5 5 5 5 5 5 5 5 5 5 5 5 5 5 5 5 5 5 5 5 5 5 5 5 5 5 5 5 5 5 5 5 5 5 5 5 5 5 5 5 5 5 5 5 5 5 5 5 5 5 5 5 5 5 5 5 5 5 5 5 5 5 5 5 5 5 5 5 5 5 5 5 5 5 5 5 5 5 5 5 5 5 5 5 5 5 5 5 5 5 5 5 5 5 5 5 5 5 5 5 5 5 5 5 5 5 5 5 5 5 5 5 5 5 5 5 5 5 5 5 5 5 5 5 5 5 5 5 5 5 5 5 5 5 5 5 5 5 5 5 5 5 5 5 5 5 5 5 5 5 5 5 5 5 5 5 5 5 5 5 5 5 5 5 5 5 5 5 5 5 5 5 5 5 5 5 5 5 5 5 5 5 5 5 5 5 5 5 5 5 5 5 5 5 5 5 5 5 5 5 5 5 5 5 5 5 5 5 5 5 5 5 5 5 5 5 5 5 5 5 5 5 5 5 5 5 5 5 5 5 5 5 5 5 5 5 5 5 5 5 5 5 5 5 5 5 5 5 5 5 5 5 5 5 5 5 5 5 5 5 5 5 5 5 5 5 5 5 5 5 5 5 5 5 5 5 5 5 5 5 5 5 5 5 5 5 5 5 5 5 5 5 5 5 5 5 5 5 5 5 5 5 5 5 5 5 5 5 5 5 5 5 5 5 5 5 5 5 5 5 5 5 5 5 5 5 5 5 5 5 5 5 5 5 5 5 5 5 5 5 5 5 5 5 5 5 5 5 5 5 5 5 5 5 5 5 5 5 5 5 5 5 5 5 5 5 5 5 5 5 5 5 5 5 5 5 5 5 5 5 5 5 5 5 5 5 5 5 5 5 5 5 5 5 5 5 5 5 5 5 5 5 5 5 5 5 5 5 5 5 5 5 5 5 5 5 5 5 5 5 5 5 5 5 5 5 5 5 5 5 5 5 5 5 5 5 5 5 5 5 5 5 5 5 5 5 5 5 5 5 5 5 5 5 5 5 5 5 5 5 5 5 5 5 5 5 5 5 5 5 5 5 5 5 5 5 5 5 5 5 5 5 5 5 5 5 5 5 5 5 5 5 5 5 5 5 5 5 5 5 5 5 5 5 5 5 5 5 5 5 5 5 5 5 5 5 5 5 5 5 5 5 5 5 5 5 5 5 5 5 5 5 5 5 5 5 5 5 5 5 5 5 5 5 5 5 5 5 5 5 5 5 5 5 5 5 5 5 5 5 5 5 5 5 5 5 5 5 5 5 5 5 5 5 5 5 5 5 5 5 5 5 5 5 5 5 5 5 5 5 5 5 5 5 5 5 5 5 5 5 5 5 5 5 5 5 5 5 5 5 5 5 5 5 5 5 5 5 5 5 5 5 5 5 5 5 5 5 5 5 5 5 5 5 5 5 5 5 5 5 5 5 5 5 5 5 5 5 5 5 5 5 5 5 5 5 5 5 5 5 5 5 5 5 5 5 5 5 5 5 5 5 5 5 5 5 5 5 5 5 5 5 5 5 5 5 5 5 5 5 5 5 5 5 5 5 5 5 5 5 5 5 5 5 5 5 5 5 5 5 5 5 5 5 5 5 5 5 5 5 5 5 5 5 5 5 5 5 5 5 5 5 5 5 5 5 5 5 5 5 5 5 5 5 5 5 5 5 5 5 5 5 5 5 5 5 5 5 5 5 5 5 5 5 5 5 5 5 5 5 5 5 5 5 5 5 5 5 5 5 5 5 5 5 5 5 5 5 5 5 5 5 5 5 5 5 5 5 5 5 5 5 5 5 5 5 5 5 5 5 5 5 5 5 5 5 5 5 5 5 5 5 5 5 5 5 5 5 5 5 5 5 5 5 5 5 5 5 5 5 5 5 5 5 5 5 5 5 5 5 5 5 5 5 5 5 5 5 5 5 5 5 5 5 5 5 5 5 5 5 5 5 5 5 5 5 5 5 5 5 5 5 5 5 5 5 5 5 5 5 5 5 5 5 5 5 5 5 5 5 5 5 5 5 5 5 5 5 5 5 5 5 5 5 5 5 5 5 5 5 5 5 5 5 5 5 5 5 5 5 5 5 5 5 5 5 5 5 5 5 5 5 5 5 5 5 5 5 5 5 5 5 5 5 5 5 5 5 5 5 5 5 5 5 5 5 5 5 5 5 5 5 5 5 5 5 5 5 5 5 5 5 5 5 5 5 5 5 5 5 5 5 5 5 5 5 5 5 5 5 5 5 5 5 5 5 5 5 5 5 5 5 5 5 5 5 5 5 5 5 5 5 5 5 5 5 5 5 5 5 5 5 5 5 5 5 5 5 5 5 5 5 5 5 5 5 5 5 5 5 5 5 5 5 5 5 5 5 5 5 5 5 5 5 5 5 5 5 5 5 5 5 5 5 5 5 5 5 5 5 5 5 5 5 5 5 5 5 5 5 5 5 5 5 5 5 5 5 5 5 5 5 5 5 5 5 5 5 5 5 5 5 5 5 5 5 5 5 5 5 5 5 5 5 5 5 5 5 5 5 5 5 5 5 5 5 5 5 5 5 5 5 5 5 5 5 5 5 5 5 5 5 5 5 5 5 5 5 5 5 5 5 5 5 5 5 5 5 5 5 5 5 5 5 5 5 5 5 5 5 5 5 5 5 5 5 5 5 5 5 5 5 5 5 5 5 5 5 5 5 5 5 5 5 5 5 5 5 5 5 5 5 5 5 5 5 5 5 5 5 5 5 5 5 5 5 5 5 5 5 5 5 5 5 5 5 5 5 5 5 5 5 5 5 5 5 5 5 5 5 5 5 5 5 5 5 5 5 5 5 5 5 5 5 5 5 5 5 5 5 5 5 5 5 5 5 5 5 5 5 5 5 5 5 5 5 5 5 5 5 5 5 5 5 5 5 5 5 5 5 5 5 5 5 5 5 5 5 5 5 5 5 5 5 5 5 5 5 5 5 5 5 5 5 5 5 5 5 5 5 5 5 5 5 5 5 5 5 5 5 5 5 5 5 5 5 5 5 5 5 5 5 5 5 5 5 5 5 5 5 5 5 5 5 5 5 5 5 5 5 5 5 5 5 5 5 5 5 5 5 5 5 5 5 5 5 5 5 5 5 5 5 5 5 5 5 5 5 5 5 5 5 5 5 5 5 5 5 5 5 5 5 5 5 5 5 5 5 5 5 5 5 5 5 5 5 5 5 5 5 5 5 5 5 5 5 5 5 5 5 5 5 5 5 5 5 5 5 5 5 5 5 5 5 5 5 5 5 5 5 5 5 5 5 5 5 5 5 5 5 5 5 5 5 5 5 5 5 5 5 5 5 5 5 5 5 5 5 5 5 5 5 5 5 5 5 5 5 5 5 5 5 5 5 5 5 5 5 5 5 5 5 5 5 5 5 5 5 5 5 5 5 5 5 5 5 5 5 5 5 5 5 5 5 5 5 5 5 5 5 5 5 5 5 5 5 5 5 5 5 5 5 5 5 5 5 5 5 5 5 5 5 5 5 5 5 5 5 5 5 5 5 5 5 5 5 5 5 5 5 5 5 5 5 5 5 5 5 5 5 5 5 5 5 5 5 5 5 5 5 5 5 5 5 5 5 5 5 5 5 5 5 5 5 5 5 5 5 5 5 5 5 5 5 5 5 5 5 5 5 5 5 5 5 5 5 5 5 5 5 5 5 5 5 5 5 5 5 5 5 5 5 5 5 5 5 5 5 5 5 5 5 5 5 5 5 5 5 5 5 5 5 5 5 5 5 5 5 5 5 5 5 5 5 5 5 5 5 5 5 5 5 5 5 5 5 5 5 5 5 5 5 5 5 5 5 5 5 5 5 5 5 5 5 5 5 5 5 5 5 5 5 5 5 5 5 5 5 5 5 5 5 5 5 5 5 5 5 5 5 5 5 5 5 5 5 5 5 5 5 5 5 5 5 5 5 5 5 5 5 5 5 5 5 5 5 5 5 5 5 5 5 5 5 5 5 5 5 5 5 5 5 5 5 5 5 5 5 5 5 5 5 5 5 5 5 5 5 5 5 5 5 5 5 5 5 5 5 5 5 5 5 5 5 5 5 5 5 5 5 5 5 5 5 5 5 5 5 5 5 5 5 5 5 5 5 5 5 5 5 5 5 5 5 5 5 5 5 5 5 5 5 5 5 5 5 5 5 5 5 5 5 5 5 5 5 5 5 5 5 5 5 5 5 5 5 5 5 5 5 5 5 5 5 5 5 5 5 5 5 5 5 5 5 5 5 5 5 5 5 5 5 5 5 5 5 5 5 5 5 5 5 5 5 5 5 5 5 5 5 5 5 5 5 5 5 5 5 5 5 5 5 5 5 5 5 5 5 5 5 5 5 5 5 5 5 5 5 5 5 5 5 5 5 5 5 5 5 5 5 5 5 5 5 5 5 5 5 5 5 5 5 5 5 5 5 5 5 5 5 5 5 5 5 5 5 5 5 5 5 5 5 5 5 5 5 5 5 5 5 5 5 5 5 5 5 5 5 5 5 5 5 5 5 5 5 5 5 5 5 5 5 5 5 5 5 5 5 5 5 5 5 5 5 5 5 5 5 5 5 5 5 5 5 5 5 5 5 5 5 5 5 5 5 5 5 5 5 5 5 5 5 5 5 5 5 5 5 5 5 5 5 5 5 5 5 5 5 5 5 5 5 5 5 5 5 5 5 5 5 5 5 5 5 5 5 5 5 5 5 5 5 5 5 5 5 5 5 5 5 5 5 5 5 5 5 5 5 5 5 5 5 5 5 5 5 5 5 5 5 5 5 5 5 5 5 5 5 5 5 5 5 5 5 5 5 5 5 5 5 5 5 5 5 5 5 5 5 5 5 5 5 5 5 5 5 5 5 5 5 5 5 5 5 5 5 5 5 5 5 5 5 5 5 5 5 5 5 5 5 5 5 5 5 5 5 5 5 5 5 5 5 5 5 5 5 5 5 5 5 5 5 5 5 5 5 5 5 5 5 5 5 5 5 5 5 5 5 5 5 5 5 5 5 5 5 5 5 5 5 5 5 5 5 5 5 5 5 5 5 5 5 5 5 5 5 5 5 5 5 5 5 5 5 5 5 5 5 5 5 5 5 5 5 5 5 5 5 5 5 5 5 5 5 5 5 5 5 5 5 5 5 5 5 5 5 5 5 5 5 5 5 5 5 5 5 5 5 5 5 5 5 5 5 5 5 5 5 5 5 5 5 5 5 5 5 5 5 5 5 5 5 5 5 5 5 5 5 5 5 5 5 5 5 5 5 5 5 5 5 5 5 5 5 5 5 5 5 5 5 5 5 5 5 5 5 5 5 5 5 5 5 5 5 5 5 5 5 5 5 5 5 5 5 5 5 5 5 5 5 5 5 5 5 5 5 5 5 5 5 5 5 5 5 5 5 5 5 5 5 5 5 5 5 5 5 5 5 5 5 5 5 5 5 5 5 5 5 5 5 5 5 5 5 5 5 5 5 5 5 5 5 5 5 5 5 5 5 5 5 5 5 5 5 5 5 5 5 5 5 5 5 5 5 5 5 5 5 5 5 5 5 5 5 5 5 5 5 5 5 5 5 5 5 5 5 5 5 5 
        </DataArray>
      </Cells>
      <PointData Vectors="value">
        <DataArray type="Float64" Name="value" NumberOfComponents="3" format="ascii">
          0.001960 0.000161 0.0
          0.000743 0.000069 0.0
          0.000611 0.000543 0.0
          0.0 0.0 0.0
          -0.001020 -0.000090 0.0
          0.002003 -0.000008 0.0
          -0.000012 0.000004 0.0
          0.0 0.0 0.0
          -0.000960 0.000433 0.0
          0.002345 0.000026 0.0
          0.001590 0.000857 0.0
          0.002000 0.0 0.0
          0.004533 0.000096 0.0
          0.000176 0.000068 0.0
          -0.000031 0.000025 0.0
          0.000164 0.000003 0.0
          -0.001444 0.000055 0.0
          -0.000408 0.000303 0.0
          0.0 0.0 0.0
          0.002290 0.000122 0.0
          0.000032 -0.000037 0.0
          0.0 0.0 0.0
          0.002705 -0.003337 0.0
          0.000218 0.000007 0.0
          0.000146 -0.000020 0.0
          0.001974 0.000953 0.0
          0.001992 0.002770 0.0
          0.0 0.0 0.0
          -0.000002 0.000037 0.0
          -0.000003 -0.000191 0.0
          -0.000000 0.000042 0.0
          0.005789 0.000063 0.0
          0.0 0.0 0.0
          0.001198 0.000208 0.0
          -0.000058 -0.000001 0.0
          -0.000026 -0.000238 0.0
          -0.000465 0.000471 0.0
          0.001060 0.000015 0.0
          0.005026 0.000068 0.0
          -0.000210 -0.000461 0.0
          0.005046 0.000133 0.0
          0.0 0.0 0.0
          -0.000067 0.000001 0.0
          -0.000451 -0.000068 0.0
          0.002273 0.000085 0.0
          0.0 0.0 0.0
          0.002000 0.0 0.0
          0.002076 -0.000029 0.0
          0.0 0.0 0.0
          -0.000787 0.000074 0.0
          0.001918 0.000056 0.0
          0.0 0.0 0.0
          -0.001593 0.000006 0.0
          0.0 0.0 0.0
          -0.000368 0.000177 0.0
          0.002060 0.000903 0.0
          0.001182 -0.000050 0.0
          0.000329 -0.003047 0.0
          -0.000496 0.000035 0.0
          0.004365 -0.000615 0.0
          0.001871 -0.000471 0.0
          0.000397 0.000250 0.0
          0.001184 0.000005 0.0
          0.0 0.0 0.0
          0.001550 0.003181 0.0
          0.003883 0.000021 0.0
          0.0 0.0 0.0
          0.003703 0.000029 0.0
          0.000105 0.000004 0.0
          0.001339 0.000020 0.0
          -0.000111 0.000061 0.0
          0.0 0.0 0.0
          0.002000 0.0 0.0
          0.0 0.0 0.0
          0.003015 0.002570 0.0
          0.003793 0.000023 0.0
          0.0 0.0 0.0
          0.003482 -0.001575 0.0
          0.001814 0.000378 0.0
          0.000002 -0.000035 0.0
          0.0 0.0 0.0
          0.003950 0.000007 0.0
          0.001583 0.000099 0.0
          0.000162 -0.000004 0.0
          0.000300 -0.000476 0.0
          0.002002 0.000000 0.0
          0.000498 -0.000042 0.0
          0.000515 0.000061 0.0
          -0.000123 0.000359 0.0
          0.000523 0.000230 0.0
          0.005399 0.000012 0.0
          -0.000831 0.000182 0.0
          0.002263 0.000077 0.0
          0.000049 -0.000317 0.0
          -0.000012 0.000047 0.0
          0.002130 0.000485 0.0
          0.001267 0.002723 0.0
          0.000884 -0.001167 0.0
          -0.000517 0.000329 0.0
          0.003781 0.001971 0.0
          -0.000068 -0.000022 0.0
          0.002102 0.000041 0.0
          0.003576 0.000029 0.0
          0.0 0.0 0.0
          0.002000 -0.000001 0.0
          0.001799 0.000785 0.0
          0.003058 -0.003179 0.0
          0.002127 0.000061 0.0
          0.002481 0.000122 0.0
          -0.000535 0.000191 0.0
          0.002066 -0.004676 0.0
          -0.000091 0.000002 0.0
          0.0 0.0 0.0
          0.0 0.0 0.0
          0.000121 -0.000005 0.0
          0.003988 0.000136 0.0
          -0.000497 -0.000045 0.0
          0.000211 0.000012 0.0
          0.002078 0.000029 0.0
          -0.000413 -0.000096 0.0
          0.001881 -0.003777 0.0
          0.000147 -0.000010 0.0
          0.000120 -0.000048 0.0
          -0.000004 0.000058 0.0
          0.000622 -0.000842 0.0
          0.0 0.0 0.0
          -0.000099 0.000014 0.0
          -0.000284 -0.000024 0.0
          0.004069 0.000012 0.0
          -0.001005 0.000304 0.0
          0.002026 0.000009 0.0
          0.002434 0.000061 0.0
          0.002073 -0.000045 0.0
          0.001277 0.000328 0.0
          -0.000146 -0.000156 0.0
          0.004279 -0.002329 0.0
          0.001579 0.001263 0.0
          -0.000904 -0.000031 0.0
          -0.000048 -0.000000 0.0
          -0.000066 -0.000233 0.0
          0.0 0.0 0.0
          0.003928 -0.000434 0.0
          0.006369 0.000039 0.0
          0.0 0.0 0.0
          0.000533 0.000595 0.0
          -0.000351 0.001156 0.0
          0.001678 -0.001905 0.0
          0.002438 0.000038 0.0
          0.001948 0.000048 0.0
          -0.000051 0.001082 0.0
          0.0 0.0 0.0
          -0.000288 -0.000219 0.0
          0.0 0.0 0.0
          0.002330 -0.000043 0.0
          0.002505 -0.004335 0.0
          -0.001287 0.000492 0.0
          0.002356 0.000566 0.0
          0.001824 -0.000004 0.0
          0.004050 0.000038 0.0
          0.0 0.0 0.0
          0.001466 -0.001584 0.0
          0.000651 -0.000770 0.0
          0.002331 0.000345 0.0
          0.002227 -0.003575 0.0
          0.000956 -0.000002 0.0
          0.001384 0.000583 0.0
          0.000989 0.000012 0.0
          0.003011 -0.004699 0.0
          0.001738 0.001376 0.0
          0.0 0.0 0.0
          0.004637 -0.001918 0.0
          0.006499 0.000054 0.0
          -0.000024 0.000007 0.0
          0.000029 0.000025 0.0
          0.002013 0.000028 0.0
          0.000173 0.000475 0.0
          -0.000021 0.000501 0.0
          0.001483 0.000053 0.0
          0.006399 -0.000102 0.0
          -0.000111 0.000023 0.0
          0.000779 0.000077 0.0
          0.002914 -0.002890 0.0
          0.002188 0.000026 0.0
          0.0 0.0 0.0
          0.0 0.0 0.0
          0.001000 0.0 0.0
          0.002316 -0.003623 0.0
          0.0 0.0 0.0
          0.000108 0.000007 0.0
          0.000203 -0.000040 0.0
          0.003259 0.001074 0.0
          -0.000082 0.000014 0.0
          0.001450 -0.001410 0.0
          0.000034 -0.000045 0.0
          0.0 0.0 0.0
          0.000037 0.000023 0.0
          -0.000052 -0.000000 0.0
          0.002564 0.000898 0.0
          0.001997 0.000053 0.0
          0.000143 -0.000108 0.0
          0.002051 0.000053 0.0
          0.002236 -0.000029 0.0
          0.0 0.0 0.0
          0.0 0.0 0.0
          0.002612 0.000246 0.0
          0.000430 -0.000485 0.0
          0.006178 -0.000203 0.0
          0.005781 0.000126 0.0
          0.000934 0.000279 0.0
          0.0 0.0 0.0
          0.000557 -0.000384 0.0
          0.000641 0.000991 0.0
          0.002486 0.000155 0.0
          0.001781 -0.000378 0.0
          0.003426 -0.001323 0.0
          -0.000153 0.000006 0.0
          0.002815 -0.001676 0.0
          0.001989 -0.000003 0.0
          -0.001737 0.000094 0.0
          -0.000800 -0.000171 0.0
          -0.000024 0.000175 0.0
          0.005453 0.000071 0.0
          0.003221 0.002013 0.0
          0.002797 -0.000813 0.0
          0.000112 -0.000003 0.0
          0.002270 0.000070 0.0
          0.002390 0.000832 0.0
          0.0 0.0 0.0
          0.0 0.0 0.0
          -0.000026 0.000001 0.0
          0.0 0.0 0.0
          0.001416 -0.000003 0.0
          0.0 0.0 0.0
          0.001504 0.000028 0.0
          0.003642 0.000028 0.0
          0.0 0.0 0.0
          0.0 0.0 0.0
          0.002267 0.000073 0.0
          0.000089 0.000053 0.0
          0.004016 -0.000730 0.0
          -0.000031 0.000009 0.0
          -0.000673 0.000245 0.0
          -0.000043 0.000114 0.0
          0.000020 0.000016 0.0
          0.000166 0.000030 0.0
          0.002043 0.000033 0.0
          0.0 0.0 0.0
          0.001298 0.000021 0.0
          0.000198 -0.000014 0.0
          0.001797 0.000469 0.0
          0.002365 0.000677 0.0
          0.005393 0.000051 0.0
          0.000032 0.000028 0.0
          0.000099 -0.000071 0.0
          0.000184 -0.000029 0.0
          -0.000130 -0.000039 0.0
          0.002290 -0.002682 0.0
          0.002078 0.000249 0.0
          0.000135 0.000018 0.0
          0.001971 -0.000857 0.0
          -0.000090 -0.000018 0.0
          -0.001454 0.000064 0.0
          0.002154 0.000061 0.0
          0.002101 0.000052 0.0
          -0.000060 0.000122 0.0
          -0.000199 0.000513 0.0
          0.001133 0.000017 0.0
          0.0 0.0 0.0
          0.002273 -0.000031 0.0
          0.000041 0.000474 0.0
          0.0 0.0 0.0
          0.006286 -0.000266 0.0
          0.006402 0.000025 0.0
          0.0 0.0 0.0
          0.001586 0.000049 0.0
          0.0 0.0 0.0
          0.0 0.0 0.0
          -0.000287 0.000641 0.0
          0.002009 -0.000022 0.0
          0.002000 0.000003 0.0
          0.000212 -0.000106 0.0
          0.000181 -0.000012 0.0
          0.002157 0.000069 0.0
          0.002041 0.000728 0.0
          0.0 0.0 0.0
          0.002297 0.001983 0.0
          0.0 0.0 0.0
          0.002622 -0.004542 0.0
          0.002068 0.000046 0.0
          0.001589 0.000160 0.0
          -0.000010 0.000008 0.0
          0.000235 0.000015 0.0
          0.000165 0.001132 0.0
          0.002763 0.001207 0.0
          0.005996 0.000024 0.0
          0.0 0.0 0.0
          0.002778 0.002607 0.0
          -0.000000 0.000000 0.0
          0.003551 -0.001010 0.0
          0.000714 0.000662 0.0
          0.000295 0.000174 0.0
          0.002528 0.000151 0.0
          -0.000007 -0.000022 0.0
          0.002849 -0.005079 0.0
          0.002011 0.000008 0.0
          0.004427 -0.001536 0.0
          -0.000111 -0.000201 0.0
          0.0 0.0 0.0
          0.0 0.0 0.0
          0.001720 0.001073 0.0
          0.001008 0.000015 0.0
          0.000046 0.000001 0.0
          -0.000067 -0.000046 0.0
          0.002117 0.000602 0.0
          0.002201 0.000186 0.0
          0.0 0.0 0.0
          0.002467 -0.002192 0.0
          0.0 0.0 0.0
          -0.000000 -0.000000 0.0
          0.0 0.0 0.0
          0.002256 0.001085 0.0
          0.002776 0.000567 0.0
          -0.000947 -0.000093 0.0
          -0.000100 0.000005 0.0
          -0.000011 0.000180 0.0
          -0.000794 0.000357 0.0
          0.002046 0.000072 0.0
          0.003490 -0.004341 0.0
          0.002864 -0.000115 0.0
          0.002269 0.000068 0.0
          0.0 0.0 0.0
          -0.000093 0.000080 0.0
          0.003470 0.001288 0.0
          0.001197 -0.001705 0.0
          0.0 0.0 0.0
          0.0 0.0 0.0
          -0.000039 -0.000013 0.0
          0.000200 -0.000198 0.0
          0.002114 0.000089 0.0
          -0.000075 0.000075 0.0
          0.000090 0.000006 0.0
          0.001172 -0.000007 0.0
          -0.000007 0.000014 0.0
          0.002106 0.000053 0.0
          0.001841 -0.001038 0.0
          -0.000509 0.000019 0.0
          -0.000026 0.000017 0.0
          0.002119 0.000014 0.0
          0.002314 -0.000047 0.0
          0.000180 0.000935 0.0
          0.001584 0.000258 0.0
          0.000222 -0.000010 0.0
          -0.000039 -0.000028 0.0
          0.004328 -0.000351 0.0
          0.0 0.0 0.0
          0.002208 0.000110 0.0
          -0.000008 0.000043 0.0
          -0.000021 0.000002 0.0
          0.001095 -0.001430 0.0
          -0.000476 -0.000107 0.0
          0.002014 -0.001586 0.0
          0.000134 0.000000 0.0
          0.002384 0.000329 0.0
          0.000114 -0.000016 0.0
          0.001691 -0.000039 0.0
          0.000193 0.000033 0.0
          0.001985 -0.002499 0.0
          0.002475 0.002276 0.0
          0.004550 0.000123 0.0
          0.001630 0.001865 0.0
          0.000003 0.000006 0.0
          0.002599 0.002567 0.0
          0.002137 0.000228 0.0
          0.002100 -0.000045 0.0
          0.005361 -0.000015 0.0
          0.000552 -0.001150 0.0
          0.001106 -0.000994 0.0
          -0.000535 0.000316 0.0
          0.002193 -0.002499 0.0
          -0.000025 0.000118 0.0
          0.000055 -0.000000 0.0
          0.000454 -0.000678 0.0
          0.003913 0.001671 0.0
          -0.000472 -0.000302 0.0
          -0.000750 0.000998 0.0
          -0.000866 -0.000416 0.0
          0.004368 0.001769 0.0
          0.002441 -0.004010 0.0
          0.002833 0.000797 0.0
          0.0 0.0 0.0
          0.006051 0.000121 0.0
          0.0 0.0 0.0
          0.000626 -0.000233 0.0
          0.002137 0.000065 0.0
          0.001284 0.000174 0.0
          0.001045 -0.000056 0.0
          0.001871 0.000127 0.0
          0.001700 -0.005630 0.0
          -0.000011 -0.000013 0.0
          -0.000263 -0.000044 0.0
          0.002093 0.000052 0.0
          0.000272 0.000316 0.0
          -0.000426 0.000081 0.0
          0.0 0.0 0.0
          0.002364 -0.000127 0.0
          -0.001625 0.000200 0.0
          -0.000210 -0.000013 0.0
          -0.000458 0.000253 0.0
          0.0 0.0 0.0
          0.000004 -0.000000 0.0
          0.002062 0.000039 0.0
          0.0 0.0 0.0
          0.000018 0.000059 0.0
          0.000212 -0.000011 0.0
          0.000130 0.000006 0.0
          0.000426 0.000377 0.0
          0.000625 0.000019 0.0
          0.001981 -0.000037 0.0
          0.000312 0.001072 0.0
          0.002000 0.0 0.0
          0.002242 0.000097 0.0
          -0.000073 -0.000429 0.0
          0.002046 0.000109 0.0
          0.001259 0.002190 0.0
          0.002078 -0.000054 0.0
          0.000047 0.000007 0.0
          0.002097 0.000014 0.0
          -0.000054 -0.000141 0.0
          0.002011 -0.000012 0.0
          0.000172 0.000049 0.0
          0.002077 0.000515 0.0
          -0.000000 -0.000003 0.0
          -0.000148 -0.000064 0.0
          0.0 0.0 0.0
          0.005899 -0.000250 0.0
          0.000329 -0.000683 0.0
          0.0 0.0 0.0
          -0.000050 -0.000099 0.0
          -0.000028 -0.000009 0.0
          -0.000181 0.000220 0.0
          -0.000053 -0.000137 0.0
          0.002198 0.000166 0.0
          0.002184 0.000086 0.0
          0.003171 -0.001252 0.0
          0.005643 0.000078 0.0
          0.0 0.0 0.0
          -0.000074 0.000016 0.0
          0.001714 0.000044 0.0
          0.000287 0.000194 0.0
          0.000060 0.000155 0.0
          -0.000143 0.000020 0.0
          0.004558 0.000116 0.0
          -0.000008 0.000056 0.0
          0.000036 0.000010 0.0
          0.0 0.0 0.0
          -0.000147 -0.000239 0.0
          0.000177 0.000008 0.0
          -0.000502 0.000052 0.0
          -0.000063 -0.000004 0.0
          0.000010 0.000066 0.0
          0.002579 0.001078 0.0
          0.0 0.0 0.0
          0.006501 0.000105 0.0
          0.000331 0.000062 0.0
          0.000019 0.000015 0.0
          0.000776 -0.001187 0.0
          0.004333 0.000052 0.0
          0.0 0.0 0.0
          0.0 0.0 0.0
          0.0 0.0 0.0
          0.002003 -0.000006 0.0
          0.002050 0.000068 0.0
          -0.000204 -0.000061 0.0
          0.0 0.0 0.0
          0.002401 0.001009 0.0
          0.002203 0.000057 0.0
          0.003045 -0.000094 0.0
          0.002087 0.000781 0.0
          0.004546 0.000101 0.0
          0.001844 0.000012 0.0
          0.003470 0.003078 0.0
          0.001262 -0.004162 0.0
          0.002017 0.000830 0.0
          0.0 0.0 0.0
          0.002303 0.000077 0.0
          0.002000 0.0 0.0
          0.005734 0.000069 0.0
          0.000145 -0.000009 0.0
          -0.000094 0.000013 0.0
          0.000072 0.000002 0.0
          0.003559 0.000435 0.0
          0.006349 0.000027 0.0
          0.006478 0.000078 0.0
          -0.000010 0.000031 0.0
          0.0 0.0 0.0
          -0.000011 0.000004 0.0
          0.002177 0.000149 0.0
          -0.000001 0.000001 0.0
          0.0 0.0 0.0
          0.001851 0.001249 0.0
          0.002331 0.004073 0.0
          0.004267 0.000007 0.0
          0.002256 0.002414 0.0
          -0.000409 -0.000148 0.0
          0.002395 0.000290 0.0
          0.001279 -0.001583 0.0
          -0.000006 -0.000011 0.0
          0.006123 0.000048 0.0
          0.002550 0.000207 0.0
          -0.000054 -0.000025 0.0
          0.002027 -0.000004 0.0
          0.002198 0.000070 0.0
          0.000311 -0.000053 0.0
          0.002000 0.0 0.0
          0.002347 0.000105 0.0
          0.0 0.0 0.0
          -0.000059 0.000002 0.0
          -0.000391 -0.000075 0.0
          0.0 0.0 0.0
          0.000077 0.000013 0.0
          0.003003 0.001336 0.0
          0.000000 -0.000089 0.0
          0.002649 0.002538 0.0
          0.000006 0.000067 0.0
          -0.001388 0.000492 0.0
          -0.001458 0.000147 0.0
          0.004665 -0.000430 0.0
          0.002100 0.000051 0.0
          0.003666 -0.003341 0.0
          0.000296 0.002132 0.0
          0.0 0.0 0.0
          0.002206 -0.000012 0.0
          0.0 0.0 0.0
          -0.000015 -0.000191 0.0
          -0.000084 -0.000206 0.0
          -0.000917 0.000219 0.0
          0.004377 -0.004223 0.0
          0.0 0.0 0.0
          0.0 0.0 0.0
          0.0 0.0 0.0
          -0.000365 0.000097 0.0
          0.002176 0.000289 0.0
          0.002173 0.000152 0.0
          0.0 0.0 0.0
          0.005951 0.000092 0.0
          0.001591 0.004153 0.0
          0.0 0.0 0.0
          0.000131 0.000576 0.0
          0.0 0.0 0.0
          0.002674 -0.002945 0.0
          0.0 0.0 0.0
          -0.000214 0.000125 0.0
          0.002192 0.000080 0.0
          0.002388 -0.003772 0.0
          0.000037 0.000036 0.0
          0.001448 0.000987 0.0
          0.0 0.0 0.0
          0.006490 0.000088 0.0
          0.000259 0.000104 0.0
          -0.000216 -0.000259 0.0
          0.002383 0.000095 0.0
          0.000037 -0.000002 0.0
          0.005273 0.000063 0.0
          -0.000051 0.000006 0.0
          0.001898 0.002497 0.0
          0.000639 -0.002351 0.0
          0.002350 0.000013 0.0
          0.002143 -0.000060 0.0
          0.006413 0.000055 0.0
          -0.000469 0.000059 0.0
          0.000142 0.000026 0.0
          0.000214 0.000005 0.0
          0.004219 -0.001401 0.0
          0.000438 -0.000095 0.0
          0.0 0.0 0.0
          0.002009 -0.000617 0.0
          0.006339 0.000079 0.0
          0.0 0.0 0.0
          -0.000100 -0.000003 0.0
          0.002218 -0.002301 0.0
          0.001127 -0.000004 0.0
          0.000298 0.000089 0.0
          -0.000689 0.000033 0.0
          -0.000029 -0.000004 0.0
          0.004383 -0.000295 0.0
          0.002143 0.000082 0.0
          0.002133 0.000003 0.0
          -0.000117 0.000115 0.0
          0.002060 0.000047 0.0
          0.002072 0.000002 0.0
          0.002120 0.000055 0.0
          -0.000037 -0.000106 0.0
          0.000096 -0.000472 0.0
          0.002563 -0.004260 0.0
          0.0 0.0 0.0
          -0.000011 -0.000006 0.0
          0.0 0.0 0.0
          0.002804 0.000373 0.0
          0.002638 0.000222 0.0
          0.002379 0.000032 0.0
          0.006072 0.000002 0.0
          0.0 0.0 0.0
          0.001881 0.001089 0.0
          0.002115 0.000060 0.0
          0.002038 0.000054 0.0
          0.0 0.0 0.0
          0.001615 -0.002247 0.0
          -0.000890 -0.000204 0.0
          0.0 0.0 0.0
          0.002640 0.002836 0.0
          0.003630 -0.001086 0.0
          0.000700 -0.000168 0.0
          -0.000966 -0.000009 0.0
          0.0 0.0 0.0
          -0.001054 0.000093 0.0
          -0.000525 0.000223 0.0
          0.000408 -0.000593 0.0
          -0.000403 0.000239 0.0
          -0.000087 -0.000001 0.0
          -0.001418 -0.000048 0.0
          0.002386 0.000084 0.0
          0.0 0.0 0.0
          0.003132 -0.001530 0.0
          0.000746 -0.000786 0.0
          0.0 0.0 0.0
          0.0 0.0 0.0
          -0.000593 0.000086 0.0
          -0.000435 -0.000047 0.0
          0.004457 -0.002585 0.0
          0.001302 0.000017 0.0
          -0.000151 0.000103 0.0
          0.003355 0.003381 0.0
          0.0 0.0 0.0
          0.001161 -0.003431 0.0
          -0.000004 -0.000003 0.0
          0.000914 0.001094 0.0
          0.002133 0.000023 0.0
          0.000473 -0.000438 0.0
          -0.001294 0.000699 0.0
          0.001407 -0.002011 0.0
          0.005024 0.000064 0.0
          0.001813 -0.000005 0.0
          0.002398 0.001220 0.0
          0.000380 -0.000053 0.0
          0.002437 -0.005083 0.0
          0.001720 0.001670 0.0
          0.000095 0.000019 0.0
          -0.000001 -0.000002 0.0
          0.001488 0.002057 0.0
          0.000191 -0.000015 0.0
          0.0 0.0 0.0
          0.0 0.0 0.0
          0.002246 0.000069 0.0
          -0.000006 -0.000068 0.0
          0.000188 0.000011 0.0
          0.000158 -0.000135 0.0
          0.000102 0.000045 0.0
          0.001530 0.002261 0.0
          0.000427 0.000822 0.0
          0.003585 0.000112 0.0
          0.003199 -0.000009 0.0
          0.001375 -0.000014 0.0
          0.000220 -0.000006 0.0
          0.002178 0.000193 0.0
          0.004799 -0.001436 0.0
          0.000070 0.000117 0.0
          -0.000617 0.000092 0.0
          0.002429 0.000081 0.0
          0.000036 0.000002 0.0
          0.006232 0.000099 0.0
          0.005581 -0.000797 0.0
          0.001347 -0.001243 0.0
          0.002818 0.001776 0.0
          -0.000073 0.000001 0.0
          0.002000 0.0 0.0
          -0.001030 -0.000042 0.0
          0.001726 0.000156 0.0
          0.000298 -0.000338 0.0
          -0.000019 -0.000107 0.0
          0.000027 0.000009 0.0
          -0.000221 0.000253 0.0
          0.002377 0.000226 0.0
          0.002020 0.000015 0.0
          0.0 0.0 0.0
          0.000244 0.001664 0.0
          0.002736 0.002330 0.0
          0.002819 -0.001769 0.0
          0.0 0.0 0.0
          0.0 0.0 0.0
          0.002530 -0.000766 0.0
          0.001965 -0.000066 0.0
          -0.000278 -0.000352 0.0
          0.0 0.0 0.0
          0.002182 0.000075 0.0
          0.006375 0.000100 0.0
          0.0 0.0 0.0
          0.002095 0.002344 0.0
          0.002102 0.002133 0.0
          0.004625 0.000037 0.0
          0.001026 -0.000336 0.0
          -0.000004 0.000015 0.0
          0.001996 0.000027 0.0
          -0.001293 -0.000086 0.0
          0.001176 0.000021 0.0
          0.002057 -0.000040 0.0
          -0.000048 -0.000065 0.0
          0.001176 0.000020 0.0
          0.005717 -0.000626 0.0
          0.002667 -0.002475 0.0
          0.001493 0.000032 0.0
          0.0 0.0 0.0
          0.002174 -0.004006 0.0
          0.0 0.0 0.0
          0.002626 -0.000331 0.0
          0.001726 -0.000119 0.0
          -0.000020 0.000001 0.0
          0.003023 0.003099 0.0
          -0.000043 0.000103 0.0
          0.000878 0.000706 0.0
          0.000028 -0.000003 0.0
          0.002000 0.0 0.0
          -0.000073 -0.000093 0.0
          0.0 0.0 0.0
          0.000686 -0.000788 0.0
          0.0 0.0 0.0
          0.0 0.0 0.0
          -0.000053 -0.000002 0.0
          0.005835 -0.001238 0.0
          0.000745 0.000565 0.0
          0.0 0.0 0.0
          0.0 0.0 0.0
          0.001756 0.000417 0.0
          0.0 0.0 0.0
          -0.001436 0.000209 0.0
          0.000040 0.000174 0.0
          0.002088 0.000046 0.0
          0.001803 0.000104 0.0
          0.000498 0.000499 0.0
          -0.000065 0.000017 0.0
          0.001863 0.000055 0.0
          -0.000048 -0.000002 0.0
          0.006491 0.000108 0.0
          0.004457 0.001313 0.0
          -0.000297 0.000189 0.0
          0.001854 -0.000251 0.0
          0.002000 0.0 0.0
          0.002330 0.000276 0.0
          0.000145 -0.000120 0.0
          0.002046 -0.000009 0.0
          -0.000374 0.000055 0.0
          0.002123 -0.000028 0.0
          0.001077 0.000149 0.0
          -0.000320 0.000449 0.0
          0.002829 0.002235 0.0
          0.000156 0.000518 0.0
          -0.000022 -0.000141 0.0
          0.000169 0.000299 0.0
          0.000047 -0.000034 0.0
          0.002030 0.000438 0.0
          0.001569 0.000982 0.0
          0.002159 -0.000013 0.0
          0.001701 0.000039 0.0
          0.000039 0.000009 0.0
          0.002110 0.000001 0.0
          0.000823 0.000371 0.0
          0.002084 0.000048 0.0
          0.0 0.0 0.0
          0.000131 0.000094 0.0
          -0.000053 -0.000001 0.0
          0.001878 -0.000383 0.0
          0.000050 -0.000002 0.0
          0.000627 0.000070 0.0
          -0.000349 0.000029 0.0
          0.0 0.0 0.0
          0.001321 0.000008 0.0
          0.0 0.0 0.0
          -0.000044 0.000082 0.0
          -0.000708 0.000059 0.0
          0.0 0.0 0.0
          0.002125 0.000534 0.0
          0.002053 0.000069 0.0
          -0.000697 -0.000060 0.0
          0.0 0.0 0.0
          0.0 0.0 0.0
          -0.000093 0.000176 0.0
          0.002128 0.000068 0.0
          -0.000001 0.000062 0.0
          0.006454 0.000010 0.0
          0.002000 0.0 0.0
          0.002232 0.000089 0.0
          0.002227 0.000148 0.0
          0.001316 0.000025 0.0
          0.000015 0.000028 0.0
          0.0 0.0 0.0
          0.0 0.0 0.0
          0.000241 -0.001007 0.0
          0.002133 0.000150 0.0
          -0.000001 0.000040 0.0
          0.001626 0.000175 0.0
          0.002699 0.000816 0.0
          -0.000855 0.000026 0.0
          -0.000044 -0.000016 0.0
          0.0 0.0 0.0
          -0.000853 -0.000051 0.0
          0.000169 -0.000034 0.0
          0.002316 -0.000011 0.0
          0.002000 0.0 0.0
          -0.000719 -0.000203 0.0
          0.002003 0.000018 0.0
          0.000032 -0.000007 0.0
          0.002019 0.000057 0.0
          0.002030 -0.000044 0.0
          -0.000928 -0.000112 0.0
          -0.000017 -0.000011 0.0
          0.002045 0.000042 0.0
          -0.001044 -0.000054 0.0
          0.0 0.0 0.0
          -0.000009 -0.000018 0.0
          0.001529 0.000032 0.0
          0.005285 -0.000222 0.0
          0.003961 0.000960 0.0
          0.000162 0.000041 0.0
          0.002000 0.0 0.0
          -0.000066 0.000837 0.0
          0.002341 0.000145 0.0
          -0.000336 -0.000046 0.0
          0.006471 -0.000037 0.0
          0.0 0.0 0.0
          -0.000084 0.000031 0.0
          0.000264 0.000090 0.0
          0.001542 0.000060 0.0
          0.001491 0.000065 0.0
          0.000280 -0.000085 0.0
          0.006459 0.000106 0.0
          0.002914 0.002853 0.0
          0.003936 -0.000563 0.0
          -0.000097 0.000101 0.0
          0.001934 0.000994 0.0
          0.004576 0.000018 0.0
          0.002001 0.000008 0.0
          0.003893 0.000094 0.0
          -0.000018 0.000002 0.0
          0.002122 0.000072 0.0
          -0.000227 -0.000018 0.0
          -0.000447 -0.000314 0.0
          0.001132 0.000178 0.0
          0.002063 0.000016 0.0
          0.003846 -0.000010 0.0
          0.0 0.0 0.0
          0.002324 0.000056 0.0
          0.0 0.0 0.0
          -0.000095 -0.000038 0.0
          0.002017 0.000054 0.0
          0.006325 -0.000384 0.0
          0.002105 0.000669 0.0
          0.000594 -0.004552 0.0
          0.000144 0.000006 0.0
          0.000064 -0.000088 0.0
          0.003809 -0.000331 0.0
          0.001591 0.000192 0.0
          -0.000078 0.000312 0.0
          0.0 0.0 0.0
          0.002124 0.000124 0.0
          0.001813 0.003063 0.0
          0.000607 0.000030 0.0
          0.002895 -0.000277 0.0
          0.000039 0.000003 0.0
          0.001257 -0.000202 0.0
          0.003450 0.000115 0.0
          0.002076 0.001146 0.0
          -0.001654 0.000158 0.0
          0.000938 -0.000253 0.0
          0.000655 -0.000700 0.0
          -0.000083 0.000001 0.0
          0.000277 -0.000276 0.0
          0.002282 -0.000026 0.0
          0.000044 0.000006 0.0
          0.0 0.0 0.0
          -0.000382 0.000139 0.0
          0.001854 -0.000003 0.0
          0.002980 -0.000608 0.0
          0.002713 0.000336 0.0
          0.004613 -0.001229 0.0
          0.000424 0.000016 0.0
          0.000537 0.000802 0.0
          0.001798 0.001507 0.0
          -0.000123 0.000084 0.0
          0.000137 -0.000004 0.0
          0.000021 0.000064 0.0
          0.004902 0.000057 0.0
          0.002240 0.000227 0.0
          0.0 0.0 0.0
          0.002139 0.000039 0.0
          0.001324 0.000020 0.0
          0.000157 0.000002 0.0
          -0.000008 -0.000031 0.0
          0.0 0.0 0.0
          0.000028 0.000046 0.0
          -0.000103 -0.000309 0.0
          0.002224 -0.000046 0.0
          0.002093 0.000041 0.0
          0.000219 0.000051 0.0
          0.000134 0.000310 0.0
          -0.000487 0.000429 0.0
          0.0 0.0 0.0
          0.0 0.0 0.0
          0.000485 0.000124 0.0
          0.002290 0.000080 0.0
          0.001365 0.000021 0.0
          -0.000004 -0.000004 0.0
          -0.000299 0.000026 0.0
          -0.000411 0.000630 0.0
          0.002192 0.001291 0.0
          0.002352 0.000129 0.0
          0.0 0.0 0.0
          0.0 0.0 0.0
          0.004414 -0.003610 0.0
          0.002036 -0.000064 0.0
          -0.000919 -0.000045 0.0
          -0.000406 -0.000095 0.0
          0.002797 0.000680 0.0
          0.0 0.0 0.0
          0.002157 0.000223 0.0
          0.0 0.0 0.0
          0.003688 -0.002672 0.0
          0.000388 0.000400 0.0
          0.0 0.0 0.0
          0.002077 -0.003590 0.0
          0.001957 0.001209 0.0
          -0.000708 0.000035 0.0
          -0.000209 0.000078 0.0
          0.002128 0.000125 0.0
          0.003402 0.001990 0.0
          0.002855 0.001253 0.0
          0.001098 -0.000597 0.0
          0.001061 -0.000230 0.0
          0.002079 0.000014 0.0
          0.002467 -0.004011 0.0
          0.002192 0.000424 0.0
          0.000166 0.000021 0.0
          0.002413 0.000445 0.0
          0.002074 0.000041 0.0
          -0.000390 0.000176 0.0
          0.000085 -0.000002 0.0
          0.000139 -0.000005 0.0
          -0.000221 0.000025 0.0
          0.003555 0.000031 0.0
          0.000611 0.000085 0.0
          0.0 0.0 0.0
          0.000123 -0.000031 0.0
          0.002000 0.0 0.0
          0.001003 0.000673 0.0
          0.0 0.0 0.0
          0.000090 -0.000013 0.0
          -0.000093 -0.000031 0.0
          0.002222 0.000144 0.0
          0.006163 0.000072 0.0
          0.002031 0.000021 0.0
          0.000869 0.000507 0.0
          0.000604 -0.000798 0.0
          0.002098 -0.000019 0.0
          0.002242 0.000115 0.0
          0.002279 -0.000189 0.0
          0.001601 -0.000326 0.0
          0.000005 0.000000 0.0
          0.000804 0.000121 0.0
          0.000518 -0.000236 0.0
          0.002186 0.000044 0.0
          0.002434 -0.002138 0.0
          0.000136 -0.000008 0.0
          0.003371 -0.001297 0.0
          0.0 0.0 0.0
          0.0 0.0 0.0
          0.000284 -0.001938 0.0
          0.000004 -0.000005 0.0
          0.0 0.0 0.0
          -0.000168 -0.000036 0.0
          0.0 0.0 0.0
          -0.000076 -0.000000 0.0
          0.004255 -0.000258 0.0
          -0.000100 0.000011 0.0
          0.000914 0.003985 0.0
          0.002001 -0.000005 0.0
          0.001302 0.000017 0.0
          0.000228 0.000026 0.0
          0.0 0.0 0.0
          0.000008 -0.000017 0.0
          -0.000059 -0.000060 0.0
          -0.000053 0.000029 0.0
          0.000772 0.000018 0.0
          -0.001752 0.000071 0.0
          0.002437 0.001620 0.0
          0.001204 -0.000029 0.0
          0.001978 0.000954 0.0
          0.0 0.0 0.0
          0.0 0.0 0.0
          0.001723 -0.000176 0.0
          -0.000041 -0.000004 0.0
          0.0 0.0 0.0
          0.000691 -0.000266 0.0
          0.001806 0.001813 0.0
          -0.000039 -0.000087 0.0
          -0.001350 0.000079 0.0
          0.003335 0.000030 0.0
          0.000009 0.000009 0.0
          0.001873 0.000048 0.0
          0.0 0.0 0.0
          -0.000066 -0.000209 0.0
          0.000179 0.000127 0.0
          -0.000599 0.001075 0.0
          0.000176 -0.000197 0.0
          0.0 0.0 0.0
          0.001236 0.000133 0.0
          0.003447 0.001016 0.0
          0.000850 0.000609 0.0
          -0.000499 -0.000379 0.0
          0.0 0.0 0.0
          -0.000003 0.000020 0.0
          -0.000901 0.000580 0.0
          0.001473 -0.000028 0.0
          0.0 0.0 0.0
          0.0 0.0 0.0
          0.000108 -0.000002 0.0
          -0.000012 0.000048 0.0
          0.0 0.0 0.0
          0.001863 0.000345 0.0
          0.000690 -0.000079 0.0
          0.000084 -0.000029 0.0
          0.005369 0.000076 0.0
          -0.000022 -0.000002 0.0
          0.002339 0.001833 0.0
          0.002254 0.002130 0.0
          0.001816 0.000708 0.0
          0.001248 0.000018 0.0
          -0.000091 0.000039 0.0
          0.000008 0.000009 0.0
          0.001029 0.000223 0.0
          0.000026 0.000069 0.0
          0.0 0.0 0.0
          0.0 0.0 0.0
          0.002756 -0.000624 0.0
          0.000224 -0.000247 0.0
          0.000053 0.000007 0.0
          0.0 0.0 0.0
          0.000093 0.000007 0.0
          -0.000239 0.000019 0.0
          -0.000270 0.000094 0.0
          0.004331 -0.001012 0.0
          0.003047 0.001000 0.0
          0.002247 0.000216 0.0
          0.002001 -0.000007 0.0
          -0.000077 -0.000003 0.0
          0.002144 0.000094 0.0
          -0.000618 0.000070 0.0
          0.002193 -0.000064 0.0
          -0.000070 -0.000021 0.0
          0.002175 -0.000043 0.0
          0.000085 -0.000122 0.0
          0.002295 0.002569 0.0
          -0.001706 0.000033 0.0
          -0.000135 -0.000036 0.0
          0.000049 -0.000019 0.0
          0.002347 -0.003061 0.0
          0.003586 -0.002259 0.0
          0.000130 -0.000083 0.0
          0.0 0.0 0.0
          0.005101 0.000033 0.0
          0.0 0.0 0.0
          0.002554 0.000490 0.0
          0.000470 -0.000528 0.0
          0.001187 -0.000002 0.0
          -0.000465 0.000280 0.0
          -0.000132 -0.000307 0.0
          0.001161 0.000142 0.0
          0.002439 -0.000523 0.0
          0.000019 0.000195 0.0
          0.001947 -0.002696 0.0
          0.000870 -0.000638 0.0
          0.003573 -0.002285 0.0
          0.002348 -0.000116 0.0
          0.000964 -0.000008 0.0
          0.0 0.0 0.0
          0.0 0.0 0.0
          -0.001436 -0.000026 0.0
          0.0 0.0 0.0
          0.002131 0.000106 0.0
          0.000687 -0.000540 0.0
          0.002044 0.000105 0.0
          -0.000054 -0.000000 0.0
          0.002537 0.000196 0.0
          0.002125 0.000086 0.0
          0.0 0.0 0.0
          0.003299 -0.000444 0.0
          -0.000004 0.000005 0.0
          0.001987 0.000000 0.0
          0.003460 0.001555 0.0
          0.002731 -0.000958 0.0
          0.002016 0.001052 0.0
          -0.000788 0.000009 0.0
          0.002388 -0.003459 0.0
          0.000777 -0.000060 0.0
          0.000297 0.000051 0.0
          -0.001194 -0.000274 0.0
          0.000006 -0.000169 0.0
          -0.001171 0.000080 0.0
          0.002051 0.000207 0.0
          -0.000039 -0.000443 0.0
          0.000074 -0.000068 0.0
          0.000003 0.000019 0.0
          0.0 0.0 0.0
          0.003278 -0.001839 0.0
          0.002002 0.000002 0.0
          -0.000526 0.000273 0.0
          0.002390 -0.001715 0.0
          0.0 0.0 0.0
          0.0 0.0 0.0
          0.0 0.0 0.0
          0.003868 0.000671 0.0
          0.000063 0.000857 0.0
          0.000003 0.000063 0.0
          0.002002 -0.000002 0.0
          0.000188 -0.000020 0.0
          0.0 0.0 0.0
          0.001551 -0.002598 0.0
          0.002917 0.001500 0.0
          0.000056 -0.000007 0.0
          -0.000019 -0.000102 0.0
          0.002473 0.000339 0.0
          0.000412 0.000334 0.0
          0.0 0.0 0.0
          0.003878 -0.001273 0.0
          0.002779 -0.003377 0.0
          -0.000119 -0.000287 0.0
          0.002139 0.000299 0.0
          0.003675 0.000013 0.0
          0.006412 0.000114 0.0
          0.002333 0.000259 0.0
          -0.000075 -0.000097 0.0
          0.000094 0.001099 0.0
          0.000162 0.000478 0.0
          0.001835 0.000859 0.0
          0.0 0.0 0.0
          0.0 0.0 0.0
          0.003149 -0.001577 0.0
          0.0 0.0 0.0
          0.002135 0.000073 0.0
          0.0 0.0 0.0
          0.002571 0.000395 0.0
          0.003620 0.001454 0.0
          0.002129 0.000061 0.0
          0.002232 0.000074 0.0
          0.002441 -0.004825 0.0
          0.000400 -0.000042 0.0
          -0.000259 0.000055 0.0
          0.0 0.0 0.0
          0.0 0.0 0.0
          -0.000083 0.000225 0.0
          0.0 0.0 0.0
          -0.000004 -0.000001 0.0
          0.005635 -0.000160 0.0
          -0.000530 -0.000296 0.0
          0.002432 0.000023 0.0
          0.005295 0.000043 0.0
          -0.000512 -0.000058 0.0
          0.002529 0.000717 0.0
          -0.000417 0.000112 0.0
          -0.000320 0.000103 0.0
          0.005134 -0.001067 0.0
          -0.000082 -0.000001 0.0
          0.0 0.0 0.0
          0.0 0.0 0.0
          0.000346 0.000241 0.0
          0.002149 0.000059 0.0
          0.000408 0.000021 0.0
          0.0 0.0 0.0
          0.0 0.0 0.0
          0.000161 -0.000131 0.0
          0.000255 0.000107 0.0
          0.001490 -0.000027 0.0
          -0.001497 0.000040 0.0
          -0.000091 -0.000003 0.0
          0.002250 0.000123 0.0
          0.001259 -0.000008 0.0
          0.000028 0.000141 0.0
          -0.000002 0.000027 0.0
          0.004835 -0.003531 0.0
          0.002496 -0.003497 0.0
          0.002673 0.002073 0.0
          0.000055 -0.000066 0.0
          0.000502 0.000270 0.0
          0.000265 0.000930 0.0
          0.0 0.0 0.0
          0.0 0.0 0.0
          0.002946 0.001183 0.0
          0.000889 0.000360 0.0
          0.002039 -0.000019 0.0
          0.002336 -0.000107 0.0
          -0.000490 0.000110 0.0
          0.0 0.0 0.0
          0.000001 0.000042 0.0
          0.0 0.0 0.0
          -0.000365 0.000881 0.0
          -0.000480 0.000976 0.0
          0.000005 0.000000 0.0
          0.0 0.0 0.0
          0.002006 -0.003069 0.0
          0.001103 -0.002903 0.0
          -0.001665 0.000030 0.0
          0.000145 0.000051 0.0
          0.003271 0.002210 0.0
          0.002430 0.000233 0.0
          0.002382 -0.004267 0.0
          0.002145 0.000261 0.0
          0.0 0.0 0.0
          0.000514 0.000013 0.0
          0.0 0.0 0.0
          -0.000648 0.000620 0.0
          0.000267 -0.001458 0.0
          0.004418 -0.000244 0.0
          0.000211 0.000018 0.0
          0.0 0.0 0.0
          0.002137 0.000104 0.0
          0.0 0.0 0.0
          0.003250 0.002414 0.0
          0.002435 -0.000429 0.0
          -0.000040 -0.000099 0.0
          -0.000021 0.000110 0.0
          0.000065 -0.000089 0.0
          0.005216 0.000024 0.0
          -0.000019 0.000123 0.0
          0.002035 0.003279 0.0
          -0.000250 0.000438 0.0
          0.002119 0.000982 0.0
          0.002614 0.000298 0.0
          -0.001069 0.000369 0.0
          -0.000033 0.000006 0.0
          0.000132 -0.000010 0.0
          -0.001311 0.000251 0.0
          -0.000355 -0.000060 0.0
          0.000086 0.000055 0.0
          -0.000338 -0.000458 0.0
          0.002834 0.000529 0.0
          0.0 0.0 0.0
          0.000061 -0.000140 0.0
          0.001899 -0.000024 0.0
          0.002009 0.000020 0.0
          0.0 0.0 0.0
          -0.000418 0.000077 0.0
          0.000499 0.001421 0.0
          -0.000011 -0.000023 0.0
          0.001010 0.000522 0.0
          0.003818 -0.000166 0.0
          0.0 0.0 0.0
          0.0 0.0 0.0
          0.0 0.0 0.0
          -0.001248 0.000321 0.0
          0.000234 0.000366 0.0
          0.002036 0.000009 0.0
          0.000043 0.000227 0.0
          0.000393 -0.000109 0.0
          -0.000249 0.000029 0.0
          0.003299 -0.001072 0.0
          0.003435 0.000031 0.0
          -0.000133 -0.000207 0.0
          0.002976 -0.001915 0.0
          0.0 0.0 0.0
          0.0 0.0 0.0
          0.002001 -0.000003 0.0
          0.004690 -0.000128 0.0
          0.000009 0.000056 0.0
          0.001470 -0.002251 0.0
          0.001899 0.002223 0.0
          -0.000822 -0.000443 0.0
          0.001044 -0.000001 0.0
          0.0 0.0 0.0
          -0.001196 0.000613 0.0
          0.0 0.0 0.0
          0.003348 -0.000654 0.0
          0.001692 0.000243 0.0
          0.0 0.0 0.0
          0.0 0.0 0.0
          0.0 0.0 0.0
          0.0 0.0 0.0
          0.002920 0.001032 0.0
          0.0 0.0 0.0
          0.001149 0.000024 0.0
          0.0 0.0 0.0
          0.002411 0.000387 0.0
          0.004095 -0.000038 0.0
          0.000153 -0.000030 0.0
          0.0 0.0 0.0
          0.000061 0.000105 0.0
          -0.000045 -0.000001 0.0
          0.002758 -0.004501 0.0
          0.002278 0.000209 0.0
          0.002938 0.002491 0.0
          0.002793 0.001630 0.0
          -0.000839 0.000086 0.0
          0.000149 -0.000005 0.0
          0.0 0.0 0.0
          0.003547 0.001740 0.0
          0.002241 -0.000079 0.0
          0.0 0.0 0.0
          0.002002 0.000005 0.0
          -0.001424 0.000200 0.0
          0.001489 0.000709 0.0
          0.002165 0.000005 0.0
          0.001825 0.002633 0.0
          0.000349 0.000579 0.0
          -0.000029 0.000008 0.0
          0.002024 0.000050 0.0
          0.002131 -0.000044 0.0
          0.0 0.0 0.0
          0.002433 0.002507 0.0
          0.002175 0.000231 0.0
          -0.000068 -0.000096 0.0
          0.0 0.0 0.0
          -0.000015 0.000014 0.0
          0.002121 -0.000001 0.0
          -0.000017 0.000027 0.0
          0.002094 -0.000002 0.0
          -0.000058 0.000004 0.0
          0.0 0.0 0.0
          0.0 0.0 0.0
          -0.000794 0.000259 0.0
          0.002265 0.000071 0.0
          0.002463 0.002248 0.0
          0.000113 -0.000057 0.0
          0.001928 -0.002851 0.0
          0.001513 0.002919 0.0
          0.000178 -0.000000 0.0
          0.000205 -0.000014 0.0
          0.002131 0.000590 0.0
          0.006035 -0.000560 0.0
          0.0 0.0 0.0
          0.0 0.0 0.0
          -0.000002 0.000047 0.0
          0.004247 -0.000267 0.0
          0.003712 -0.000750 0.0
          0.002159 -0.000027 0.0
          0.002611 -0.002571 0.0
          0.002152 0.000024 0.0
          -0.000749 0.000023 0.0
          -0.000012 -0.000009 0.0
          0.0 0.0 0.0
          0.000017 0.000374 0.0
          0.002136 0.003073 0.0
          0.0 0.0 0.0
          0.002004 -0.000011 0.0
          0.000565 0.000244 0.0
          0.000440 0.000312 0.0
          0.000605 -0.000793 0.0
          0.000219 0.000004 0.0
          -0.000372 0.000016 0.0
          0.0 0.0 0.0
          0.0 0.0 0.0
          0.0 0.0 0.0
          0.002343 -0.000085 0.0
          0.000478 0.000613 0.0
          0.004734 -0.000641 0.0
          -0.000060 0.000037 0.0
          0.002186 0.000061 0.0
          -0.001156 0.000787 0.0
          -0.000033 0.000047 0.0
          0.002004 -0.000002 0.0
          0.002846 -0.000408 0.0
          0.001043 0.000631 0.0
          0.0 0.0 0.0
          0.005639 -0.000093 0.0
          0.000049 0.000005 0.0
          0.002000 0.0 0.0
          0.000174 0.000019 0.0
          -0.000350 0.000239 0.0
          0.000154 0.000019 0.0
          0.002095 0.000589 0.0
          0.002209 0.000141 0.0
          -0.000618 0.000410 0.0
          0.003245 -0.002832 0.0
          0.002112 0.000045 0.0
          0.004045 -0.000688 0.0
          -0.000487 0.000134 0.0
          0.000034 0.000002 0.0
          0.001705 0.002080 0.0
          -0.000003 -0.000028 0.0
          0.0 0.0 0.0
          0.003945 -0.004010 0.0
          0.0 0.0 0.0
          -0.000005 -0.000223 0.0
          0.0 0.0 0.0
          0.003189 -0.004037 0.0
          0.000194 0.000163 0.0
          0.000145 -0.000406 0.0
          0.000039 0.000024 0.0
          0.003563 -0.000068 0.0
          0.001258 0.000015 0.0
          0.0 0.0 0.0
          0.001983 0.000636 0.0
          -0.000012 -0.000005 0.0
          0.001090 0.000086 0.0
          0.001783 -0.001444 0.0
          0.003161 -0.000272 0.0
          0.002701 0.001953 0.0
          0.002605 0.002475 0.0
          -0.000258 0.000040 0.0
          -0.000485 -0.000073 0.0
          0.003743 0.000680 0.0
          0.000001 0.000060 0.0
          -0.000052 -0.000148 0.0
          0.002236 0.000069 0.0
          0.000225 -0.000020 0.0
          0.002287 0.000076 0.0
          0.0 0.0 0.0
          -0.000006 0.000051 0.0
          0.000036 0.000022 0.0
          0.002824 0.003883 0.0
          0.002138 0.000468 0.0
          -0.000882 0.000020 0.0
          0.002212 -0.002980 0.0
          0.000989 0.000561 0.0
          0.002584 0.001253 0.0
          0.002012 -0.000036 0.0
          0.000187 0.000008 0.0
          0.0 0.0 0.0
          0.0 0.0 0.0
          0.0 0.0 0.0
          0.0 0.0 0.0
          0.002429 -0.000406 0.0
          0.0 0.0 0.0
          0.001327 0.001127 0.0
          0.002009 0.000000 0.0
          0.002226 0.000127 0.0
          -0.000060 -0.000133 0.0
          -0.000043 0.000200 0.0
          -0.000106 0.000723 0.0
          0.000129 0.000007 0.0
          0.002201 -0.000060 0.0
          0.002041 0.000044 0.0
          0.002006 0.000019 0.0
          0.000846 0.000745 0.0
          -0.000538 0.000199 0.0
          0.000639 0.001936 0.0
          0.001831 -0.000110 0.0
          -0.000038 0.000003 0.0
          0.002756 -0.004074 0.0
          0.001037 -0.000399 0.0
          0.0 0.0 0.0
          -0.000055 -0.000001 0.0
          0.002756 0.003069 0.0
          -0.001288 0.000636 0.0
          0.002781 -0.000020 0.0
          -0.000727 -0.000084 0.0
          -0.000694 -0.000096 0.0
          0.0 0.0 0.0
          0.000140 0.000725 0.0
          0.0 0.0 0.0
          0.000226 0.000053 0.0
          -0.000051 0.000368 0.0
          0.002000 0.000005 0.0
          0.000008 -0.000021 0.0
          0.000528 -0.001175 0.0
          -0.000005 0.000219 0.0
          0.002242 -0.000044 0.0
          0.002002 -0.000015 0.0
          0.004179 -0.001842 0.0
          -0.001234 0.000800 0.0
          -0.000219 0.000031 0.0
          0.000748 0.000551 0.0
          0.005018 0.000024 0.0
          0.005598 -0.000448 0.0
          -0.000092 -0.000339 0.0
          0.002273 0.000045 0.0
          0.003754 -0.002145 0.0
          0.0 0.0 0.0
          -0.000067 -0.000408 0.0
          0.001818 -0.000672 0.0
          0.002199 0.000178 0.0
          0.003248 0.000535 0.0
          0.000002 0.000035 0.0
          0.0 0.0 0.0
          0.0 0.0 0.0
          0.000178 -0.000110 0.0
          0.003749 -0.000038 0.0
          -0.000037 -0.000037 0.0
          -0.000254 -0.000068 0.0
          0.006023 0.000082 0.0
          0.001761 0.002727 0.0
          0.001984 -0.000040 0.0
          0.002821 -0.001511 0.0
          0.0 0.0 0.0
          -0.000585 -0.000009 0.0
          -0.000057 -0.000000 0.0
          0.0 0.0 0.0
          0.0 0.0 0.0
          0.003166 0.000087 0.0
          0.000004 -0.000001 0.0
          0.000432 0.000853 0.0
          0.001262 0.000013 0.0
          0.0 0.0 0.0
          -0.001296 0.000044 0.0
          0.000205 -0.000634 0.0
          0.0 0.0 0.0
          0.002130 -0.000077 0.0
          0.002297 0.000075 0.0
          -0.000522 0.000137 0.0
          0.000936 -0.000385 0.0
          0.001977 0.000005 0.0
          0.0 0.0 0.0
          0.000238 -0.000003 0.0
          0.005151 -0.003018 0.0
          -0.000148 -0.000040 0.0
          0.002000 0.0 0.0
          0.001975 0.000087 0.0
          -0.000458 -0.000223 0.0
          0.004377 -0.000063 0.0
          0.000631 0.000144 0.0
          0.000216 -0.000024 0.0
          0.000067 -0.000001 0.0
          -0.000132 -0.000107 0.0
          0.0 0.0 0.0
          -0.000337 -0.000111 0.0
          0.002239 0.000171 0.0
          0.000001 0.000001 0.0
          0.006061 -0.000901 0.0
          0.003556 -0.001314 0.0
          0.000859 0.000020 0.0
          0.002010 -0.000006 0.0
          0.002943 0.000630 0.0
          0.001496 0.001016 0.0
          0.002606 -0.003556 0.0
          0.001669 -0.000142 0.0
          0.002443 0.002366 0.0
          0.000117 0.000208 0.0
          0.0 0.0 0.0
          0.005221 0.000050 0.0
          0.002082 0.000038 0.0
          0.002065 0.000052 0.0
          0.000302 0.000340 0.0
          0.0 0.0 0.0
          0.006007 0.000082 0.0
          0.002280 0.000069 0.0
          -0.000022 0.000025 0.0
          0.0 0.0 0.0
          -0.001570 -0.000008 0.0
          0.001081 0.000349 0.0
          -0.000023 0.000026 0.0
          0.002979 0.000586 0.0
          0.000024 0.000031 0.0
          0.000122 -0.000006 0.0
          0.000656 0.000170 0.0
          0.003535 0.002254 0.0
          -0.000177 0.000017 0.0
          0.006045 0.000041 0.0
          0.002572 0.001615 0.0
          -0.000040 -0.000183 0.0
          0.000575 0.003276 0.0
          -0.000339 0.000348 0.0
          -0.000235 -0.000256 0.0
          0.002046 0.000057 0.0
          0.000131 -0.000040 0.0
          0.000120 -0.000093 0.0
          0.002291 0.000230 0.0
          -0.001258 0.000003 0.0
          0.0 0.0 0.0
          0.000193 0.000056 0.0
          0.000089 -0.000022 0.0
          0.0 0.0 0.0
          0.001260 -0.001413 0.0
          -0.000047 0.000011 0.0
          0.002089 0.000029 0.0
          0.003305 -0.000036 0.0
          0.000184 0.000100 0.0
          0.000427 -0.003717 0.0
          0.002321 0.000014 0.0
          -0.000017 0.000011 0.0
          -0.001182 -0.000078 0.0
          0.000748 0.000662 0.0
          0.002368 -0.000141 0.0
          -0.000021 0.000019 0.0
          0.001269 -0.000014 0.0
          -0.000093 -0.000005 0.0
          -0.000691 -0.000206 0.0
          0.002225 0.000005 0.0
          0.0 0.0 0.0
          0.002191 0.000247 0.0
          -0.000205 0.000030 0.0
          0.002017 0.001743 0.0
          -0.000029 -0.000007 0.0
          0.005847 -0.000157 0.0
          0.002107 -0.000015 0.0
          0.001082 0.001490 0.0
          -0.000034 -0.000017 0.0
          0.002131 -0.002205 0.0
          0.003415 0.000027 0.0
          -0.000073 -0.000003 0.0
          -0.000150 0.000200 0.0
          0.0 0.0 0.0
          0.0 0.0 0.0
          0.002628 0.001233 0.0
          0.001942 0.001976 0.0
          0.0 0.0 0.0
          0.0 0.0 0.0
          0.002400 -0.000208 0.0
          -0.001813 0.000044 0.0
          0.003742 0.000028 0.0
          0.000001 0.000041 0.0
          0.000006 0.000062 0.0
          0.0 0.0 0.0
          0.002639 0.000239 0.0
          0.0 0.0 0.0
          0.002576 -0.001041 0.0
          0.000069 -0.000009 0.0
          -0.000199 -0.000006 0.0
          -0.000063 -0.000007 0.0
          -0.000029 -0.000035 0.0
          0.000206 0.000156 0.0
          0.002003 0.000011 0.0
          0.000771 -0.000172 0.0
          0.0 0.0 0.0
          0.000712 0.000010 0.0
          0.002425 -0.000202 0.0
          0.0 0.0 0.0
          0.003402 0.000026 0.0
          0.0 0.0 0.0
          0.0 0.0 0.0
          0.003173 -0.004364 0.0
          0.0 0.0 0.0
          0.000059 -0.000000 0.0
          0.002254 0.000003 0.0
          0.000019 -0.000004 0.0
          0.000135 0.000018 0.0
          -0.000058 0.000111 0.0
          0.000680 0.000274 0.0
          0.003651 0.000274 0.0
          -0.000297 -0.000422 0.0
          0.005828 0.000083 0.0
          0.002262 0.000133 0.0
          -0.000016 -0.000019 0.0
          -0.000225 -0.000196 0.0
          0.001748 0.000101 0.0
          -0.000249 -0.000046 0.0
          0.000044 -0.000003 0.0
          0.002006 0.000010 0.0
          0.001536 -0.000693 0.0
          0.0 0.0 0.0
          -0.000495 0.000094 0.0
          -0.000012 0.000001 0.0
          -0.000052 0.000003 0.0
          0.002183 0.000117 0.0
          0.002001 0.000004 0.0
          0.000138 0.000276 0.0
          -0.000003 0.000028 0.0
          0.0 0.0 0.0
          0.0 0.0 0.0
          -0.000063 0.000003 0.0
          0.002201 0.000042 0.0
          0.000435 0.000151 0.0
          0.003526 -0.002516 0.0
          0.002959 0.001571 0.0
          0.002135 0.000707 0.0
          0.000388 0.000443 0.0
          0.002039 -0.000032 0.0
          -0.000030 -0.000044 0.0
          0.002798 -0.004711 0.0
          0.000160 0.000026 0.0
          0.000136 0.000001 0.0
          0.002388 -0.001952 0.0
          -0.000033 0.000077 0.0
          0.001179 0.000595 0.0
          0.000025 0.000042 0.0
          0.005014 0.000048 0.0
          0.0 0.0 0.0
          0.0 0.0 0.0
          0.002220 0.001683 0.0
          0.0 0.0 0.0
          0.0 0.0 0.0
          -0.000179 0.000017 0.0
          0.001809 0.000057 0.0
          0.003584 -0.000373 0.0
          0.0 0.0 0.0
          0.000923 -0.001243 0.0
          -0.000055 0.000072 0.0
          0.0 0.0 0.0
          0.000732 0.000208 0.0
          0.002073 0.000338 0.0
          0.000637 0.000036 0.0
          0.000241 -0.000012 0.0
          -0.000257 0.000325 0.0
          -0.000049 -0.000011 0.0
          0.002178 -0.000426 0.0
          0.002007 -0.003119 0.0
          0.002003 0.000009 0.0
          -0.000259 0.000180 0.0
          0.001978 0.000049 0.0
          0.0 0.0 0.0
          0.006161 0.000114 0.0
          -0.000720 0.000376 0.0
          0.000751 0.000016 0.0
          -0.000109 0.000148 0.0
          -0.000929 -0.000055 0.0
          0.001657 -0.001168 0.0
          0.0 0.0 0.0
          0.001962 0.000035 0.0
          0.002284 0.002042 0.0
          0.002609 -0.000107 0.0
          -0.000448 0.000132 0.0
          0.000298 0.000235 0.0
          0.002143 0.000374 0.0
          0.002144 0.000188 0.0
          0.000170 0.000082 0.0
          0.001520 0.000122 0.0
          0.001308 0.000011 0.0
          0.003651 -0.000842 0.0
          0.002000 0.0 0.0
          0.001932 0.001115 0.0
          0.000943 0.000478 0.0
          0.003748 0.000393 0.0
          -0.000268 0.000069 0.0
          0.0 0.0 0.0
          0.000023 -0.000150 0.0
          0.0 0.0 0.0
          -0.000144 -0.000151 0.0
          0.001578 0.000472 0.0
          0.000882 0.000018 0.0
          0.000891 -0.000064 0.0
          0.0 0.0 0.0
          -0.000077 -0.000004 0.0
          0.002894 -0.002395 0.0
          0.0 0.0 0.0
          0.000015 0.000003 0.0
          0.0 0.0 0.0
          0.002499 0.001414 0.0
          0.0 0.0 0.0
          0.002179 -0.000067 0.0
          0.001216 0.000079 0.0
          -0.000075 0.000007 0.0
          -0.000565 0.000073 0.0
          0.002339 -0.000007 0.0
          0.002446 0.000086 0.0
          -0.000002 0.000003 0.0
          0.003134 -0.000053 0.0
          0.003912 -0.001578 0.0
          0.000142 -0.000010 0.0
          0.0 0.0 0.0
          -0.001659 0.000028 0.0
          0.002607 -0.004983 0.0
          0.0 0.0 0.0
          0.0 0.0 0.0
          -0.000336 0.000337 0.0
          0.000321 0.000220 0.0
          0.002473 0.000349 0.0
          0.000087 -0.000003 0.0
          0.0 0.0 0.0
          0.003022 0.000003 0.0
          -0.000011 0.000005 0.0
          0.003100 0.000031 0.0
          -0.000003 -0.000013 0.0
          0.002318 -0.000021 0.0
          -0.000308 -0.000123 0.0
          0.0 0.0 0.0
          0.000899 -0.000430 0.0
          -0.000571 -0.000065 0.0
          0.002595 -0.003700 0.0
          0.000137 0.000073 0.0
          0.005825 0.000001 0.0
          -0.000527 0.000031 0.0
          0.002306 -0.000059 0.0
          0.002158 0.002162 0.0
          0.001423 0.000024 0.0
          0.001179 0.000436 0.0
          0.004422 0.000827 0.0
          0.003259 -0.004882 0.0
          0.001575 0.001705 0.0
          0.000672 0.000026 0.0
          0.004918 0.000061 0.0
          0.0 0.0 0.0
          0.000011 0.000028 0.0
          0.003216 -0.005237 0.0
          0.001014 0.002345 0.0
          -0.000457 0.000034 0.0
          0.000635 0.000142 0.0
          -0.000724 -0.000287 0.0
          0.002160 0.000097 0.0
          0.002227 0.000100 0.0
          0.003915 0.000023 0.0
          0.0 0.0 0.0
          0.005247 0.000063 0.0
          0.002176 0.000063 0.0
          0.001730 0.000593 0.0
          0.0 0.0 0.0
          -0.000052 -0.000045 0.0
          0.006473 0.000113 0.0
          0.002683 0.000297 0.0
          -0.001475 0.000378 0.0
          0.000936 -0.000256 0.0
          -0.000044 -0.000134 0.0
          0.000129 0.000022 0.0
          0.000030 0.000003 0.0
          0.0 0.0 0.0
          0.002180 0.000064 0.0
          -0.000057 -0.000014 0.0
          -0.000047 -0.000000 0.0
          0.004016 -0.004441 0.0
          0.001807 0.000067 0.0
          0.000136 -0.000476 0.0
          -0.001001 0.000038 0.0
          0.000276 0.000376 0.0
          0.0 0.0 0.0
          -0.000129 0.000005 0.0
          0.005180 -0.000034 0.0
          0.002149 -0.000120 0.0
          0.002242 0.000354 0.0
          -0.000558 0.000039 0.0
          0.002934 0.000016 0.0
          0.002304 -0.000043 0.0
          -0.000138 0.000038 0.0
          0.002124 0.000402 0.0
          0.003152 -0.002519 0.0
          0.005014 -0.000028 0.0
          -0.000071 -0.000001 0.0
          -0.000847 0.000475 0.0
          0.0 0.0 0.0
          -0.000085 -0.000050 0.0
          0.005282 0.000028 0.0
          -0.000051 0.000036 0.0
          0.000445 0.000100 0.0
          0.000235 -0.000128 0.0
          -0.000395 0.000079 0.0
          0.000083 0.000007 0.0
          0.001189 0.000526 0.0
          0.0 0.0 0.0
          0.000517 0.000725 0.0
          0.006403 0.000064 0.0
          0.002583 0.000540 0.0
          0.000310 0.000518 0.0
          -0.000147 0.001173 0.0
          -0.000006 0.000005 0.0
          -0.000077 -0.000137 0.0
          0.0 0.0 0.0
          0.002387 0.000038 0.0
          0.001336 0.001496 0.0
          -0.000618 -0.000038 0.0
          -0.001136 0.000213 0.0
          -0.000793 -0.000156 0.0
          -0.000238 0.000147 0.0
          0.004147 0.000038 0.0
          0.001989 0.000053 0.0
          0.000953 -0.001720 0.0
          0.000156 0.000003 0.0
          0.000031 -0.000016 0.0
          0.0 0.0 0.0
          0.0 0.0 0.0
          0.005424 0.000120 0.0
          0.0 0.0 0.0
          0.000196 0.000022 0.0
          0.0 0.0 0.0
          -0.000618 0.000024 0.0
          0.0 0.0 0.0
          -0.000407 -0.000156 0.0
          -0.000095 0.000050 0.0
          -0.000072 -0.000016 0.0
          0.0 0.0 0.0
          0.0 0.0 0.0
          0.000042 -0.000003 0.0
          0.001084 -0.000010 0.0
          0.001937 0.001452 0.0
          0.0 0.0 0.0
          -0.000085 0.000536 0.0
          0.002346 0.000042 0.0
          0.0 0.0 0.0
          -0.000470 0.000504 0.0
          0.000460 0.001043 0.0
          0.003623 0.000634 0.0
          0.002172 -0.000058 0.0
          0.000128 -0.000029 0.0
          0.002001 0.000011 0.0
          0.002205 0.000067 0.0
          0.001762 0.002121 0.0
          0.003023 -0.003119 0.0
          0.000334 -0.000320 0.0
          0.006066 0.000061 0.0
          0.002259 0.000088 0.0
          0.0 0.0 0.0
          0.000009 0.000002 0.0
          0.000058 0.000057 0.0
          0.0 0.0 0.0
          0.0 0.0 0.0
          -0.000186 -0.000122 0.0
          0.001177 0.000063 0.0
          0.0 0.0 0.0
          0.000136 0.000391 0.0
          0.0 0.0 0.0
          0.001325 0.000021 0.0
          0.006481 0.000035 0.0
          0.002055 0.000054 0.0
          0.000191 0.000014 0.0
          0.000203 -0.000019 0.0
          0.002202 0.000212 0.0
          0.001190 0.000005 0.0
          0.002081 -0.004316 0.0
          0.002690 -0.002004 0.0
          0.001703 0.000041 0.0
          0.001887 0.001376 0.0
          0.0 0.0 0.0
          0.000049 0.000316 0.0
          0.0 0.0 0.0
          0.000977 -0.001370 0.0
          0.0 0.0 0.0
          -0.000073 -0.000018 0.0
          0.000011 0.000017 0.0
          0.000709 0.000072 0.0
          0.000788 -0.000380 0.0
          -0.000348 0.000041 0.0
          -0.000017 0.000031 0.0
          -0.000857 -0.000138 0.0
          0.000314 -0.000449 0.0
          0.002111 0.001545 0.0
          0.000151 0.000006 0.0
          -0.001658 0.000012 0.0
          0.0 0.0 0.0
          0.0 0.0 0.0
          0.0 0.0 0.0
          0.001232 0.000010 0.0
          0.002355 0.000207 0.0
          -0.000088 0.000002 0.0
          0.002126 0.000081 0.0
          -0.000071 0.000005 0.0
          0.0 0.0 0.0
          -0.000173 -0.000200 0.0
          -0.000493 0.000027 0.0
          0.000004 -0.000000 0.0
          0.000088 0.000053 0.0
          0.000007 -0.000080 0.0
          0.000910 0.000016 0.0
          0.001156 -0.000039 0.0
          -0.000086 -0.000148 0.0
          0.001253 0.000008 0.0
          0.0 0.0 0.0
          0.002069 0.000030 0.0
          0.004056 0.000030 0.0
          0.0 0.0 0.0
          0.006357 -0.000054 0.0
          0.000445 0.000069 0.0
          0.000003 0.000002 0.0
          0.002143 0.000059 0.0
          -0.000086 0.000008 0.0
          0.000016 0.000233 0.0
          0.000557 -0.000492 0.0
          0.000314 0.000620 0.0
          0.000252 -0.000417 0.0
          0.0 0.0 0.0
          0.001192 0.000006 0.0
          0.000156 0.000016 0.0
          0.002012 0.000036 0.0
          0.0 0.0 0.0
          -0.000656 0.000153 0.0
          0.005261 -0.001765 0.0
          0.000689 -0.000823 0.0
          0.000263 0.000021 0.0
          0.006501 0.000069 0.0
          0.0 0.0 0.0
          0.002803 0.002553 0.0
          0.002134 0.000020 0.0
          0.003414 0.000043 0.0
          0.002110 -0.000044 0.0
          0.003526 -0.004002 0.0
          -0.000023 0.000015 0.0
          0.003060 0.000327 0.0
          -0.000702 0.000870 0.0
          0.000205 0.000123 0.0
          0.0 0.0 0.0
          0.0 0.0 0.0
          0.0 0.0 0.0
          0.0 0.0 0.0
          0.000192 -0.000001 0.0
          0.000010 0.001173 0.0
          0.0 0.0 0.0
          0.002353 -0.003557 0.0
          0.001761 0.000053 0.0
          0.003001 -0.002171 0.0
          0.006130 0.000058 0.0
          0.003398 -0.000008 0.0
          -0.000900 -0.000152 0.0
          -0.000022 0.000206 0.0
          0.001818 0.000301 0.0
          0.000231 0.000861 0.0
          0.002245 0.002241 0.0
          -0.000179 -0.000057 0.0
          -0.000377 0.000128 0.0
          -0.000107 0.000040 0.0
          0.000025 0.000131 0.0
          -0.000021 -0.000171 0.0
          -0.000475 0.000339 0.0
          -0.001130 -0.000137 0.0
          0.000013 0.000086 0.0
          0.003318 0.000097 0.0
          0.0 0.0 0.0
          0.002171 0.000070 0.0
          0.003955 0.000030 0.0
          0.0 0.0 0.0
          -0.000044 -0.000056 0.0
          0.005733 0.000025 0.0
          -0.000003 0.000031 0.0
          0.004443 -0.002946 0.0
          0.001590 -0.003468 0.0
          0.0 0.0 0.0
          0.000827 0.000066 0.0
          0.000383 0.000181 0.0
          0.0 0.0 0.0
          0.003285 -0.002854 0.0
          0.0 0.0 0.0
          0.005410 0.000038 0.0
          0.004081 -0.000224 0.0
          0.001061 0.000020 0.0
          0.000163 -0.000000 0.0
          0.000169 -0.000020 0.0
          -0.000264 0.000982 0.0
          0.001186 0.000845 0.0
          0.000634 -0.000790 0.0
          -0.000037 -0.000104 0.0
          0.002039 -0.000071 0.0
          0.001634 -0.001574 0.0
          -0.000987 -0.000319 0.0
          0.002304 0.000141 0.0
          -0.000058 0.000002 0.0
          -0.000051 -0.000167 0.0
          0.001034 -0.005549 0.0
          0.001274 -0.000005 0.0
          0.002000 0.0 0.0
          0.0 0.0 0.0
          0.000003 0.000025 0.0
          0.0 0.0 0.0
          0.0 0.0 0.0
          0.002129 0.000335 0.0
          0.000092 -0.000004 0.0
          0.000042 -0.000008 0.0
          0.002354 -0.000003 0.0
          0.0 0.0 0.0
          0.0 0.0 0.0
          0.001675 0.002404 0.0
          0.002217 0.000519 0.0
          0.001998 0.000038 0.0
          -0.000027 -0.000019 0.0
          0.006271 0.000091 0.0
          -0.000063 0.000048 0.0
          0.002017 0.000004 0.0
          0.002173 -0.001258 0.0
          0.0 0.0 0.0
          0.000867 0.000247 0.0
          0.002036 -0.000036 0.0
          0.0 0.0 0.0
          0.000080 0.000005 0.0
          0.002166 0.000336 0.0
          0.002296 0.000184 0.0
          0.002260 0.000081 0.0
          0.002000 0.0 0.0
          0.0 0.0 0.0
          0.000133 0.000466 0.0
          0.002269 -0.000010 0.0
          0.0 0.0 0.0
          0.000346 0.000695 0.0
          0.002814 0.000175 0.0
          0.002238 -0.000944 0.0
          0.004791 -0.000099 0.0
          0.003414 0.000245 0.0
          0.001641 -0.000164 0.0
          0.000049 0.000019 0.0
          0.000029 0.000530 0.0
          0.002139 0.000412 0.0
          0.001788 -0.002158 0.0
          0.000898 0.002633 0.0
          -0.000155 -0.000401 0.0
          -0.001002 0.000445 0.0
          0.002184 0.000126 0.0
          -0.000048 0.000006 0.0
          0.002380 0.000098 0.0
          0.002340 0.000098 0.0
          -0.000251 0.000029 0.0
          0.0 0.0 0.0
          0.0 0.0 0.0
          0.004454 0.000019 0.0
          0.004288 0.000468 0.0
          0.0 0.0 0.0
          0.000003 0.000013 0.0
          0.002123 0.002548 0.0
          0.002377 0.000057 0.0
          0.002229 -0.000056 0.0
          0.002045 -0.001983 0.0
          0.002408 0.000114 0.0
          0.004066 0.002523 0.0
          0.0 0.0 0.0
          0.002859 0.000461 0.0
          0.002238 0.000032 0.0
          -0.000011 -0.000050 0.0
          0.002271 0.000917 0.0
          -0.001611 0.000268 0.0
          0.000829 0.001475 0.0
          0.005496 0.000025 0.0
          0.001418 -0.000040 0.0
          0.002092 0.000293 0.0
          0.002166 0.000343 0.0
          0.002519 0.002302 0.0
          0.000391 0.002649 0.0
          0.002140 0.000281 0.0
          0.004007 0.001323 0.0
          0.005145 0.000055 0.0
          -0.000252 -0.000270 0.0
          0.0 0.0 0.0
          0.001136 -0.003740 0.0
          -0.000012 -0.000058 0.0
          0.0 0.0 0.0
          0.000016 -0.000090 0.0
          0.000051 -0.000047 0.0
          0.002129 -0.001060 0.0
          0.002433 0.002708 0.0
          -0.000014 -0.000075 0.0
          0.0 0.0 0.0
          0.002516 0.000264 0.0
          0.000053 0.000002 0.0
          -0.000769 -0.000069 0.0
          0.000184 0.000005 0.0
          0.002732 -0.001247 0.0
          0.002069 -0.000014 0.0
          0.002004 0.000004 0.0
          0.003345 -0.000861 0.0
          0.003781 -0.001921 0.0
          -0.000774 -0.000056 0.0
          0.0 0.0 0.0
          0.005099 0.000077 0.0
          0.002000 0.000002 0.0
          0.001729 -0.004528 0.0
          0.0 0.0 0.0
          0.003074 0.000801 0.0
          0.000158 0.000009 0.0
          0.002039 -0.000017 0.0
          0.000160 -0.000002 0.0
          0.003339 0.002848 0.0
          -0.000670 0.000022 0.0
          0.001444 -0.000022 0.0
          -0.000017 0.000035 0.0
          0.002582 0.000029 0.0
          -0.000038 -0.000011 0.0
          0.001177 0.000002 0.0
          0.0 0.0 0.0
          0.002541 0.002059 0.0
          0.002408 0.001629 0.0
          0.001407 -0.001875 0.0
          -0.000008 -0.000003 0.0
          0.000790 -0.003273 0.0
          0.002103 0.001177 0.0
          0.004752 -0.000207 0.0
          -0.001705 0.000127 0.0
          0.0 0.0 0.0
          0.000097 0.000282 0.0
          0.002153 0.000106 0.0
          -0.000077 -0.000000 0.0
          0.000906 -0.001189 0.0
          0.000271 0.000143 0.0
          0.000800 0.000148 0.0
          0.0 0.0 0.0
          0.000048 0.000408 0.0
          0.003710 -0.001001 0.0
          0.002153 0.000124 0.0
          0.002001 -0.000010 0.0
          -0.000067 0.000001 0.0
          0.005763 0.000042 0.0
          -0.000077 -0.000237 0.0
          0.000130 0.000011 0.0
          0.004069 -0.003200 0.0
          0.002063 -0.000032 0.0
          0.0 0.0 0.0
          0.000236 0.000002 0.0
          0.000182 0.001181 0.0
          0.000662 0.000718 0.0
          0.000190 -0.000006 0.0
          0.001605 0.001513 0.0
          0.005494 -0.002031 0.0
          0.000004 0.000066 0.0
          -0.000041 0.000063 0.0
          0.002116 0.000407 0.0
          0.000650 -0.001665 0.0
          -0.000399 -0.000351 0.0
          0.002170 0.000086 0.0
          0.000144 -0.000005 0.0
          0.002323 -0.000071 0.0
          0.0 0.0 0.0
          -0.000059 -0.000181 0.0
          0.002062 -0.000024 0.0
          -0.000204 -0.000182 0.0
          -0.000077 -0.000068 0.0
          0.002210 0.000104 0.0
          0.000511 0.000057 0.0
          0.001645 0.001278 0.0
          0.000093 -0.000106 0.0
          0.002281 0.000070 0.0
          0.006267 0.000122 0.0
          0.000064 -0.000010 0.0
          0.000170 -0.000465 0.0
          0.002940 0.000840 0.0
          0.0 0.0 0.0
          0.002244 0.000169 0.0
          0.000149 -0.000066 0.0
          0.003645 -0.000604 0.0
          -0.000054 -0.000002 0.0
          0.000005 -0.000012 0.0
          0.002708 0.000455 0.0
          0.0 0.0 0.0
          0.0 0.0 0.0
          0.003512 -0.005012 0.0
          -0.000593 -0.000169 0.0
          0.005683 -0.001636 0.0
          -0.000482 0.000079 0.0
          0.001194 0.000053 0.0
          0.002077 0.000061 0.0
          0.006144 -0.000443 0.0
          0.000011 0.000041 0.0
          -0.000051 -0.000015 0.0
          0.000903 0.000085 0.0
          -0.000010 0.000030 0.0
          0.002147 0.000065 0.0
          0.001597 0.000029 0.0
          -0.000019 -0.000008 0.0
          0.001973 0.000069 0.0
          0.003394 0.000759 0.0
          0.0 0.0 0.0
          -0.000032 -0.000066 0.0
          -0.000053 0.000190 0.0
          -0.000041 -0.000059 0.0
          0.0 0.0 0.0
          0.000003 0.000862 0.0
          -0.000695 0.000095 0.0
          -0.000220 0.000064 0.0
          0.0 0.0 0.0
          0.005898 0.000100 0.0
          0.002331 -0.000054 0.0
          0.003246 -0.000312 0.0
          0.000528 0.000012 0.0
          0.002011 -0.000032 0.0
          0.000151 -0.000017 0.0
          0.002358 -0.003794 0.0
          0.000169 -0.000168 0.0
          0.0 0.0 0.0
          0.000171 0.000640 0.0
          -0.000840 0.000078 0.0
          0.0 0.0 0.0
          0.0 0.0 0.0
          0.001253 0.001101 0.0
          0.002209 -0.000009 0.0
          0.002372 0.000092 0.0
          0.000189 0.000003 0.0
          -0.000011 0.000060 0.0
          0.000302 0.000020 0.0
          0.000916 0.000651 0.0
          0.000481 -0.000907 0.0
          0.002140 0.000071 0.0
          -0.000314 -0.000069 0.0
          0.002283 0.000436 0.0
          0.002784 -0.000473 0.0
          -0.000190 -0.000425 0.0
          -0.000808 0.000093 0.0
          0.001546 -0.002215 0.0
          0.002146 -0.000372 0.0
          0.000024 0.000046 0.0
          0.002357 -0.000094 0.0
          0.002328 0.000541 0.0
          0.002228 0.000101 0.0
          0.001505 0.000098 0.0
          -0.000099 0.000097 0.0
          0.003130 -0.002170 0.0
          0.002299 -0.000065 0.0
          -0.000655 -0.000060 0.0
          0.002023 0.000024 0.0
          -0.000520 0.000070 0.0
          0.002000 -0.000002 0.0
          0.000539 -0.000625 0.0
          0.003401 0.000020 0.0
          0.000137 0.000015 0.0
          0.000969 0.000011 0.0
          0.001608 -0.003090 0.0
          0.0 0.0 0.0
          0.002007 -0.000013 0.0
          0.000013 -0.000016 0.0
          0.000437 0.000330 0.0
          0.000133 0.000118 0.0
          0.006129 -0.000109 0.0
          0.002239 -0.000059 0.0
          0.002601 0.000216 0.0
          0.005000 0.000052 0.0
          -0.000011 0.000031 0.0
          0.000277 -0.000202 0.0
          0.001000 -0.000884 0.0
          0.000423 0.000267 0.0
          0.000009 0.000006 0.0
          0.000671 -0.002025 0.0
          0.000128 0.000019 0.0
          0.000105 0.000823 0.0
          0.000458 0.000100 0.0
          0.0 0.0 0.0
          0.002626 0.001836 0.0
          -0.000573 0.000201 0.0
          0.002669 0.000709 0.0
          0.000079 -0.000018 0.0
          0.002117 0.000063 0.0
          -0.000118 -0.000021 0.0
          0.003056 -0.003930 0.0
          0.002330 0.000059 0.0
          0.005099 -0.002111 0.0
          0.002137 0.000049 0.0
          0.002982 -0.004699 0.0
          0.0 0.0 0.0
          0.000306 -0.002475 0.0
          0.0 0.0 0.0
          0.0 0.0 0.0
          0.000196 -0.000018 0.0
          0.0 0.0 0.0
          0.0 0.0 0.0
          0.001163 0.000241 0.0
          0.002151 0.000083 0.0
          0.003388 0.001806 0.0
          -0.000041 -0.000003 0.0
          0.0 0.0 0.0
          -0.000051 -0.000047 0.0
          0.005676 0.000069 0.0
          0.0 0.0 0.0
          0.000075 0.000015 0.0
          -0.000041 -0.000285 0.0
          -0.000048 -0.000001 0.0
          0.0 0.0 0.0
          0.002866 0.000326 0.0
          0.001959 -0.000027 0.0
          -0.000243 0.000066 0.0
          0.002264 0.000767 0.0
          -0.000002 0.000033 0.0
          -0.000307 -0.000020 0.0
          -0.000018 0.000226 0.0
          0.003037 -0.002775 0.0
          0.002325 -0.000036 0.0
          0.001194 -0.000009 0.0
          0.002176 0.000073 0.0
          0.000094 -0.000023 0.0
          0.002271 0.000079 0.0
          0.003146 -0.001510 0.0
          0.002090 0.000052 0.0
          0.003077 0.003722 0.0
          0.000050 0.000023 0.0
          -0.000186 -0.000036 0.0
          0.005294 -0.002385 0.0
          -0.000022 -0.000005 0.0
          0.0 0.0 0.0
          0.002249 0.002752 0.0
          -0.000594 -0.000305 0.0
          -0.000487 0.000639 0.0
          0.001139 0.002927 0.0
          0.002141 0.000374 0.0
          0.0 0.0 0.0
          0.000003 0.000031 0.0
          0.000006 0.000131 0.0
          0.0 0.0 0.0
          0.0 0.0 0.0
          0.000050 0.000012 0.0
          0.005500 -0.001057 0.0
          -0.000027 -0.000004 0.0
          -0.000085 0.000117 0.0
          -0.000668 0.000510 0.0
          0.000025 0.000160 0.0
          0.002556 -0.002948 0.0
          0.000671 0.002257 0.0
          0.002661 -0.002569 0.0
          0.003655 0.001162 0.0
          -0.000252 0.000125 0.0
          0.002274 0.000012 0.0
          0.000048 0.000003 0.0
          -0.000933 -0.000084 0.0
          0.004862 -0.002456 0.0
          0.005218 -0.000120 0.0
          0.001150 -0.000615 0.0
          0.002261 -0.004680 0.0
          0.0 0.0 0.0
          0.001471 0.001070 0.0
          0.002103 0.000031 0.0
          0.003280 -0.004690 0.0
          0.005630 -0.000252 0.0
          0.0 0.0 0.0
          0.000061 -0.000054 0.0
          0.004838 0.000060 0.0
          0.002269 -0.000014 0.0
          0.001012 -0.000004 0.0
          0.003843 -0.002059 0.0
          0.001608 -0.000032 0.0
          0.002021 0.000030 0.0
          0.005319 0.000019 0.0
          0.0 0.0 0.0
          0.002161 0.001916 0.0
          0.000302 0.000094 0.0
          -0.000073 0.000002 0.0
          0.000131 -0.000133 0.0
          0.001859 0.000048 0.0
          0.000042 -0.000038 0.0
          -0.000005 -0.000179 0.0
          0.0 0.0 0.0
          0.000047 0.000021 0.0
          0.0 0.0 0.0
          0.000776 -0.000769 0.0
          0.000155 -0.000011 0.0
          0.0 0.0 0.0
          0.000568 -0.000276 0.0
          -0.001483 0.000449 0.0
          0.001793 -0.000008 0.0
          0.002433 0.002943 0.0
          -0.000745 -0.000113 0.0
          0.002122 -0.000014 0.0
          0.0 0.0 0.0
          0.002099 -0.000028 0.0
          -0.000000 0.000001 0.0
          0.004351 0.000379 0.0
          0.0 0.0 0.0
          0.002272 0.000284 0.0
          0.000139 0.000003 0.0
          0.000194 0.000043 0.0
          0.001301 0.000517 0.0
          0.000004 -0.000039 0.0
          0.002964 -0.002382 0.0
          0.002139 0.000200 0.0
          0.000220 0.000499 0.0
          0.000443 0.000174 0.0
          0.000134 -0.000013 0.0
          0.003975 -0.001802 0.0
          0.0 0.0 0.0
          0.001909 0.000522 0.0
          0.000896 0.001891 0.0
          0.000813 -0.000891 0.0
          0.002226 0.000074 0.0
          0.000148 -0.000007 0.0
          -0.000221 0.000956 0.0
          0.001139 0.001138 0.0
          -0.000843 0.000101 0.0
          0.002297 0.001464 0.0
          -0.000124 0.000371 0.0
          0.001685 0.000047 0.0
          -0.001410 0.000027 0.0
          0.000059 0.000041 0.0
          0.000659 -0.000079 0.0
          0.0 0.0 0.0
          0.006387 0.000049 0.0
          0.002158 0.000047 0.0
          0.000555 0.000011 0.0
          0.001240 0.000060 0.0
          0.004160 -0.000018 0.0
          0.002143 0.000171 0.0
          0.000072 -0.000009 0.0
          0.000023 0.000003 0.0
          0.005563 0.000116 0.0
          0.002219 -0.000090 0.0
          -0.000048 0.000000 0.0
          0.0 0.0 0.0
          0.000585 -0.000856 0.0
          0.0 0.0 0.0
          0.0 0.0 0.0
          -0.000913 -0.000212 0.0
          0.000023 -0.000075 0.0
          0.002380 0.003280 0.0
          0.002441 -0.000374 0.0
          0.000229 -0.000006 0.0
          -0.001188 0.000240 0.0
          -0.000026 -0.000016 0.0
          0.001488 -0.000910 0.0
          0.0 0.0 0.0
          0.002025 0.000689 0.0
          0.002110 -0.001410 0.0
          -0.000044 0.000001 0.0
          0.001302 -0.000524 0.0
          0.003668 0.000891 0.0
          0.001854 0.000058 0.0
          0.000185 0.001054 0.0
          0.0 0.0 0.0
          0.006158 0.000010 0.0
          0.000176 -0.000349 0.0
          0.002380 0.000160 0.0
          0.0 0.0 0.0
          0.000303 0.000765 0.0
          -0.000056 -0.000001 0.0
          0.001481 -0.001161 0.0
          -0.000363 0.000063 0.0
          0.001912 -0.000034 0.0
          0.000752 -0.002818 0.0
          0.0 0.0 0.0
          0.000002 0.000039 0.0
          0.0 0.0 0.0
          0.004202 0.000049 0.0
          0.005569 -0.000043 0.0
          0.003085 0.002208 0.0
          0.002019 -0.000013 0.0
          0.000120 0.000000 0.0
          0.002462 0.000178 0.0
          0.002076 -0.000122 0.0
          0.002206 0.000286 0.0
          -0.000056 0.000018 0.0
          -0.000204 0.000277 0.0
          -0.000021 -0.000182 0.0
          0.001757 0.000035 0.0
          -0.000467 -0.000020 0.0
          0.002000 0.000001 0.0
          0.0 0.0 0.0
          0.002170 0.000085 0.0
          0.0 0.0 0.0
          0.001425 0.001803 0.0
          -0.000083 0.000010 0.0
          0.000974 -0.000757 0.0
          -0.000485 0.000008 0.0
          0.001641 -0.000035 0.0
          0.0 0.0 0.0
          0.000032 0.000002 0.0
          0.000050 0.000001 0.0
          -0.000094 -0.000021 0.0
          0.0 0.0 0.0
          0.002019 0.001323 0.0
          -0.001396 0.000551 0.0
          0.0 0.0 0.0
          0.002825 0.000140 0.0
          0.002474 0.002045 0.0
          0.005774 -0.000348 0.0
          -0.000860 -0.000029 0.0
          0.002014 0.000017 0.0
          0.003332 -0.000401 0.0
          0.002121 0.000034 0.0
          -0.001097 0.000797 0.0
          0.003100 -0.000378 0.0
          -0.000107 0.000014 0.0
          0.002004 -0.000023 0.0
          0.000274 0.000030 0.0
          0.005996 0.000033 0.0
          0.000003 0.000011 0.0
          0.0 0.0 0.0
          0.000098 0.000031 0.0
          0.000143 -0.000057 0.0
          0.003378 -0.000101 0.0
          0.002136 0.000836 0.0
          -0.000150 -0.000046 0.0
          0.0 0.0 0.0
          0.002087 -0.004288 0.0
          0.0 0.0 0.0
          0.003687 -0.000031 0.0
          0.003450 0.000012 0.0
          0.003979 -0.001005 0.0
          -0.000016 0.000166 0.0
          -0.000287 -0.000064 0.0
          0.0 0.0 0.0
          0.005435 -0.001412 0.0
          0.0 0.0 0.0
          -0.000060 0.000004 0.0
          0.000500 -0.000528 0.0
          0.000104 -0.000032 0.0
          0.0 0.0 0.0
          -0.000060 -0.000147 0.0
          0.001275 0.000020 0.0
          0.000927 0.000059 0.0
          0.006374 0.000101 0.0
          -0.000067 0.000000 0.0
          0.000557 -0.000369 0.0
          -0.000188 0.000710 0.0
          -0.000207 0.000025 0.0
          0.0 0.0 0.0
          -0.000015 0.000002 0.0
          0.000129 -0.000120 0.0
          0.000102 0.000284 0.0
          0.001416 -0.000016 0.0
          0.000079 0.000003 0.0
          0.001775 -0.000043 0.0
          0.003158 0.001826 0.0
          0.002176 -0.000025 0.0
          0.001256 0.001177 0.0
          0.0 0.0 0.0
          0.000363 0.000021 0.0
          -0.000065 0.000154 0.0
          0.000012 0.000047 0.0
          -0.000027 0.000001 0.0
          -0.000162 0.001023 0.0
          0.000035 -0.000117 0.0
          -0.000045 0.000418 0.0
          0.0 0.0 0.0
          0.000009 0.000954 0.0
          0.002277 -0.000083 0.0
          0.000108 -0.000005 0.0
          0.000004 0.000000 0.0
          -0.000106 0.000009 0.0
          0.0 0.0 0.0
          0.0 0.0 0.0
          0.000089 0.000006 0.0
          0.0 0.0 0.0
          0.0 0.0 0.0
          -0.000083 0.000003 0.0
          -0.000087 -0.000009 0.0
          0.0 0.0 0.0
          0.0 0.0 0.0
          0.000562 -0.000640 0.0
          -0.000662 -0.000084 0.0
          -0.000029 -0.000027 0.0
          0.002086 -0.000016 0.0
          -0.000028 -0.000009 0.0
          0.002043 -0.000045 0.0
          0.005145 -0.000450 0.0
          0.002016 -0.000004 0.0
          0.002160 0.000071 0.0
          0.000214 0.000155 0.0
          0.0 0.0 0.0
          0.002515 0.000133 0.0
          0.002000 0.0 0.0
          0.003024 0.001975 0.0
          0.003337 -0.002551 0.0
          0.001839 0.001790 0.0
          0.006293 0.000093 0.0
          0.001883 0.001611 0.0
          -0.000115 -0.000161 0.0
          0.000125 -0.000005 0.0
          0.003466 -0.003992 0.0
          0.000089 0.000015 0.0
          0.001120 -0.002395 0.0
          0.0 0.0 0.0
          0.002000 0.0 0.0
          -0.000006 0.000028 0.0
          0.000119 0.000005 0.0
          0.001034 -0.000647 0.0
          -0.000016 -0.000022 0.0
          0.000468 -0.000777 0.0
          0.000043 0.000011 0.0
          0.000006 0.000001 0.0
          0.002083 0.001511 0.0
          0.0 0.0 0.0
          0.006029 0.000059 0.0
          0.000208 0.000220 0.0
          0.001497 -0.000021 0.0
          -0.000087 0.000001 0.0
          -0.000049 -0.000016 0.0
          -0.000273 -0.000059 0.0
          0.003790 0.002841 0.0
          0.001507 0.000307 0.0
          0.000625 -0.000490 0.0
          0.002380 -0.004509 0.0
          -0.000025 -0.000036 0.0
          -0.000052 0.000004 0.0
          0.000071 -0.000021 0.0
          0.001833 0.000009 0.0
          0.002460 0.000572 0.0
          0.001441 0.000025 0.0
          0.000025 -0.000015 0.0
          0.0 0.0 0.0
          0.002046 0.000027 0.0
          0.002035 -0.000071 0.0
          -0.000072 -0.000007 0.0
          0.002312 0.000146 0.0
          0.000524 -0.000692 0.0
          0.000083 -0.000003 0.0
          0.001043 0.000031 0.0
          0.003720 0.000023 0.0
          0.002288 -0.000234 0.0
          0.003150 0.000053 0.0
          -0.000003 -0.000026 0.0
          0.002251 -0.000198 0.0
          0.002000 0.0 0.0
          0.002288 0.000126 0.0
          0.002052 0.000005 0.0
          0.000005 0.000001 0.0
          0.002579 -0.000010 0.0
          0.000004 0.000002 0.0
          0.001518 0.000028 0.0
          0.000134 0.000002 0.0
          0.002154 0.000146 0.0
          0.000189 -0.000017 0.0
          0.000147 0.000003 0.0
          -0.000461 0.000171 0.0
          0.006350 -0.000198 0.0
          0.002185 0.000062 0.0
          0.002001 0.000019 0.0
          0.002000 0.0 0.0
          0.000179 -0.000058 0.0
          0.000011 0.000054 0.0
          0.000022 -0.000047 0.0
          0.000134 -0.000006 0.0
          -0.000846 0.000763 0.0
          0.002000 0.0 0.0
          0.006212 -0.000077 0.0
          0.000012 0.000004 0.0
          0.000125 -0.000000 0.0
          0.004720 -0.000916 0.0
          -0.000023 -0.000007 0.0
          0.000057 0.000014 0.0
          0.000113 0.000024 0.0
          -0.000045 -0.000105 0.0
          -0.000145 -0.000212 0.0
          0.000050 0.000096 0.0
          -0.000003 0.000041 0.0
          0.001614 0.001376 0.0
          0.0 0.0 0.0
          -0.000767 0.000047 0.0
          0.0 0.0 0.0
          0.002182 0.000074 0.0
          0.001000 0.0 0.0
          0.000062 0.000008 0.0
          0.001795 0.000026 0.0
          -0.000922 0.000592 0.0
          0.004268 -0.002920 0.0
          0.001135 -0.000216 0.0
          -0.000073 -0.000034 0.0
          0.002227 0.000065 0.0
          -0.000070 -0.000122 0.0
          0.002052 0.000020 0.0
          0.002126 0.000050 0.0
          0.0 0.0 0.0
          0.003350 0.000028 0.0
          0.0 0.0 0.0
          0.002752 0.001407 0.0
          0.0 0.0 0.0
          0.0 0.0 0.0
          0.002233 -0.000041 0.0
          0.002646 0.000593 0.0
          -0.000952 0.000887 0.0
          0.002394 0.000065 0.0
          0.0 0.0 0.0
          0.003758 -0.004768 0.0
          0.002125 0.000073 0.0
          -0.000035 0.000005 0.0
          0.0 0.0 0.0
          -0.000046 0.000000 0.0
          0.0 0.0 0.0
          0.000075 0.000045 0.0
          0.002066 0.000035 0.0
          -0.000001 0.000065 0.0
          0.000240 -0.000132 0.0
          0.002008 -0.000023 0.0
          0.0 0.0 0.0
          0.000420 0.000971 0.0
          0.002244 0.000634 0.0
          0.001718 -0.003994 0.0
          0.001824 -0.000639 0.0
          0.002318 -0.000024 0.0
          0.0 0.0 0.0
          -0.000424 0.000193 0.0
          0.000202 -0.000006 0.0
          0.000167 -0.000019 0.0
          0.000123 -0.000012 0.0
          0.000283 0.000220 0.0
          0.002036 0.000837 0.0
          0.0 0.0 0.0
          0.002702 0.001623 0.0
          0.002251 0.000019 0.0
          0.000487 0.000360 0.0
          0.001735 -0.000577 0.0
          0.0 0.0 0.0
          0.003434 0.000034 0.0
          0.005435 -0.000743 0.0
          0.0 0.0 0.0
          0.0 0.0 0.0
          0.002008 0.000026 0.0
          0.0 0.0 0.0
          0.002264 0.000068 0.0
          0.0 0.0 0.0
          -0.000012 0.000016 0.0
          0.0 0.0 0.0
          0.002017 -0.000023 0.0
          0.005980 -0.000056 0.0
          0.000011 0.000040 0.0
          0.002752 0.001001 0.0
          0.002004 -0.000015 0.0
          -0.000320 0.000308 0.0
          0.0 0.0 0.0
          0.002831 0.001109 0.0
          -0.000077 -0.000013 0.0
          0.0 0.0 0.0
          0.001873 0.000064 0.0
          -0.000084 0.000006 0.0
          -0.000065 0.000001 0.0
          -0.000204 0.000299 0.0
          0.0 0.0 0.0
          0.000007 0.000534 0.0
          0.000023 0.001080 0.0
          -0.000407 0.000036 0.0
          0.001407 0.002449 0.0
          0.003489 -0.000171 0.0
          -0.001265 -0.000053 0.0
          0.0 0.0 0.0
          0.0 0.0 0.0
          0.0 0.0 0.0
          0.0 0.0 0.0
          0.001187 -0.000008 0.0
          -0.000508 0.000059 0.0
          -0.000268 -0.000141 0.0
          0.005325 0.000062 0.0
          -0.000653 -0.000259 0.0
          0.003106 0.002385 0.0
          0.001218 -0.001504 0.0
          -0.000177 -0.000240 0.0
          0.000110 0.000058 0.0
          0.001484 -0.001480 0.0
          -0.000036 0.000011 0.0
          0.002012 0.000631 0.0
          0.0 0.0 0.0
          0.001077 -0.000000 0.0
          0.000162 -0.000012 0.0
          0.002023 -0.000046 0.0
          0.005809 0.000052 0.0
          0.000219 0.000012 0.0
          0.001093 0.000391 0.0
          0.000200 0.000009 0.0
          0.000013 0.000010 0.0
          0.000161 0.000001 0.0
          0.005172 0.000058 0.0
          -0.000010 0.000016 0.0
          0.000000 0.000000 0.0
          -0.000439 0.000303 0.0
          0.002219 0.000067 0.0
          0.000009 0.000046 0.0
          0.002223 0.000072 0.0
          -0.000425 -0.000052 0.0
          0.004454 -0.003901 0.0
          0.0 0.0 0.0
          0.0 0.0 0.0
          0.000036 0.000015 0.0
          0.000265 -0.000164 0.0
          -0.001299 -0.000028 0.0
          0.000099 -0.000100 0.0
          0.004143 0.002138 0.0
          0.006124 -0.000621 0.0
          0.000215 -0.000027 0.0
          0.0 0.0 0.0
          0.001637 -0.004334 0.0
          0.001000 -0.000038 0.0
          0.002000 0.0 0.0
          0.0 0.0 0.0
          0.001544 0.002671 0.0
          0.0 0.0 0.0
          0.000039 0.000003 0.0
          0.000061 0.000000 0.0
          -0.000597 -0.000277 0.0
          0.003022 0.001089 0.0
          0.001190 0.001875 0.0
          0.000874 0.000598 0.0
        </DataArray>
      </PointData>
    </Piece>
  </UnstructuredGrid>
</VTKFile>
