<?xml version="1.0"?>
<VTKFile type="UnstructuredGrid" version="0.1" byte_order="LittleEndian">
  <UnstructuredGrid>
    <Piece NumberOfPoints="1253" NumberOfCells="2304">
      <Points>
        <DataArray type="Float64" NumberOfComponents="3" format="ascii">
          0.320070 1.000000 0.0
          0.213614 0.016123 0.0
          0.547280 0.938041 0.0
          0.832926 0.805839 0.0
          0.036107 0.499111 0.0
          0.789176 0.032627 0.0
          0.510564 0.075069 0.0
          0.699923 1.000000 0.0
          0.110944 0.015907 0.0
          0.869975 0.615498 0.0
          0.319771 0.862081 0.0
          0.782400 0.056197 0.0
          0.804095 0.107704 0.0
          0.583731 0.231397 0.0
          0.070134 0.982683 0.0
          0.639944 0.0 0.0
          0.070328 0.945698 0.0
          0.390045 0.983891 0.0
          0.017736 0.850270 0.0
          0.982733 0.930216 0.0
          0.038040 0.260368 0.0
          0.059931 0.716899 0.0
          0.445651 0.657608 0.0
          1.000000 0.140120 0.0
          0.984942 0.470948 0.0
          0.899001 0.562457 0.0
          0.029737 0.017000 0.0
          0.310713 0.333684 0.0
          0.014600 0.985400 0.0
          0.194788 0.852793 0.0
          0.191068 0.052174 0.0
          0.0 0.400042 0.0
          0.789990 0.785767 0.0
          0.060135 0.0 0.0
          0.951766 0.557245 0.0
          0.119251 0.090503 0.0
          0.796466 0.499314 0.0
          0.415351 0.053914 0.0
          0.039372 0.785667 0.0
          0.363431 0.904499 0.0
          0.698678 0.162427 0.0
          0.572254 0.187176 0.0
          0.219570 0.063587 0.0
          0.089118 0.669035 0.0
          0.0 0.500000 0.0
          0.983647 0.811970 0.0
          0.654225 0.230510 0.0
          0.017315 0.310074 0.0
          1.000000 1.000000 0.0
          0.440616 0.137862 0.0
          0.614767 0.255512 0.0
          0.840547 0.401023 0.0
          0.385508 0.863409 0.0
          0.260089 1.000000 0.0
          0.878823 0.968055 0.0
          0.015951 0.150828 0.0
          0.036241 0.419351 0.0
          0.034949 0.038111 0.0
          0.753314 0.520531 0.0
          0.487626 0.896583 0.0
          0.220100 1.000000 0.0
          0.358928 0.658708 0.0
          0.558351 0.058341 0.0
          0.410167 0.133734 0.0
          1.000000 0.240095 0.0
          0.358297 0.608933 0.0
          0.919868 0.034437 0.0
          0.369848 0.014952 0.0
          0.060376 0.466824 0.0
          0.519261 0.105720 0.0
          0.036099 0.964748 0.0
          0.699923 0.0 0.0
          0.940933 0.945450 0.0
          0.036615 0.456609 0.0
          0.919525 0.859694 0.0
          0.950211 0.531647 0.0
          0.083906 0.230061 0.0
          0.967726 0.614350 0.0
          0.020144 0.772200 0.0
          0.478545 0.066578 0.0
          0.100128 1.000000 0.0
          0.158262 0.867022 0.0
          0.854001 0.292852 0.0
          0.052328 0.112720 0.0
          0.069748 0.042936 0.0
          0.218583 0.964038 0.0
          0.946267 0.226287 0.0
          0.0 0.759905 0.0
          0.494160 0.921353 0.0
          0.202480 0.915618 0.0
          0.751590 0.565355 0.0
          1.000000 0.120124 0.0
          0.017513 0.549978 0.0
          0.0 0.140120 0.0
          0.935577 0.350819 0.0
          0.256243 0.920804 0.0
          0.679930 0.0 0.0
          0.949897 0.694021 0.0
          0.487720 0.581859 0.0
          0.620452 0.640032 0.0
          0.967279 0.257091 0.0
          0.222242 0.472587 0.0
          0.580065 0.057042 0.0
          0.350799 0.017449 0.0
          0.449329 0.982437 0.0
          0.357536 0.558939 0.0
          0.039137 0.736874 0.0
          0.082819 0.298860 0.0
          0.441047 0.910630 0.0
          0.982822 0.249542 0.0
          0.640696 0.831760 0.0
          0.507323 0.845217 0.0
          0.617005 0.883896 0.0
          0.559974 1.000000 0.0
          0.549978 0.982687 0.0
          0.381221 0.949368 0.0
          0.983412 0.450022 0.0
          0.040138 1.000000 0.0
          0.423470 0.959524 0.0
          0.090772 0.023916 0.0
          0.486165 0.481956 0.0
          0.309943 0.431320 0.0
          0.664871 0.611638 0.0
          0.257373 0.107967 0.0
          0.528256 0.406029 0.0
          0.542381 0.911452 0.0
          0.380049 1.000000 0.0
          0.669464 0.962276 0.0
          0.510949 0.981340 0.0
          0.018556 0.691627 0.0
          1.000000 0.160115 0.0
          0.400451 0.533282 0.0
          0.689926 0.986860 0.0
          0.504546 0.759957 0.0
          0.127378 0.849777 0.0
          0.055256 0.599373 0.0
          0.161082 0.958504 0.0
          0.190108 0.982976 0.0
          0.230575 0.868696 0.0
          0.864016 0.742409 0.0
          0.894342 0.065688 0.0
          0.679930 1.000000 0.0
          0.896055 0.155780 0.0
          0.013219 0.090130 0.0
          0.810023 0.378375 0.0
          0.790466 0.900359 0.0
          0.323601 0.784703 0.0
          0.414335 0.910655 0.0
          0.928686 0.460466 0.0
          1.000000 0.220100 0.0
          0.870202 0.176269 0.0
          0.860959 0.958847 0.0
          0.620359 0.913215 0.0
          0.983843 0.569924 0.0
          0.220100 0.0 0.0
          0.602711 0.405924 0.0
          0.828977 0.764034 0.0
          0.829976 0.721794 0.0
          0.877274 0.033433 0.0
          0.703118 0.921981 0.0
          0.758673 0.475845 0.0
          0.641963 0.037808 0.0
          0.282772 0.200156 0.0
          0.089674 0.700772 0.0
          0.088618 0.981210 0.0
          0.277485 0.766874 0.0
          0.179986 0.526588 0.0
          0.729914 0.016988 0.0
          0.355128 0.169729 0.0
          0.665469 0.519522 0.0
          0.547160 0.746026 0.0
          0.900155 0.629803 0.0
          0.836633 0.600531 0.0
          0.059818 0.248223 0.0
          0.500000 1.000000 0.0
          0.707705 0.588028 0.0
          0.396548 0.283035 0.0
          0.607069 0.826152 0.0
          0.752432 0.021079 0.0
          0.0 0.599958 0.0
          0.032231 0.540397 0.0
          0.034968 0.684617 0.0
          0.049164 0.983820 0.0
          0.340064 0.0 0.0
          0.0 0.100128 0.0
          0.200582 0.967703 0.0
          0.728178 0.047195 0.0
          1.000000 0.040138 0.0
          1.000000 0.799894 0.0
          0.251324 0.075924 0.0
          0.353816 0.308569 0.0
          0.267734 0.963987 0.0
          0.982682 0.949863 0.0
          0.649911 0.952570 0.0
          0.813303 0.912376 0.0
          0.015702 0.170064 0.0
          0.355710 0.458891 0.0
          0.619951 1.000000 0.0
          0.968329 0.199538 0.0
          0.018200 0.728720 0.0
          0.360056 1.000000 0.0
          0.140437 0.443596 0.0
          0.308765 0.955510 0.0
          0.192396 0.760528 0.0
          0.577967 0.718234 0.0
          0.435006 0.037616 0.0
          0.719917 0.0 0.0
          1.000000 0.559974 0.0
          0.944046 0.844955 0.0
          0.530918 0.296291 0.0
          0.541859 0.083098 0.0
          0.718879 0.450725 0.0
          0.243053 0.962641 0.0
          0.175477 0.239699 0.0
          1.000000 0.500000 0.0
          0.158370 0.827391 0.0
          0.674505 0.908145 0.0
          0.331399 0.017794 0.0
          0.757300 0.968480 0.0
          0.645249 0.894710 0.0
          1.000000 0.659936 0.0
          0.818846 0.307346 0.0
          0.086926 0.639003 0.0
          0.255794 0.945831 0.0
          0.982683 0.130122 0.0
          0.442605 0.457635 0.0
          0.229871 0.026999 0.0
          0.758276 0.850300 0.0
          0.869424 0.459885 0.0
          0.017000 0.929866 0.0
          0.096788 0.078778 0.0
          0.311144 0.283069 0.0
          1.000000 0.180111 0.0
          0.982639 0.890267 0.0
          0.552032 0.035680 0.0
          0.530069 0.012462 0.0
          0.392905 0.188272 0.0
          0.293404 0.839899 0.0
          0.963314 0.880347 0.0
          0.147786 0.626864 0.0
          0.849882 0.982684 0.0
          0.0 0.460017 0.0
          0.583570 0.121361 0.0
          0.810411 0.621279 0.0
          0.738657 0.069081 0.0
          0.398534 0.964770 0.0
          0.082711 0.581988 0.0
          0.529987 0.982687 0.0
          0.755988 0.661885 0.0
          0.962897 0.081274 0.0
          0.981549 0.289561 0.0
          0.950584 0.018706 0.0
          0.147521 0.297365 0.0
          0.790944 0.868483 0.0
          0.070801 0.885545 0.0
          1.000000 0.340064 0.0
          0.038123 0.478324 0.0
          0.0 0.420034 0.0
          0.871128 0.649296 0.0
          0.954271 0.503889 0.0
          0.049026 0.085108 0.0
          0.120124 0.0 0.0
          0.578212 0.847546 0.0
          0.599957 0.961752 0.0
          0.379335 0.122191 0.0
          0.825333 0.268753 0.0
          0.770136 0.034646 0.0
          0.916788 0.961179 0.0
          0.579024 0.971924 0.0
          0.232518 0.737855 0.0
          0.283996 0.907088 0.0
          0.719917 1.000000 0.0
          0.234976 0.549971 0.0
          0.918540 0.108421 0.0
          0.982877 0.029996 0.0
          0.223598 0.288436 0.0
          0.300077 1.000000 0.0
          0.271080 0.561526 0.0
          0.966658 0.219534 0.0
          0.075940 0.963547 0.0
          0.529301 0.707084 0.0
          0.444117 0.557619 0.0
          0.109061 0.981249 0.0
          0.525709 0.956282 0.0
          0.965072 0.035592 0.0
          1.000000 0.0 0.0
          0.156759 0.904534 0.0
          0.017301 0.590842 0.0
          0.120124 0.965527 0.0
          0.579966 0.0 0.0
          0.149735 0.663296 0.0
          0.473068 0.938816 0.0
          0.887986 0.948200 0.0
          0.264574 0.251380 0.0
          0.982362 0.309888 0.0
          0.184033 0.315333 0.0
          0.899872 0.0 0.0
          0.809365 0.979850 0.0
          0.694317 0.207048 0.0
          0.521222 0.929625 0.0
          0.061129 0.493084 0.0
          0.872314 0.422590 0.0
          0.620116 0.547090 0.0
          0.804246 0.654137 0.0
          0.960773 0.398456 0.0
          0.490004 0.982687 0.0
          0.029992 0.142937 0.0
          0.270870 0.016915 0.0
          0.379322 0.968382 0.0
          0.859880 0.0 0.0
          0.969784 0.983584 0.0
          0.310210 0.481011 0.0
          0.676765 0.140903 0.0
          0.161723 0.425211 0.0
          0.017315 0.709920 0.0
          0.708216 0.637234 0.0
          0.840393 0.677092 0.0
          0.412014 0.867848 0.0
          0.385090 0.155136 0.0
          0.261525 0.850771 0.0
          0.032578 0.600520 0.0
          0.769902 0.982684 0.0
          1.000000 0.260089 0.0
          0.879117 0.052055 0.0
          0.0 0.280083 0.0
          0.134863 0.115043 0.0
          0.835610 0.919579 0.0
          0.032917 0.378099 0.0
          0.969480 0.559500 0.0
          0.055923 0.378379 0.0
          0.0 0.080132 0.0
          0.463078 0.119082 0.0
          0.860172 0.259434 0.0
          0.017313 0.569970 0.0
          0.037546 0.338438 0.0
          0.967309 0.830567 0.0
          0.034327 0.717744 0.0
          0.148994 0.374515 0.0
          0.592648 0.154673 0.0
          0.899872 1.000000 0.0
          0.982466 0.691348 0.0
          0.428486 0.169232 0.0
          0.281429 0.941780 0.0
          0.095250 0.958345 0.0
          0.070960 0.067779 0.0
          0.325105 0.139826 0.0
          0.569970 0.017313 0.0
          0.568995 0.380001 0.0
          0.879876 1.000000 0.0
          0.570085 0.986860 0.0
          0.780132 0.336779 0.0
          0.146969 0.061258 0.0
          0.037046 0.360505 0.0
          0.797913 0.242636 0.0
          0.139753 0.189809 0.0
          0.058094 0.407295 0.0
          0.312095 0.895681 0.0
          0.869546 0.982639 0.0
          0.539983 1.000000 0.0
          0.559832 0.147058 0.0
          0.983352 0.970110 0.0
          0.468893 0.017897 0.0
          0.444888 0.607614 0.0
          0.240095 0.0 0.0
          0.574366 0.672339 0.0
          0.367756 0.036229 0.0
          0.963196 0.576633 0.0
          0.924694 0.582410 0.0
          0.804888 0.181330 0.0
          0.873081 0.677648 0.0
          0.982368 0.869878 0.0
          1.000000 0.759905 0.0
          0.230098 0.012025 0.0
          0.921659 0.802600 0.0
          0.325957 0.826455 0.0
          0.621496 0.737479 0.0
          0.516482 0.245440 0.0
          0.898416 0.527396 0.0
          0.982684 0.170113 0.0
          0.781902 0.282870 0.0
          1.000000 0.979859 0.0
          0.193551 0.018002 0.0
          0.397231 0.071724 0.0
          0.401097 0.733049 0.0
          0.983122 0.769902 0.0
          0.079833 0.158499 0.0
          0.968847 0.541789 0.0
          0.820798 0.961599 0.0
          0.380049 0.0 0.0
          0.183400 0.962015 0.0
          0.985749 0.709528 0.0
          0.469975 0.189389 0.0
          0.055950 0.171615 0.0
          0.671505 0.876061 0.0
          0.316518 0.096303 0.0
          0.059392 0.805788 0.0
          0.0 0.220100 0.0
          0.819889 0.0 0.0
          0.564166 0.886643 0.0
          0.0 0.639944 0.0
          0.844891 0.363763 0.0
          0.940906 0.041015 0.0
          0.229371 0.827872 0.0
          0.613788 0.200269 0.0
          0.039641 0.642119 0.0
          0.195106 0.080078 0.0
          0.803303 0.417339 0.0
          0.642748 0.864351 0.0
          0.473994 0.790103 0.0
          0.691424 0.087073 0.0
          0.966424 0.758936 0.0
          0.898041 0.219262 0.0
          0.948969 0.769906 0.0
          0.074541 0.095869 0.0
          0.664194 0.661787 0.0
          0.137167 0.409206 0.0
          0.926091 0.677713 0.0
          1.000000 0.899872 0.0
          0.114842 0.279713 0.0
          0.462694 0.893416 0.0
          0.119515 0.528311 0.0
          0.223075 0.427477 0.0
          0.928276 0.549630 0.0
          0.062629 0.655320 0.0
          0.014600 0.014600 0.0
          0.978425 0.592694 0.0
          0.866213 0.143565 0.0
          0.949507 0.625992 0.0
          0.861879 0.831764 0.0
          0.084469 0.450119 0.0
          0.471241 0.150688 0.0
          0.930362 0.018724 0.0
          0.982832 0.110739 0.0
          0.0 0.060135 0.0
          0.919868 1.000000 0.0
          0.229426 0.939003 0.0
          0.319988 0.185380 0.0
          0.229107 0.589167 0.0
          0.531303 0.654716 0.0
          0.750343 0.093881 0.0
          0.499225 0.047496 0.0
          1.000000 0.839885 0.0
          0.440026 1.000000 0.0
          0.016214 0.030029 0.0
          0.0 0.0 0.0
          0.016641 0.951273 0.0
          0.368974 0.876805 0.0
          0.963520 0.057561 0.0
          0.747959 0.982982 0.0
          0.230441 0.689664 0.0
          0.045372 0.901726 0.0
          0.839708 0.966249 0.0
          0.959862 0.0 0.0
          0.982682 0.050137 0.0
          0.939865 1.000000 0.0
          0.080132 1.000000 0.0
          0.909040 0.333801 0.0
          0.429105 0.937451 0.0
          0.664801 0.564864 0.0
          0.354652 0.210001 0.0
          0.017293 0.190001 0.0
          0.599958 0.0 0.0
          0.733132 0.185269 0.0
          0.035963 0.316555 0.0
          0.222747 0.241782 0.0
          0.280083 0.0 0.0
          0.623149 0.790286 0.0
          0.819889 1.000000 0.0
          0.983488 0.649761 0.0
          0.829104 0.982321 0.0
          0.729973 0.936663 0.0
          0.529778 0.506291 0.0
          0.098306 0.869133 0.0
          0.893000 0.124453 0.0
          0.129137 0.018987 0.0
          0.761132 0.430329 0.0
          0.056781 0.570105 0.0
          0.689485 0.017860 0.0
          0.018143 0.489575 0.0
          0.031213 0.860282 0.0
          0.053545 0.541685 0.0
          0.594768 0.040098 0.0
          0.941661 0.094669 0.0
          0.942867 0.869831 0.0
          0.119979 0.717396 0.0
          0.613423 0.854909 0.0
          0.314643 0.584872 0.0
          0.095531 0.536273 0.0
          0.061011 0.627298 0.0
          0.571648 0.330097 0.0
          0.316451 0.734327 0.0
          0.878093 0.349084 0.0
          0.179808 0.910777 0.0
          0.868362 0.804387 0.0
          0.968942 0.441706 0.0
          0.356364 0.138665 0.0
          0.706294 0.687447 0.0
          0.034549 0.804294 0.0
          0.719917 0.030562 0.0
          0.968343 0.522485 0.0
          0.313454 0.232336 0.0
          0.965886 0.658515 0.0
          0.193492 0.561796 0.0
          0.079362 0.555032 0.0
          0.964819 0.799894 0.0
          0.327993 0.069627 0.0
          0.808451 0.020039 0.0
          0.433968 0.212233 0.0
          0.085002 0.822027 0.0
          0.832570 0.521243 0.0
          0.986003 0.610120 0.0
          0.698468 0.857774 0.0
          0.200106 1.000000 0.0
          0.444395 0.705748 0.0
          0.049638 0.929602 0.0
          0.100721 0.842018 0.0
          0.494835 0.128630 0.0
          0.949728 0.982382 0.0
          0.042019 0.058799 0.0
          0.966033 0.736356 0.0
          0.739911 0.0 0.0
          0.374043 0.091700 0.0
          0.945320 0.790468 0.0
          0.920152 0.831897 0.0
          0.917765 0.138296 0.0
          0.224471 0.335434 0.0
          0.063670 0.747372 0.0
          0.472571 0.825070 0.0
          0.034683 0.179471 0.0
          0.711258 0.065320 0.0
          0.971171 0.485619 0.0
          0.982825 0.790243 0.0
          0.354649 0.408646 0.0
          0.894618 0.882929 0.0
          0.630198 0.073921 0.0
          0.623467 0.941475 0.0
          0.369243 0.982646 0.0
          0.385851 0.923073 0.0
          0.151389 0.019828 0.0
          0.066953 0.019819 0.0
          0.398890 0.433307 0.0
          0.282764 0.033400 0.0
          0.060210 0.322451 0.0
          0.440026 0.0 0.0
          0.867634 0.580276 0.0
          1.000000 0.959862 0.0
          0.983587 0.210103 0.0
          0.036412 0.396455 0.0
          0.968528 0.709082 0.0
          0.168931 0.132793 0.0
          0.488567 0.631952 0.0
          0.480009 1.000000 0.0
          0.864610 0.777073 0.0
          0.358476 0.932986 0.0
          0.729926 0.985534 0.0
          0.215820 0.519426 0.0
          0.018872 0.630671 0.0
          1.000000 0.420034 0.0
          0.130122 0.982411 0.0
          0.836877 0.163121 0.0
          0.052323 0.144195 0.0
          0.732658 0.964357 0.0
          0.889874 0.017317 0.0
          0.017777 0.329441 0.0
          0.969860 0.016139 0.0
          0.592672 0.875125 0.0
          0.947004 0.724386 0.0
          0.104720 0.597051 0.0
          0.449185 0.756112 0.0
          0.0 0.300077 0.0
          0.773250 0.016802 0.0
          0.014485 0.110637 0.0
          0.611095 0.982614 0.0
          0.793734 0.590844 0.0
          0.799894 0.0 0.0
          0.473534 0.039322 0.0
          0.893367 0.816736 0.0
          0.980740 0.349816 0.0
          0.059556 0.276285 0.0
          0.963562 0.939865 0.0
          0.430030 0.982687 0.0
          0.086736 0.334125 0.0
          0.074712 0.532825 0.0
          0.985400 0.985400 0.0
          0.058887 0.966470 0.0
          0.967044 0.380049 0.0
          0.874727 0.385757 0.0
          0.018562 0.672655 0.0
          0.736031 0.314069 0.0
          0.112286 0.780326 0.0
          0.530643 0.555973 0.0
          0.902735 0.187805 0.0
          0.658720 0.177110 0.0
          0.790182 0.740658 0.0
          0.480657 0.962508 0.0
          0.400042 1.000000 0.0
          0.980737 0.507521 0.0
          0.898129 0.692818 0.0
          0.843375 0.201228 0.0
          0.979859 0.0 0.0
          0.222611 0.639450 0.0
          0.200106 0.0 0.0
          0.546938 0.016124 0.0
          0.982687 0.430030 0.0
          0.244198 0.045086 0.0
          0.810488 0.045449 0.0
          0.059754 0.829504 0.0
          0.794304 0.543505 0.0
          0.825026 0.888418 0.0
          0.613542 0.304584 0.0
          0.799022 0.456484 0.0
          0.519991 1.000000 0.0
          0.894559 0.788845 0.0
          0.018402 0.792564 0.0
          0.862628 0.931965 0.0
          1.000000 0.919868 0.0
          0.721239 0.091732 0.0
          0.138236 0.153556 0.0
          0.965509 0.780053 0.0
          0.0 0.440026 0.0
          0.263555 0.451409 0.0
          0.733859 0.228084 0.0
          0.048660 0.951776 0.0
          0.709920 0.017315 0.0
          0.0 0.040138 0.0
          0.411946 0.030066 0.0
          0.572303 0.480619 0.0
          0.513750 0.015918 0.0
          0.839885 1.000000 0.0
          0.481879 0.278090 0.0
          0.289710 0.121950 0.0
          0.663329 0.467795 0.0
          1.000000 0.100128 0.0
          0.040138 0.0 0.0
          0.895441 0.970230 0.0
          0.150307 0.510763 0.0
          0.944038 0.124321 0.0
          0.837815 0.035732 0.0
          1.000000 0.859880 0.0
          0.436860 0.804215 0.0
          0.789428 0.980585 0.0
          0.727278 0.354291 0.0
          0.093758 0.051818 0.0
          0.793141 0.923087 0.0
          0.639893 0.391892 0.0
          0.080132 0.0 0.0
          0.210299 0.886516 0.0
          0.619873 0.687037 0.0
          0.966952 0.319800 0.0
          0.020703 0.871565 0.0
          0.617361 0.046465 0.0
          0.441910 0.407471 0.0
          0.201482 0.215999 0.0
          0.149143 0.335425 0.0
          0.937830 0.153822 0.0
          0.473419 0.867659 0.0
          0.653561 0.056934 0.0
          0.963815 0.106744 0.0
          0.608586 0.020571 0.0
          1.000000 0.639944 0.0
          0.262135 0.510378 0.0
          0.826172 0.849247 0.0
          0.085968 0.366056 0.0
          0.778527 0.963276 0.0
          0.573347 0.037267 0.0
          0.201668 0.947558 0.0
          0.0 0.899872 0.0
          0.961023 0.962691 0.0
          0.982198 0.091233 0.0
          0.211015 0.038105 0.0
          0.130548 0.604558 0.0
          0.342293 0.885065 0.0
          0.184138 0.033822 0.0
          0.944861 0.919285 0.0
          0.273624 0.710746 0.0
          0.529873 0.052253 0.0
          0.0 0.200106 0.0
          1.000000 0.679930 0.0
          0.287646 0.874879 0.0
          0.041040 0.701392 0.0
          0.331222 0.052001 0.0
          0.260089 0.0 0.0
          0.764676 0.382844 0.0
          0.399687 0.483288 0.0
          0.016060 0.971004 0.0
          0.639944 1.000000 0.0
          0.0 0.020141 0.0
          0.020141 0.0 0.0
          0.276859 0.055664 0.0
          0.055878 0.217623 0.0
          0.0 0.480009 0.0
          0.029067 0.984567 0.0
          0.017688 0.290080 0.0
          0.410038 0.012828 0.0
          0.017316 0.210103 0.0
          0.763719 0.247892 0.0
          0.313860 0.534601 0.0
          0.871839 0.501046 0.0
          0.982686 0.370053 0.0
          0.399765 0.830386 0.0
          0.357569 0.961236 0.0
          0.689926 0.970350 0.0
          0.475551 0.230904 0.0
          0.359009 0.707960 0.0
          0.553617 0.248691 0.0
          0.882160 0.313401 0.0
          0.917943 0.080815 0.0
          0.655366 0.278982 0.0
          0.348370 0.111883 0.0
          0.531113 0.606037 0.0
          0.308347 0.926332 0.0
          0.034717 0.280083 0.0
          0.063405 0.776757 0.0
          0.919868 0.0 0.0
          0.146357 0.936917 0.0
          0.618023 0.500563 0.0
          0.018429 0.049550 0.0
          0.310445 0.383120 0.0
          0.907020 0.372661 0.0
          0.019060 0.651649 0.0
          0.121658 0.063752 0.0
          0.261824 0.142230 0.0
          0.044586 0.873340 0.0
          0.201192 0.148949 0.0
          0.0 0.659936 0.0
          0.916787 0.267959 0.0
          0.865611 0.074547 0.0
          0.923742 0.881627 0.0
          0.832472 0.563564 0.0
          0.0 0.539983 0.0
          0.015188 0.889223 0.0
          0.638941 0.104883 0.0
          0.916354 0.931950 0.0
          0.057910 0.517852 0.0
          0.036447 0.200106 0.0
          0.599649 0.066725 0.0
          0.983216 0.670170 0.0
          0.891677 0.093961 0.0
          0.589056 0.017948 0.0
          0.329846 0.986599 0.0
          1.000000 0.819889 0.0
          0.077535 0.126413 0.0
          0.202565 0.184360 0.0
          0.835125 0.061728 0.0
          0.656640 0.331869 0.0
          0.420034 1.000000 0.0
          0.106999 0.139554 0.0
          0.513028 0.033618 0.0
          0.747929 0.763161 0.0
          0.858804 0.029969 0.0
          0.898733 0.597270 0.0
          0.736419 0.272285 0.0
          0.712705 0.496394 0.0
          0.183797 0.889529 0.0
          0.280083 1.000000 0.0
          0.534943 0.888101 0.0
          0.432854 0.110425 0.0
          1.000000 0.280083 0.0
          1.000000 0.380049 0.0
          0.141807 0.224763 0.0
          0.0 0.959862 0.0
          0.923843 0.773928 0.0
          0.572424 0.950536 0.0
          0.0 0.919868 0.0
          0.625495 0.160921 0.0
          0.700709 0.890284 0.0
          0.866111 0.706717 0.0
          0.979859 1.000000 0.0
          0.371801 0.063236 0.0
          0.730521 0.905092 0.0
          0.697320 0.300975 0.0
          0.040756 0.820857 0.0
          0.773143 0.208064 0.0
          0.651515 0.017829 0.0
          0.899666 0.661866 0.0
          0.450022 0.017313 0.0
          0.315987 0.684322 0.0
          0.575813 0.577065 0.0
          0.410359 0.981812 0.0
          0.018346 0.408303 0.0
          0.086841 0.481019 0.0
          0.940065 0.286429 0.0
          0.438271 0.256891 0.0
          0.356774 0.508945 0.0
          0.612663 0.454280 0.0
          0.0 0.699923 0.0
          0.692738 0.338143 0.0
          0.551119 0.114165 0.0
          0.537442 0.174831 0.0
          0.271727 0.610678 0.0
          0.017422 0.448852 0.0
          0.177134 0.934428 0.0
          0.108554 0.174287 0.0
          0.849538 0.016560 0.0
          0.071793 0.852897 0.0
          0.405522 0.942182 0.0
          0.778871 0.632126 0.0
          0.895963 0.725353 0.0
          0.579839 0.804843 0.0
          0.728722 0.871211 0.0
          0.529684 0.030268 0.0
          0.118687 0.813189 0.0
          0.454362 0.035638 0.0
          0.0 0.879876 0.0
          0.0 0.739911 0.0
          0.753421 0.046527 0.0
          0.331373 0.968338 0.0
          0.460017 1.000000 0.0
          0.172161 0.018332 0.0
          0.987602 0.490004 0.0
          0.836749 0.439300 0.0
          0.0 0.779900 0.0
          0.138431 0.040111 0.0
          1.000000 0.200106 0.0
          0.900834 0.442903 0.0
          0.734808 0.114661 0.0
          0.876314 0.202587 0.0
          0.0 0.160115 0.0
          0.890320 0.916359 0.0
          0.838982 0.636064 0.0
          0.0 0.579966 0.0
          0.019255 0.749011 0.0
          0.918230 0.903166 0.0
          0.589962 0.986503 0.0
          0.016142 0.131988 0.0
          0.500000 0.0 0.0
          0.434472 0.063107 0.0
          0.682361 0.059955 0.0
          0.528520 0.354556 0.0
          0.732504 0.143418 0.0
          0.290080 0.971450 0.0
          1.000000 0.480009 0.0
          0.779397 0.087839 0.0
          0.939865 0.0 0.0
          0.709188 0.980331 0.0
          0.760110 0.887472 0.0
          0.119090 0.683369 0.0
          0.273700 0.983982 0.0
          0.453477 0.055930 0.0
          0.627791 0.966588 0.0
          0.867216 0.228371 0.0
          0.017281 0.610416 0.0
          0.659936 1.000000 0.0
          0.071217 0.915013 0.0
          0.811034 0.937114 0.0
          0.290562 0.018123 0.0
          0.170301 0.981308 0.0
          0.986826 0.830128 0.0
          0.918655 0.054657 0.0
          0.060135 1.000000 0.0
          0.982765 0.628637 0.0
          0.886856 0.280657 0.0
          0.519991 0.0 0.0
          0.966194 0.637240 0.0
          0.126494 0.883721 0.0
          0.187730 0.675022 0.0
          0.400007 0.781031 0.0
          0.615765 0.129284 0.0
          0.152993 0.698991 0.0
          1.000000 0.939865 0.0
          0.182937 0.448612 0.0
          1.000000 0.719917 0.0
          0.985400 0.014600 0.0
          0.466706 0.915105 0.0
          0.869878 0.016593 0.0
          0.232074 0.784795 0.0
          0.453100 0.084889 0.0
          0.892060 0.248788 0.0
          0.116930 0.494831 0.0
          0.569370 0.919901 0.0
          1.000000 0.060135 0.0
          0.904128 0.406396 0.0
          0.239128 0.202508 0.0
          0.895511 0.758350 0.0
          0.898609 0.475520 0.0
          0.036437 0.520882 0.0
          0.485515 0.431975 0.0
          0.983171 0.848330 0.0
          0.0 0.939865 0.0
          0.737669 0.032095 0.0
          0.160115 0.0 0.0
          0.898842 0.039080 0.0
          0.926609 0.612870 0.0
          0.749698 0.611840 0.0
          0.054444 0.437136 0.0
          0.032362 0.299668 0.0
          0.051495 0.034253 0.0
          0.0 1.000000 0.0
          0.032144 0.920628 0.0
          0.682983 0.373468 0.0
          0.799894 1.000000 0.0
          1.000000 0.739911 0.0
          0.542674 0.783710 0.0
          0.759905 0.0 0.0
          0.037252 0.619951 0.0
          0.290720 0.987407 0.0
          0.859516 0.047525 0.0
          0.401974 0.633271 0.0
          0.020811 0.906985 0.0
          0.299071 0.041691 0.0
          0.347563 0.081045 0.0
          0.140120 0.0 0.0
          0.592664 0.901838 0.0
          0.839885 0.0 0.0
          1.000000 0.400042 0.0
          0.982683 0.070134 0.0
          0.111763 0.384210 0.0
          0.562808 0.973329 0.0
          0.985702 0.149444 0.0
          0.390172 0.019453 0.0
          0.761795 0.070121 0.0
          0.927703 0.488484 0.0
          1.000000 0.080132 0.0
          0.574192 0.085764 0.0
          0.577194 0.279531 0.0
          0.0 0.799894 0.0
          0.142915 0.082961 0.0
          0.018054 0.509776 0.0
          0.610783 0.355256 0.0
          0.030842 0.081116 0.0
          0.810670 0.212726 0.0
          0.498986 0.945973 0.0
          0.849072 0.327637 0.0
          0.579966 1.000000 0.0
          0.509789 0.203220 0.0
          0.757454 0.949098 0.0
          0.225644 0.093977 0.0
          0.056704 0.193976 0.0
          0.939370 0.380249 0.0
          0.348353 0.056362 0.0
          0.629515 0.019552 0.0
          0.951030 0.447985 0.0
          0.032853 0.437689 0.0
          0.834174 0.092316 0.0
          0.553586 0.960064 0.0
          0.693823 0.821954 0.0
          0.440373 0.884667 0.0
          0.962702 0.299647 0.0
          0.621542 0.591592 0.0
          0.034379 0.125231 0.0
          0.167449 0.067368 0.0
          0.569194 0.430536 0.0
          0.252642 0.982319 0.0
          0.575047 0.528933 0.0
          0.183238 0.492594 0.0
          0.353893 0.258238 0.0
          0.820566 0.030535 0.0
          0.320070 0.0 0.0
          0.033871 0.159741 0.0
          0.113119 0.244920 0.0
          0.829357 0.017144 0.0
          0.230622 0.128211 0.0
          0.266889 0.309642 0.0
          0.401847 0.682665 0.0
          0.863843 0.109081 0.0
          0.959252 0.423838 0.0
          0.439099 0.846228 0.0
          0.451870 0.958501 0.0
          0.834615 0.126189 0.0
          0.089191 0.763099 0.0
          0.929131 0.981754 0.0
          1.000000 0.300077 0.0
          0.145962 0.477127 0.0
          0.361733 0.805408 0.0
          0.946175 0.255069 0.0
          0.050569 0.299260 0.0
          0.401211 0.583276 0.0
          0.917268 0.163310 0.0
          0.060526 0.349781 0.0
          0.180111 0.0 0.0
          0.114560 0.036630 0.0
          0.119067 0.752429 0.0
          0.104255 0.408452 0.0
          0.958399 0.337385 0.0
          0.708171 0.790154 0.0
          0.965847 0.679930 0.0
          0.038168 0.237893 0.0
          0.017464 0.069974 0.0
          0.755568 0.808637 0.0
          0.982485 0.268722 0.0
          0.963144 0.146752 0.0
          0.0 0.719917 0.0
          0.017901 0.388128 0.0
          0.114981 0.566688 0.0
          0.663036 0.761866 0.0
          0.441183 0.357230 0.0
          0.0 0.839885 0.0
          0.486995 0.531959 0.0
          0.779900 1.000000 0.0
          0.0 0.240095 0.0
          0.964698 0.125518 0.0
          1.000000 0.619951 0.0
          0.320070 0.034943 0.0
          0.398018 0.383057 0.0
          0.114042 0.462711 0.0
          0.033129 0.219059 0.0
          0.309660 0.981601 0.0
          0.527326 0.138215 0.0
          0.790134 0.013894 0.0
          0.599958 1.000000 0.0
          0.721598 0.401642 0.0
          0.963443 0.276264 0.0
          0.017008 0.429581 0.0
          0.934930 0.405884 0.0
          0.749253 0.714145 0.0
          0.0 0.360056 0.0
          0.539983 0.0 0.0
          0.233389 0.163137 0.0
          0.669954 0.111064 0.0
          0.510501 0.877821 0.0
          0.834110 0.235352 0.0
          0.332115 0.942896 0.0
          0.951639 0.747716 0.0
          0.109313 0.432622 0.0
          0.114519 0.316331 0.0
          0.506806 0.805159 0.0
          0.486569 0.096784 0.0
          0.483191 0.721902 0.0
          0.149664 0.782059 0.0
          0.266456 0.405594 0.0
          0.541816 0.864569 0.0
          0.186883 0.609210 0.0
          0.123027 0.915928 0.0
          0.960960 0.361436 0.0
          1.000000 0.519991 0.0
          0.300077 0.0 0.0
          0.703314 0.121731 0.0
          0.299108 0.807548 0.0
          0.150279 0.981195 0.0
          0.860225 0.901426 0.0
          0.964076 0.240095 0.0
          0.982693 0.910736 0.0
          1.000000 0.539983 0.0
          0.619951 0.0 0.0
          0.0 0.559974 0.0
          0.080472 0.193425 0.0
          0.763697 0.921025 0.0
          0.017574 0.529987 0.0
          0.047235 0.018197 0.0
          0.020141 1.000000 0.0
          0.982482 0.189663 0.0
          0.017836 0.229571 0.0
          0.140120 1.000000 0.0
          0.695752 0.253512 0.0
          0.240095 1.000000 0.0
          0.402694 0.101582 0.0
          0.679393 0.420926 0.0
          0.539863 0.970162 0.0
          0.167932 0.097956 0.0
          0.035801 0.582018 0.0
          0.389554 0.891499 0.0
          0.018349 0.249637 0.0
          0.089281 0.793219 0.0
          0.258632 0.888403 0.0
          0.889320 0.985879 0.0
          0.670137 0.014114 0.0
          0.924317 0.709244 0.0
          0.438675 0.970787 0.0
          0.669286 0.842626 0.0
          0.080679 0.422230 0.0
          0.084231 0.610089 0.0
          0.030788 0.888354 0.0
          0.018056 0.349789 0.0
          0.879876 0.0 0.0
          0.759905 1.000000 0.0
          0.485021 0.381240 0.0
          0.502444 0.163876 0.0
          0.679472 0.939403 0.0
          0.981357 0.410672 0.0
          0.948025 0.666970 0.0
          0.706649 0.952045 0.0
          0.451530 0.932101 0.0
          0.789845 0.829706 0.0
          0.985377 0.550185 0.0
          0.480009 0.0 0.0
          0.920202 0.390896 0.0
          0.725255 0.835092 0.0
          0.708373 0.542542 0.0
          1.000000 0.879876 0.0
          0.515152 0.904078 0.0
          0.182038 0.403638 0.0
          0.542922 0.825365 0.0
          0.348062 0.983053 0.0
          1.000000 0.599958 0.0
          0.017634 0.270086 0.0
          0.017314 0.370053 0.0
          0.964408 0.902230 0.0
          0.262523 0.174023 0.0
          0.224712 0.382120 0.0
          0.060482 0.685773 0.0
          0.265841 0.034515 0.0
          0.191407 0.716364 0.0
          0.963558 0.859880 0.0
          0.335657 0.914563 0.0
          0.0 0.519991 0.0
          0.940679 0.318332 0.0
          0.230858 0.903515 0.0
          0.926300 0.207799 0.0
          0.605772 0.097479 0.0
          0.443347 0.507624 0.0
          0.110903 0.209743 0.0
          0.635190 0.054564 0.0
          0.921451 0.237143 0.0
          1.000000 0.440026 0.0
          0.650182 0.978122 0.0
          0.837796 0.945792 0.0
          0.952961 0.474338 0.0
          0.160115 1.000000 0.0
          0.153308 0.738869 0.0
          0.859880 1.000000 0.0
          0.096222 0.929826 0.0
          0.082352 0.393993 0.0
          0.306534 0.065554 0.0
          0.0 0.859880 0.0
          0.866550 0.542620 0.0
          0.546085 0.214829 0.0
          0.036085 0.559455 0.0
          0.460017 0.0 0.0
          0.178949 0.642768 0.0
          0.032967 0.941594 0.0
          0.470013 0.982687 0.0
          0.198451 0.113238 0.0
          0.642598 0.430865 0.0
          0.115963 0.352162 0.0
          1.000000 0.360056 0.0
          0.647077 0.138401 0.0
          0.528681 0.456245 0.0
          0.267008 0.358117 0.0
          0.427845 0.016304 0.0
          0.909807 0.017990 0.0
          0.166388 0.041780 0.0
          0.581312 0.761143 0.0
          0.018738 0.811600 0.0
          0.951805 0.646527 0.0
          0.967467 0.460018 0.0
          0.596288 0.930476 0.0
          0.0 0.619951 0.0
          0.170402 0.169658 0.0
          0.939619 0.966320 0.0
          0.941540 0.068485 0.0
          0.648398 0.925561 0.0
          0.440205 0.306714 0.0
          0.360056 0.0 0.0
          0.949538 0.200947 0.0
          0.345913 0.036687 0.0
          0.0 0.679930 0.0
          0.661378 0.081210 0.0
          0.354124 0.358735 0.0
          0.666136 0.805702 0.0
          0.931845 0.432562 0.0
          1.000000 0.460017 0.0
          0.982686 0.390045 0.0
          0.266211 0.813349 0.0
          0.929412 0.643918 0.0
          0.891601 0.849483 0.0
          0.041829 0.845953 0.0
          0.575190 0.626488 0.0
          0.145077 0.260587 0.0
          0.501261 0.965758 0.0
          0.983274 0.749680 0.0
          0.834124 0.479020 0.0
          0.032483 0.101570 0.0
          0.982698 0.728003 0.0
          0.111130 0.621929 0.0
          0.315360 0.634553 0.0
          0.669819 0.034879 0.0
          0.766642 0.122542 0.0
          0.0 0.979859 0.0
          0.185632 0.357750 0.0
          0.943467 0.892514 0.0
          0.340064 1.000000 0.0
          0.392355 0.044201 0.0
          0.629868 0.985100 0.0
          1.000000 0.579966 0.0
          0.120124 1.000000 0.0
          0.559974 0.0 0.0
          0.959862 1.000000 0.0
          0.0 0.819889 0.0
          0.089974 0.732823 0.0
          0.739911 1.000000 0.0
          0.944244 0.574361 0.0
          0.282871 0.087986 0.0
          0.982393 0.329904 0.0
          0.395570 0.233887 0.0
          0.768861 0.163686 0.0
          1.000000 0.020141 0.0
          0.903179 0.501639 0.0
          0.087211 0.513284 0.0
          0.0 0.380049 0.0
          0.249184 0.018849 0.0
          0.982899 0.230006 0.0
          0.0 0.260089 0.0
          0.171574 0.204632 0.0
          0.0 0.320070 0.0
          0.662973 0.711864 0.0
          0.967651 0.920466 0.0
          0.397353 0.332954 0.0
          0.926953 0.516035 0.0
          0.802842 0.144521 0.0
          0.085525 0.263228 0.0
          0.310208 0.018759 0.0
          0.120018 0.944537 0.0
          0.137997 0.961515 0.0
          0.820593 0.342780 0.0
          0.117298 0.650583 0.0
          0.951046 0.596834 0.0
          0.357233 0.850508 0.0
          0.926979 0.744471 0.0
          0.488528 0.680608 0.0
          0.291734 0.159647 0.0
          0.798235 0.958892 0.0
          0.193262 0.805191 0.0
          0.038841 0.665291 0.0
          0.359471 0.758373 0.0
          0.909169 0.983297 0.0
          0.807681 0.074677 0.0
          0.959382 0.177443 0.0
          0.492606 0.022154 0.0
          0.183076 0.273867 0.0
          0.152720 0.547440 0.0
          0.783037 0.941245 0.0
          1.000000 0.779900 0.0
          0.484809 0.330016 0.0
          0.210103 0.982702 0.0
          1.000000 0.320070 0.0
          0.0 0.180111 0.0
          0.100128 0.0 0.0
          0.101954 0.108613 0.0
          0.017763 0.469544 0.0
          0.019536 0.831060 0.0
          0.272727 0.660676 0.0
          0.180111 1.000000 0.0
          0.0 0.340064 0.0
          0.984387 0.530240 0.0
          0.946623 0.817501 0.0
          1.000000 0.699923 0.0
          0.705245 0.737142 0.0
          0.795006 0.694952 0.0
          0.400042 0.0 0.0
          0.041157 0.761361 0.0
          0.931956 0.180846 0.0
          0.155164 0.586637 0.0
          0.779900 0.0 0.0
          0.673343 0.983267 0.0
          0.703513 0.039541 0.0
          0.420034 0.0 0.0
          0.423472 0.081206 0.0
          0.858461 0.867458 0.0
          0.230098 0.982367 0.0
          0.097456 0.899872 0.0
          0.913219 0.300164 0.0
          0.659936 0.0 0.0
          0.0 0.120124 0.0
        </DataArray>
      </Points>
      <Cells>
        <DataArray type="Int32" Name="connectivity" format="ascii">
          589 971 1018 189 688 1181 1165 161 773 293 872 162 650 658 930 538 1130 812 1239 38 78 689 1035 76 481 658 650 542 107 581 631 715 784 604 1090 688 889 644 744 644 918 744 94 718 456 1226 119 645 335 504 45 791 714 286 671 10 1206 1029 608 1247 1018 971 1108 587 719 1212 977 716 518 78 38 613 316 819 258 189 604 688 980 908 378 258 369 316 147 317 936 464 872 293 939 571 1161 660 696 277 246 503 983 1036 925 470 168 436 345 1140 1067 193 212 191 942 518 919 977 604 669 226 350 1203 144 123 189 1181 539 119 84 378 1040 1216 1040 198 1216 575 1217 440 561 218 448 1050 317 147 640 1210 297 1212 719 404 1114 697 377 974 978 1076 40 1026 829 519 548 1162 202 806 996 769 1036 470 801 508 1052 1070 561 834 94 928 718 1216 980 378 871 814 301 830 191 342 338 764 403 824 571 939 1244 1165 477 326 608 1029 259 530 596 1067 127 193 1149 814 871 735 650 534 6 440 675 202 830 342 1206 10 374 943 302 777 899 992 1112 737 726 140 937 1001 250 596 499 259 1112 992 680 79 440 6 1234 504 335 84 119 642 301 814 228 247 128 283 456 718 491 572 823 263 440 747 675 1 669 381 76 1035 1100 425 77 1205 566 1207 1056 436 1209 345 682 350 144 631 169 715 1012 412 1207 1104 127 1243 263 839 572 600 449 855 645 119 539 286 492 791 801 1018 215 106 1239 821 503 487 983 1205 366 425 542 965 107 1250 781 1095 925 218 561 422 1180 367 416 1153 1069 560 83 741 42 669 604 391 341 430 605 946 637 403 41 338 1125 312 592 930 161 650 385 1035 392 566 1012 1207 430 341 49 405 42 926 834 701 1070 509 697 1114 193 127 1104 581 107 1014 422 367 25 156 552 3 1080 415 337 636 980 654 808 1130 538 464 1218 213 560 939 83 405 30 42 292 151 614 1068 603 955 781 937 1095 735 534 1098 925 561 470 689 927 1035 1171 365 909 855 1118 600 350 588 379 669 672 381 481 738 658 133 408 568 350 379 221 311 696 660 79 6 1016 552 493 3 474 538 812 656 161 1165 777 302 938 128 1158 283 805 879 178 292 54 151 1156 777 938 376 704 209 647 364 99 928 585 304 1154 74 533 871 1003 1149 928 304 1003 40 312 1026 1217 747 440 794 606 508 938 99 1156 165 1027 1152 1247 608 661 1070 701 1067 277 272 660 743 605 637 942 191 837 900 768 521 223 191 212 34 1180 422 12 1215 933 216 1067 1140 791 136 714 178 266 805 957 594 1120 431 251 401 215 1018 1211 701 127 1067 223 212 435 262 398 1020 827 1165 1244 74 727 533 592 312 40 547 56 779 275 1218 464 297 1210 387 957 1120 104 263 823 268 163 21 1089 435 212 85 1056 1207 797 746 325 617 1207 412 761 286 714 1022 94 1023 928 1229 771 1155 303 1237 248 193 1104 839 534 1101 656 1155 18 1229 900 929 768 1153 1133 1069 605 5 506 748 978 974 958 12 933 1166 832 12 262 565 398 1121 405 926 801 515 508 118 457 957 162 1087 1209 1184 829 1166 722 1155 794 1102 86 964 1227 325 746 146 1027 165 566 548 519 1080 313 415 835 1036 769 629 376 209 792 1035 385 260 919 518 83 939 1161 379 588 751 298 592 40 508 515 794 568 1017 133 773 1055 1165 209 704 914 697 1186 377 99 364 1156 665 389 791 1052 589 801 954 726 737 466 110 177 1011 806 202 95 223 435 300 256 68 860 962 201 1146 534 656 63 341 318 162 1209 436 1181 1112 394 221 1203 350 111 1020 1009 957 1057 118 448 554 561 21 679 1089 329 1111 355 1076 935 974 627 747 1217 714 1202 1201 30 669 42 818 292 614 416 774 1153 780 300 68 79 575 440 239 1204 1163 535 839 263 735 481 650 1166 439 832 311 660 620 502 166 555 898 1061 450 474 812 970 343 282 164 530 1134 24 1215 743 933 314 129 679 936 108 147 620 121 311 1162 548 390 781 1001 937 510 77 425 1215 605 743 340 548 975 973 577 1023 982 547 779 580 778 118 926 189 123 726 323 140 293 162 500 506 946 605 254 722 794 133 1017 280 316 303 819 1189 1090 604 286 1022 854 1148 110 466 217 1144 992 280 170 133 426 150 559 1183 236 507 1199 107 578 882 367 1205 784 1122 631 996 830 202 329 352 968 673 579 72 62 102 913 940 30 405 1112 505 394 293 500 231 911 874 148 1216 198 1143 6 675 210 68 73 884 559 150 598 597 1056 797 416 97 1056 1250 1095 456 766 797 139 163 1089 43 1053 95 1096 373 1234 523 882 427 1153 484 163 836 385 560 741 1199 173 76 1114 25 544 1123 581 1014 470 1070 159 377 422 25 1108 484 858 653 1014 252 968 334 542 662 968 581 1187 300 780 1048 405 1121 145 1036 835 95 435 1096 1197 75 422 1178 21 163 509 1114 728 1241 983 1219 157 139 156 797 1207 873 1048 940 405 392 948 560 1168 653 295 75 386 34 1021 1241 502 843 450 254 402 138 29 450 888 898 688 1112 1181 576 523 1154 607 728 573 673 1195 579 526 106 21 700 308 536 944 962 860 1080 337 1168 144 406 682 1182 577 973 491 718 586 743 637 896 459 168 236 203 1108 1091 343 288 282 655 936 956 11 605 1215 83 1161 260 699 1206 963 1053 1096 138 253 145 835 342 223 95 769 470 159 791 389 136 526 1239 106 16 622 514 1140 193 535 1169 1086 673 949 76 1100 801 589 1018 818 614 1029 845 1200 899 730 1061 898 401 66 431 1146 827 409 636 990 980 210 62 913 1035 927 392 248 1237 1004 1097 86 1102 1102 964 725 488 894 135 965 463 885 549 1048 1121 586 871 301 1123 337 906 752 1077 169 780 68 429 1211 1018 203 705 456 491 40 829 462 1166 12 1198 136 1202 714 423 404 488 418 1199 949 750 882 171 135 1049 476 420 1187 868 814 874 228 832 11 1215 1100 1035 792 792 385 746 1036 1220 925 1146 656 827 810 228 1160 1011 202 710 952 275 293 821 199 106 365 67 909 555 272 502 402 29 1211 960 1214 267 115 700 553 866 838 79 1234 335 208 1098 534 731 136 846 1028 1160 697 509 382 37 1246 1016 6 69 725 781 1250 263 268 762 984 974 1148 1249 254 472 192 360 667 69 6 210 795 245 115 741 83 413 533 818 1029 570 266 178 711 965 885 1097 1143 86 42 604 189 1198 12 958 682 406 475 731 534 1146 275 464 293 593 156 32 72 267 732 732 267 292 25 367 750 1014 107 418 473 524 142 173 689 76 604 226 1189 462 829 1184 416 1069 97 660 272 555 597 416 1056 766 597 797 373 522 1234 270 342 95 705 1250 456 586 718 871 403 592 46 913 102 735 157 766 139 68 884 429 909 625 1171 1089 423 43 163 43 836 484 836 858 262 1020 1081 853 77 850 459 236 1183 576 373 523 25 750 544 16 514 843 1014 418 252 968 542 581 1114 544 728 75 34 422 319 1053 138 377 1197 422 653 1123 1014 1123 662 581 1199 76 949 1114 377 25 553 700 1011 1021 239 1241 716 57 518 470 561 1070 662 329 968 653 252 295 882 1153 171 385 741 746 1197 259 75 963 374 146 1108 858 1091 1140 535 152 983 420 1219 661 253 1072 614 1105 326 1178 526 21 484 1178 163 29 81 215 810 301 228 1187 780 868 1241 1219 502 710 202 342 607 509 728 1234 208 523 450 722 254 46 592 298 797 873 139 423 1212 404 913 735 1098 1088 1168 525 1081 1020 111 1110 343 16 1121 926 951 752 169 631 97 566 1056 86 1030 964 1108 971 484 653 337 1123 732 292 818 743 896 726 617 325 549 731 1146 1008 267 634 292 428 1154 1247 253 835 227 254 794 472 882 1205 427 203 1018 1108 835 769 799 385 392 560 593 157 156 228 874 697 769 159 765 843 514 450 1199 578 173 1239 78 821 661 608 253 435 665 89 822 732 818 1230 449 600 357 240 151 118 778 245 829 815 1166 291 594 957 877 1092 335 866 79 1016 69 210 787 148 874 814 3 661 1072 854 472 134 1095 94 456 42 189 926 600 1021 437 291 957 1071 1168 295 525 1110 16 843 957 457 1071 260 518 344 521 382 1045 228 697 1160 418 107 1199 750 367 882 1249 843 254 111 1009 655 527 655 956 639 956 699 983 567 246 413 260 344 156 3 32 1088 1080 1168 344 84 642 1021 502 437 435 85 665 2 283 299 827 1244 529 933 726 954 1135 263 762 537 115 553 856 699 963 535 263 1135 1130 351 812 894 320 135 578 20 173 394 900 708 536 1082 700 81 854 134 329 327 352 822 673 732 1135 762 869 955 304 1068 1093 1011 710 81 286 854 403 764 592 964 781 725 549 1121 723 521 768 382 1106 1134 530 865 203 269 428 1247 661 12 832 1215 300 4 256 123 1181 630 402 1152 319 3 428 661 361 1217 575 90 607 573 428 576 1154 344 642 230 673 72 732 663 1210 640 1154 533 1247 216 1140 219 81 134 215 382 1171 37 1104 1172 839 668 657 249 159 1067 216 355 1111 1059 675 62 210 29 646 753 854 1249 472 866 826 838 827 529 409 1003 304 955 1226 8 119 142 150 426 865 1211 203 712 38 1239 1023 585 928 1229 1132 771 138 646 29 267 1138 960 383 953 513 413 83 260 798 262 1081 335 1092 208 956 317 699 533 822 818 203 1091 269 1146 409 1008 1213 963 146 768 365 1171 1184 1166 1198 298 40 462 856 568 639 603 494 955 345 495 168 700 806 1011 231 500 945 593 32 748 89 492 753 413 344 230 4 733 875 1207 761 873 250 294 937 29 215 1211 855 449 1091 1183 507 782 865 402 1211 290 1204 239 129 181 679 210 913 787 90 573 883 1004 593 748 592 764 1125 822 1169 673 106 336 21 1119 70 445 1022 714 1201 984 1148 466 49 341 63 533 1029 1247 983 487 420 29 753 81 2 934 283 542 463 965 382 1246 1045 1095 973 94 121 1019 717 1095 648 973 1053 270 95 537 795 115 283 921 299 325 916 1048 958 933 954 134 801 215 1070 1067 159 667 579 192 900 521 708 134 515 801 94 973 1023 523 74 1154 838 826 205 165 865 269 743 726 933 139 552 156 490 146 165 402 319 138 675 234 62 851 725 1250 205 802 838 1206 374 963 884 355 1059 578 965 711 762 2 869 945 459 1183 753 646 89 680 505 1112 688 899 1112 1093 553 1011 1004 1237 593 712 1239 526 614 326 1029 270 710 342 535 1135 152 1091 449 269 748 974 1236 874 1186 697 867 1102 725 411 1097 1102 529 186 244 642 720 230 1110 1022 1201 3 1072 32 11 5 605 741 413 1227 1181 394 630 1249 1110 843 50 403 46 51 586 301 459 436 168 1127 1088 525 435 89 1096 780 429 994 926 123 951 253 608 145 1105 844 326 1166 815 439 423 488 222 1140 152 219 656 1165 827 253 227 1072 400 491 586 922 705 491 1110 1201 343 159 216 765 835 799 227 418 949 1157 750 171 9 769 765 799 1121 951 723 1236 974 984 140 881 848 911 1106 259 90 1077 58 36 1160 509 420 868 635 488 135 1060 476 480 503 135 476 246 107 965 578 959 712 526 728 172 573 549 325 1048 964 1001 781 949 1100 759 792 746 617 1100 792 354 600 437 789 654 524 636 81 753 286 148 931 1106 1149 955 931 610 810 1160 537 147 795 196 121 532 421 860 1080 665 791 89 1127 525 952 477 623 1244 1052 395 712 798 177 262 115 308 700 79 838 575 614 151 1105 532 121 717 1105 387 844 513 568 383 527 111 655 165 1152 865 639 527 956 1053 678 270 856 639 699 524 967 142 1048 916 940 45 847 335 937 648 1095 248 796 303 186 805 244 593 1237 157 103 1144 217 249 657 482 1139 848 401 884 56 355 865 1152 402 600 1118 1021 165 269 674 413 230 1227 529 1244 186 654 980 1216 1153 774 171 21 336 679 337 415 906 1168 337 653 1230 600 789 1213 856 963 355 547 329 72 1138 267 934 1047 283 311 121 196 525 275 952 193 839 535 394 505 900 176 1183 782 270 678 356 300 733 4 383 568 856 466 177 798 236 341 507 700 1082 806 1220 663 925 577 698 1023 482 657 636 390 548 340 722 1061 649 482 636 273 737 140 706 1169 238 1086 620 1019 121 1004 748 1236 490 1213 146 561 554 834 1020 755 1009 717 1147 532 921 594 291 660 555 101 387 451 469 696 486 277 490 165 674 566 519 1012 1089 1212 423 529 244 616 1187 733 300 1240 1216 1143 794 515 472 251 284 401 968 352 334 315 414 122 267 1214 634 1106 530 259 490 703 1213 649 479 722 496 414 315 283 1158 921 1038 57 26 469 297 387 227 978 1072 1147 993 532 1036 643 1220 738 664 346 715 302 943 1141 1196 176 940 1130 30 913 1098 242 383 703 953 896 323 726 176 945 1183 1097 1240 1143 1196 993 1147 1206 446 671 157 1237 316 555 944 101 1171 625 37 145 643 1036 985 1196 1141 27 1147 717 190 1147 27 1098 731 857 259 499 75 224 908 980 629 702 376 731 1008 1125 1249 1022 1110 175 90 883 1246 826 866 578 711 20 140 848 706 315 883 248 176 1196 190 190 1196 1147 68 256 73 315 175 883 1246 866 756 1126 876 124 651 225 540 876 225 651 120 876 1126 124 876 1065 1222 1065 985 1065 651 985 828 1065 1222 1065 876 651 626 715 943 943 590 471 709 98 590 590 98 987 362 98 550 550 98 709 105 486 696 281 98 362 783 105 696 131 105 783 966 105 131 513 953 22 22 953 897 789 486 1164 1164 486 65 709 1156 438 1230 789 1164 550 709 438 776 490 674 65 486 105 776 674 1230 776 1230 1164 550 438 1208 1208 513 22 438 280 1208 897 953 61 61 776 1164 550 1208 22 61 1164 65 196 532 540 65 105 966 897 61 65 783 696 311 362 550 22 196 540 683 783 311 196 897 65 966 362 22 897 783 196 683 362 897 966 131 783 683 281 362 966 131 683 1099 281 966 131 281 131 1099 987 98 281 987 281 1099 471 590 987 987 1099 120 471 987 120 784 715 626 626 943 471 471 120 1126 941 784 626 626 471 1126 1141 176 782 941 626 1126 1222 985 1141 941 1126 124 1141 782 629 347 941 124 124 1065 828 1222 1141 629 1222 629 209 347 124 828 27 717 1127 828 1222 209 489 347 828 120 225 876 1099 225 120 540 225 683 27 1127 952 952 293 231 122 938 458 683 225 1099 489 828 209 642 119 970 975 548 97 496 315 248 27 952 231 122 458 175 705 851 1250 429 1059 1013 489 209 914 1143 278 86 1194 414 496 496 248 1004 190 27 231 315 122 175 884 1059 429 889 641 1000 1046 644 889 1152 237 319 609 489 914 367 1180 1205 985 993 1196 651 993 985 532 993 540 921 291 88 549 723 1137 642 970 720 647 99 414 866 1016 331 496 1004 1236 190 231 945 540 993 651 1016 69 516 69 787 997 635 962 944 211 631 1046 854 1022 1249 741 1227 746 674 449 1230 647 414 1194 945 500 459 1049 1116 476 1046 889 1000 382 768 1171 609 914 50 707 744 609 157 316 766 810 51 301 521 1045 264 291 1071 863 16 584 622 373 761 522 780 994 868 173 976 689 1076 978 227 423 222 43 858 855 1091 1241 670 983 795 118 245 1028 1202 136 750 9 544 418 1157 252 2 299 125 39 537 553 1200 992 899 437 277 789 1197 911 259 1123 906 662 959 589 1052 722 479 1155 607 36 509 420 635 1219 268 907 762 650 1101 534 851 867 725 617 549 1137 1178 959 526 295 275 525 394 708 345 867 411 1102 943 777 590 709 777 1156 208 74 523 782 702 629 58 1077 752 873 552 139 473 142 426 395 38 712 1194 496 1236 176 190 945 744 918 609 277 486 789 415 972 906 1135 869 902 953 703 61 776 703 490 1194 1236 984 356 1093 710 1088 421 1080 342 191 223 1000 682 475 224 990 432 1213 703 383 5 998 506 522 504 1234 108 457 147 427 77 853 51 400 586 752 631 211 518 84 344 123 630 721 1026 815 829 429 1013 994 400 922 491 318 341 236 375 647 1194 269 449 674 211 1046 1000 983 670 567 1071 457 108 489 918 347 488 1060 222 675 747 800 476 503 246 135 246 1060 216 219 393 949 759 1157 171 258 9 805 266 11 1100 354 759 792 617 354 707 50 46 355 56 547 911 148 1106 707 609 50 36 610 1160 476 1116 480 148 1149 931 1227 35 325 500 162 436 481 664 738 122 99 938 959 1052 712 333 1116 1049 1052 508 395 3 493 428 590 777 709 234 602 346 421 101 860 32 978 748 507 341 391 374 1027 146 375 984 466 361 802 775 641 350 682 734 927 689 319 678 1053 1015 1081 111 508 606 395 679 181 1089 404 894 488 61 703 776 884 932 56 283 1047 247 892 798 1081 1131 466 798 211 1000 475 970 812 720 256 1228 73 244 910 439 160 752 211 240 451 151 675 800 234 334 463 542 705 82 851 1201 288 343 1009 59 655 450 1061 722 72 579 667 529 616 409 1050 147 537 597 774 416 1043 46 298 772 462 1184 621 298 462 326 194 608 375 1194 984 368 1184 1198 1149 1003 955 559 598 368 316 1237 303 707 770 744 974 935 1148 507 702 782 1240 654 1216 414 99 122 718 1075 871 1043 770 707 916 35 720 706 848 1139 1163 670 239 717 1019 1127 810 406 51 858 290 855 992 1144 680 913 242 787 609 918 489 513 1017 568 940 351 1130 994 962 868 667 360 310 1001 979 250 1243 127 701 70 584 182 1139 401 447 84 886 539 411 591 1097 751 770 1043 1041 976 1051 575 802 361 101 944 860 559 1198 958 906 1111 662 295 1218 275 1043 707 46 679 336 314 800 602 234 1246 756 1045 244 439 616 502 272 437 844 1210 1220 668 432 657 1213 383 856 54 1054 357 1013 972 415 921 88 299 528 927 734 175 1077 90 622 70 1119 205 826 37 850 77 510 164 279 343 403 13 41 317 52 699 1089 181 1212 521 264 708 936 317 956 1086 1195 673 970 8 474 1098 857 242 375 204 647 2 125 869 533 727 822 731 1125 857 478 1228 256 1093 39 553 918 155 347 89 646 1096 426 958 954 394 345 630 135 320 1049 147 457 795 316 369 766 806 739 996 1135 902 152 620 660 101 270 356 710 1176 310 767 760 684 1167 633 26 687 187 274 1185 545 192 859 117 182 849 452 251 833 624 716 433 33 1038 633 870 453 187 878 445 760 454 517 1176 763 229 878 434 960 454 645 539 33 912 905 870 833 431 713 433 977 330 859 19 615 849 14 455 713 1129 296 455 164 80 632 668 912 666 898 763 803 730 666 296 562 1063 417 233 1078 80 282 1174 1252 824 93 1174 558 1042 1063 864 309 1078 370 638 1113 649 803 1109 357 348 901 474 261 23 224 91 309 793 903 638 877 441 1042 1028 1107 866 331 756 130 908 23 880 538 901 628 240 1109 986 18 1113 689 995 734 467 469 628 232 378 130 1177 1229 986 969 808 880 1107 846 1231 740 45 188 397 506 574 1231 137 512 1225 460 676 601 381 969 813 1040 232 915 1132 1177 890 297 467 154 1 601 988 640 890 811 613 915 149 546 813 188 531 1221 512 1223 60 676 694 396 60 1248 1044 396 1041 989 1221 384 371 1242 570 893 64 1190 149 87 78 811 1064 321 988 804 821 87 1179 448 1064 681 1189 363 322 109 64 371 1159 891 989 1051 1191 1044 942 53 893 178 520 53 837 754 1191 1084 324 891 1162 861 520 167 206 981 199 804 1025 845 465 961 250 757 785 314 981 7 834 271 861 390 1235 206 623 71 324 692 569 1016 516 331 1235 340 677 276 996 0 71 477 96 569 47 1193 947 1200 1025 1224 294 961 1145 129 785 69 997 516 677 736 220 183 217 947 842 1243 141 724 587 1145 255 1182 1224 598 816 840 1124 577 255 1142 103 183 399 719 724 685 1104 842 220 468 659 1170 1082 200 1251 773 15 1232 1062 1005 15 930 1033 1005 1085 1188 659 850 991 200 536 126 758 698 1124 1136 556 399 991 510 1083 1033 658 461 1188 982 31 904 1151 758 999 572 197 1238 909 388 179 841 1136 123 721 951 557 1068 904 1083 425 1173 461 738 289 31 779 257 1173 153 207 745 580 442 289 346 1175 257 1002 619 1103 603 557 1034 333 820 442 104 807 1150 116 1103 1117 775 543 358 114 113 729 92 1034 291 863 88 1165 1055 477 1094 1037 729 611 247 358 831 24 1150 1074 361 1117 241 1228 690 807 1120 551 453 284 274 852 627 825 690 478 44 1024 596 214 551 305 174 174 128 611 44 917 1094 825 1217 1074 641 682 1000 1088 1019 421 771 497 395 150 816 598 216 393 765 799 1076 227 1131 375 466 459 500 436 762 934 2 334 352 1062 73 932 884 30 672 669 1072 978 32 631 1122 1046 169 1077 458 39 1050 537 160 211 475 325 35 916 280 1017 1208 168 318 236 438 364 280 539 886 1038 911 1186 874 473 954 737 1038 886 57 527 1015 111 851 82 332 637 749 896 621 751 1043 655 419 936 514 888 450 980 990 224 720 35 230 556 894 404 201 313 860 768 929 365 1051 976 20 1205 77 427 226 669 1 699 52 1206 1127 1019 1088 356 671 1093 279 584 16 840 1010 598 222 1204 43 1013 415 201 1219 166 502 625 205 37 723 742 1137 881 562 1129 171 774 258 914 13 50 379 353 265 1157 1218 252 899 541 845 9 172 544 836 290 858 1193 563 1232 644 155 918 1132 497 771 1069 975 97 160 475 610 374 10 237 219 407 393 136 389 846 1202 288 1201 570 998 5 432 990 657 1093 671 39 51 406 144 757 979 322 339 1214 434 273 473 737 719 556 404 848 66 401 271 554 1179 922 82 705 484 971 1178 201 962 994 91 432 632 607 58 36 439 910 832 103 67 365 1189 307 1090 239 670 1241 662 1111 329 242 359 787 395 497 38 421 620 101 97 548 566 395 606 771 1015 892 1081 621 1043 298 941 155 784 1105 451 387 421 1019 620 892 1131 798 881 66 848 610 406 810 482 273 706 409 1026 1008 249 482 1139 869 398 902 948 306 560 868 962 635 625 1128 205 630 1209 721 273 737 706 761 612 873 368 772 1184 772 621 462 1175 602 1006 234 664 62 343 279 16 11 910 805 559 368 1198 756 63 1045 1131 204 375 944 166 635 249 447 905 665 185 389 873 612 552 204 364 647 649 1061 730 386 328 34 43 1204 836 1097 591 1240 473 426 954 634 1054 54 90 58 607 591 150 142 568 408 639 1212 181 587 75 499 386 252 1218 295 544 172 728 59 1079 88 392 528 948 800 235 602 245 308 115 955 494 931 836 1204 290 851 332 867 1161 919 260 426 559 958 564 284 251 119 8 970 573 796 883 346 664 234 1086 238 233 1143 198 278 51 144 400 373 612 761 1013 201 994 1129 66 881 155 1122 784 1060 1163 222 762 907 934 213 652 464 258 819 9 759 213 1157 617 1137 354 148 814 1149 36 160 610 427 1133 1153 219 112 407 997 788 1066 475 406 610 376 702 924 338 41 359 392 927 528 14 279 164 787 359 997 480 180 875 841 894 556 788 1115 924 280 364 204 365 929 1144 616 1026 409 1045 63 264 152 112 219 1197 1186 911 903 950 397 634 54 292 345 1209 630 125 398 869 465 307 681 96 1055 1251 1015 133 892 857 338 242 839 1172 572 186 879 805 951 1007 723 997 1066 516 331 49 756 702 391 924 619 790 241 1163 1204 222 615 1031 417 723 1007 742 720 351 916 261 8 1226 819 172 9 213 1218 1157 765 511 799 420 487 1187 482 706 1139 622 1119 514 249 1139 447 1039 691 117 686 443 624 380 360 545 599 564 452 909 693 625 445 70 684 931 1134 1106 447 284 453 788 924 1066 126 17 595 1115 376 924 860 313 1080 1176 517 310 187 453 274 633 1038 26 760 445 684 859 192 19 833 251 431 433 716 977 849 182 14 960 517 454 229 445 878 539 1038 33 905 453 870 14 164 455 431 1129 713 763 898 229 912 668 905 164 282 80 1129 562 296 666 730 898 649 730 803 1174 282 558 1078 233 370 1063 562 864 558 1028 1042 864 793 309 370 877 638 1109 240 357 1113 18 649 23 908 224 901 538 474 1028 846 1107 378 908 130 808 538 880 469 240 628 1229 18 986 467 297 469 1177 1132 1229 969 381 808 232 1040 378 1231 846 137 546 1040 813 1 381 601 640 297 890 613 1132 915 45 531 188 137 1223 512 460 694 676 36 58 160 639 408 527 149 1190 546 811 78 613 988 321 640 1221 531 384 60 1223 1248 396 694 1041 109 1190 64 821 78 87 448 321 1064 384 1159 371 1248 942 1044 570 178 893 1041 1051 989 273 524 473 891 1159 1162 53 942 837 520 178 167 1191 1051 1084 804 199 821 507 391 702 1084 692 324 167 623 206 1162 390 861 314 199 981 71 623 477 1235 390 340 569 692 47 961 294 250 1025 1200 845 785 129 314 1155 606 794 924 391 1066 340 736 677 217 1200 947 1182 294 1224 587 129 1145 458 1077 175 736 468 220 255 577 1182 183 103 217 724 719 587 842 1104 1243 635 166 1219 391 430 1066 399 556 719 1124 698 577 15 773 930 1005 1062 1085 659 468 850 200 1082 536 850 510 991 930 658 1033 1085 982 1188 841 556 1136 1151 698 758 928 1075 718 982 779 31 510 425 1083 658 738 461 904 1068 1151 557 603 1068 257 779 1002 289 738 346 1173 425 153 580 104 442 116 603 1103 92 333 1034 867 840 411 104 1120 807 1117 361 775 729 1037 92 1150 24 116 358 247 114 611 128 247 1074 1217 361 1094 917 1037 690 1228 478 551 1120 305 530 809 596 305 128 174 478 917 44 627 1217 825 973 648 1182 338 359 242 151 54 357 359 41 788 902 112 152 799 511 1076 464 652 872 1220 643 844 82 265 332 47 563 1193 434 1214 960 1232 563 1062 38 497 613 365 1144 103 632 432 668 322 979 109 224 432 91 250 979 757 1179 554 448 256 4 478 834 554 271 555 166 944 177 485 262 721 1007 951 959 971 589 543 1128 1245 411 816 591 49 63 756 332 1010 840 160 58 752 205 1128 775 388 67 1142 875 733 480 346 602 1175 353 695 772 1187 582 733 834 132 701 627 235 800 701 132 1243 1082 739 806 393 511 765 608 194 145 597 369 774 687 424 444 1185 862 285 1167 28 887 767 583 48 444 424 686 285 862 599 887 28 1039 48 583 380 447 453 905 820 287 179 753 492 286 1228 790 73 771 606 1155 37 826 1246 265 1010 332 172 243 573 793 950 903 929 505 680 397 950 506 681 307 1189 845 307 465 400 1203 922 19 1031 615 477 1055 96 417 1031 233 832 910 11 1251 1055 773 474 8 261 517 667 310 192 579 19 668 249 905 370 1092 877 460 734 694 321 663 640 1223 85 1248 1051 20 1084 692 885 47 545 360 192 452 564 251 624 443 716 117 691 182 558 1202 1028 353 1010 265 663 218 925 1062 352 1085 401 284 447 1068 304 1151 425 366 153 1120 594 305 917 875 1037 1002 790 619 922 221 82 1178 971 959 576 612 373 622 584 70 997 359 788 241 790 1228 527 408 1015 636 524 273 354 1192 759 1026 312 1008 41 13 1115 1062 563 334 536 17 126 1244 498 186 625 693 1128 472 515 134 838 802 575 812 351 720 688 541 899 511 935 1076 221 379 265 595 778 745 1050 52 317 92 1116 333 82 221 265 377 1186 1197 5 266 570 246 567 1060 1142 67 103 909 67 388 775 1128 543 708 495 345 817 195 1225 88 1079 299 237 10 678 916 351 940 179 287 841 333 287 820 197 1172 685 837 191 830 667 1138 72 547 327 329 1071 108 863 773 161 930 1225 195 460 808 672 1130 1169 483 238 745 778 580 587 181 129 11 266 5 685 1172 1104 572 1172 197 290 1118 855 830 895 837 996 895 830 824 55 93 478 4 917 761 412 522 506 998 574 1242 998 570 195 528 460 332 840 867 751 695 379 900 505 929 93 55 817 1155 479 18 1096 646 138 591 816 150 140 323 881 109 1030 1190 151 451 1105 387 1210 844 1058 935 511 877 847 441 740 847 45 1024 1233 596 612 493 552 716 443 57 1208 1017 513 742 1192 1137 774 369 258 1015 408 133 1156 364 438 574 998 1242 144 1203 400 1125 764 857 917 4 875 996 739 0 1170 739 1082 1252 571 824 872 652 742 654 967 524 735 102 481 805 910 244 1 372 226 226 372 1189 759 1192 213 34 328 366 977 143 330 1137 1192 354 772 920 353 335 847 877 999 823 572 1060 567 1163 516 430 331 921 1158 594 7 132 834 1243 132 141 914 704 13 852 235 627 1049 287 333 775 802 205 922 1203 221 1090 541 688 357 1054 348 1131 170 204 59 419 655 274 284 564 837 895 754 276 895 996 154 372 1 1238 693 909 233 1031 1086 1189 372 363 238 483 1092 485 110 407 20 976 173 50 13 403 114 349 113 1116 180 480 831 809 24 153 1073 207 596 809 214 319 237 678 518 886 84 208 483 74 772 695 621 17 778 595 938 302 458 788 41 1115 766 369 597 1032 1233 1024 446 52 1050 1066 430 516 883 796 248 239 1118 290 303 243 819 1007 872 742 976 995 689 339 1054 1214 857 764 338 243 796 573 441 847 740 602 235 1006 204 170 280 331 430 49 57 443 26 398 565 902 779 56 1002 576 493 612 407 1058 393 104 1057 957 153 328 1073 45 504 531 613 497 1132 1021 1118 239 671 446 39 964 100 1001 1209 1087 721 118 1057 580 0 739 1170 460 528 734 817 55 195 24 809 530 691 70 182 793 749 637 591 967 1240 744 786 889 637 950 793 217 992 1200 368 920 772 287 320 841 184 571 1252 845 541 307 1030 100 964 846 389 137 678 10 356 657 990 636 906 972 1111 63 318 264 393 1058 511 142 967 591 133 170 892 923 823 999 294 648 937 233 238 370 1006 235 852 1248 212 942 1084 711 692 664 102 62 1059 972 1013 1128 693 1245 616 815 1026 800 747 627 531 618 384 230 35 1227 641 588 350 960 1138 517 791 492 89 381 672 808 1008 312 1125 19 1195 1031 330 143 184 39 446 1050 1205 1180 366 370 238 1092 85 212 1248 698 585 1023 20 711 1084 692 711 885 1041 995 976 141 132 7 517 1138 667 428 493 576 199 336 106 282 288 558 366 1180 34 431 66 1129 558 288 1202 437 272 277 1009 1079 59 347 155 941 875 180 1037 588 786 770 1245 693 1238 896 749 158 948 528 195 299 1079 125 169 302 715 458 302 169 694 995 1041 889 786 641 822 727 1169 844 194 326 92 180 1116 641 786 588 1046 1122 644 594 1158 305 1002 932 790 1148 935 1058 754 895 276 340 975 736 751 588 770 982 327 547 113 349 923 501 1133 853 47 463 563 644 1122 155 480 582 503 1037 180 92 177 110 485 112 485 407 398 755 1020 214 809 831 356 10 671 902 565 112 314 336 199 304 585 1151 439 815 616 348 1054 339 379 695 353 1223 185 85 125 755 398 871 1075 1003 623 498 1244 366 328 153 363 372 154 721 1087 1007 621 695 751 504 618 531 207 1073 1032 892 170 1131 184 143 571 1032 1073 1233 161 1101 650 321 218 663 979 100 109 1030 278 1190 819 243 172 1152 1027 237 386 499 1233 734 995 694 305 1158 128 1085 327 982 923 349 823 1214 1054 634 158 323 896 245 778 17 934 907 114 1233 499 596 468 853 850 863 59 88 1007 1087 872 57 886 518 598 920 368 307 541 1090 770 786 744 85 185 665 318 495 264 114 1047 934 1049 320 287 1190 278 546 1092 483 208 1130 672 30 415 313 201 1240 967 654 195 55 948 108 419 863 469 451 240 1151 585 698 1031 1195 1086 841 320 894 389 185 137 1159 519 1162 885 463 47 137 185 1223 563 463 334 579 1195 19 881 158 562 1003 1075 928 795 457 118 229 1119 445 262 485 565 562 158 864 618 410 384 24 1134 116 1182 648 294 790 932 73 264 495 708 274 862 1185 26 424 687 684 28 1167 310 583 767 1073 328 386 1069 1133 501 618 412 410 1001 100 979 881 323 158 560 306 939 975 501 736 384 410 1159 977 919 143 824 306 55 17 308 245 1169 727 483 1233 1073 386 571 143 1161 536 308 17 736 501 468 1111 972 1059 872 1087 162 898 888 229 168 495 318 18 479 649 522 618 504 468 501 853 352 327 1085 448 218 321 823 349 268 742 652 1192 86 278 1030 1010 920 598 114 907 349 1159 410 519 1115 704 376 939 306 824 950 946 506 840 816 411 178 879 167 1220 1210 663 483 727 74 1058 110 1148 278 198 546 229 888 1119 686 424 443 599 862 564 380 583 360 1039 28 691 182 584 14 109 100 1030 546 198 1040 936 419 108 864 749 793 353 920 1010 56 932 1002 487 582 1187 567 670 1163 580 1057 104 158 749 864 167 498 623 116 494 603 1134 494 116 481 102 664 1192 652 213 565 485 112 247 1047 114 1009 755 1079 684 70 691 853 1133 427 656 1101 161 407 110 1058 879 498 167 410 412 1012 1069 501 975 360 583 310 564 862 274 443 424 26 691 28 684 14 584 279 237 1027 374 519 410 1012 637 946 950 1144 929 680 522 412 618 303 796 243 1119 888 514 931 494 1134 844 643 194 733 582 480 503 582 487 13 704 1115 1079 755 125 186 498 879 55 306 948 143 919 1161 1206 52 446 194 643 145 863 419 59 349 907 268 
        </DataArray>
        <DataArray type="Int32" Name="offsets" format="ascii">
          3 6 9 12 15 18 21 24 27 30 33 36 39 42 45 48 51 54 57 60 63 66 69 72 75 78 81 84 87 90 93 96 99 102 105 108 111 114 117 120 123 126 129 132 135 138 141 144 147 150 153 156 159 162 165 168 171 174 177 180 183 186 189 192 195 198 201 204 207 210 213 216 219 222 225 228 231 234 237 240 243 246 249 252 255 258 261 264 267 270 273 276 279 282 285 288 291 294 297 300 303 306 309 312 315 318 321 324 327 330 333 336 339 342 345 348 351 354 357 360 363 366 369 372 375 378 381 384 387 390 393 396 399 402 405 408 411 414 417 420 423 426 429 432 435 438 441 444 447 450 453 456 459 462 465 468 471 474 477 480 483 486 489 492 495 498 501 504 507 510 513 516 519 522 525 528 531 534 537 540 543 546 549 552 555 558 561 564 567 570 573 576 579 582 585 588 591 594 597 600 603 606 609 612 615 618 621 624 627 630 633 636 639 642 645 648 651 654 657 660 663 666 669 672 675 678 681 684 687 690 693 696 699 702 705 708 711 714 717 720 723 726 729 732 735 738 741 744 747 750 753 756 759 762 765 768 771 774 777 780 783 786 789 792 795 798 801 804 807 810 813 816 819 822 825 828 831 834 837 840 843 846 849 852 855 858 861 864 867 870 873 876 879 882 885 888 891 894 897 900 903 906 909 912 915 918 921 924 927 930 933 936 939 942 945 948 951 954 957 960 963 966 969 972 975 978 981 984 987 990 993 996 999 1002 1005 1008 1011 1014 1017 1020 1023 1026 1029 1032 1035 1038 1041 1044 1047 1050 1053 1056 1059 1062 1065 1068 1071 1074 1077 1080 1083 1086 1089 1092 1095 1098 1101 1104 1107 1110 1113 1116 1119 1122 1125 1128 1131 1134 1137 1140 1143 1146 1149 1152 1155 1158 1161 1164 1167 1170 1173 1176 1179 1182 1185 1188 1191 1194 1197 1200 1203 1206 1209 1212 1215 1218 1221 1224 1227 1230 1233 1236 1239 1242 1245 1248 1251 1254 1257 1260 1263 1266 1269 1272 1275 1278 1281 1284 1287 1290 1293 1296 1299 1302 1305 1308 1311 1314 1317 1320 1323 1326 1329 1332 1335 1338 1341 1344 1347 1350 1353 1356 1359 1362 1365 1368 1371 1374 1377 1380 1383 1386 1389 1392 1395 1398 1401 1404 1407 1410 1413 1416 1419 1422 1425 1428 1431 1434 1437 1440 1443 1446 1449 1452 1455 1458 1461 1464 1467 1470 1473 1476 1479 1482 1485 1488 1491 1494 1497 1500 1503 1506 1509 1512 1515 1518 1521 1524 1527 1530 1533 1536 1539 1542 1545 1548 1551 1554 1557 1560 1563 1566 1569 1572 1575 1578 1581 1584 1587 1590 1593 1596 1599 1602 1605 1608 1611 1614 1617 1620 1623 1626 1629 1632 1635 1638 1641 1644 1647 1650 1653 1656 1659 1662 1665 1668 1671 1674 1677 1680 1683 1686 1689 1692 1695 1698 1701 1704 1707 1710 1713 1716 1719 1722 1725 1728 1731 1734 1737 1740 1743 1746 1749 1752 1755 1758 1761 1764 1767 1770 1773 1776 1779 1782 1785 1788 1791 1794 1797 1800 1803 1806 1809 1812 1815 1818 1821 1824 1827 1830 1833 1836 1839 1842 1845 1848 1851 1854 1857 1860 1863 1866 1869 1872 1875 1878 1881 1884 1887 1890 1893 1896 1899 1902 1905 1908 1911 1914 1917 1920 1923 1926 1929 1932 1935 1938 1941 1944 1947 1950 1953 1956 1959 1962 1965 1968 1971 1974 1977 1980 1983 1986 1989 1992 1995 1998 2001 2004 2007 2010 2013 2016 2019 2022 2025 2028 2031 2034 2037 2040 2043 2046 2049 2052 2055 2058 2061 2064 2067 2070 2073 2076 2079 2082 2085 2088 2091 2094 2097 2100 2103 2106 2109 2112 2115 2118 2121 2124 2127 2130 2133 2136 2139 2142 2145 2148 2151 2154 2157 2160 2163 2166 2169 2172 2175 2178 2181 2184 2187 2190 2193 2196 2199 2202 2205 2208 2211 2214 2217 2220 2223 2226 2229 2232 2235 2238 2241 2244 2247 2250 2253 2256 2259 2262 2265 2268 2271 2274 2277 2280 2283 2286 2289 2292 2295 2298 2301 2304 2307 2310 2313 2316 2319 2322 2325 2328 2331 2334 2337 2340 2343 2346 2349 2352 2355 2358 2361 2364 2367 2370 2373 2376 2379 2382 2385 2388 2391 2394 2397 2400 2403 2406 2409 2412 2415 2418 2421 2424 2427 2430 2433 2436 2439 2442 2445 2448 2451 2454 2457 2460 2463 2466 2469 2472 2475 2478 2481 2484 2487 2490 2493 2496 2499 2502 2505 2508 2511 2514 2517 2520 2523 2526 2529 2532 2535 2538 2541 2544 2547 2550 2553 2556 2559 2562 2565 2568 2571 2574 2577 2580 2583 2586 2589 2592 2595 2598 2601 2604 2607 2610 2613 2616 2619 2622 2625 2628 2631 2634 2637 2640 2643 2646 2649 2652 2655 2658 2661 2664 2667 2670 2673 2676 2679 2682 2685 2688 2691 2694 2697 2700 2703 2706 2709 2712 2715 2718 2721 2724 2727 2730 2733 2736 2739 2742 2745 2748 2751 2754 2757 2760 2763 2766 2769 2772 2775 2778 2781 2784 2787 2790 2793 2796 2799 2802 2805 2808 2811 2814 2817 2820 2823 2826 2829 2832 2835 2838 2841 2844 2847 2850 2853 2856 2859 2862 2865 2868 2871 2874 2877 2880 2883 2886 2889 2892 2895 2898 2901 2904 2907 2910 2913 2916 2919 2922 2925 2928 2931 2934 2937 2940 2943 2946 2949 2952 2955 2958 2961 2964 2967 2970 2973 2976 2979 2982 2985 2988 2991 2994 2997 3000 3003 3006 3009 3012 3015 3018 3021 3024 3027 3030 3033 3036 3039 3042 3045 3048 3051 3054 3057 3060 3063 3066 3069 3072 3075 3078 3081 3084 3087 3090 3093 3096 3099 3102 3105 3108 3111 3114 3117 3120 3123 3126 3129 3132 3135 3138 3141 3144 3147 3150 3153 3156 3159 3162 3165 3168 3171 3174 3177 3180 3183 3186 3189 3192 3195 3198 3201 3204 3207 3210 3213 3216 3219 3222 3225 3228 3231 3234 3237 3240 3243 3246 3249 3252 3255 3258 3261 3264 3267 3270 3273 3276 3279 3282 3285 3288 3291 3294 3297 3300 3303 3306 3309 3312 3315 3318 3321 3324 3327 3330 3333 3336 3339 3342 3345 3348 3351 3354 3357 3360 3363 3366 3369 3372 3375 3378 3381 3384 3387 3390 3393 3396 3399 3402 3405 3408 3411 3414 3417 3420 3423 3426 3429 3432 3435 3438 3441 3444 3447 3450 3453 3456 3459 3462 3465 3468 3471 3474 3477 3480 3483 3486 3489 3492 3495 3498 3501 3504 3507 3510 3513 3516 3519 3522 3525 3528 3531 3534 3537 3540 3543 3546 3549 3552 3555 3558 3561 3564 3567 3570 3573 3576 3579 3582 3585 3588 3591 3594 3597 3600 3603 3606 3609 3612 3615 3618 3621 3624 3627 3630 3633 3636 3639 3642 3645 3648 3651 3654 3657 3660 3663 3666 3669 3672 3675 3678 3681 3684 3687 3690 3693 3696 3699 3702 3705 3708 3711 3714 3717 3720 3723 3726 3729 3732 3735 3738 3741 3744 3747 3750 3753 3756 3759 3762 3765 3768 3771 3774 3777 3780 3783 3786 3789 3792 3795 3798 3801 3804 3807 3810 3813 3816 3819 3822 3825 3828 3831 3834 3837 3840 3843 3846 3849 3852 3855 3858 3861 3864 3867 3870 3873 3876 3879 3882 3885 3888 3891 3894 3897 3900 3903 3906 3909 3912 3915 3918 3921 3924 3927 3930 3933 3936 3939 3942 3945 3948 3951 3954 3957 3960 3963 3966 3969 3972 3975 3978 3981 3984 3987 3990 3993 3996 3999 4002 4005 4008 4011 4014 4017 4020 4023 4026 4029 4032 4035 4038 4041 4044 4047 4050 4053 4056 4059 4062 4065 4068 4071 4074 4077 4080 4083 4086 4089 4092 4095 4098 4101 4104 4107 4110 4113 4116 4119 4122 4125 4128 4131 4134 4137 4140 4143 4146 4149 4152 4155 4158 4161 4164 4167 4170 4173 4176 4179 4182 4185 4188 4191 4194 4197 4200 4203 4206 4209 4212 4215 4218 4221 4224 4227 4230 4233 4236 4239 4242 4245 4248 4251 4254 4257 4260 4263 4266 4269 4272 4275 4278 4281 4284 4287 4290 4293 4296 4299 4302 4305 4308 4311 4314 4317 4320 4323 4326 4329 4332 4335 4338 4341 4344 4347 4350 4353 4356 4359 4362 4365 4368 4371 4374 4377 4380 4383 4386 4389 4392 4395 4398 4401 4404 4407 4410 4413 4416 4419 4422 4425 4428 4431 4434 4437 4440 4443 4446 4449 4452 4455 4458 4461 4464 4467 4470 4473 4476 4479 4482 4485 4488 4491 4494 4497 4500 4503 4506 4509 4512 4515 4518 4521 4524 4527 4530 4533 4536 4539 4542 4545 4548 4551 4554 4557 4560 4563 4566 4569 4572 4575 4578 4581 4584 4587 4590 4593 4596 4599 4602 4605 4608 4611 4614 4617 4620 4623 4626 4629 4632 4635 4638 4641 4644 4647 4650 4653 4656 4659 4662 4665 4668 4671 4674 4677 4680 4683 4686 4689 4692 4695 4698 4701 4704 4707 4710 4713 4716 4719 4722 4725 4728 4731 4734 4737 4740 4743 4746 4749 4752 4755 4758 4761 4764 4767 4770 4773 4776 4779 4782 4785 4788 4791 4794 4797 4800 4803 4806 4809 4812 4815 4818 4821 4824 4827 4830 4833 4836 4839 4842 4845 4848 4851 4854 4857 4860 4863 4866 4869 4872 4875 4878 4881 4884 4887 4890 4893 4896 4899 4902 4905 4908 4911 4914 4917 4920 4923 4926 4929 4932 4935 4938 4941 4944 4947 4950 4953 4956 4959 4962 4965 4968 4971 4974 4977 4980 4983 4986 4989 4992 4995 4998 5001 5004 5007 5010 5013 5016 5019 5022 5025 5028 5031 5034 5037 5040 5043 5046 5049 5052 5055 5058 5061 5064 5067 5070 5073 5076 5079 5082 5085 5088 5091 5094 5097 5100 5103 5106 5109 5112 5115 5118 5121 5124 5127 5130 5133 5136 5139 5142 5145 5148 5151 5154 5157 5160 5163 5166 5169 5172 5175 5178 5181 5184 5187 5190 5193 5196 5199 5202 5205 5208 5211 5214 5217 5220 5223 5226 5229 5232 5235 5238 5241 5244 5247 5250 5253 5256 5259 5262 5265 5268 5271 5274 5277 5280 5283 5286 5289 5292 5295 5298 5301 5304 5307 5310 5313 5316 5319 5322 5325 5328 5331 5334 5337 5340 5343 5346 5349 5352 5355 5358 5361 5364 5367 5370 5373 5376 5379 5382 5385 5388 5391 5394 5397 5400 5403 5406 5409 5412 5415 5418 5421 5424 5427 5430 5433 5436 5439 5442 5445 5448 5451 5454 5457 5460 5463 5466 5469 5472 5475 5478 5481 5484 5487 5490 5493 5496 5499 5502 5505 5508 5511 5514 5517 5520 5523 5526 5529 5532 5535 5538 5541 5544 5547 5550 5553 5556 5559 5562 5565 5568 5571 5574 5577 5580 5583 5586 5589 5592 5595 5598 5601 5604 5607 5610 5613 5616 5619 5622 5625 5628 5631 5634 5637 5640 5643 5646 5649 5652 5655 5658 5661 5664 5667 5670 5673 5676 5679 5682 5685 5688 5691 5694 5697 5700 5703 5706 5709 5712 5715 5718 5721 5724 5727 5730 5733 5736 5739 5742 5745 5748 5751 5754 5757 5760 5763 5766 5769 5772 5775 5778 5781 5784 5787 5790 5793 5796 5799 5802 5805 5808 5811 5814 5817 5820 5823 5826 5829 5832 5835 5838 5841 5844 5847 5850 5853 5856 5859 5862 5865 5868 5871 5874 5877 5880 5883 5886 5889 5892 5895 5898 5901 5904 5907 5910 5913 5916 5919 5922 5925 5928 5931 5934 5937 5940 5943 5946 5949 5952 5955 5958 5961 5964 5967 5970 5973 5976 5979 5982 5985 5988 5991 5994 5997 6000 6003 6006 6009 6012 6015 6018 6021 6024 6027 6030 6033 6036 6039 6042 6045 6048 6051 6054 6057 6060 6063 6066 6069 6072 6075 6078 6081 6084 6087 6090 6093 6096 6099 6102 6105 6108 6111 6114 6117 6120 6123 6126 6129 6132 6135 6138 6141 6144 6147 6150 6153 6156 6159 6162 6165 6168 6171 6174 6177 6180 6183 6186 6189 6192 6195 6198 6201 6204 6207 6210 6213 6216 6219 6222 6225 6228 6231 6234 6237 6240 6243 6246 6249 6252 6255 6258 6261 6264 6267 6270 6273 6276 6279 6282 6285 6288 6291 6294 6297 6300 6303 6306 6309 6312 6315 6318 6321 6324 6327 6330 6333 6336 6339 6342 6345 6348 6351 6354 6357 6360 6363 6366 6369 6372 6375 6378 6381 6384 6387 6390 6393 6396 6399 6402 6405 6408 6411 6414 6417 6420 6423 6426 6429 6432 6435 6438 6441 6444 6447 6450 6453 6456 6459 6462 6465 6468 6471 6474 6477 6480 6483 6486 6489 6492 6495 6498 6501 6504 6507 6510 6513 6516 6519 6522 6525 6528 6531 6534 6537 6540 6543 6546 6549 6552 6555 6558 6561 6564 6567 6570 6573 6576 6579 6582 6585 6588 6591 6594 6597 6600 6603 6606 6609 6612 6615 6618 6621 6624 6627 6630 6633 6636 6639 6642 6645 6648 6651 6654 6657 6660 6663 6666 6669 6672 6675 6678 6681 6684 6687 6690 6693 6696 6699 6702 6705 6708 6711 6714 6717 6720 6723 6726 6729 6732 6735 6738 6741 6744 6747 6750 6753 6756 6759 6762 6765 6768 6771 6774 6777 6780 6783 6786 6789 6792 6795 6798 6801 6804 6807 6810 6813 6816 6819 6822 6825 6828 6831 6834 6837 6840 6843 6846 6849 6852 6855 6858 6861 6864 6867 6870 6873 6876 6879 6882 6885 6888 6891 6894 6897 6900 6903 6906 6909 6912 
        </DataArray>
        <DataArray type="UInt8" Name="types" format="ascii">
          5 5 5 5 5 5 5 5 5 5 5 5 5 5 5 5 5 5 5 5 5 5 5 5 5 5 5 5 5 5 5 5 5 5 5 5 5 5 5 5 5 5 5 5 5 5 5 5 5 5 5 5 5 5 5 5 5 5 5 5 5 5 5 5 5 5 5 5 5 5 5 5 5 5 5 5 5 5 5 5 5 5 5 5 5 5 5 5 5 5 5 5 5 5 5 5 5 5 5 5 5 5 5 5 5 5 5 5 5 5 5 5 5 5 5 5 5 5 5 5 5 5 5 5 5 5 5 5 5 5 5 5 5 5 5 5 5 5 5 5 5 5 5 5 5 5 5 5 5 5 5 5 5 5 5 5 5 5 5 5 5 5 5 5 5 5 5 5 5 5 5 5 5 5 5 5 5 5 5 5 5 5 5 5 5 5 5 5 5 5 5 5 5 5 5 5 5 5 5 5 5 5 5 5 5 5 5 5 5 5 5 5 5 5 5 5 5 5 5 5 5 5 5 5 5 5 5 5 5 5 5 5 5 5 5 5 5 5 5 5 5 5 5 5 5 5 5 5 5 5 5 5 5 5 5 5 5 5 5 5 5 5 5 5 5 5 5 5 5 5 5 5 5 5 5 5 5 5 5 5 5 5 5 5 5 5 5 5 5 5 5 5 5 5 5 5 5 5 5 5 5 5 5 5 5 5 5 5 5 5 5 5 5 5 5 5 5 5 5 5 5 5 5 5 5 5 5 5 5 5 5 5 5 5 5 5 5 5 5 5 5 5 5 5 5 5 5 5 5 5 5 5 5 5 5 5 5 5 5 5 5 5 5 5 5 5 5 5 5 5 5 5 5 5 5 5 5 5 5 5 5 5 5 5 5 5 5 5 5 5 5 5 5 5 5 5 5 5 5 5 5 5 5 5 5 5 5 5 5 5 5 5 5 5 5 5 5 5 5 5 5 5 5 5 5 5 5 5 5 5 5 5 5 5 5 5 5 5 5 5 5 5 5 5 5 5 5 5 5 5 5 5 5 5 5 5 5 5 5 5 5 5 5 5 5 5 5 5 5 5 5 5 5 5 5 5 5 5 5 5 5 5 5 5 5 5 5 5 5 5 5 5 5 5 5 5 5 5 5 5 5 5 5 5 5 5 5 5 5 5 5 5 5 5 5 5 5 5 5 5 5 5 5 5 5 5 5 5 5 5 5 5 5 5 5 5 5 5 5 5 5 5 5 5 5 5 5 5 5 5 5 5 5 5 5 5 5 5 5 5 5 5 5 5 5 5 5 5 5 5 5 5 5 5 5 5 5 5 5 5 5 5 5 5 5 5 5 5 5 5 5 5 5 5 5 5 5 5 5 5 5 5 5 5 5 5 5 5 5 5 5 5 5 5 5 5 5 5 5 5 5 5 5 5 5 5 5 5 5 5 5 5 5 5 5 5 5 5 5 5 5 5 5 5 5 5 5 5 5 5 5 5 5 5 5 5 5 5 5 5 5 5 5 5 5 5 5 5 5 5 5 5 5 5 5 5 5 5 5 5 5 5 5 5 5 5 5 5 5 5 5 5 5 5 5 5 5 5 5 5 5 5 5 5 5 5 5 5 5 5 5 5 5 5 5 5 5 5 5 5 5 5 5 5 5 5 5 5 5 5 5 5 5 5 5 5 5 5 5 5 5 5 5 5 5 5 5 5 5 5 5 5 5 5 5 5 5 5 5 5 5 5 5 5 5 5 5 5 5 5 5 5 5 5 5 5 5 5 5 5 5 5 5 5 5 5 5 5 5 5 5 5 5 5 5 5 5 5 5 5 5 5 5 5 5 5 5 5 5 5 5 5 5 5 5 5 5 5 5 5 5 5 5 5 5 5 5 5 5 5 5 5 5 5 5 5 5 5 5 5 5 5 5 5 5 5 5 5 5 5 5 5 5 5 5 5 5 5 5 5 5 5 5 5 5 5 5 5 5 5 5 5 5 5 5 5 5 5 5 5 5 5 5 5 5 5 5 5 5 5 5 5 5 5 5 5 5 5 5 5 5 5 5 5 5 5 5 5 5 5 5 5 5 5 5 5 5 5 5 5 5 5 5 5 5 5 5 5 5 5 5 5 5 5 5 5 5 5 5 5 5 5 5 5 5 5 5 5 5 5 5 5 5 5 5 5 5 5 5 5 5 5 5 5 5 5 5 5 5 5 5 5 5 5 5 5 5 5 5 5 5 5 5 5 5 5 5 5 5 5 5 5 5 5 5 5 5 5 5 5 5 5 5 5 5 5 5 5 5 5 5 5 5 5 5 5 5 5 5 5 5 5 5 5 5 5 5 5 5 5 5 5 5 5 5 5 5 5 5 5 5 5 5 5 5 5 5 5 5 5 5 5 5 5 5 5 5 5 5 5 5 5 5 5 5 5 5 5 5 5 5 5 5 5 5 5 5 5 5 5 5 5 5 5 5 5 5 5 5 5 5 5 5 5 5 5 5 5 5 5 5 5 5 5 5 5 5 5 5 5 5 5 5 5 5 5 5 5 5 5 5 5 5 5 5 5 5 5 5 5 5 5 5 5 5 5 5 5 5 5 5 5 5 5 5 5 5 5 5 5 5 5 5 5 5 5 5 5 5 5 5 5 5 5 5 5 5 5 5 5 5 5 5 5 5 5 5 5 5 5 5 5 5 5 5 5 5 5 5 5 5 5 5 5 5 5 5 5 5 5 5 5 5 5 5 5 5 5 5 5 5 5 5 5 5 5 5 5 5 5 5 5 5 5 5 5 5 5 5 5 5 5 5 5 5 5 5 5 5 5 5 5 5 5 5 5 5 5 5 5 5 5 5 5 5 5 5 5 5 5 5 5 5 5 5 5 5 5 5 5 5 5 5 5 5 5 5 5 5 5 5 5 5 5 5 5 5 5 5 5 5 5 5 5 5 5 5 5 5 5 5 5 5 5 5 5 5 5 5 5 5 5 5 5 5 5 5 5 5 5 5 5 5 5 5 5 5 5 5 5 5 5 5 5 5 5 5 5 5 5 5 5 5 5 5 5 5 5 5 5 5 5 5 5 5 5 5 5 5 5 5 5 5 5 5 5 5 5 5 5 5 5 5 5 5 5 5 5 5 5 5 5 5 5 5 5 5 5 5 5 5 5 5 5 5 5 5 5 5 5 5 5 5 5 5 5 5 5 5 5 5 5 5 5 5 5 5 5 5 5 5 5 5 5 5 5 5 5 5 5 5 5 5 5 5 5 5 5 5 5 5 5 5 5 5 5 5 5 5 5 5 5 5 5 5 5 5 5 5 5 5 5 5 5 5 5 5 5 5 5 5 5 5 5 5 5 5 5 5 5 5 5 5 5 5 5 5 5 5 5 5 5 5 5 5 5 5 5 5 5 5 5 5 5 5 5 5 5 5 5 5 5 5 5 5 5 5 5 5 5 5 5 5 5 5 5 5 5 5 5 5 5 5 5 5 5 5 5 5 5 5 5 5 5 5 5 5 5 5 5 5 5 5 5 5 5 5 5 5 5 5 5 5 5 5 5 5 5 5 5 5 5 5 5 5 5 5 5 5 5 5 5 5 5 5 5 5 5 5 5 5 5 5 5 5 5 5 5 5 5 5 5 5 5 5 5 5 5 5 5 5 5 5 5 5 5 5 5 5 5 5 5 5 5 5 5 5 5 5 5 5 5 5 5 5 5 5 5 5 5 5 5 5 5 5 5 5 5 5 5 5 5 5 5 5 5 5 5 5 5 5 5 5 5 5 5 5 5 5 5 5 5 5 5 5 5 5 5 5 5 5 5 5 5 5 5 5 5 5 5 5 5 5 5 5 5 5 5 5 5 5 5 5 5 5 5 5 5 5 5 5 5 5 5 5 5 5 5 5 5 5 5 5 5 5 5 5 5 5 5 5 5 5 5 5 5 5 5 5 5 5 5 5 5 5 5 5 5 5 5 5 5 5 5 5 5 5 5 5 5 5 5 5 5 5 5 5 5 5 5 5 5 5 5 5 5 5 5 5 5 5 5 5 5 5 5 5 5 5 5 5 5 5 5 5 5 5 5 5 5 5 5 5 5 5 5 5 5 5 5 5 5 5 5 5 5 5 5 5 5 5 5 5 5 5 5 5 5 5 5 5 5 5 5 5 5 5 5 5 5 5 5 5 5 5 5 5 5 5 5 5 5 5 5 5 5 5 5 5 5 5 5 5 5 5 5 5 5 5 5 5 5 5 5 5 5 5 5 5 5 5 5 5 5 5 5 5 5 5 5 5 5 5 5 5 5 5 5 5 5 5 5 5 5 5 5 5 5 5 5 5 5 5 5 5 5 5 5 5 5 5 5 5 5 5 5 5 5 5 5 5 5 5 5 5 5 5 5 5 5 5 5 5 5 5 5 5 5 5 5 5 5 5 5 5 5 5 5 5 5 5 5 5 5 5 5 5 5 5 5 5 5 5 5 5 5 5 5 5 5 5 5 5 5 5 5 5 5 5 5 5 5 5 5 5 5 5 5 5 5 5 5 5 5 5 5 5 5 5 5 5 5 5 5 5 5 5 5 5 5 5 5 5 5 5 5 5 5 5 5 5 5 5 5 5 5 5 5 5 5 5 5 5 5 5 5 5 5 5 5 5 5 5 5 5 5 5 5 5 5 5 5 5 5 5 5 5 5 5 5 5 5 5 5 5 5 5 5 5 5 5 5 5 5 5 5 5 5 5 5 5 5 5 5 5 5 5 5 5 5 5 5 5 5 5 5 5 5 5 5 5 5 5 5 5 5 5 5 5 5 5 5 5 5 5 5 5 5 5 5 5 5 5 5 5 5 5 5 5 5 5 5 5 5 5 5 5 5 5 5 5 5 5 5 5 5 5 5 5 5 5 5 5 5 5 5 5 5 5 5 5 5 5 5 5 5 5 5 5 5 5 5 5 5 5 5 5 5 5 5 5 5 5 5 5 5 5 5 5 5 5 5 5 5 5 5 5 5 5 5 5 5 5 5 5 5 5 5 5 5 5 5 5 5 5 5 5 5 5 5 5 5 5 5 5 5 5 5 5 5 5 5 5 5 5 5 5 5 5 5 5 5 5 5 5 5 5 5 5 5 5 5 5 5 5 5 5 5 5 5 5 5 5 5 5 5 5 5 5 5 5 5 5 5 5 5 5 5 5 5 5 5 5 5 5 5 5 5 5 5 5 5 5 5 
        </DataArray>
      </Cells>
      <PointData Vectors="value">
        <DataArray type="Float64" Name="value" NumberOfComponents="3" format="ascii">
          0.000400 0.0 0.0
          -0.000002 0.000000 0.0
          0.000197 0.000008 0.0
          0.000030 -0.000087 0.0
          -0.000001 0.000048 0.0
          0.000001 -0.000001 0.0
          -0.000041 -0.000001 0.0
          0.000400 0.0 0.0
          -0.000000 0.000000 0.0
          -0.000049 -0.000199 0.0
          0.000074 0.000062 0.0
          -0.000000 -0.000002 0.0
          -0.000006 -0.000007 0.0
          -0.000118 -0.000027 0.0
          0.000113 0.000020 0.0
          0.0 0.0 0.0
          -0.000037 0.000062 0.0
          0.000312 0.000002 0.0
          -0.000001 0.000019 0.0
          -0.000018 -0.000218 0.0
          -0.000003 0.000016 0.0
          0.000004 0.000063 0.0
          0.000027 0.000052 0.0
          0.0 0.0 0.0
          -0.000001 -0.000016 0.0
          -0.000051 -0.000195 0.0
          0.000000 -0.000000 0.0
          -0.000086 0.000075 0.0
          -0.000009 0.000100 0.0
          0.000024 0.000081 0.0
          -0.000006 0.000002 0.0
          0.0 0.0 0.0
          0.000037 -0.000064 0.0
          0.0 0.0 0.0
          -0.000017 -0.000112 0.0
          -0.000005 0.000003 0.0
          -0.000078 -0.000147 0.0
          -0.000027 0.000002 0.0
          0.000001 0.000038 0.0
          0.000100 0.000038 0.0
          -0.000053 -0.000030 0.0
          -0.000097 -0.000019 0.0
          -0.000010 0.000003 0.0
          0.000007 0.000091 0.0
          0.0 0.0 0.0
          -0.000005 -0.000131 0.0
          -0.000104 -0.000047 0.0
          -0.000001 0.000012 0.0
          0.000200 0.0 0.0
          -0.000071 0.000008 0.0
          -0.000124 -0.000041 0.0
          -0.000077 -0.000131 0.0
          0.000096 0.000049 0.0
          0.000400 0.0 0.0
          0.000232 -0.000017 0.0
          -0.000000 0.000001 0.0
          -0.000003 0.000040 0.0
          0.000000 -0.000000 0.0
          -0.000062 -0.000111 0.0
          0.000134 0.000023 0.0
          0.000400 0.0 0.0
          0.000026 0.000090 0.0
          -0.000030 -0.000003 0.0
          -0.000065 0.000011 0.0
          0.0 0.0 0.0
          0.000005 0.000092 0.0
          0.000002 0.000001 0.0
          -0.000006 0.000000 0.0
          -0.000005 0.000066 0.0
          -0.000056 -0.000003 0.0
          -0.000037 0.000082 0.0
          0.0 0.0 0.0
          0.000066 -0.000113 0.0
          -0.000002 0.000045 0.0
          0.000004 -0.000188 0.0
          -0.000017 -0.000100 0.0
          -0.000011 0.000021 0.0
          -0.000010 -0.000103 0.0
          0.000000 0.000021 0.0
          -0.000036 0.000001 0.0
          0.000400 0.0 0.0
          0.000007 0.000075 0.0
          -0.000038 -0.000054 0.0
          -0.000002 0.000002 0.0
          -0.000000 0.000000 0.0
          0.000124 0.000016 0.0
          -0.000002 0.000000 0.0
          0.0 0.0 0.0
          0.000158 0.000016 0.0
          0.000021 0.000050 0.0
          -0.000042 -0.000101 0.0
          0.0 0.0 0.0
          0.000000 0.000027 0.0
          0.0 0.0 0.0
          -0.000010 -0.000028 0.0
          0.000056 0.000042 0.0
          0.0 0.0 0.0
          -0.000022 -0.000202 0.0
          -0.000009 0.000030 0.0
          0.000009 -0.000026 0.0
          -0.000001 0.000001 0.0
          -0.000036 0.000114 0.0
          -0.000027 -0.000003 0.0
          -0.000007 0.000000 0.0
          0.000318 0.000002 0.0
          -0.000017 0.000092 0.0
          0.000002 0.000042 0.0
          -0.000013 0.000038 0.0
          0.000132 0.000026 0.0
          -0.000000 0.000001 0.0
          0.000100 -0.000005 0.0
          0.000113 0.000025 0.0
          0.000134 0.000005 0.0
          0.000400 0.0 0.0
          0.000332 0.000001 0.0
          0.000168 0.000016 0.0
          -0.000002 -0.000014 0.0
          0.000400 0.0 0.0
          0.000216 0.000009 0.0
          0.000000 0.000000 0.0
          -0.000056 0.000028 0.0
          -0.000065 0.000098 0.0
          -0.000008 -0.000048 0.0
          -0.000027 0.000010 0.0
          -0.000096 0.000003 0.0
          0.000156 0.000013 0.0
          0.000400 0.0 0.0
          0.000271 -0.000000 0.0
          0.000323 0.000001 0.0
          0.000001 0.000023 0.0
          0.0 0.0 0.0
          -0.000029 0.000072 0.0
          0.000350 -0.000000 0.0
          0.000076 0.000029 0.0
          0.000002 0.000078 0.0
          0.000002 0.000069 0.0
          0.000055 0.000026 0.0
          0.000231 0.000005 0.0
          0.000037 0.000071 0.0
          -0.000011 -0.000155 0.0
          0.000003 0.000001 0.0
          0.000400 0.0 0.0
          -0.000002 -0.000001 0.0
          -0.000000 -0.000000 0.0
          -0.000090 -0.000125 0.0
          0.000127 -0.000024 0.0
          0.000063 0.000085 0.0
          0.000122 0.000029 0.0
          -0.000026 -0.000092 0.0
          0.0 0.0 0.0
          -0.000007 -0.000008 0.0
          0.000214 -0.000019 0.0
          0.000165 0.000004 0.0
          -0.000003 -0.000040 0.0
          0.0 0.0 0.0
          -0.000101 -0.000036 0.0
          0.000012 -0.000102 0.0
          -0.000004 -0.000120 0.0
          0.000003 0.000000 0.0
          0.000177 -0.000004 0.0
          -0.000083 -0.000122 0.0
          -0.000013 -0.000002 0.0
          -0.000062 0.000034 0.0
          0.000008 0.000087 0.0
          0.000125 0.000016 0.0
          0.000048 0.000100 0.0
          -0.000016 0.000118 0.0
          -0.000001 -0.000000 0.0
          -0.000071 0.000023 0.0
          -0.000049 -0.000058 0.0
          0.000067 0.000013 0.0
          -0.000044 -0.000218 0.0
          -0.000048 -0.000167 0.0
          -0.000007 0.000020 0.0
          0.000400 0.0 0.0
          -0.000024 -0.000071 0.0
          -0.000111 0.000043 0.0
          0.000101 0.000002 0.0
          0.000000 -0.000001 0.0
          0.0 0.0 0.0
          -0.000000 0.000045 0.0
          0.000002 0.000042 0.0
          0.000082 0.000032 0.0
          0.0 0.0 0.0
          0.0 0.0 0.0
          0.000131 0.000015 0.0
          -0.000005 -0.000003 0.0
          0.0 0.0 0.0
          0.0 0.0 0.0
          -0.000017 0.000005 0.0
          -0.000100 0.000060 0.0
          0.000157 0.000014 0.0
          -0.000026 -0.000226 0.0
          0.000243 0.000001 0.0
          0.000138 -0.000029 0.0
          -0.000000 0.000002 0.0
          -0.000060 0.000087 0.0
          0.000400 0.0 0.0
          -0.000000 0.000003 0.0
          0.000001 0.000021 0.0
          0.000400 0.0 0.0
          -0.000023 0.000094 0.0
          0.000148 0.000017 0.0
          0.000027 0.000109 0.0
          0.000051 -0.000000 0.0
          -0.000020 0.000001 0.0
          0.0 0.0 0.0
          0.0 0.0 0.0
          -0.000018 -0.000250 0.0
          -0.000131 -0.000006 0.0
          -0.000043 -0.000004 0.0
          -0.000090 -0.000099 0.0
          0.000135 0.000016 0.0
          -0.000036 0.000038 0.0
          0.0 0.0 0.0
          0.000015 0.000088 0.0
          0.000158 -0.000002 0.0
          -0.000006 0.000000 0.0
          0.000283 -0.000003 0.0
          0.000143 0.000001 0.0
          0.0 0.0 0.0
          -0.000065 -0.000080 0.0
          0.000005 0.000092 0.0
          0.000089 0.000026 0.0
          0.000000 0.000002 0.0
          -0.000067 0.000049 0.0
          -0.000004 0.000001 0.0
          0.000085 -0.000029 0.0
          -0.000067 -0.000155 0.0
          -0.000010 0.000045 0.0
          -0.000002 0.000002 0.0
          -0.000087 0.000059 0.0
          0.0 0.0 0.0
          -0.000009 -0.000187 0.0
          -0.000019 -0.000001 0.0
          -0.000007 -0.000000 0.0
          -0.000087 0.000022 0.0
          0.000063 0.000075 0.0
          -0.000017 -0.000254 0.0
          0.000006 0.000118 0.0
          0.000307 -0.000004 0.0
          0.0 0.0 0.0
          -0.000058 -0.000012 0.0
          -0.000033 -0.000134 0.0
          -0.000008 -0.000006 0.0
          0.000226 0.000008 0.0
          0.000001 0.000090 0.0
          0.000330 0.000001 0.0
          -0.000003 -0.000082 0.0
          0.000001 0.000002 0.0
          -0.000000 0.000000 0.0
          0.000001 0.000000 0.0
          -0.000032 0.000052 0.0
          0.000090 -0.000035 0.0
          -0.000016 0.000061 0.0
          0.0 0.0 0.0
          -0.000002 0.000049 0.0
          0.0 0.0 0.0
          -0.000041 -0.000196 0.0
          -0.000013 -0.000076 0.0
          -0.000001 0.000001 0.0
          0.0 0.0 0.0
          0.000114 0.000010 0.0
          0.000265 0.000002 0.0
          -0.000055 0.000011 0.0
          -0.000046 -0.000055 0.0
          0.000000 -0.000001 0.0
          0.000163 -0.000042 0.0
          0.000297 0.000001 0.0
          0.000034 0.000112 0.0
          0.000064 0.000046 0.0
          0.000400 0.0 0.0
          -0.000015 0.000123 0.0
          0.000001 0.000002 0.0
          0.000000 0.000000 0.0
          -0.000057 0.000060 0.0
          0.000400 0.0 0.0
          -0.000013 0.000120 0.0
          -0.000000 0.000002 0.0
          -0.000003 0.000047 0.0
          0.000049 0.000018 0.0
          -0.000019 0.000051 0.0
          0.000151 0.000012 0.0
          0.000236 0.000005 0.0
          0.000001 0.000001 0.0
          0.0 0.0 0.0
          -0.000004 0.000060 0.0
          0.000000 0.000026 0.0
          0.000053 0.000027 0.0
          0.0 0.0 0.0
          0.000012 0.000117 0.0
          0.000180 0.000013 0.0
          0.000162 -0.000040 0.0
          -0.000067 0.000050 0.0
          -0.000000 -0.000001 0.0
          -0.000045 0.000064 0.0
          0.0 0.0 0.0
          0.000309 -0.000003 0.0
          -0.000079 -0.000045 0.0
          0.000176 0.000012 0.0
          -0.000004 0.000070 0.0
          -0.000060 -0.000128 0.0
          -0.000032 -0.000034 0.0
          -0.000019 -0.000118 0.0
          -0.000005 -0.000023 0.0
          0.000326 0.000001 0.0
          -0.000001 0.000002 0.0
          -0.000004 0.000000 0.0
          0.000234 0.000008 0.0
          0.0 0.0 0.0
          0.000132 -0.000065 0.0
          -0.000047 0.000104 0.0
          -0.000048 -0.000023 0.0
          -0.000031 0.000094 0.0
          0.000001 0.000021 0.0
          -0.000004 -0.000063 0.0
          -0.000023 -0.000149 0.0
          0.000105 0.000042 0.0
          -0.000071 0.000017 0.0
          0.000051 0.000075 0.0
          0.000001 0.000045 0.0
          0.000328 -0.000001 0.0
          0.0 0.0 0.0
          0.000003 0.000001 0.0
          0.0 0.0 0.0
          -0.000009 0.000007 0.0
          0.000139 -0.000034 0.0
          -0.000003 0.000032 0.0
          -0.000008 -0.000071 0.0
          -0.000007 0.000047 0.0
          0.0 0.0 0.0
          -0.000063 0.000003 0.0
          -0.000026 -0.000035 0.0
          0.000000 0.000026 0.0
          -0.000004 0.000028 0.0
          -0.000015 -0.000228 0.0
          0.000002 0.000039 0.0
          -0.000032 0.000077 0.0
          -0.000075 -0.000018 0.0
          0.000400 0.0 0.0
          -0.000004 -0.000084 0.0
          -0.000085 0.000013 0.0
          0.000093 0.000027 0.0
          -0.000005 0.000043 0.0
          -0.000001 0.000001 0.0
          -0.000053 0.000017 0.0
          -0.000009 -0.000000 0.0
          -0.000111 -0.000020 0.0
          0.000400 0.0 0.0
          0.000349 0.000000 0.0
          -0.000097 -0.000106 0.0
          -0.000004 0.000002 0.0
          -0.000003 0.000032 0.0
          -0.000050 -0.000050 0.0
          -0.000020 0.000020 0.0
          -0.000007 0.000054 0.0
          0.000075 0.000049 0.0
          0.000297 -0.000005 0.0
          0.000400 0.0 0.0
          -0.000075 -0.000012 0.0
          -0.000015 -0.000197 0.0
          -0.000010 0.000000 0.0
          0.000004 0.000052 0.0
          0.0 0.0 0.0
          0.000029 -0.000003 0.0
          -0.000015 0.000001 0.0
          -0.000011 -0.000096 0.0
          -0.000036 -0.000181 0.0
          -0.000025 -0.000024 0.0
          -0.000034 -0.000192 0.0
          -0.000008 -0.000174 0.0
          0.0 0.0 0.0
          -0.000002 0.000000 0.0
          -0.000019 -0.000228 0.0
          0.000072 0.000073 0.0
          0.000056 -0.000014 0.0
          -0.000124 -0.000003 0.0
          -0.000052 -0.000177 0.0
          0.000000 0.000002 0.0
          -0.000077 -0.000077 0.0
          0.0 0.0 0.0
          -0.000002 0.000000 0.0
          -0.000034 0.000004 0.0
          0.000059 0.000068 0.0
          -0.000005 -0.000114 0.0
          -0.000006 0.000008 0.0
          -0.000007 -0.000065 0.0
          0.000245 -0.000010 0.0
          0.0 0.0 0.0
          0.000087 0.000021 0.0
          -0.000003 -0.000075 0.0
          -0.000099 0.000007 0.0
          -0.000004 0.000007 0.0
          0.000124 -0.000004 0.0
          -0.000034 0.000009 0.0
          0.000001 0.000053 0.0
          0.0 0.0 0.0
          0.0 0.0 0.0
          0.000136 0.000013 0.0
          0.0 0.0 0.0
          -0.000066 -0.000105 0.0
          0.000001 0.000001 0.0
          0.000039 0.000088 0.0
          -0.000098 -0.000031 0.0
          0.000002 0.000051 0.0
          -0.000011 0.000005 0.0
          -0.000096 -0.000141 0.0
          0.000119 -0.000001 0.0
          0.000088 0.000038 0.0
          -0.000021 -0.000010 0.0
          -0.000014 -0.000190 0.0
          -0.000008 -0.000009 0.0
          -0.000023 -0.000241 0.0
          -0.000002 0.000002 0.0
          0.000014 -0.000041 0.0
          -0.000026 0.000084 0.0
          -0.000033 -0.000228 0.0
          0.0 0.0 0.0
          -0.000022 0.000040 0.0
          0.000127 0.000027 0.0
          -0.000008 0.000104 0.0
          -0.000047 0.000104 0.0
          -0.000033 -0.000154 0.0
          0.000004 0.000072 0.0
          0.000000 -0.000000 0.0
          -0.000004 -0.000061 0.0
          -0.000004 -0.000004 0.0
          -0.000021 -0.000162 0.0
          0.000030 -0.000105 0.0
          -0.000010 0.000076 0.0
          -0.000080 0.000004 0.0
          0.000001 0.000000 0.0
          0.000000 0.000002 0.0
          0.0 0.0 0.0
          0.000400 0.0 0.0
          0.000055 0.000033 0.0
          -0.000068 0.000029 0.0
          -0.000003 0.000125 0.0
          0.000023 0.000014 0.0
          -0.000012 -0.000009 0.0
          -0.000027 -0.000000 0.0
          0.0 0.0 0.0
          0.000400 0.0 0.0
          0.000000 -0.000000 0.0
          0.0 0.0 0.0
          -0.000018 0.000067 0.0
          0.000094 0.000048 0.0
          0.000001 0.000001 0.0
          0.000332 -0.000001 0.0
          0.000024 0.000120 0.0
          -0.000017 0.000055 0.0
          0.000251 -0.000011 0.0
          0.0 0.0 0.0
          0.000000 0.000001 0.0
          0.000400 0.0 0.0
          0.000400 0.0 0.0
          -0.000019 -0.000040 0.0
          0.000161 0.000018 0.0
          -0.000029 -0.000053 0.0
          -0.000085 0.000033 0.0
          -0.000001 0.000003 0.0
          0.0 0.0 0.0
          -0.000052 -0.000037 0.0
          -0.000003 0.000024 0.0
          -0.000052 0.000044 0.0
          0.0 0.0 0.0
          0.000081 -0.000007 0.0
          0.000400 0.0 0.0
          -0.000003 -0.000065 0.0
          0.000313 -0.000003 0.0
          0.000203 -0.000005 0.0
          -0.000046 0.000007 0.0
          -0.000009 0.000068 0.0
          0.000000 0.000001 0.0
          -0.000000 0.000000 0.0
          -0.000100 -0.000126 0.0
          0.000001 0.000071 0.0
          -0.000003 -0.000001 0.0
          -0.000000 0.000027 0.0
          -0.000003 0.000033 0.0
          -0.000001 0.000067 0.0
          -0.000018 -0.000002 0.0
          0.000001 0.000003 0.0
          -0.000011 -0.000235 0.0
          0.000013 0.000101 0.0
          0.000116 0.000004 0.0
          -0.000005 0.000109 0.0
          -0.000004 0.000094 0.0
          0.000003 0.000073 0.0
          -0.000128 -0.000024 0.0
          0.000048 0.000097 0.0
          -0.000040 -0.000072 0.0
          0.000009 0.000055 0.0
          0.000011 -0.000130 0.0
          -0.000005 -0.000028 0.0
          -0.000059 0.000016 0.0
          0.000018 -0.000054 0.0
          0.000000 0.000033 0.0
          -0.000003 -0.000001 0.0
          -0.000007 -0.000058 0.0
          -0.000079 0.000043 0.0
          -0.000012 -0.000134 0.0
          -0.000009 0.000123 0.0
          -0.000001 0.000087 0.0
          -0.000016 -0.000220 0.0
          -0.000025 0.000005 0.0
          0.000002 -0.000000 0.0
          -0.000104 0.000019 0.0
          0.000001 0.000068 0.0
          -0.000072 -0.000172 0.0
          -0.000002 -0.000044 0.0
          0.000105 -0.000012 0.0
          0.000400 0.0 0.0
          0.000050 0.000052 0.0
          -0.000032 0.000067 0.0
          -0.000001 0.000072 0.0
          -0.000069 -0.000000 0.0
          0.000201 -0.000027 0.0
          -0.000000 -0.000000 0.0
          -0.000013 -0.000178 0.0
          0.0 0.0 0.0
          -0.000041 0.000007 0.0
          -0.000024 -0.000251 0.0
          -0.000010 -0.000212 0.0
          0.000000 0.000002 0.0
          -0.000059 0.000076 0.0
          0.000005 0.000062 0.0
          0.000102 0.000036 0.0
          -0.000002 0.000005 0.0
          -0.000011 -0.000006 0.0
          -0.000005 -0.000039 0.0
          -0.000005 -0.000125 0.0
          -0.000080 0.000082 0.0
          0.000046 -0.000114 0.0
          -0.000028 -0.000007 0.0
          0.000215 0.000003 0.0
          0.000300 0.000003 0.0
          0.000123 0.000028 0.0
          -0.000001 0.000000 0.0
          0.000000 0.000000 0.0
          -0.000075 0.000068 0.0
          -0.000008 0.000001 0.0
          -0.000008 0.000036 0.0
          0.0 0.0 0.0
          -0.000057 -0.000197 0.0
          0.0 0.0 0.0
          -0.000000 0.000002 0.0
          -0.000003 0.000037 0.0
          -0.000011 -0.000153 0.0
          -0.000017 0.000011 0.0
          0.000014 0.000032 0.0
          0.000400 0.0 0.0
          0.000001 -0.000138 0.0
          0.000123 0.000026 0.0
          0.000343 -0.000001 0.0
          -0.000022 0.000121 0.0
          0.000001 0.000027 0.0
          0.0 0.0 0.0
          0.000185 0.000008 0.0
          -0.000012 -0.000012 0.0
          -0.000002 0.000004 0.0
          0.000273 -0.000003 0.0
          0.000002 0.000000 0.0
          -0.000001 0.000014 0.0
          0.000000 0.000000 0.0
          0.000129 0.000008 0.0
          -0.000023 -0.000224 0.0
          0.000002 0.000102 0.0
          0.000072 0.000049 0.0
          0.0 0.0 0.0
          0.000001 -0.000000 0.0
          -0.000000 0.000000 0.0
          0.000336 0.000000 0.0
          -0.000041 -0.000127 0.0
          0.0 0.0 0.0
          -0.000022 0.000000 0.0
          0.000002 -0.000165 0.0
          -0.000001 -0.000004 0.0
          -0.000007 0.000026 0.0
          0.000001 -0.000209 0.0
          0.000315 0.000002 0.0
          -0.000015 0.000048 0.0
          -0.000002 0.000083 0.0
          0.000060 -0.000123 0.0
          -0.000012 0.000056 0.0
          -0.000003 -0.000014 0.0
          -0.000051 -0.000100 0.0
          0.000001 0.000024 0.0
          -0.000110 -0.000093 0.0
          0.000010 0.000087 0.0
          -0.000023 0.000009 0.0
          -0.000004 -0.000003 0.0
          -0.000073 -0.000032 0.0
          0.000018 -0.000080 0.0
          0.000245 0.000006 0.0
          0.000400 0.0 0.0
          -0.000003 -0.000030 0.0
          -0.000035 -0.000221 0.0
          -0.000018 -0.000020 0.0
          0.0 0.0 0.0
          0.000011 0.000125 0.0
          0.0 0.0 0.0
          -0.000009 -0.000000 0.0
          -0.000001 -0.000012 0.0
          -0.000009 0.000002 0.0
          0.000002 -0.000001 0.0
          -0.000001 0.000052 0.0
          -0.000060 -0.000139 0.0
          0.000098 -0.000044 0.0
          -0.000132 -0.000045 0.0
          -0.000091 -0.000148 0.0
          0.000400 0.0 0.0
          -0.000010 -0.000184 0.0
          0.000000 0.000018 0.0
          0.000147 -0.000040 0.0
          0.0 0.0 0.0
          -0.000017 -0.000010 0.0
          -0.000015 0.000013 0.0
          -0.000015 -0.000207 0.0
          0.0 0.0 0.0
          -0.000050 0.000109 0.0
          -0.000074 -0.000054 0.0
          -0.000037 0.000073 0.0
          -0.000002 -0.000001 0.0
          0.0 0.0 0.0
          -0.000015 0.000001 0.0
          -0.000060 -0.000015 0.0
          -0.000009 -0.000000 0.0
          0.000400 0.0 0.0
          -0.000126 0.000013 0.0
          -0.000038 0.000014 0.0
          -0.000074 -0.000063 0.0
          0.0 0.0 0.0
          0.0 0.0 0.0
          0.000225 -0.000019 0.0
          -0.000015 0.000110 0.0
          0.000001 0.000003 0.0
          0.000003 -0.000000 0.0
          0.0 0.0 0.0
          0.000090 0.000048 0.0
          0.000316 -0.000002 0.0
          -0.000118 -0.000102 0.0
          -0.000001 0.000001 0.0
          0.000164 -0.000019 0.0
          -0.000110 -0.000057 0.0
          0.0 0.0 0.0
          0.000026 0.000065 0.0
          0.000031 -0.000020 0.0
          -0.000002 -0.000005 0.0
          -0.000002 0.000025 0.0
          -0.000018 -0.000003 0.0
          -0.000090 0.000046 0.0
          -0.000041 0.000034 0.0
          -0.000034 0.000064 0.0
          0.000000 0.000003 0.0
          0.000118 0.000030 0.0
          -0.000017 -0.000005 0.0
          0.000001 0.000003 0.0
          -0.000009 -0.000001 0.0
          0.0 0.0 0.0
          -0.000031 0.000118 0.0
          0.000060 -0.000062 0.0
          -0.000014 0.000057 0.0
          0.000263 -0.000005 0.0
          -0.000018 -0.000001 0.0
          0.000055 0.000030 0.0
          0.0 0.0 0.0
          0.000050 -0.000129 0.0
          0.000000 0.000001 0.0
          -0.000005 0.000001 0.0
          0.000003 0.000113 0.0
          0.000086 0.000049 0.0
          -0.000003 0.000001 0.0
          0.000016 -0.000183 0.0
          0.000035 0.000111 0.0
          -0.000028 -0.000001 0.0
          0.0 0.0 0.0
          0.0 0.0 0.0
          0.000062 0.000062 0.0
          0.000002 0.000047 0.0
          -0.000019 0.000003 0.0
          0.0 0.0 0.0
          -0.000108 -0.000121 0.0
          -0.000052 0.000070 0.0
          -0.000034 0.000093 0.0
          0.000400 0.0 0.0
          0.0 0.0 0.0
          0.0 0.0 0.0
          -0.000014 0.000003 0.0
          -0.000005 0.000014 0.0
          0.0 0.0 0.0
          0.000021 0.000070 0.0
          -0.000001 0.000011 0.0
          -0.000006 0.000000 0.0
          -0.000001 0.000004 0.0
          -0.000070 -0.000061 0.0
          -0.000026 0.000108 0.0
          -0.000066 -0.000176 0.0
          -0.000001 -0.000005 0.0
          0.000092 0.000054 0.0
          0.000193 0.000012 0.0
          0.000294 -0.000001 0.0
          -0.000116 0.000010 0.0
          0.000045 0.000087 0.0
          -0.000126 -0.000017 0.0
          -0.000029 -0.000049 0.0
          0.000002 0.000002 0.0
          -0.000124 -0.000060 0.0
          -0.000046 0.000011 0.0
          0.000000 0.000011 0.0
          0.000088 0.000034 0.0
          -0.000003 0.000018 0.0
          0.000003 0.000059 0.0
          0.0 0.0 0.0
          -0.000001 0.000044 0.0
          -0.000054 -0.000036 0.0
          0.000000 -0.000000 0.0
          -0.000078 0.000088 0.0
          -0.000027 -0.000062 0.0
          0.000001 0.000026 0.0
          -0.000003 0.000002 0.0
          -0.000039 0.000018 0.0
          -0.000008 0.000046 0.0
          -0.000027 0.000016 0.0
          0.0 0.0 0.0
          -0.000009 -0.000013 0.0
          0.000003 0.000000 0.0
          0.000015 -0.000176 0.0
          -0.000060 -0.000169 0.0
          0.0 0.0 0.0
          -0.000003 0.000022 0.0
          -0.000040 -0.000013 0.0
          0.000087 -0.000089 0.0
          -0.000002 0.000070 0.0
          -0.000002 0.000007 0.0
          -0.000029 -0.000005 0.0
          -0.000003 -0.000073 0.0
          0.000002 0.000001 0.0
          -0.000009 -0.000000 0.0
          0.000312 0.000002 0.0
          0.0 0.0 0.0
          -0.000004 0.000004 0.0
          -0.000035 0.000025 0.0
          0.000002 -0.000001 0.0
          -0.000129 -0.000068 0.0
          0.000400 0.0 0.0
          -0.000008 0.000008 0.0
          -0.000019 -0.000000 0.0
          0.000040 -0.000052 0.0
          0.000003 0.000000 0.0
          -0.000048 -0.000209 0.0
          -0.000095 -0.000074 0.0
          -0.000067 -0.000088 0.0
          0.000012 0.000065 0.0
          0.000400 0.0 0.0
          0.000135 0.000017 0.0
          -0.000057 0.000006 0.0
          0.0 0.0 0.0
          0.0 0.0 0.0
          -0.000025 0.000029 0.0
          0.0 0.0 0.0
          -0.000025 -0.000239 0.0
          0.000230 0.000004 0.0
          0.0 0.0 0.0
          -0.000072 -0.000024 0.0
          0.000134 -0.000007 0.0
          -0.000023 -0.000172 0.0
          0.000400 0.0 0.0
          -0.000028 0.000004 0.0
          0.000148 -0.000010 0.0
          -0.000119 -0.000079 0.0
          -0.000001 0.000038 0.0
          -0.000047 -0.000040 0.0
          -0.000005 -0.000001 0.0
          -0.000040 -0.000222 0.0
          -0.000010 0.000000 0.0
          0.000032 0.000104 0.0
          -0.000016 -0.000011 0.0
          0.000306 0.000002 0.0
          -0.000001 0.000022 0.0
          -0.000008 0.000083 0.0
          -0.000005 -0.000009 0.0
          -0.000117 0.000026 0.0
          -0.000039 0.000091 0.0
          -0.000076 -0.000037 0.0
          0.0 0.0 0.0
          -0.000124 -0.000085 0.0
          -0.000058 -0.000007 0.0
          -0.000093 -0.000010 0.0
          0.000004 0.000120 0.0
          -0.000001 0.000024 0.0
          0.000016 0.000042 0.0
          -0.000012 0.000014 0.0
          0.000002 0.000000 0.0
          -0.000006 0.000059 0.0
          0.000161 0.000017 0.0
          -0.000021 -0.000105 0.0
          -0.000028 -0.000211 0.0
          0.000094 0.000007 0.0
          0.000110 -0.000016 0.0
          -0.000017 -0.000000 0.0
          0.000008 0.000083 0.0
          -0.000020 0.000001 0.0
          0.0 0.0 0.0
          0.0 0.0 0.0
          -0.000002 -0.000002 0.0
          0.000212 0.000010 0.0
          0.000400 0.0 0.0
          -0.000001 0.000000 0.0
          -0.000001 -0.000016 0.0
          -0.000083 -0.000153 0.0
          0.0 0.0 0.0
          -0.000002 0.000001 0.0
          0.0 0.0 0.0
          -0.000043 -0.000116 0.0
          -0.000021 -0.000015 0.0
          -0.000010 -0.000011 0.0
          0.0 0.0 0.0
          0.000093 -0.000076 0.0
          -0.000037 -0.000160 0.0
          0.0 0.0 0.0
          0.000001 0.000021 0.0
          0.000041 -0.000135 0.0
          0.000349 0.000000 0.0
          -0.000000 0.000001 0.0
          0.0 0.0 0.0
          -0.000033 0.000002 0.0
          -0.000014 -0.000005 0.0
          -0.000118 -0.000000 0.0
          -0.000033 -0.000022 0.0
          0.000206 0.000009 0.0
          0.0 0.0 0.0
          -0.000006 -0.000006 0.0
          0.0 0.0 0.0
          0.000325 -0.000001 0.0
          0.000119 -0.000020 0.0
          0.000011 0.000105 0.0
          0.000277 0.000003 0.0
          -0.000030 0.000001 0.0
          0.000282 0.000001 0.0
          -0.000017 -0.000021 0.0
          0.000000 0.000025 0.0
          0.000400 0.0 0.0
          -0.000029 0.000064 0.0
          0.000186 -0.000018 0.0
          -0.000005 0.000000 0.0
          0.000203 0.000006 0.0
          -0.000004 -0.000117 0.0
          0.000002 0.000001 0.0
          0.000400 0.0 0.0
          -0.000003 -0.000060 0.0
          -0.000020 -0.000031 0.0
          0.0 0.0 0.0
          -0.000011 -0.000121 0.0
          -0.000008 0.000069 0.0
          0.000016 0.000122 0.0
          0.000077 0.000063 0.0
          -0.000057 -0.000016 0.0
          0.000016 0.000114 0.0
          0.0 0.0 0.0
          -0.000033 0.000104 0.0
          0.0 0.0 0.0
          0.000000 0.000000 0.0
          0.000143 0.000021 0.0
          0.000002 0.000000 0.0
          0.000039 0.000101 0.0
          -0.000045 0.000003 0.0
          -0.000013 -0.000018 0.0
          -0.000012 0.000098 0.0
          0.000169 0.000009 0.0
          0.0 0.0 0.0
          -0.000034 -0.000086 0.0
          -0.000049 0.000033 0.0
          -0.000020 -0.000200 0.0
          -0.000049 -0.000142 0.0
          -0.000001 0.000050 0.0
          -0.000081 0.000026 0.0
          -0.000007 -0.000155 0.0
          0.0 0.0 0.0
          -0.000002 -0.000001 0.0
          0.0 0.0 0.0
          0.000003 0.000001 0.0
          -0.000035 -0.000198 0.0
          -0.000022 -0.000089 0.0
          -0.000005 0.000057 0.0
          -0.000003 0.000019 0.0
          0.000000 -0.000000 0.0
          0.000200 0.0 0.0
          -0.000018 0.000056 0.0
          -0.000118 -0.000082 0.0
          0.000400 0.0 0.0
          0.0 0.0 0.0
          0.000086 0.000016 0.0
          0.0 0.0 0.0
          0.000001 0.000050 0.0
          0.000308 0.000002 0.0
          0.000003 0.000000 0.0
          0.000016 0.000072 0.0
          -0.000007 0.000037 0.0
          -0.000012 0.000002 0.0
          -0.000033 0.000006 0.0
          0.0 0.0 0.0
          0.000150 0.000008 0.0
          0.0 0.0 0.0
          0.0 0.0 0.0
          0.000000 0.000001 0.0
          -0.000021 0.000070 0.0
          0.000299 0.000001 0.0
          0.000000 0.000002 0.0
          -0.000009 0.000000 0.0
          -0.000005 -0.000005 0.0
          -0.000029 -0.000112 0.0
          0.0 0.0 0.0
          -0.000041 -0.000006 0.0
          -0.000132 -0.000028 0.0
          0.0 0.0 0.0
          -0.000006 0.000003 0.0
          -0.000000 0.000027 0.0
          -0.000123 -0.000043 0.0
          -0.000000 0.000000 0.0
          -0.000033 -0.000033 0.0
          0.000204 0.000010 0.0
          -0.000052 -0.000078 0.0
          0.000400 0.0 0.0
          -0.000108 -0.000003 0.0
          0.000229 -0.000006 0.0
          -0.000018 0.000007 0.0
          -0.000005 0.000010 0.0
          -0.000012 -0.000036 0.0
          -0.000022 0.000003 0.0
          -0.000007 -0.000001 0.0
          -0.000012 -0.000052 0.0
          -0.000002 0.000039 0.0
          -0.000000 -0.000003 0.0
          0.000254 0.000004 0.0
          0.000084 -0.000019 0.0
          0.000117 0.000033 0.0
          -0.000002 -0.000004 0.0
          -0.000013 -0.000031 0.0
          -0.000001 0.000001 0.0
          -0.000006 0.000003 0.0
          -0.000086 -0.000016 0.0
          0.000256 0.000004 0.0
          -0.000038 -0.000014 0.0
          -0.000024 0.000113 0.0
          -0.000097 0.000046 0.0
          0.000002 -0.000000 0.0
          0.0 0.0 0.0
          -0.000001 0.000003 0.0
          -0.000019 0.000030 0.0
          0.000002 -0.000000 0.0
          -0.000028 0.000013 0.0
          -0.000073 0.000069 0.0
          0.000038 0.000071 0.0
          -0.000000 -0.000001 0.0
          -0.000007 -0.000033 0.0
          0.000105 0.000041 0.0
          0.000223 0.000008 0.0
          -0.000005 -0.000006 0.0
          0.000008 0.000078 0.0
          0.000237 -0.000016 0.0
          0.0 0.0 0.0
          -0.000020 0.000103 0.0
          0.000077 0.000070 0.0
          -0.000003 -0.000002 0.0
          -0.000006 0.000027 0.0
          -0.000006 0.000073 0.0
          -0.000001 0.000001 0.0
          -0.000008 0.000042 0.0
          0.0 0.0 0.0
          -0.000001 0.000000 0.0
          0.000013 0.000095 0.0
          -0.000017 0.000074 0.0
          -0.000004 -0.000011 0.0
          0.000064 -0.000031 0.0
          -0.000012 -0.000146 0.0
          -0.000003 0.000013 0.0
          -0.000000 -0.000000 0.0
          0.000060 -0.000041 0.0
          -0.000000 0.000001 0.0
          0.000000 0.000003 0.0
          0.0 0.0 0.0
          -0.000001 0.000020 0.0
          -0.000002 0.000106 0.0
          0.000060 -0.000023 0.0
          -0.000109 0.000041 0.0
          0.0 0.0 0.0
          -0.000032 0.000029 0.0
          0.000400 0.0 0.0
          0.0 0.0 0.0
          0.000000 0.000003 0.0
          0.0 0.0 0.0
          -0.000012 0.000001 0.0
          -0.000095 0.000062 0.0
          -0.000015 0.000090 0.0
          -0.000002 0.000009 0.0
          0.000273 0.000003 0.0
          -0.000073 -0.000006 0.0
          0.000001 -0.000000 0.0
          0.000400 0.0 0.0
          -0.000110 -0.000104 0.0
          -0.000001 -0.000001 0.0
          -0.000001 0.000022 0.0
          -0.000016 -0.000052 0.0
          0.000019 -0.000066 0.0
          0.0 0.0 0.0
          0.0 0.0 0.0
          -0.000038 0.000022 0.0
          -0.000036 -0.000015 0.0
          0.000127 0.000022 0.0
          -0.000031 -0.000035 0.0
          0.000127 0.000022 0.0
          -0.000022 -0.000227 0.0
          -0.000017 0.000082 0.0
          -0.000023 0.000051 0.0
          0.000096 0.000027 0.0
          -0.000052 0.000000 0.0
          0.000058 0.000036 0.0
          0.000018 0.000099 0.0
          -0.000063 0.000098 0.0
          0.000123 0.000017 0.0
          0.000003 0.000125 0.0
          -0.000019 0.000058 0.0
          -0.000004 -0.000014 0.0
          0.0 0.0 0.0
          0.0 0.0 0.0
          -0.000032 -0.000018 0.0
          0.000061 0.000084 0.0
          0.000187 0.000008 0.0
          0.000096 -0.000060 0.0
          -0.000001 0.000001 0.0
          -0.000012 -0.000201 0.0
          0.0 0.0 0.0
          0.0 0.0 0.0
          0.0 0.0 0.0
          -0.000008 0.000014 0.0
          0.000167 -0.000013 0.0
          -0.000000 0.000027 0.0
          0.000000 -0.000000 0.0
          0.000400 0.0 0.0
          -0.000000 0.000002 0.0
          -0.000001 0.000006 0.0
          0.000400 0.0 0.0
          -0.000102 -0.000062 0.0
          0.000400 0.0 0.0
          -0.000049 0.000007 0.0
          -0.000100 -0.000078 0.0
          0.000286 0.000002 0.0
          -0.000011 0.000006 0.0
          0.000001 0.000050 0.0
          0.000105 0.000039 0.0
          -0.000001 0.000007 0.0
          0.000005 0.000074 0.0
          0.000049 0.000059 0.0
          0.000303 -0.000005 0.0
          -0.000003 -0.000000 0.0
          -0.000032 -0.000238 0.0
          0.000266 0.000005 0.0
          0.000101 -0.000009 0.0
          -0.000011 0.000068 0.0
          0.000003 0.000091 0.0
          -0.000007 0.000039 0.0
          -0.000001 0.000017 0.0
          0.0 0.0 0.0
          0.000400 0.0 0.0
          -0.000105 0.000023 0.0
          -0.000088 -0.000002 0.0
          0.000211 -0.000001 0.0
          -0.000001 -0.000010 0.0
          -0.000023 -0.000191 0.0
          0.000241 -0.000002 0.0
          0.000161 0.000017 0.0
          0.000061 -0.000048 0.0
          -0.000002 -0.000031 0.0
          0.0 0.0 0.0
          -0.000022 -0.000059 0.0
          0.000084 -0.000024 0.0
          -0.000044 -0.000078 0.0
          0.0 0.0 0.0
          0.000144 0.000018 0.0
          -0.000040 0.000092 0.0
          0.000105 0.000017 0.0
          0.000295 0.000003 0.0
          0.0 0.0 0.0
          -0.000001 0.000009 0.0
          -0.000001 0.000018 0.0
          -0.000016 -0.000250 0.0
          -0.000049 0.000026 0.0
          -0.000055 0.000091 0.0
          0.000004 0.000067 0.0
          -0.000008 0.000001 0.0
          0.000023 0.000117 0.0
          -0.000017 -0.000248 0.0
          0.000093 0.000037 0.0
          0.0 0.0 0.0
          -0.000006 -0.000015 0.0
          0.000035 0.000054 0.0
          -0.000003 -0.000001 0.0
          -0.000042 -0.000010 0.0
          -0.000043 0.000050 0.0
          -0.000016 0.000021 0.0
          -0.000019 -0.000004 0.0
          -0.000005 -0.000006 0.0
          0.0 0.0 0.0
          0.000320 -0.000000 0.0
          0.000194 -0.000021 0.0
          -0.000012 -0.000063 0.0
          0.000400 0.0 0.0
          0.000019 0.000108 0.0
          0.000400 0.0 0.0
          -0.000030 0.000058 0.0
          -0.000013 0.000062 0.0
          -0.000021 0.000004 0.0
          0.0 0.0 0.0
          -0.000064 -0.000190 0.0
          -0.000113 -0.000014 0.0
          0.000000 0.000050 0.0
          0.0 0.0 0.0
          0.000010 0.000123 0.0
          -0.000028 0.000072 0.0
          0.000322 0.000001 0.0
          -0.000018 0.000009 0.0
          -0.000091 -0.000055 0.0
          -0.000023 0.000062 0.0
          0.0 0.0 0.0
          -0.000055 -0.000021 0.0
          -0.000071 0.000006 0.0
          -0.000071 0.000085 0.0
          -0.000009 0.000000 0.0
          0.000001 0.000000 0.0
          -0.000003 0.000001 0.0
          0.000072 0.000002 0.0
          -0.000000 0.000019 0.0
          -0.000020 -0.000169 0.0
          -0.000006 -0.000035 0.0
          0.000190 0.000005 0.0
          0.0 0.0 0.0
          -0.000024 0.000019 0.0
          0.000138 -0.000057 0.0
          0.000001 0.000002 0.0
          0.000185 0.000001 0.0
          -0.000119 0.000034 0.0
          0.0 0.0 0.0
          -0.000001 0.000002 0.0
          -0.000014 0.000002 0.0
          0.0 0.0 0.0
          -0.000025 -0.000009 0.0
          -0.000094 0.000072 0.0
          0.000082 -0.000015 0.0
          -0.000020 -0.000070 0.0
          0.0 0.0 0.0
          -0.000001 -0.000007 0.0
          0.000051 0.000088 0.0
          -0.000033 -0.000211 0.0
          0.000021 -0.000138 0.0
          -0.000003 0.000040 0.0
          0.000007 -0.000007 0.0
          -0.000029 0.000040 0.0
          0.000263 0.000004 0.0
          -0.000004 -0.000104 0.0
          -0.000081 -0.000166 0.0
          -0.000000 0.000001 0.0
          -0.000004 -0.000098 0.0
          0.000005 0.000105 0.0
          0.000014 0.000108 0.0
          -0.000009 -0.000002 0.0
          -0.000016 -0.000014 0.0
          0.0 0.0 0.0
          -0.000045 0.000079 0.0
          -0.000002 -0.000218 0.0
          0.000400 0.0 0.0
          -0.000021 0.000002 0.0
          0.000345 0.000000 0.0
          0.0 0.0 0.0
          0.000400 0.0 0.0
          0.0 0.0 0.0
          0.000400 0.0 0.0
          0.0 0.0 0.0
          0.000008 0.000083 0.0
          0.000400 0.0 0.0
          -0.000023 -0.000140 0.0
          -0.000025 0.000007 0.0
          -0.000001 -0.000002 0.0
          -0.000103 0.000032 0.0
          -0.000030 -0.000025 0.0
          0.0 0.0 0.0
          -0.000047 -0.000155 0.0
          -0.000005 0.000088 0.0
          0.0 0.0 0.0
          -0.000003 0.000000 0.0
          -0.000000 0.000002 0.0
          0.0 0.0 0.0
          -0.000030 0.000028 0.0
          0.0 0.0 0.0
          0.000037 -0.000033 0.0
          -0.000014 -0.000241 0.0
          -0.000108 0.000054 0.0
          -0.000032 -0.000133 0.0
          -0.000015 -0.000014 0.0
          -0.000013 0.000029 0.0
          -0.000006 0.000000 0.0
          -0.000009 0.000045 0.0
          0.000048 0.000027 0.0
          -0.000075 -0.000101 0.0
          0.000008 0.000107 0.0
          -0.000019 -0.000140 0.0
          0.000086 0.000059 0.0
          -0.000029 -0.000243 0.0
          0.000038 0.000033 0.0
          -0.000052 0.000022 0.0
          0.000245 -0.000008 0.0
          0.000028 0.000097 0.0
          0.000002 0.000048 0.0
          0.000063 0.000080 0.0
          0.000272 -0.000009 0.0
          -0.000000 -0.000003 0.0
          -0.000000 0.000003 0.0
          -0.000013 0.000000 0.0
          -0.000042 0.000050 0.0
          -0.000008 0.000115 0.0
          0.000204 -0.000011 0.0
          0.0 0.0 0.0
          -0.000122 0.000019 0.0
          0.000239 0.000005 0.0
          0.0 0.0 0.0
          0.0 0.0 0.0
          0.0 0.0 0.0
          -0.000005 0.000004 0.0
          -0.000000 0.000025 0.0
          -0.000000 0.000020 0.0
          0.000020 0.000117 0.0
          0.000400 0.0 0.0
          0.0 0.0 0.0
          -0.000002 -0.000028 0.0
          -0.000021 -0.000254 0.0
          0.0 0.0 0.0
          0.000040 -0.000043 0.0
          -0.000001 -0.000098 0.0
          0.0 0.0 0.0
          0.000002 0.000041 0.0
          -0.000001 0.000002 0.0
          -0.000001 0.000119 0.0
          0.0 0.0 0.0
          0.000338 -0.000000 0.0
          -0.000006 -0.000002 0.0
          0.0 0.0 0.0
          -0.000041 0.000004 0.0
          0.000058 -0.000080 0.0
          0.000246 0.000004 0.0
          -0.000021 0.000064 0.0
          -0.000013 -0.000024 0.0
          0.0 0.0 0.0
          0.0 0.0 0.0
        </DataArray>
      </PointData>
    </Piece>
  </UnstructuredGrid>
</VTKFile>
