$MeshFormat
4.1 0 8
$EndMeshFormat
$PhysicalNames
9
1 1 "Bnd 0"
1 2 "Bnd 1"
1 3 "Bnd 2"
1 4 "Bnd 3"
1 5 "Itf 4"
1 6 "Itf 5"
2 1 "Dom 0"
2 2 "Dom 1"
2 3 "Dom 2"
$EndPhysicalNames
$Entities
16 18 3 0
1 0 0 0 0 
2 1.5 0 0 0 
3 1.5 0.5 0 0 
4 2 0.5 0 0 
5 2 0 0 0 
6 3.5 0 0 0 
7 3.5 0.5 0 0 
8 2.5 0.5 0 0 
9 2.5 1 0 0 
10 1 1 0 0 
11 1 0.5 0 0 
12 0 0.5 0 0 
13 3.5 -0.5 0 0 
14 0 -0.5 0 0 
15 3.5 1.5 0 0 
16 0 1.5 0 0 
1 -9.999999994736442e-08 -1e-07 -1e-07 1.5000001 1e-07 1e-07 1 5 2 1 -2 
2 1.4999999 -9.999999997511999e-08 -1e-07 1.5000001 0.5000000999999999 1e-07 1 5 2 2 -3 
3 1.4999999 0.4999999 -1e-07 2.0000001 0.5000000999999999 1e-07 1 5 2 3 -4 
4 1.9999999 -9.999999997511999e-08 -1e-07 2.0000001 0.5000000999999999 1e-07 1 5 2 4 -5 
5 1.9999999 -1e-07 -1e-07 3.5000001 1e-07 1e-07 1 5 2 5 -6 
6 3.4999999 -9.999999997511999e-08 -1e-07 3.5000001 0.5000000999999999 1e-07 1 2 2 6 -7 
7 2.4999999 0.4999999 -1e-07 3.5000001 0.5000000999999999 1e-07 1 6 2 7 -8 
8 2.4999999 0.4999999 -1e-07 2.5000001 1.0000001 1e-07 1 6 2 8 -9 
9 0.9999999000000001 0.9999999000000001 -1e-07 2.5000001 1.0000001 1e-07 1 6 2 9 -10 
10 0.9999999000000001 0.4999999 -1e-07 1.0000001 1.0000001 1e-07 1 6 2 10 -11 
11 -9.999999994736442e-08 0.4999999 -1e-07 1.0000001 0.5000000999999999 1e-07 1 6 2 11 -12 
12 -1e-07 -9.999999997511999e-08 -1e-07 1e-07 0.5000000999999999 1e-07 1 1 2 12 -1 
13 3.4999999 -0.5000000999999999 -1e-07 3.5000001 9.999999997511999e-08 1e-07 1 3 2 6 -13 
14 -1.000000000583867e-07 -0.5000000999999999 -1e-07 3.5000001 -0.4999999 1e-07 1 3 2 13 -14 
15 -1e-07 -0.5000000999999999 -1e-07 1e-07 9.999999997511999e-08 1e-07 1 3 2 14 -1 
16 3.4999999 0.4999998999999999 -1e-07 3.5000001 1.5000001 1e-07 1 4 2 7 -15 
17 -1.000000000583867e-07 1.4999999 -1e-07 3.5000001 1.5000001 1e-07 1 4 2 15 -16 
18 -1e-07 0.4999998999999999 -1e-07 1e-07 1.5000001 1e-07 1 4 2 16 -12 
1 -1.000000000583867e-07 -9.999999994736442e-08 -1e-07 3.5000001 1.0000001 1e-07 1 1 12 1 2 3 4 5 6 7 8 9 10 11 12 
2 -1.000000000583867e-07 -0.5000000999999999 -1e-07 3.5000001 0.5000000999999999 1e-07 1 2 8 1 2 3 4 5 13 14 15 
3 -1.000000000583867e-07 0.4999998999999999 -1e-07 3.5000001 1.5000001 1e-07 1 3 8 -11 -10 -9 -8 -7 16 17 18 
$EndEntities
$Nodes
37 5280 1 5280
0 1 0 1
1
0 0 0
0 2 0 1
2
1.5 0 0
0 3 0 1
3
1.5 0.5 0
0 4 0 1
4
2 0.5 0
0 5 0 1
5
2 0 0
0 6 0 1
6
3.5 0 0
0 7 0 1
7
3.5 0.5 0
0 8 0 1
8
2.5 0.5 0
0 9 0 1
9
2.5 1 0
0 10 0 1
10
1 1 0
0 11 0 1
11
1 0.5 0
0 12 0 1
12
0 0.5 0
0 13 0 1
13
3.5 -0.5 0
0 14 0 1
14
0 -0.5 0
0 15 0 1
15
3.5 1.5 0
0 16 0 1
16
0 1.5 0
1 1 0 72
17
18
19
20
21
22
23
24
25
26
27
28
29
30
31
32
33
34
35
36
37
38
39
40
41
42
43
44
45
46
47
48
49
50
51
52
53
54
55
56
57
58
59
60
61
62
63
64
65
66
67
68
69
70
71
72
73
74
75
76
77
78
79
80
81
82
83
84
85
86
87
88
0.02064984532739089 0 0
0.04128677153568749 0 0
0.06175176313115548 0 0
0.08229853291932214 0 0
0.1029177680545915 0 0
0.1233677621276576 0 0
0.1439550475636812 0 0
0.1645411252481255 0 0
0.1849913469228401 0 0
0.2056113298840427 0 0
0.226156899864803 0 0
0.2466225728518701 0 0
0.2672597854500575 0 0
0.2877651482887363 0 0
0.3082614957517831 0 0
0.3289004723971427 0 0
0.3493717898303821 0 0
0.3699081776400028 0 0
0.3905334445844641 0 0
0.4109858454108358 0 0
0.4315626741597073 0 0
0.4521587632171175 0 0
0.4726074718418738 0 0
0.4932205151746141 0 0
0.5137764845424421 0 0
0.5342367248553712 0 0
0.554870980569843 0 0
0.5753866647233656 0 0
0.5958736602552553 0 0
0.6165136621229287 0 0
0.6369923142830911 0 0
0.6575183401189035 0 0
0.6781486139478524 0 0
0.698604430197781 0 0
0.7191708191813163 0 0
0.7397758978441364 0 0
0.7602241021558602 0 0
0.7808291808186801 0 0
0.8013955698022157 0 0
0.821851386052144 0 0
0.8424816598810927 0 0
0.8630076857169031 0 0
0.8834863378770652 0 0
0.9041263397447392 0 0
0.9246133352766293 0 0
0.9451290194301518 0 0
0.9657632751446239 0 0
0.986223515457553 0 0
1.006779484825381 0 0
1.02739252815812 0 0
1.047841236782878 0 0
1.068437325840287 0 0
1.089014154589158 0 0
1.109466555415529 0 0
1.13009182235999 0 0
1.15062821016961 0 0
1.171099527602848 0 0
1.191738504248207 0 0
1.212234851711254 0 0
1.232740214549933 0 0
1.25337742714812 0 0
1.273843100135187 0 0
1.294388670115947 0 0
1.315008653077152 0 0
1.335458874751864 0 0
1.35604495243631 0 0
1.376632237872334 0 0
1.397082231945401 0 0
1.41770146708067 0 0
1.438248236868839 0 0
1.458713228464309 0 0
1.479350154672605 0 0
1 2 0 24
89
90
91
92
93
94
95
96
97
98
99
100
101
102
103
104
105
106
107
108
109
110
111
112
1.5 0.02004417997648314 0
1.5 0.04004198877255365 0
1.5 0.06003948008888498 0
1.5 0.08003666083436695 0
1.5 0.1000335306151212 0
1.5 0.1200300814756175 0
1.5 0.1400263219809736 0
1.5 0.160022246403775 0
1.5 0.1800178544059383 0
1.5 0.2000131509405206 0
1.5 0.2200081250415111 0
1.5 0.240002786477762 0
1.5 0.2599972135222359 0
1.5 0.2799918749584868 0
1.5 0.2999868490594774 0
1.5 0.3199821455940596 0
1.5 0.3399777535962231 0
1.5 0.3599736780190241 0
1.5 0.3799699185243808 0
1.5 0.3999664693848771 0
1.5 0.4199633391656316 0
1.5 0.4399605199111137 0
1.5 0.4599580112274448 0
1.5 0.4799558200235164 0
1 3 0 24
113
114
115
116
117
118
119
120
121
122
123
124
125
126
127
128
129
130
131
132
133
134
135
136
1.520044179976483 0.5 0
1.540041988772554 0.5 0
1.560039480088885 0.5 0
1.580036660834367 0.5 0
1.600033530615121 0.5 0
1.620030081475617 0.5 0
1.640026321980974 0.5 0
1.660022246403775 0.5 0
1.680017854405938 0.5 0
1.700013150940521 0.5 0
1.720008125041511 0.5 0
1.740002786477762 0.5 0
1.759997213522236 0.5 0
1.779991874958487 0.5 0
1.799986849059477 0.5 0
1.819982145594059 0.5 0
1.839977753596223 0.5 0
1.859973678019024 0.5 0
1.879969918524381 0.5 0
1.899966469384877 0.5 0
1.919963339165632 0.5 0
1.939960519911114 0.5 0
1.959958011227445 0.5 0
1.979955820023517 0.5 0
1 4 0 24
137
138
139
140
141
142
143
144
145
146
147
148
149
150
151
152
153
154
155
156
157
158
159
160
2 0.4799558200235169 0
2 0.4599580112274463 0
2 0.439960519911115 0
2 0.4199633391656331 0
2 0.3999664693848788 0
2 0.3799699185243825 0
2 0.3599736780190264 0
2 0.339977753596225 0
2 0.3199821455940617 0
2 0.2999868490594795 0
2 0.2799918749584889 0
2 0.259997213522238 0
2 0.2400027864777641 0
2 0.2200081250415132 0
2 0.2000131509405226 0
2 0.1800178544059404 0
2 0.1600222464037769 0
2 0.1400263219809759 0
2 0.1200300814756192 0
2 0.1000335306151229 0
2 0.08003666083436839 0
2 0.06003948008888627 0
2 0.04004198877255516 0
2 0.02004417997648356 0
1 5 0 72
161
162
163
164
165
166
167
168
169
170
171
172
173
174
175
176
177
178
179
180
181
182
183
184
185
186
187
188
189
190
191
192
193
194
195
196
197
198
199
200
201
202
203
204
205
206
207
208
209
210
211
212
213
214
215
216
217
218
219
220
221
222
223
224
225
226
227
228
229
230
231
232
2.020649845327391 0 0
2.041286771535687 0 0
2.061751763131155 0 0
2.082298532919322 0 0
2.102917768054592 0 0
2.123367762127657 0 0
2.143955047563681 0 0
2.164541125248125 0 0
2.18499134692284 0 0
2.205611329884043 0 0
2.226156899864803 0 0
2.24662257285187 0 0
2.267259785450057 0 0
2.287765148288736 0 0
2.308261495751783 0 0
2.328900472397143 0 0
2.349371789830382 0 0
2.369908177640002 0 0
2.390533444584464 0 0
2.410985845410836 0 0
2.431562674159707 0 0
2.452158763217117 0 0
2.472607471841874 0 0
2.493220515174614 0 0
2.513776484542442 0 0
2.534236724855371 0 0
2.554870980569843 0 0
2.575386664723365 0 0
2.595873660255255 0 0
2.616513662122928 0 0
2.636992314283091 0 0
2.657518340118903 0 0
2.678148613947852 0 0
2.698604430197781 0 0
2.719170819181316 0 0
2.739775897844136 0 0
2.76022410215586 0 0
2.78082918081868 0 0
2.801395569802215 0 0
2.821851386052144 0 0
2.842481659881093 0 0
2.863007685716903 0 0
2.883486337877065 0 0
2.904126339744739 0 0
2.924613335276629 0 0
2.945129019430152 0 0
2.965763275144624 0 0
2.986223515457553 0 0
3.006779484825381 0 0
3.02739252815812 0 0
3.047841236782878 0 0
3.068437325840287 0 0
3.089014154589158 0 0
3.109466555415529 0 0
3.13009182235999 0 0
3.15062821016961 0 0
3.171099527602848 0 0
3.191738504248207 0 0
3.212234851711254 0 0
3.232740214549933 0 0
3.25337742714812 0 0
3.273843100135187 0 0
3.294388670115947 0 0
3.315008653077152 0 0
3.335458874751864 0 0
3.35604495243631 0 0
3.376632237872334 0 0
3.397082231945401 0 0
3.41770146708067 0 0
3.438248236868839 0 0
3.458713228464309 0 0
3.479350154672605 0 0
1 6 0 24
233
234
235
236
237
238
239
240
241
242
243
244
245
246
247
248
249
250
251
252
253
254
255
256
3.5 0.02004417997648314 0
3.5 0.04004198877255365 0
3.5 0.06003948008888498 0
3.5 0.08003666083436695 0
3.5 0.1000335306151212 0
3.5 0.1200300814756175 0
3.5 0.1400263219809736 0
3.5 0.160022246403775 0
3.5 0.1800178544059383 0
3.5 0.2000131509405206 0
3.5 0.2200081250415111 0
3.5 0.240002786477762 0
3.5 0.2599972135222359 0
3.5 0.2799918749584868 0
3.5 0.2999868490594774 0
3.5 0.3199821455940596 0
3.5 0.3399777535962231 0
3.5 0.3599736780190241 0
3.5 0.3799699185243808 0
3.5 0.3999664693848771 0
3.5 0.4199633391656316 0
3.5 0.4399605199111137 0
3.5 0.4599580112274448 0
3.5 0.4799558200235164 0
1 7 0 49
257
258
259
260
261
262
263
264
265
266
267
268
269
270
271
272
273
274
275
276
277
278
279
280
281
282
283
284
285
286
287
288
289
290
291
292
293
294
295
296
297
298
299
300
301
302
303
304
305
3.479892553444764 0.5 0
3.459893439938962 0.5 0
3.439894638304973 0.5 0
3.419896145439997 0.5 0
3.399897958722439 0.5 0
3.379900086331992 0.5 0
3.359902522876603 0.5 0
3.339905266912691 0.5 0
3.319908328546955 0.5 0
3.299911698235877 0.5 0
3.279915379988075 0.5 0
3.259919377366061 0.5 0
3.23992368389866 0.5 0
3.21992830827269 0.5 0
3.199933245057968 0.5 0
3.179938495165395 0.5 0
3.159944063996031 0.5 0
3.139949943838314 0.5 0
3.119956144842839 0.5 0
3.099962659259355 0.5 0
3.079969491731172 0.5 0
3.05997664247535 0.5 0
3.039984108757392 0.5 0
3.019991897586907 0.5 0
3 0.5 0
2.980008102413094 0.5 0
2.960015891242609 0.5 0
2.940023357524652 0.5 0
2.920030508268828 0.5 0
2.900037340740646 0.5 0
2.880043855157162 0.5 0
2.860050056161688 0.5 0
2.840055936003972 0.5 0
2.820061504834606 0.5 0
2.800066754942033 0.5 0
2.780071691727311 0.5 0
2.760076316101341 0.5 0
2.74008062263394 0.5 0
2.720084620011925 0.5 0
2.700088301764123 0.5 0
2.680091671453045 0.5 0
2.660094733087308 0.5 0
2.640097477123395 0.5 0
2.620099913668006 0.5 0
2.60010204127756 0.5 0
2.580103854560002 0.5 0
2.560105361695026 0.5 0
2.540106560061037 0.5 0
2.520107446555236 0.5 0
1 8 0 24
306
307
308
309
310
311
312
313
314
315
316
317
318
319
320
321
322
323
324
325
326
327
328
329
2.5 0.5200441799764831 0
2.5 0.5400419887725536 0
2.5 0.5600394800888849 0
2.5 0.5800366608343669 0
2.5 0.6000335306151212 0
2.5 0.6200300814756176 0
2.5 0.6400263219809736 0
2.5 0.660022246403775 0
2.5 0.6800178544059383 0
2.5 0.7000131509405205 0
2.5 0.7200081250415111 0
2.5 0.740002786477762 0
2.5 0.7599972135222359 0
2.5 0.7799918749584869 0
2.5 0.7999868490594774 0
2.5 0.8199821455940596 0
2.5 0.8399777535962231 0
2.5 0.8599736780190241 0
2.5 0.8799699185243808 0
2.5 0.899966469384877 0
2.5 0.9199633391656317 0
2.5 0.9399605199111137 0
2.5 0.9599580112274448 0
2.5 0.9799558200235164 0
1 9 0 72
330
331
332
333
334
335
336
337
338
339
340
341
342
343
344
345
346
347
348
349
350
351
352
353
354
355
356
357
358
359
360
361
362
363
364
365
366
367
368
369
370
371
372
373
374
375
376
377
378
379
380
381
382
383
384
385
386
387
388
389
390
391
392
393
394
395
396
397
398
399
400
401
2.479350154672609 1 0
2.458713228464313 1 0
2.438248236868845 1 0
2.417701467080678 1 0
2.397082231945408 1 0
2.376632237872343 1 0
2.356044952436319 1 0
2.335458874751875 1 0
2.31500865307716 1 0
2.294388670115957 1 0
2.273843100135197 1 0
2.25337742714813 1 0
2.232740214549943 1 0
2.212234851711264 1 0
2.191738504248217 1 0
2.171099527602857 1 0
2.150628210169618 1 0
2.130091822359998 1 0
2.109466555415536 1 0
2.089014154589164 1 0
2.068437325840293 1 0
2.047841236782883 1 0
2.027392528158126 1 0
2.006779484825386 1 0
1.986223515457558 1 0
1.965763275144629 1 0
1.945129019430157 1 0
1.924613335276635 1 0
1.904126339744745 1 0
1.883486337877072 1 0
1.863007685716909 1 0
1.842481659881097 1 0
1.821851386052148 1 0
1.801395569802219 1 0
1.780829180818684 1 0
1.760224102155864 1 0
1.73977589784414 1 0
1.71917081918132 1 0
1.698604430197785 1 0
1.678148613947856 1 0
1.657518340118907 1 0
1.636992314283097 1 0
1.616513662122935 1 0
1.595873660255261 1 0
1.575386664723371 1 0
1.554870980569848 1 0
1.534236724855376 1 0
1.513776484542447 1 0
1.493220515174619 1 0
1.47260747184188 1 0
1.452158763217122 1 0
1.431562674159713 1 0
1.410985845410843 1 0
1.390533444584471 1 0
1.36990817764001 1 0
1.349371789830391 1 0
1.328900472397152 1 0
1.308261495751793 1 0
1.287765148288747 1 0
1.267259785450067 1 0
1.24662257285188 1 0
1.226156899864813 1 0
1.205611329884053 1 0
1.184991346922848 1 0
1.164541125248136 1 0
1.14395504756369 1 0
1.123367762127666 1 0
1.102917768054599 1 0
1.08229853291933 1 0
1.061751763131161 1 0
1.041286771535691 1 0
1.020649845327396 1 0
1 10 0 24
402
403
404
405
406
407
408
409
410
411
412
413
414
415
416
417
418
419
420
421
422
423
424
425
1 0.9799558200235169 0
1 0.9599580112274464 0
1 0.9399605199111151 0
1 0.9199633391656331 0
1 0.8999664693848788 0
1 0.8799699185243824 0
1 0.8599736780190264 0
1 0.839977753596225 0
1 0.8199821455940617 0
1 0.7999868490594795 0
1 0.7799918749584889 0
1 0.759997213522238 0
1 0.7400027864777641 0
1 0.7200081250415131 0
1 0.7000131509405226 0
1 0.6800178544059404 0
1 0.6600222464037769 0
1 0.6400263219809759 0
1 0.6200300814756192 0
1 0.600033530615123 0
1 0.5800366608343683 0
1 0.5600394800888863 0
1 0.5400419887725552 0
1 0.5200441799764836 0
1 11 0 49
426
427
428
429
430
431
432
433
434
435
436
437
438
439
440
441
442
443
444
445
446
447
448
449
450
451
452
453
454
455
456
457
458
459
460
461
462
463
464
465
466
467
468
469
470
471
472
473
474
0.9798925534447642 0.5 0
0.9598934399389618 0.5 0
0.9398946383049729 0.5 0
0.9198961454399972 0.5 0
0.8998979587224389 0.5 0
0.8799000863319926 0.5 0
0.859902522876603 0.5 0
0.8399052669126903 0.5 0
0.8199083285469553 0.5 0
0.7999116982358769 0.5 0
0.7799153799880748 0.5 0
0.7599193773660609 0.5 0
0.7399236838986596 0.5 0
0.7199283082726897 0.5 0
0.6999332450579676 0.5 0
0.6799384951653953 0.5 0
0.6599440639960308 0.5 0
0.6399499438383134 0.5 0
0.6199561448428392 0.5 0
0.5999626592593552 0.5 0
0.5799694917311723 0.5 0
0.5599766424753494 0.5 0
0.539984108757392 0.5 0
0.5199918975869069 0.5 0
0.5000000000000004 0.5 0
0.4800081024130941 0.5 0
0.4600158912426091 0.5 0
0.4400233575246516 0.5 0
0.4200305082688288 0.5 0
0.4000373407406459 0.5 0
0.3800438551571619 0.5 0
0.3600500561616877 0.5 0
0.3400559360039717 0.5 0
0.3200615048346065 0.5 0
0.3000667549420331 0.5 0
0.2800716917273107 0.5 0
0.2600763161013413 0.5 0
0.2400806226339398 0.5 0
0.2200846200119254 0.5 0
0.2000883017641227 0.5 0
0.1800916714530456 0.5 0
0.1600947330873079 0.5 0
0.1400974771233949 0.5 0
0.1200999136680058 0.5 0
0.1001020412775603 0.5 0
0.08010385456000169 0.5 0
0.06010536169502656 0.5 0
0.04010656006103719 0.5 0
0.02010744655523611 0.5 0
1 12 0 24
475
476
477
478
479
480
481
482
483
484
485
486
487
488
489
490
491
492
493
494
495
496
497
498
0 0.4799558200235169 0
0 0.4599580112274463 0
0 0.439960519911115 0
0 0.4199633391656331 0
0 0.3999664693848788 0
0 0.3799699185243825 0
0 0.3599736780190264 0
0 0.339977753596225 0
0 0.3199821455940617 0
0 0.2999868490594795 0
0 0.2799918749584889 0
0 0.259997213522238 0
0 0.2400027864777641 0
0 0.2200081250415132 0
0 0.2000131509405226 0
0 0.1800178544059404 0
0 0.1600222464037769 0
0 0.1400263219809759 0
0 0.1200300814756192 0
0 0.1000335306151229 0
0 0.08003666083436839 0
0 0.06003948008888627 0
0 0.04004198877255516 0
0 0.02004417997648356 0
1 13 0 10
499
500
501
502
503
504
505
506
507
508
3.5 -0.024385954053509 0
3.5 -0.05851741498204872 0
3.5 -0.1050162190312857 0
3.5 -0.1543891916523749 0
3.5 -0.2037621642734642 0
3.5 -0.2531351368945535 0
3.5 -0.3025081095156428 0
3.5 -0.3518810821367321 0
3.5 -0.4012540547578214 0
3.5 -0.4506270273789107 0
1 14 0 69
509
510
511
512
513
514
515
516
517
518
519
520
521
522
523
524
525
526
527
528
529
530
531
532
533
534
535
536
537
538
539
540
541
542
543
544
545
546
547
548
549
550
551
552
553
554
555
556
557
558
559
560
561
562
563
564
565
566
567
568
569
570
571
572
573
574
575
576
577
3.45 -0.5 0
3.4 -0.5 0
3.35 -0.5 0
3.3 -0.5 0
3.25 -0.5 0
3.2 -0.5 0
3.15 -0.5 0
3.1 -0.5 0
3.05 -0.5 0
3 -0.5 0
2.95 -0.5 0
2.9 -0.5 0
2.85 -0.5 0
2.8 -0.5 0
2.75 -0.5 0
2.7 -0.5 0
2.65 -0.5 0
2.6 -0.5 0
2.55 -0.5 0
2.5 -0.5 0
2.45 -0.5 0
2.4 -0.5 0
2.35 -0.5 0
2.3 -0.5 0
2.25 -0.5 0
2.2 -0.5 0
2.15 -0.5 0
2.1 -0.5 0
2.05 -0.5 0
2 -0.5 0
1.95 -0.5 0
1.9 -0.5 0
1.85 -0.5 0
1.8 -0.5 0
1.75 -0.5 0
1.7 -0.5 0
1.65 -0.5 0
1.6 -0.5 0
1.55 -0.5 0
1.5 -0.5 0
1.45 -0.5 0
1.4 -0.5 0
1.35 -0.5 0
1.3 -0.5 0
1.25 -0.5 0
1.2 -0.5 0
1.15 -0.5 0
1.1 -0.5 0
1.05 -0.5 0
1 -0.5 0
0.9500000000000002 -0.5 0
0.8999999999999999 -0.5 0
0.8500000000000001 -0.5 0
0.7999999999999998 -0.5 0
0.75 -0.5 0
0.7000000000000002 -0.5 0
0.6499999999999999 -0.5 0
0.6000000000000001 -0.5 0
0.5499999999999998 -0.5 0
0.5 -0.5 0
0.4500000000000002 -0.5 0
0.3999999999999999 -0.5 0
0.3500000000000001 -0.5 0
0.2999999999999998 -0.5 0
0.25 -0.5 0
0.2000000000000002 -0.5 0
0.1499999999999999 -0.5 0
0.1000000000000001 -0.5 0
0.04999999999999982 -0.5 0
1 15 0 10
578
579
580
581
582
583
584
585
586
587
0 -0.4506270273789107 0
0 -0.4012540547578214 0
0 -0.3518810821367321 0
0 -0.3025081095156428 0
0 -0.2531351368945535 0
0 -0.2037621642734643 0
0 -0.154389191652375 0
0 -0.1050162190312857 0
0 -0.05851741498204882 0
0 -0.02438595405350902 0
1 16 0 20
588
589
590
591
592
593
594
595
596
597
598
599
600
601
602
603
604
605
606
607
3.5 0.5245774113780143 0
3.5 0.5590265262602051 0
3.5 0.6058483699738884 0
3.5 0.6555234605308946 0
3.5 0.7051985510879009 0
3.5 0.754873641644907 0
3.5 0.8045487322019131 0
3.5 0.8542238227589194 0
3.5 0.9038989133159256 0
3.5 0.9535740038729318 0
3.5 1.003249094429938 0
3.5 1.052924184986944 0
3.5 1.10259927554395 0
3.5 1.152274366100956 0
3.5 1.201949456657963 0
3.5 1.251624547214969 0
3.5 1.301299637771975 0
3.5 1.350974728328981 0
3.5 1.400649818885987 0
3.5 1.450324909442994 0
1 17 0 69
608
609
610
611
612
613
614
615
616
617
618
619
620
621
622
623
624
625
626
627
628
629
630
631
632
633
634
635
636
637
638
639
640
641
642
643
644
645
646
647
648
649
650
651
652
653
654
655
656
657
658
659
660
661
662
663
664
665
666
667
668
669
670
671
672
673
674
675
676
3.45 1.5 0
3.4 1.5 0
3.35 1.5 0
3.3 1.5 0
3.25 1.5 0
3.2 1.5 0
3.15 1.5 0
3.1 1.5 0
3.05 1.5 0
3 1.5 0
2.95 1.5 0
2.9 1.5 0
2.85 1.5 0
2.8 1.5 0
2.75 1.5 0
2.7 1.5 0
2.65 1.5 0
2.6 1.5 0
2.55 1.5 0
2.5 1.5 0
2.45 1.5 0
2.4 1.5 0
2.35 1.5 0
2.3 1.5 0
2.25 1.5 0
2.2 1.5 0
2.15 1.5 0
2.1 1.5 0
2.05 1.5 0
2 1.5 0
1.95 1.5 0
1.9 1.5 0
1.85 1.5 0
1.8 1.5 0
1.75 1.5 0
1.7 1.5 0
1.65 1.5 0
1.6 1.5 0
1.55 1.5 0
1.5 1.5 0
1.45 1.5 0
1.4 1.5 0
1.35 1.5 0
1.3 1.5 0
1.25 1.5 0
1.2 1.5 0
1.15 1.5 0
1.1 1.5 0
1.05 1.5 0
1 1.5 0
0.9500000000000002 1.5 0
0.8999999999999999 1.5 0
0.8500000000000001 1.5 0
0.7999999999999998 1.5 0
0.75 1.5 0
0.7000000000000002 1.5 0
0.6499999999999999 1.5 0
0.6000000000000001 1.5 0
0.5499999999999998 1.5 0
0.5 1.5 0
0.4500000000000002 1.5 0
0.3999999999999999 1.5 0
0.3500000000000001 1.5 0
0.2999999999999998 1.5 0
0.25 1.5 0
0.2000000000000002 1.5 0
0.1499999999999999 1.5 0
0.1000000000000001 1.5 0
0.04999999999999982 1.5 0
1 18 0 20
677
678
679
680
681
682
683
684
685
686
687
688
689
690
691
692
693
694
695
696
0 1.450324909442994 0
0 1.400649818885987 0
0 1.350974728328981 0
0 1.301299637771975 0
0 1.251624547214969 0
0 1.201949456657963 0
0 1.152274366100956 0
0 1.10259927554395 0
0 1.052924184986944 0
0 1.003249094429938 0
0 0.9535740038729317 0
0 0.9038989133159255 0
0 0.8542238227589193 0
0 0.8045487322019131 0
0 0.7548736416449069 0
0 0.7051985510879006 0
0 0.6555234605308945 0
0 0.6058483699738882 0
0 0.559026526260205 0
0 0.5245774113780142 0
2 1 0 2341
697
698
699
700
701
702
703
704
705
706
707
708
709
710
711
712
713
714
715
716
717
718
719
720
721
722
723
724
725
726
727
728
729
730
731
732
733
734
735
736
737
738
739
740
741
742
743
744
745
746
747
748
749
750
751
752
753
754
755
756
757
758
759
760
761
762
763
764
765
766
767
768
769
770
771
772
773
774
775
776
777
778
779
780
781
782
783
784
785
786
787
788
789
790
791
792
793
794
795
796
797
798
799
800
801
802
803
804
805
806
807
808
809
810
811
812
813
814
815
816
817
818
819
820
821
822
823
824
825
826
827
828
829
830
831
832
833
834
835
836
837
838
839
840
841
842
843
844
845
846
847
848
849
850
851
852
853
854
855
856
857
858
859
860
861
862
863
864
865
866
867
868
869
870
871
872
873
874
875
876
877
878
879
880
881
882
883
884
885
886
887
888
889
890
891
892
893
894
895
896
897
898
899
900
901
902
903
904
905
906
907
908
909
910
911
912
913
914
915
916
917
918
919
920
921
922
923
924
925
926
927
928
929
930
931
932
933
934
935
936
937
938
939
940
941
942
943
944
945
946
947
948
949
950
951
952
953
954
955
956
957
958
959
960
961
962
963
964
965
966
967
968
969
970
971
972
973
974
975
976
977
978
979
980
981
982
983
984
985
986
987
988
989
990
991
992
993
994
995
996
997
998
999
1000
1001
1002
1003
1004
1005
1006
1007
1008
1009
1010
1011
1012
1013
1014
1015
1016
1017
1018
1019
1020
1021
1022
1023
1024
1025
1026
1027
1028
1029
1030
1031
1032
1033
1034
1035
1036
1037
1038
1039
1040
1041
1042
1043
1044
1045
1046
1047
1048
1049
1050
1051
1052
1053
1054
1055
1056
1057
1058
1059
1060
1061
1062
1063
1064
1065
1066
1067
1068
1069
1070
1071
1072
1073
1074
1075
1076
1077
1078
1079
1080
1081
1082
1083
1084
1085
1086
1087
1088
1089
1090
1091
1092
1093
1094
1095
1096
1097
1098
1099
1100
1101
1102
1103
1104
1105
1106
1107
1108
1109
1110
1111
1112
1113
1114
1115
1116
1117
1118
1119
1120
1121
1122
1123
1124
1125
1126
1127
1128
1129
1130
1131
1132
1133
1134
1135
1136
1137
1138
1139
1140
1141
1142
1143
1144
1145
1146
1147
1148
1149
1150
1151
1152
1153
1154
1155
1156
1157
1158
1159
1160
1161
1162
1163
1164
1165
1166
1167
1168
1169
1170
1171
1172
1173
1174
1175
1176
1177
1178
1179
1180
1181
1182
1183
1184
1185
1186
1187
1188
1189
1190
1191
1192
1193
1194
1195
1196
1197
1198
1199
1200
1201
1202
1203
1204
1205
1206
1207
1208
1209
1210
1211
1212
1213
1214
1215
1216
1217
1218
1219
1220
1221
1222
1223
1224
1225
1226
1227
1228
1229
1230
1231
1232
1233
1234
1235
1236
1237
1238
1239
1240
1241
1242
1243
1244
1245
1246
1247
1248
1249
1250
1251
1252
1253
1254
1255
1256
1257
1258
1259
1260
1261
1262
1263
1264
1265
1266
1267
1268
1269
1270
1271
1272
1273
1274
1275
1276
1277
1278
1279
1280
1281
1282
1283
1284
1285
1286
1287
1288
1289
1290
1291
1292
1293
1294
1295
1296
1297
1298
1299
1300
1301
1302
1303
1304
1305
1306
1307
1308
1309
1310
1311
1312
1313
1314
1315
1316
1317
1318
1319
1320
1321
1322
1323
1324
1325
1326
1327
1328
1329
1330
1331
1332
1333
1334
1335
1336
1337
1338
1339
1340
1341
1342
1343
1344
1345
1346
1347
1348
1349
1350
1351
1352
1353
1354
1355
1356
1357
1358
1359
1360
1361
1362
1363
1364
1365
1366
1367
1368
1369
1370
1371
1372
1373
1374
1375
1376
1377
1378
1379
1380
1381
1382
1383
1384
1385
1386
1387
1388
1389
1390
1391
1392
1393
1394
1395
1396
1397
1398
1399
1400
1401
1402
1403
1404
1405
1406
1407
1408
1409
1410
1411
1412
1413
1414
1415
1416
1417
1418
1419
1420
1421
1422
1423
1424
1425
1426
1427
1428
1429
1430
1431
1432
1433
1434
1435
1436
1437
1438
1439
1440
1441
1442
1443
1444
1445
1446
1447
1448
1449
1450
1451
1452
1453
1454
1455
1456
1457
1458
1459
1460
1461
1462
1463
1464
1465
1466
1467
1468
1469
1470
1471
1472
1473
1474
1475
1476
1477
1478
1479
1480
1481
1482
1483
1484
1485
1486
1487
1488
1489
1490
1491
1492
1493
1494
1495
1496
1497
1498
1499
1500
1501
1502
1503
1504
1505
1506
1507
1508
1509
1510
1511
1512
1513
1514
1515
1516
1517
1518
1519
1520
1521
1522
1523
1524
1525
1526
1527
1528
1529
1530
1531
1532
1533
1534
1535
1536
1537
1538
1539
1540
1541
1542
1543
1544
1545
1546
1547
1548
1549
1550
1551
1552
1553
1554
1555
1556
1557
1558
1559
1560
1561
1562
1563
1564
1565
1566
1567
1568
1569
1570
1571
1572
1573
1574
1575
1576
1577
1578
1579
1580
1581
1582
1583
1584
1585
1586
1587
1588
1589
1590
1591
1592
1593
1594
1595
1596
1597
1598
1599
1600
1601
1602
1603
1604
1605
1606
1607
1608
1609
1610
1611
1612
1613
1614
1615
1616
1617
1618
1619
1620
1621
1622
1623
1624
1625
1626
1627
1628
1629
1630
1631
1632
1633
1634
1635
1636
1637
1638
1639
1640
1641
1642
1643
1644
1645
1646
1647
1648
1649
1650
1651
1652
1653
1654
1655
1656
1657
1658
1659
1660
1661
1662
1663
1664
1665
1666
1667
1668
1669
1670
1671
1672
1673
1674
1675
1676
1677
1678
1679
1680
1681
1682
1683
1684
1685
1686
1687
1688
1689
1690
1691
1692
1693
1694
1695
1696
1697
1698
1699
1700
1701
1702
1703
1704
1705
1706
1707
1708
1709
1710
1711
1712
1713
1714
1715
1716
1717
1718
1719
1720
1721
1722
1723
1724
1725
1726
1727
1728
1729
1730
1731
1732
1733
1734
1735
1736
1737
1738
1739
1740
1741
1742
1743
1744
1745
1746
1747
1748
1749
1750
1751
1752
1753
1754
1755
1756
1757
1758
1759
1760
1761
1762
1763
1764
1765
1766
1767
1768
1769
1770
1771
1772
1773
1774
1775
1776
1777
1778
1779
1780
1781
1782
1783
1784
1785
1786
1787
1788
1789
1790
1791
1792
1793
1794
1795
1796
1797
1798
1799
1800
1801
1802
1803
1804
1805
1806
1807
1808
1809
1810
1811
1812
1813
1814
1815
1816
1817
1818
1819
1820
1821
1822
1823
1824
1825
1826
1827
1828
1829
1830
1831
1832
1833
1834
1835
1836
1837
1838
1839
1840
1841
1842
1843
1844
1845
1846
1847
1848
1849
1850
1851
1852
1853
1854
1855
1856
1857
1858
1859
1860
1861
1862
1863
1864
1865
1866
1867
1868
1869
1870
1871
1872
1873
1874
1875
1876
1877
1878
1879
1880
1881
1882
1883
1884
1885
1886
1887
1888
1889
1890
1891
1892
1893
1894
1895
1896
1897
1898
1899
1900
1901
1902
1903
1904
1905
1906
1907
1908
1909
1910
1911
1912
1913
1914
1915
1916
1917
1918
1919
1920
1921
1922
1923
1924
1925
1926
1927
1928
1929
1930
1931
1932
1933
1934
1935
1936
1937
1938
1939
1940
1941
1942
1943
1944
1945
1946
1947
1948
1949
1950
1951
1952
1953
1954
1955
1956
1957
1958
1959
1960
1961
1962
1963
1964
1965
1966
1967
1968
1969
1970
1971
1972
1973
1974
1975
1976
1977
1978
1979
1980
1981
1982
1983
1984
1985
1986
1987
1988
1989
1990
1991
1992
1993
1994
1995
1996
1997
1998
1999
2000
2001
2002
2003
2004
2005
2006
2007
2008
2009
2010
2011
2012
2013
2014
2015
2016
2017
2018
2019
2020
2021
2022
2023
2024
2025
2026
2027
2028
2029
2030
2031
2032
2033
2034
2035
2036
2037
2038
2039
2040
2041
2042
2043
2044
2045
2046
2047
2048
2049
2050
2051
2052
2053
2054
2055
2056
2057
2058
2059
2060
2061
2062
2063
2064
2065
2066
2067
2068
2069
2070
2071
2072
2073
2074
2075
2076
2077
2078
2079
2080
2081
2082
2083
2084
2085
2086
2087
2088
2089
2090
2091
2092
2093
2094
2095
2096
2097
2098
2099
2100
2101
2102
2103
2104
2105
2106
2107
2108
2109
2110
2111
2112
2113
2114
2115
2116
2117
2118
2119
2120
2121
2122
2123
2124
2125
2126
2127
2128
2129
2130
2131
2132
2133
2134
2135
2136
2137
2138
2139
2140
2141
2142
2143
2144
2145
2146
2147
2148
2149
2150
2151
2152
2153
2154
2155
2156
2157
2158
2159
2160
2161
2162
2163
2164
2165
2166
2167
2168
2169
2170
2171
2172
2173
2174
2175
2176
2177
2178
2179
2180
2181
2182
2183
2184
2185
2186
2187
2188
2189
2190
2191
2192
2193
2194
2195
2196
2197
2198
2199
2200
2201
2202
2203
2204
2205
2206
2207
2208
2209
2210
2211
2212
2213
2214
2215
2216
2217
2218
2219
2220
2221
2222
2223
2224
2225
2226
2227
2228
2229
2230
2231
2232
2233
2234
2235
2236
2237
2238
2239
2240
2241
2242
2243
2244
2245
2246
2247
2248
2249
2250
2251
2252
2253
2254
2255
2256
2257
2258
2259
2260
2261
2262
2263
2264
2265
2266
2267
2268
2269
2270
2271
2272
2273
2274
2275
2276
2277
2278
2279
2280
2281
2282
2283
2284
2285
2286
2287
2288
2289
2290
2291
2292
2293
2294
2295
2296
2297
2298
2299
2300
2301
2302
2303
2304
2305
2306
2307
2308
2309
2310
2311
2312
2313
2314
2315
2316
2317
2318
2319
2320
2321
2322
2323
2324
2325
2326
2327
2328
2329
2330
2331
2332
2333
2334
2335
2336
2337
2338
2339
2340
2341
2342
2343
2344
2345
2346
2347
2348
2349
2350
2351
2352
2353
2354
2355
2356
2357
2358
2359
2360
2361
2362
2363
2364
2365
2366
2367
2368
2369
2370
2371
2372
2373
2374
2375
2376
2377
2378
2379
2380
2381
2382
2383
2384
2385
2386
2387
2388
2389
2390
2391
2392
2393
2394
2395
2396
2397
2398
2399
2400
2401
2402
2403
2404
2405
2406
2407
2408
2409
2410
2411
2412
2413
2414
2415
2416
2417
2418
2419
2420
2421
2422
2423
2424
2425
2426
2427
2428
2429
2430
2431
2432
2433
2434
2435
2436
2437
2438
2439
2440
2441
2442
2443
2444
2445
2446
2447
2448
2449
2450
2451
2452
2453
2454
2455
2456
2457
2458
2459
2460
2461
2462
2463
2464
2465
2466
2467
2468
2469
2470
2471
2472
2473
2474
2475
2476
2477
2478
2479
2480
2481
2482
2483
2484
2485
2486
2487
2488
2489
2490
2491
2492
2493
2494
2495
2496
2497
2498
2499
2500
2501
2502
2503
2504
2505
2506
2507
2508
2509
2510
2511
2512
2513
2514
2515
2516
2517
2518
2519
2520
2521
2522
2523
2524
2525
2526
2527
2528
2529
2530
2531
2532
2533
2534
2535
2536
2537
2538
2539
2540
2541
2542
2543
2544
2545
2546
2547
2548
2549
2550
2551
2552
2553
2554
2555
2556
2557
2558
2559
2560
2561
2562
2563
2564
2565
2566
2567
2568
2569
2570
2571
2572
2573
2574
2575
2576
2577
2578
2579
2580
2581
2582
2583
2584
2585
2586
2587
2588
2589
2590
2591
2592
2593
2594
2595
2596
2597
2598
2599
2600
2601
2602
2603
2604
2605
2606
2607
2608
2609
2610
2611
2612
2613
2614
2615
2616
2617
2618
2619
2620
2621
2622
2623
2624
2625
2626
2627
2628
2629
2630
2631
2632
2633
2634
2635
2636
2637
2638
2639
2640
2641
2642
2643
2644
2645
2646
2647
2648
2649
2650
2651
2652
2653
2654
2655
2656
2657
2658
2659
2660
2661
2662
2663
2664
2665
2666
2667
2668
2669
2670
2671
2672
2673
2674
2675
2676
2677
2678
2679
2680
2681
2682
2683
2684
2685
2686
2687
2688
2689
2690
2691
2692
2693
2694
2695
2696
2697
2698
2699
2700
2701
2702
2703
2704
2705
2706
2707
2708
2709
2710
2711
2712
2713
2714
2715
2716
2717
2718
2719
2720
2721
2722
2723
2724
2725
2726
2727
2728
2729
2730
2731
2732
2733
2734
2735
2736
2737
2738
2739
2740
2741
2742
2743
2744
2745
2746
2747
2748
2749
2750
2751
2752
2753
2754
2755
2756
2757
2758
2759
2760
2761
2762
2763
2764
2765
2766
2767
2768
2769
2770
2771
2772
2773
2774
2775
2776
2777
2778
2779
2780
2781
2782
2783
2784
2785
2786
2787
2788
2789
2790
2791
2792
2793
2794
2795
2796
2797
2798
2799
2800
2801
2802
2803
2804
2805
2806
2807
2808
2809
2810
2811
2812
2813
2814
2815
2816
2817
2818
2819
2820
2821
2822
2823
2824
2825
2826
2827
2828
2829
2830
2831
2832
2833
2834
2835
2836
2837
2838
2839
2840
2841
2842
2843
2844
2845
2846
2847
2848
2849
2850
2851
2852
2853
2854
2855
2856
2857
2858
2859
2860
2861
2862
2863
2864
2865
2866
2867
2868
2869
2870
2871
2872
2873
2874
2875
2876
2877
2878
2879
2880
2881
2882
2883
2884
2885
2886
2887
2888
2889
2890
2891
2892
2893
2894
2895
2896
2897
2898
2899
2900
2901
2902
2903
2904
2905
2906
2907
2908
2909
2910
2911
2912
2913
2914
2915
2916
2917
2918
2919
2920
2921
2922
2923
2924
2925
2926
2927
2928
2929
2930
2931
2932
2933
2934
2935
2936
2937
2938
2939
2940
2941
2942
2943
2944
2945
2946
2947
2948
2949
2950
2951
2952
2953
2954
2955
2956
2957
2958
2959
2960
2961
2962
2963
2964
2965
2966
2967
2968
2969
2970
2971
2972
2973
2974
2975
2976
2977
2978
2979
2980
2981
2982
2983
2984
2985
2986
2987
2988
2989
2990
2991
2992
2993
2994
2995
2996
2997
2998
2999
3000
3001
3002
3003
3004
3005
3006
3007
3008
3009
3010
3011
3012
3013
3014
3015
3016
3017
3018
3019
3020
3021
3022
3023
3024
3025
3026
3027
3028
3029
3030
3031
3032
3033
3034
3035
3036
3037
2.482481590348008 0.7100478318873782 0
2.017316020131666 0.2899893620089841 0
1.482683979868334 0.2899893620089821 0
1.017518409651992 0.7100478318873804 0
1.320375538190246 0.9813255718876981 0
1.18049117618165 0.01881835947176064 0
2.180372616329074 0.9811520175623057 0
2.319508079703053 0.01882356300342392 0
2.482696477671459 0.610031805749751 0
2.014979500384615 0.3895436562995013 0
1.01606137879426 0.6083653884560619 0
1.485020499615385 0.3895436562994996 0
1.421287176187582 0.9822384499478697 0
1.078725740214722 0.01776617755493165 0
2.078247325177037 0.9859973798088639 0
2.421274259785271 0.01776617755493221 0
2.482356441625946 0.5099452259644821 0
1.4822236018448 0.4900883110876449 0
1.749999999999999 0.5173156817546289 0
2.75007846936764 0.4826833591203211 0
0.7499215306323603 0.482683359120321 0
0.471677954244021 0.4833690905367444 0
3.02998800317215 0.4826863730342095 0
1.530000063722208 0.5203846654611698 0
1.969457305839201 0.5195469258403076 0
3.248047601521154 0.4814737233032186 0
0.2519523984788443 0.481473723303217 0
2.870926069607848 0.4825178534960073 0
0.6290739303921533 0.4825178534960052 0
2.530498846372024 0.482263449658603 0
0.9695011536279768 0.4822627354367994 0
1.630758720144598 0.5175783466135453 0
1.867800014289811 0.5191219381882649 0
0.346758383389683 0.4804059151198282 0
3.15380369302418 0.4806165382355247 0
0.8672134589766329 0.4806677718259626 0
2.632786541023369 0.4806677718259647 0
2.486181845452713 0.4853889380195713 0
1.482902894093362 0.5120739434465582 0
2.954810110827388 0.01372665469169237 0
0.5476278989651191 0.01759401101453661 0
3.263610263641653 0.01772379271234431 0
0.2363897363583372 0.01772379271234509 0
1.813030050441574 0.9817373429148477 0
1.688690591096151 0.983594887924173 0
0.8119080263250351 0.017777109984632 0
2.688092816874855 0.01777810826576337 0
0.6869388753805745 0.01720366712864885 0
2.813061124619423 0.01720034047487884 0
3.100642372526945 0.01895278085796964 0
0.4007575185999994 0.018439199909565 0
2.585642126159496 0.01768770113322671 0
0.9143525201944674 0.01767852227297617 0
1.914190585261208 0.9841670960340778 0
1.58755226266935 0.9819330524900193 0
2.017643558374054 0.490054774035518 0
2.016594373244425 0.5110857093209932 0
1.018262434450513 0.5104994127917959 0
1.013907207061926 0.485465750736386 0
3.483171374518174 0.250000000644404 0
0.01682862548183794 0.2500000006444056 0
1.215884114874433 0.9822416108745431 0
1.284115885125567 0.01775838912545702 0
2.284115885125577 0.9822416108745428 0
2.215884114874423 0.01775838912545719 0
2.46248573164515 0.4992553450845952 0
2.461799915743477 0.4759218272838138 0
1.461906334860765 0.5003312993547873 0
1.461799915743477 0.5240781727161867 0
2.03797697147104 0.5001570961388324 0
2.038200084256522 0.5240781727161865 0
1.037953974313252 0.4999884879654058 0
1.038200084256523 0.4759218272838133 0
3.181418843771061 0.01697128475423415 0
0.3195640507775888 0.01778723288135309 0
1.998996149251834 0.9805476545440802 0
2.503484647066121 0.01809419411282948 0
0.9965232427175013 0.01809928878775091 0
1.504639937202083 0.9859335538595585 0
1.482344120676542 0.2100106344563318 0
1.017678782184384 0.789989365233581 0
2.482286588644021 0.7899893647647275 0
2.017690409614423 0.2100106349238467 0
2.950163435976132 0.4816509288053794 0
0.5487753283593584 0.4820148014773082 0
3.33292827062898 0.4821541179972521 0
0.1670717293710267 0.4821541179972539 0
2.439188176637175 0.4885401613977373 0
2.438958717284229 0.4584825659389548 0
1.439188176637175 0.5114598386022637 0
1.438955505472188 0.5415136601499093 0
3.485979907123955 0.1699867064115812 0
0.01402009287604455 0.1699867064116139 0
3.482888282122126 0.3299799516438062 0
0.01711171787787436 0.3299799516438097 0
2.060811823362824 0.5114598386022633 0
2.061044494527812 0.5415136601499088 0
1.060811823362825 0.4885401613977363 0
1.06104128271577 0.4584825659389537 0
3.345772195992566 0.01760540389226817 0
0.1542494033368862 0.01826679762559819 0
1.367019313828725 0.01964364486932457 0
1.133008712244663 0.9803156567036063 0
2.132980686171268 0.01965685031054321 0
2.366991287755346 0.9803024512623881 0
2.088273345216691 0.5251136874102784 0
2.088526254576888 0.5572031450330486 0
1.088272809914685 0.4748856836045313 0
1.088528495554808 0.4427913407894176 0
1.058630259105865 0.4255232686417891 0
1.089047027816326 0.4083492960772261 0
1.055076742969243 0.3896702663867675 0
2.058669855897705 0.5744576736528318 0
2.088977775065722 0.5916263918970006 0
2.053982657409697 0.6099732279343567 0
2.090462753109786 0.6302558699255041 0
1.090805537362584 0.3695379427369938 0
2.050052094302119 0.6505021387476259 0
1.411726654783308 0.5251136874102793 0
1.411473745423112 0.5572031450330495 0
1.441330144102295 0.5744576736528324 0
1.410583977857513 0.5916608688864604 0
1.445944301410843 0.609978974099267 0
1.409373070264635 0.6302090177327554 0
1.449908369397042 0.6504952877429863 0
2.410660785618098 0.4766336934404173 0
2.411163777894609 0.442847956567856 0
2.441318453135704 0.4255327046048632 0
2.411445059403335 0.4084219700683631 0
2.444996723607628 0.3896839513791368 0
2.409353235955074 0.3695084791761933 0
2.448695941091122 0.348885357402676 0
1.051342765557965 0.3488879871640805 0
2.017317115390061 0.1300282017282975 0
2.478503634565456 0.869805965466094 0
1.017317115390061 0.8699717982717043 0
1.482682884609939 0.1300282017282955 0
2.894756043373738 0.02029070267244915 0
0.6047114462376877 0.01887409305866838 0
0.7506773579646318 0.0213350415544451 0
1.747851976872774 0.9832096817951507 0
2.749322642035366 0.02133504155444599 0
0.4623835122642441 0.01744960744870533 0
3.035897521195361 0.01623738339454911 0
0.1063880575196403 0.4837327429924023 0
3.393611952579047 0.4837328382064613 0
2.689841194760315 0.4815487567298675 0
0.810158754161826 0.4815487838480506 0
1.810274650169326 0.516890340029915 0
1.68984356875269 0.5190097880320985 0
0.6899358701116813 0.4826841766619135 0
2.810064129888319 0.4826841766619128 0
0.4080034576693048 0.4830532582788273 0
3.089975022143301 0.4828110035716395 0
3.48268261335446 0.1100318060453693 0
0.01731738664553983 0.1100318060453711 0
2.088641476476919 0.6755283049256282 0
2.130353215161561 0.6522012008829058 0
1.411142787532753 0.6744871496431781 0
1.369381358545851 0.6519534814462725 0
2.411694102792141 0.3264416188750707 0
2.370638803898311 0.3482099578668895 0
1.088305897207858 0.3264416188750691 0
1.129596574412843 0.348176743804024 0
1.380967021034907 0.5403967701300616 0
2.380737565608833 0.4599027086967563 0
1.382594453719605 0.5047983745770638 0
2.381258825161076 0.4972578729799503 0
2.047906419053801 0.694914288786781 0
1.450851998132981 0.6968528101672883 0
2.452895908365595 0.3052741912343742 0
1.047110542742586 0.3052746295279398 0
3.482524143810108 0.3897217907337137 0
0.01747581764775497 0.3897217344401329 0
1.119033412554867 0.4596019377610344 0
1.117458865987787 0.4951683996821299 0
2.119032978965093 0.5403967701300604 0
2.117405546280394 0.5047983745770626 0
2.129584888939934 0.7008228204347841 0
2.172338636867771 0.6758433158241522 0
1.370165527248841 0.6995480112067672 0
1.327452382507867 0.6755767322410886 0
2.372361129654109 0.3014154687965758 0
2.327943289112882 0.3242543569014823 0
1.127678100064415 0.3014099331194294 0
1.17220288959069 0.3242582301372807 0
1.327794571474904 0.7252836652212125 0
2.172141394857686 0.7255683560483424 0
1.170153830774186 0.2751121212242513 0
2.329877070629496 0.275112398297811 0
1.285207259843691 0.7016377359640794 0
2.214747237774348 0.7017296150324436 0
1.215211923295731 0.2991573126463756 0
2.284817590055477 0.299156713286004 0
3.408741638627744 0.01850626497400887 0
0.09298462126627749 0.01724143503447262 0
2.00876407129573 0.669073790271866 0
2.005305417907784 0.7172286287319172 0
1.964626621072511 0.6881653873130599 0
1.961158879936017 0.7363929131498064 0
1.919764226596165 0.7074553956246385 0
1.490891982765196 0.6689873965311112 0
1.493047332346656 0.7179706048621788 0
1.53402024324135 0.6886066332055869 0
1.538639225016993 0.7368897396278224 0
1.578570405438973 0.7077058635099356 0
1.009456502913151 0.3300385177247151 0
1.004614497011584 0.283802051013193 0
0.9653542401339128 0.3112992328538232 0
0.9602262237846719 0.2637469564423546 0
0.9205805560173421 0.2919435318560819 0
2.490551023379726 0.3300380063822207 0
2.495387832555257 0.2838018927405173 0
2.534647402509372 0.3112991212512953 0
2.539774438250348 0.2637469114631547 0
2.579419718349121 0.2919435132154007 0
1.584116493940634 0.7568958685334481 0
1.91553922862117 0.7570546157244538 0
0.9148940104731351 0.2435519352688957 0
0.8751448840561326 0.2720496598763665 0
2.585106145593778 0.2435519246655831 0
2.624855115943865 0.2720496598763678 0
2.215726604984131 0.7517138937858683 0
1.284255139007642 0.7516511321366207 0
1.071468264254465 0.9800153927810218 0
1.428537665376974 0.01983653333597851 0
2.071462334623021 0.01983653333597879 0
2.428531735745541 0.9800153927810192 0
2.284349167150722 0.2481888529603761 0
1.215660901975091 0.2481889066748431 0
2.347276797747209 0.4789141145573774 0
1.151939103160387 0.4787023550462429 0
1.623470854259511 0.7277143923079904 0
1.493966269760473 0.7688876110217824 0
1.997283549268736 0.7685269897793051 0
2.498963916804568 0.233209729984876 0
1.001036194443789 0.2332097375431794 0
1.32815211217388 0.7713767932156042 0
2.172370204977075 0.7843564873700613 0
1.169246109439448 0.2172498485474047 0
2.330759743493338 0.2172498804558482 0
1.242087899877357 0.7271340400680357 0
2.25790147372428 0.7271598135209696 0
1.258795418531602 0.2737540959764695 0
2.241209293668041 0.2737540182294668 0
1.628765193806283 0.7773363353380058 0
2.630806469939973 0.2234098529794249 0
2.670466608679487 0.252127126702708 0
0.8691935560711772 0.2234098547466431 0
0.8295333956557034 0.2521271269972435 0
2.259008757004748 0.7770188301728571 0
1.240986429260821 0.7770040743224951 0
2.24066823621577 0.2227633223271432 0
1.259334227338472 0.2227633442373864 0
2.675389173589308 0.1963362372479224 0
2.716440922969802 0.2314689294685521 0
2.711529101707016 0.2895097592900721 0
2.757698246051983 0.2637331816751404 0
2.76408514896445 0.2034338016119529 0
2.803750482368391 0.2393544727573113 0
0.8246108307458813 0.1963362375424594 0
0.7835590780623848 0.2314689295386795 0
0.7888088331832224 0.2886860008080129 0
0.7427523330791386 0.2626348369833068 0
0.7359792196303063 0.2032768952374238 0
0.6963353422525873 0.2391452642462512 0
1.150014826752061 0.518776022720199 0
2.349875028044384 0.5186565098884027 0
2.797720374418658 0.2915091891257238 0
2.842902015549023 0.2706793425660901 0
2.84928174005049 0.2198835569063796 0
2.888542551244082 0.2505634530439435 0
0.7020866643097157 0.2907583186510764 0
0.6570801283425343 0.2705193294018062 0
0.650729588034932 0.2198220199604893 0
0.6114563607520809 0.2505265280255823 0
0.6072657800738337 0.2009926608414433 0
0.5671733328721484 0.230556416273708 0
0.5718738830968619 0.2775638308153029 0
0.5253394745420241 0.2603668682378644 0
0.5203200453490964 0.2134060413841974 0
0.4793173392692984 0.2407594646600925 0
0.4837652408168098 0.2899884585038988 0
0.4395938664564591 0.2698885406196035 0
0.4334728797126002 0.2202899260448359 0
0.3940695082686356 0.2497278687427175 0
0.388826929962661 0.2002809576724539 0
0.3485302165634638 0.229638251436723 0
0.3517575896993488 0.2786733350242735 0
0.3068445540940503 0.2591958262610781 0
0.3008914197661994 0.2111410625319017 0
0.2613525006028936 0.2394205681738854 0
0.2663912781285827 0.2887851722393442 0
0.2213933745284535 0.2687660769092516 0
0.2205923460910317 0.2182772890449967 0
2.89273592660643 0.2010090711688176 0
2.932826770240589 0.2305653054979953 0
2.92812595275462 0.2775714665224083 0
2.974660525457975 0.2603668682378601 0
2.979362761334309 0.2133725113564491 0
3.020312584675885 0.2407188647570035 0
3.01617307984072 0.2899816918533784 0
3.060334174310658 0.2698806461939965 0
3.066136237237399 0.2202468320915887 0
3.105853351350882 0.2497193706795687 0
3.111643695198922 0.199859354169329 0
3.151048040660609 0.2285523287637628 0
3.148159263107916 0.2784909315682477 0
3.192724689190572 0.2591957000903118 0
3.196240711836797 0.2014898630638037 0
3.238097728545041 0.237812013900729 0
3.23344530061018 0.2885170588320115 0
3.278355405425938 0.2684447883954259 0
3.279507929024091 0.2178265174229842 0
1.875702497681956 0.7274751966234446 0
1.870661297307141 0.777040968855066 0
2.151425498745655 0.521008197540479 0
2.149910573708127 0.4805481183109762 0
1.348574501254345 0.5210081975404807 0
1.350089426291871 0.4805481183109778 0
1.197505090679853 0.7496355932811772 0
1.190004663788018 0.7983944633077279 0
2.302492335964683 0.7496423481650586 0
2.309994280913427 0.7983975362697608 0
1.302857948770116 0.2501261519398739 0
1.310261295410607 0.2011930740907387 0
2.197143247188864 0.2501261353303345 0
2.189739227376995 0.2011930685879144 0
1.59112793120201 0.8075887437135862 0
1.909640984115039 0.8062837254284031 0
0.9100442322127579 0.1909681631176759 0
2.59154292357342 0.1956382163448274 0
1.239800599808899 0.8254238437499561 0
2.260198901123672 0.82542535980543 0
1.259958813360255 0.1740640369496688 0
2.24004136802591 0.1740640352846403 0
3.273197163540481 0.3184691549604621 0
0.2268028364595245 0.3184691549604826 0
0.1831195056341426 0.2982624925157408 0
3.316838624358261 0.2982089444300809 0
1.632745042998283 0.8260392545125517 0
1.862739170172028 0.838417884728345 0
2.020520273814469 0.0716603245629801 0
2.479402852448845 0.9282250153538655 0
1.479479779124183 0.07166032456297877 0
1.020597094612502 0.9282250153538689 0
3.235913088706829 0.3364260912440222 0
0.2640596744163144 0.3364707768119219 0
3.055254976295517 0.319565977134827 0
0.4447450237044834 0.3195659771348343 0
2.835241466131523 0.319571542802216 0
0.6647233976384657 0.3194197288623946 0
0.8796063042892215 0.3233636258101728 0
2.620556889472262 0.3242223255169288 0
1.879647369185295 0.6788298383571967 0
1.837063422129855 0.6979478286935887 0
1.613646561546235 0.6793329535082148 0
0.05151926733341905 0.01772320260991028 0
3.449360422269072 0.01710505303962984 0
2.462384257051414 0.01760759329796502 0
2.036357143463595 0.9822506298275556 0
1.462385664656507 0.9827050566971403 0
1.037615888436151 0.01760816013872235 0
1.17476998885476 0.982590499175869 0
1.325229909250415 0.01736680346982988 0
2.325229035410124 0.982592626697571 0
2.174771050407284 0.01736468993730883 0
0.8732470117969844 0.01773503300596546 0
1.625913702804877 0.981762218192139 0
1.873255745294434 0.9820053480894065 0
2.626752988203009 0.01773503300596585 0
1.277595530751445 0.980943436923593 0
1.222476525291951 0.0190608758056614 0
3.222503173633622 0.01747667511753648 0
2.222403673098545 0.980944015444024 0
2.277524281571921 0.01906031728726965 0
0.2774939668026555 0.01746767773007757 0
0.6490098887339446 0.01830635226953242 0
2.850994014299379 0.01824747969205387 0
0.3596399837351929 0.0177568572456106 0
2.140962508315392 0.9826769956991189 0
2.359990359838829 0.0172720365964818 0
1.140023322004505 0.01727477181584308 0
3.1403600162648 0.0177568572456096 0
1.358025490024988 0.9814084387959821 0
2.998236847279751 0.01712476316423128 0
0.5034984998585288 0.01776053977524245 0
2.54455679923163 0.01729216594530592 0
1.544553852712612 0.9822569042342503 0
1.955446147287393 0.9822569042342503 0
0.9554365165155054 0.01730446214517312 0
3.304681900904526 0.01690162125274425 0
0.1953092193409662 0.0168874905763412 0
3.448746812768092 0.482076233526829 0
0.05125318723191152 0.482076181721269 0
1.826004548864277 0.7988883059218508 0
3.012869319689512 0.3376957471067389 0
0.4871204004200769 0.3376968748818309 0
0.9300756919089038 0.4809570386430623 0
2.569924308091096 0.4809570386430631 0
1.570038070461626 0.5173179318779795 0
1.933545429307382 0.5162747800552335 0
2.017683680596734 0.4299619229650659 0
1.019456852461424 0.5702408116726808 0
1.482316319403265 0.4299619229650646 0
2.483098963138284 0.5700380662524727 0
2.017606923446537 0.3498712005069049 0
1.482393076553463 0.349871200506903 0
1.016404020121609 0.6500714130500135 0
2.482598669049347 0.6501077535465956 0
1.01731656962457 0.8299799495951433 0
1.481811456956527 0.1693863433106488 0
2.017715548980489 0.1700200555229226 0
2.482425197641327 0.8305314178027797 0
1.482282951349036 0.2500000012093918 0
1.017717048650963 0.7499999987906083 0
2.482282951349036 0.7499999987906062 0
2.017717048650963 0.2500000012093939 0
0.2100864524112991 0.4832571702954123 0
3.289913547588696 0.4832571702954175 0
3.209352415785848 0.4849108932645856 0
0.2906475842141538 0.4849108932645856 0
3.482683979868334 0.2100106379910159 0
3.482202394005507 0.2898164366050157 0
0.01779760599449065 0.2898164366050318 0
0.017316020131666 0.2100106379910179 0
0.5899660709100845 0.4822770073996319 0
2.910033929089917 0.4822770073996336 0
2.990004051206547 0.4826865088198824 0
0.5099375151036931 0.4784121751494774 0
3.486078344300256 0.4302291991808819 0
0.01392165569974391 0.4302291991808921 0
0.6440329985336934 0.1715496469398227 0
2.855969173927252 0.1715626381520332 0
1.300898326672698 0.2965958866318163 0
2.199102658020405 0.2965958709057274 0
1.215687011607508 0.3489387663573368 0
2.28431298839249 0.3489387663573392 0
1.281164203210872 0.6541673249326027 0
2.21867023734768 0.6542398975134635 0
1.198378477447218 0.7036247693361454 0
2.301619322593812 0.7036301907256135 0
2.794297045365758 0.3395079152741112 0
0.7060591948613539 0.3383964162485211 0
0.02040169200310471 0.07087625351161414 0
3.482682068122021 0.07003807046162602 0
0.4257908536014443 0.1719816624772263 0
3.073905226248434 0.1718692013360342 0
1.812400591729594 0.8457228153886627 0
0.6039602219833995 0.1539964545764644 0
2.896040424540134 0.1540013548330607 0
1.061046271972678 0.5163450927087406 0
1.440415150195794 0.4876474223100044 0
2.059553422529156 0.4876137846517231 0
2.444520504823508 0.5182203112710309 0
0.3852085914078465 0.1533590146259899 0
3.114331869187949 0.1522557647733571 0
2.186673233528546 0.4976712479302886 0
1.313326766471453 0.4976712479302905 0
3.313455894297752 0.3442192876517862 0
0.1865371273676577 0.3442282123327495 0
1.199307487039505 0.8491028687678361 0
1.155497597146053 0.8295869760464198 0
2.300692512960498 0.8491028687678335 0
2.344502226970856 0.8295874882067563 0
1.300936605274494 0.1504320284516089 0
1.344707829600518 0.1699582778316148 0
2.199063394725505 0.1504320284516113 0
2.155292257530747 0.1699582769144793 0
1.839683757466804 0.645277097388741 0
1.800223044543382 0.669060431077693 0
1.15632557520036 0.7236659616482651 0
1.156610365833323 0.6800819636813643 0
2.343673629247236 0.7236679910271557 0
2.343389277558182 0.6800828506775966 0
1.343757674114931 0.2759754978891533 0
1.340570307046778 0.3244522891060696 0
2.156242689327082 0.2759754924998836 0
2.159429885543952 0.3244522860895911 0
0.1459637368559012 0.3263610273679313 0
0.13804875250585 0.2783285646450153 0
3.354036263144109 0.3263610273679013 0
3.36283204759077 0.2787095594602205 0
1.88094375003349 0.632847800123445 0
1.598341531951942 0.8544878898985453 0
1.907654758254071 0.8549350746423684 0
3.34870722518527 0.3694225398192792 0
0.1512927748147455 0.3694225398193074 0
0.9749182890208189 0.3554334801387685 0
2.525083239135209 0.3554333763145994 0
1.525696416304424 0.6379382912981615 0
1.63641108427733 0.8759698821290391 0
2.026770919998751 0.5866833717302549 0
3.046078993891974 0.3653227004642611 0
0.4539192927929578 0.3653228884267817 0
2.828538682811561 0.365200366762212 0
0.6714995438547606 0.3650499723615684 0
1.671861715308748 0.8466236763378213 0
2.340238265115903 0.8695466758284414 0
1.15976172420121 0.869546644720552 0
2.159564648553692 0.1300086151270951 0
1.340435356738536 0.1300086151827985 0
2.484019406213351 0.4632586835937541 0
1.01599013909692 0.4632660380687503 0
1.483648902408101 0.5353687534555485 0
2.260817645423085 0.8709136518166185 0
1.239182354576918 0.8709136518166205 0
2.238876822206113 0.1286469316250319 0
1.261123177793886 0.1286469316250297 0
0.4190100255707419 0.1272503291105546 0
3.080899086387071 0.1271056016112849 0
1.802556907662434 0.6255051055210938 0
1.766264024390497 0.643486804758537 0
1.760782993307183 0.6865013374683773 0
1.123482420922028 0.8512427873281552 0
2.376517547983644 0.8512428778728572 0
1.376674348095805 0.1482972296867778 0
2.123325667308109 0.1482972295246394 0
2.790149069208629 0.3818622944863418 0
0.7098675846701921 0.3820195724630667 0
2.863221753286862 0.1230887298796579 0
0.6388329192730751 0.1214997230897619 0
2.374797392156261 0.8887215296689729 0
1.125202607843742 0.8887215296689761 0
1.374948515029788 0.1108448044901518 0
2.12505148497021 0.110844804490154 0
3.008055484020707 0.3814364640299832 0
0.4909636078079596 0.3867474001119001 0
0.5986312250580075 0.1100133989240099 0
2.902800695727841 0.1120417882348808 0
1.314650774236493 0.4551424529492099 0
2.185349225763506 0.4551424529492079 0
0.114748792266361 0.3519211788015887 0
3.385251207733663 0.3519211788015543 0
3.312515949299504 0.3897563538201482 0
0.1874830537955643 0.3897576287745771 0
3.380525622731974 0.3903278827488902 0
0.1194743772680469 0.3903278827489229 0
1.676037421802987 0.8881845451728658 0
0.3822403062452082 0.1075023589614222 0
3.118262641312556 0.1108736654948453 0
1.358380014849551 0.4371513831686478 0
2.142436849677451 0.4367492909137966 0
1.120086757348457 0.7002185145364439 0
1.119359324805849 0.6596408908371848 0
1.15418005143357 0.6378888302580877 0
1.116047731286439 0.6233063099317968 0
1.112461656021595 0.7408729262544147 0
2.379913050624728 0.7002190005989635 0
2.379754276176642 0.6599744512467498 0
2.345781476938898 0.6379033401587271 0
2.381057800738454 0.6208688715126651 0
2.38753820289566 0.7408732856031868 0
1.380765237019498 0.2991975285708374 0
1.387805656062011 0.2586281378284325 0
2.119234810262197 0.299197527856065 0
2.112194402612803 0.2586281369564285 0
1.381291978431536 0.3390545106898201 0
2.118708061547201 0.3390545100679465 0
2.31098910303028 0.4999605318331083 0
1.188861856253727 0.4999451573865507 0
1.769662410867023 0.604584877525061 0
1.735495391492579 0.619826356857065 0
1.707956861800222 0.8659532882133376 0
1.707444138372731 0.820127466696349 0
1.710798472656551 0.9035389189429065 0
1.600615514387251 0.8947751200089812 0
1.566701707954482 0.8810171354108739 0
2.819149555247649 0.4084545061033115 0
2.856701443993007 0.3909200687275359 0
0.6808582848302303 0.4084554894713238 0
0.6433062337976942 0.3908951668887636 0
3.037051721754363 0.4078757111870072 0
3.074456251346944 0.3917958445054833 0
0.4573522079992365 0.4050667973935663 0
0.424200208877926 0.3911946821227947 0
3.150757977358701 0.1326350252673888 0
3.15339057080469 0.09518529852578522 0
3.184136690565298 0.1146981438248005 0
0.3487619337607784 0.1332712548991693 0
0.3457156231789962 0.09463596706258837 0
0.3155259098977248 0.1146107848198662 0
0.5669563865612792 0.1347417360681797 0
0.564164368112098 0.09592541314691849 0
0.5329546887788807 0.1201721541305686 0
2.93328237465695 0.1350806176627536 0
2.935488354425495 0.0958279148663374 0
2.965727271033642 0.1120710266834103 0
2.756792920594038 0.3593554542566776 0
2.754639164956502 0.3978939210738809 0
2.722790654674115 0.3775619387728796 0
0.7436634849010024 0.3582353657920216 0
0.7454396782724757 0.3977334526592246 0
0.7777449632855158 0.3775917196337914 0
0.5251009353781959 0.3579381007387935 0
0.5290502323166142 0.398015861647972 0
2.974733866611513 0.3570527567626223 0
2.971679544731067 0.3973366498936601 0
0.6773901245906364 0.1421199880111005 0
0.6742503411399041 0.1027261091836816 0
0.7080212114387936 0.1172773363467501 0
2.822952682912843 0.1423869876781181 0
2.827456519421237 0.1031235648001215 0
2.792490971168872 0.1172170547307012 0
1.186764436111035 0.5422726409548028 0
2.313426622356076 0.5417522329239741 0
1.412612723537957 0.3191482056528203 0
1.412713303773173 0.3553078589884117 0
2.087387291005448 0.3191482054300477 0
2.08728670531385 0.3553078588476388 0
1.087247975599595 0.6810506000635301 0
2.412104912101963 0.6802128561234236 0
1.223900701171142 0.1492236250699143 0
1.225899292617061 0.109210102386632 0
1.19109096103783 0.1268146087599584 0
1.257260604974233 0.08959073623791314 0
2.276099329059884 0.1492236247924113 0
2.274100712421443 0.1092101023403833 0
2.308909044840424 0.126814608706001 0
2.242739395865516 0.08959073623020641 0
1.276366137551529 0.8502776688619365 0
1.274464052520883 0.8903615109439689 0
1.309320796290509 0.8727012688255319 0
1.243073083190822 0.9100340016813809 0
2.223633779270568 0.8502779215378473 0
2.225535933616135 0.8903615530566196 0
2.190679187536011 0.8727013179569582 0
2.256926914498683 0.9100340087001552 0
1.156856685186433 0.9070770694552117 0
2.343143313033088 0.907077074639858 0
0.7769885264294081 0.4176694419585991 0
0.8094155826293969 0.3949064030843311 0
2.72309926215451 0.4176881356122836 0
2.691433397270407 0.3952787206698187 0
1.343335854654271 0.09252896513152231 0
2.156664146227766 0.09252896512224024 0
0.4135684904655603 0.0876943570614665 0
3.086971143773388 0.08922350658455669 0
1.093006854616182 0.8711358601618182 0
1.089313237154189 0.8359535836412257 0
1.094453524088304 0.9057639713482258 0
2.408201466440522 0.8702036033100198 0
2.410414755243265 0.8342492009328802 0
2.405747862754484 0.905608595206256 0
1.407115845870859 0.1284127593484561 0
1.410818519628211 0.1635769165643297 0
1.40566114593229 0.09381444497695629 0
2.091683251596003 0.1293350434775816 0
2.089449140704029 0.1652706820572338 0
2.094138703645519 0.09396815899847877 0
1.799676701738928 0.5892145146073956 0
3.053076688234067 0.1027032131190241 0
0.4469981027987227 0.1024724761150554 0
1.968273269781095 0.6469284786718477 0
1.304604520755756 0.9141068334796965 0
1.33903391688922 0.8944416714087766 0
2.195395392957234 0.9141066587143339 0
2.161541865479276 0.8948934285916184 0
2.304186960253821 0.08554905353750986 0
2.337552015867905 0.1058457317008254 0
1.195813128018561 0.08554885516185634 0
1.162447999823867 0.1058456986472081 0
1.946232502359881 0.8355367877113213 0
1.941370277475741 0.8778614889377903 0
1.978698192796851 0.8624150886887789 0
1.906485807682591 0.8949102601709296 0
1.972241196256147 0.9006190416619272 0
2.00801632085834 0.8866720065966092 0
1.150284632749754 0.4386516306351709 0
2.349630861530302 0.4386502271510793 0
2.150116072151302 0.5609768239603211 0
1.350681141707649 0.5608830120526338 0
1.740236576545846 0.5841100139258089 0
1.705266726774529 0.5927535892836733 0
1.701215237760351 0.6338410013530607 0
1.672807293703865 0.6098394288853944 0
1.318095532800255 0.4107391190576717 0
1.274429526835057 0.4268987986975889 0
2.18240037369237 0.4101563049065946 0
2.225690233106557 0.4267982655701979 0
0.08612562649390343 0.3746233751915779 0
0.0904020121740583 0.4094672136589975 0
0.08100403177921978 0.3404771341135635 0
3.413874373506116 0.3746233751915355 0
3.409597987825965 0.4094672136589594 0
3.418995968220796 0.3404771341135086 0
1.665089792240477 0.7466190792321123 0
1.5738843300118 0.9165552568564963 0
1.540293486974783 0.904735937641891 0
1.532330882282767 0.8687428115133784 0
1.505847524342452 0.8946560446326505 0
1.496892572440311 0.856720609425216 0
1.467946836698137 0.88897624024266 0
1.45966269708885 0.8446796621293952 0
1.429464095311425 0.8721055678132634 0
1.436019510301311 0.9073361511091874 0
1.421061060213539 0.8306624175660078 0
0.5307580273472983 0.08114928579125624 0
2.965088066569073 0.07799710842515739 0
0.7009195691044823 0.08182471115044654 0
0.7341980667135961 0.09388352870532396 0
2.799450271423651 0.08188090681717802 0
2.765948937142369 0.0938828477137707 0
1.741755204727292 0.8837566122829397 0
0.5672498195068367 0.3774966715946241 0
0.5622554533876103 0.4140622280761727 0
2.932830834641363 0.3772731636331274 0
2.937744546612391 0.4140622280761709 0
2.014983386976854 0.8475783977016922 0
2.044405860804825 0.8735800124992628 0
2.051350896285538 0.8338724076981732 0
2.033691981271641 0.9143987572031731 0
2.070856438320743 0.899169186822111 0
0.3152118269999986 0.07973787707077312 0
0.2851179848411145 0.09783221449119617 0
3.18458297207444 0.07984399214878724 0
3.214791581748451 0.09786446017167083 0
0.7418488203850644 0.128872010204849 0
0.76805810083298 0.1047187283165837 0
2.758277487687167 0.1288818565125664 0
2.731987451155051 0.1047202558692777 0
1.03213901937821 0.9790909325781391 0
1.467914215064571 0.02085649649071553 0
2.032085784935426 0.02085649649071636 0
2.467860980621793 0.9790909325781374 0
1.743006797575081 0.9226593089074857 0
3.379124548295297 0.4259112284354201 0
0.1208754517047252 0.4259112284354519 0
2.343406439080532 0.1430232480584306 0
2.373487877613806 0.1165296246218246 0
2.378654044195304 0.160802549299369 0
2.410930768219839 0.1366137459705066 0
2.408416956809559 0.09866328618070347 0
2.44158880635534 0.1138006016831046 0
2.438126664565349 0.07924076280941972 0
2.473745874126902 0.08721056080738082 0
2.47584789289311 0.1272990509183063 0
2.506092780553111 0.1039406256699741 0
2.510238647816504 0.1419089871367768 0
2.539401234034121 0.1177717115102359 0
2.415891871523294 0.1798028248261183 0
2.534223072369488 0.08247183900916 0
2.567011079100777 0.09547605132465897 0
1.156593560919467 0.1430232480584284 0
1.126512124627875 0.1165296198998775 0
1.121345955804695 0.1608025492993669 0
1.089069232153773 0.1366137451835135 0
1.091583043626322 0.09866328526254586 0
1.058411193779574 0.1138006013989118 0
1.061873335529782 0.07924076260902779 0
1.026254131894623 0.08721058749335614 0
1.024152108132963 0.1272990553186027 0
0.9939072206214874 0.1039406308510209 0
0.9897613523706288 0.1419089879515186 0
0.9605987660485877 0.1177717118744147 0
1.084108128492915 0.179802824791973 0
0.965776927840061 0.08247183993336638 0
0.9329889209479305 0.09547605153939387 0
2.157284977367476 0.8602163541673924 0
1.772146014388457 0.9008179889884654 0
1.775146990498257 0.9337028600208551 0
1.801622606391574 0.915819010369825 0
1.675064272073398 0.5757012647928172 0
1.646027153355521 0.5882881032741396 0
1.34816131155806 0.8532295227806967 0
1.478546461713172 0.5851257601176562 0
1.028505066372652 0.4073798002126623 0
2.471498630097089 0.4073836537052348 0
1.680653917952207 0.923085009411006 0
3.068434786683381 0.4258207894449747 0
3.102108009426048 0.4140524072036129 0
3.108920575549241 0.3797921697799788 0
3.136014316728048 0.4032807867945218 0
3.143048591799879 0.3685826296292254 0
3.169225401644143 0.3932871343347082 0
0.4312154898242591 0.4253733359847129 0
0.3997975842747485 0.4143324665421446 0
0.391091254931905 0.3799054886452299 0
0.3645854576997678 0.4092896076923451 0
0.3569514082001237 0.368582629629236 0
0.3308745607605004 0.3942886044843584 0
2.386965901447441 0.5356095654699596 0
1.112713476388338 0.5276387438378027 0
2.692928106724373 0.3587053396714628 0
0.8070765361173907 0.3586614307802345 0
0.5914545545560688 0.07424373177386157 0
2.908109951323851 0.07866150444657949 0
2.850425386943341 0.4262255170663938 0
0.6495771993680903 0.4262215306546004 0
3.162365345473038 0.4258418359249825 0
3.193162225511139 0.4173288705050786 0
0.3364009760489943 0.4279225213934971 0
0.3059549422312415 0.417529680460667 0
1.337933529815917 0.9282438210661561 0
1.367287334948496 0.9132288049231959 0
2.164391029328718 0.9269991331062987 0
1.602623007083511 0.9271154198759796 0
1.164731004198087 0.07130713757621643 0
2.335269004642402 0.07130715725557724 0
3.215042808541686 0.1336998606871912 0
3.246954029949445 0.1160284432393829 0
3.2432675535766 0.08013262778432373 0
3.278046441646367 0.09176596844659829 0
3.279094002428502 0.1330814615761192 0
3.309600769871337 0.1126965309000904 0
3.31019245839803 0.07801837424445385 0
3.339966142236142 0.0934602376119627 0
3.342949414474191 0.1294436079992581 0
3.372527404505682 0.1082698637515529 0
3.376649114001995 0.1444856442354693 0
3.405335786743222 0.1229215011600313 0
3.40894034570397 0.1584983560023746 0
3.380502265678357 0.1804721605149228 0
3.412700884437503 0.1939638891447116 0
3.401251676085058 0.08837165261652952 0
0.2848726955246041 0.1336556585812898 0
0.2530243652887241 0.1160095609488976 0
0.2567137733946696 0.08012410645584789 0
0.2219478043835292 0.0917620536439282 0
0.2210424619256226 0.1331038666792494 0
0.1904806615329373 0.1128087801223722 0
0.1898201545076281 0.07803642998109733 0
0.1627927488594301 0.09381609988652995 0
0.1576888514554031 0.1286850533010158 0
0.1295938376567294 0.1031116885710573 0
0.1239322289970533 0.1448087380159848 0
0.09417959761797534 0.1227515292756181 0
0.09107577552273005 0.1585238763184949 0
0.1195973116926008 0.180530262864451 0
0.08731839866211089 0.1939778262557555 0
0.09753824000775935 0.08770852531672635 0
2.013127322031098 0.533962538786161 0
2.830218303126142 0.06925372067336816 0
0.6721744964730532 0.06898783404900694 0
0.810249042096132 0.4338041718751016 0
0.8385246655787819 0.4115577426849673 0
2.689884738191951 0.4338600526422007 0
2.661639127785869 0.41162910907707 0
0.06488696811547534 0.1390580597692575 0
3.434817912748392 0.1382969881198081 0
2.96575156348357 0.4310102395279097 0
0.5326600400410972 0.4316199491247857 0
0.7601532182709021 0.06770271721297372 0
0.7932448724728283 0.08109895232544495 0
0.8015815740998409 0.1148468252991647 0
0.827134599299078 0.09018160681646215 0
0.8358365159356022 0.1234631452323329 0
0.8602615776591926 0.09848816197073917 0
2.73987428970681 0.06770283815027944 0
2.70675512752717 0.08109895232544467 0
2.698426017898162 0.1148470798912795 0
2.672866666033921 0.09018164924847971 0
2.664163484064395 0.1234631452323307 0
2.639738633229639 0.09848816904273894 0
1.090844436100797 0.06169777649473768 0
2.409155563975059 0.06169777665453191 0
1.517230030698429 0.9290504680139385 0
0.4402063849681546 0.06815313079074914 0
3.059896019243793 0.06844644521192444 0
2.647534782881545 0.06227896449187548 0
0.8524654280072878 0.06227895741987516 0
2.270532378116732 0.5255528066604839 0
2.277068801627577 0.5791226085183139 0
1.229474624841787 0.5256369789245284 0
1.2229594928618 0.5792089771318673 0
2.71592500270669 0.4470612710104134 0
0.7840749972933146 0.4470612710104109 0
0.4703360128962479 0.07783800446865557 0
3.030701338960237 0.07954295125309763 0
1.434590943733684 0.1085245895488495 0
1.433128124802735 0.07744482201973713 0
1.406903496238881 0.06138515152971646 0
2.065138986635331 0.1093999374025583 0
2.066793505188402 0.07761633233227644 0
2.093096503761118 0.06138515152971824 0
1.06551295849918 0.891048930031726 0
1.06696100662878 0.9221525790621909 0
1.093195263577383 0.9382222378661487 0
2.438334912426381 0.8885906625885059 0
2.433713869665947 0.9217169717979887 0
2.406804736422623 0.9382222378661441 0
3.385640759149283 0.2161865513188772 0
3.417732999868628 0.2281238450344112 0
0.114754107445262 0.2159427142459957 0
0.08298346152063596 0.2281679882476318 0
2.065923252516556 0.9365687287766242 0
2.096879141210005 0.9213916005373912 0
2.658630960819246 0.4426640018397011 0
2.632706832595724 0.4255352594185446 0
2.633732001357314 0.3928087297542526 0
2.604982049009988 0.4091759034108756 0
2.607269943433606 0.4438761920258644 0
2.577662336171619 0.4259668506624624 0
0.8414186347895466 0.4426427939798306 0
0.8673287322331874 0.4255198303765445 0
0.8662084728129188 0.3931979158449599 0
0.89498561583948 0.4091966881232031 0
0.8927305179490231 0.4438769571216222 0
0.9223376638283868 0.4259668506624557 0
3.445499955290478 0.3598119021370176 0
0.05450000689228118 0.3598118970565671 0
2.618019652612962 0.07362347053278501 0
0.8819804176833154 0.07362346817545584 0
0.9386789017351402 0.06237386848291965 0
2.56132109830175 0.06237386832021308 0
1.384526899095292 0.3755114466910318 0
1.414749942726412 0.3909561204167392 0
2.116860047184034 0.3753545936924664 0
2.085832426919399 0.3900209750118598 0
3.482817483939045 0.02922252011078019 0
0.01715922616581067 0.02957117732009584 0
3.036945423869562 0.4421467277247408 0
0.4580748877236123 0.4365093187630175 0
3.40487907679968 0.4448567759894425 0
3.438548499850904 0.4284997837995739 0
0.09512093185636017 0.444856753215669 0
0.06145150138569311 0.4284997805462144 0
0.3429244140327492 0.05931537667284575 0
3.157873448944147 0.06050384138724663 0
2.820831742349539 0.4403474456903397 0
0.6791699432962992 0.4403469751303694 0
1.526077216038515 0.8303147952137034 0
2.482076562292421 0.1668977538285731 0
1.017923437909781 0.1668977546977453 0
0.01684879276417517 0.4709748757059679 0
3.483151207235819 0.4709748757059582 0
1.649462883960265 0.5542913253911108 0
1.622700511071396 0.5673525522340013 0
1.61600063099807 0.5989856465413799 0
1.591739176791617 0.5773007907127787 0
1.584958681774403 0.6090366923861228 0
1.560561509025179 0.5864343920976198 0
1.780214786921793 0.8191172124075181 0
1.787565686306118 0.7689015747469357 0
0.6179308237124332 0.4147550954912195 0
2.882070886971256 0.4147599101996501 0
2.060768365718148 0.3718956369214165 0
2.057427673952237 0.4041924936110043 0
2.082308196022054 0.421865445066688 0
1.43932869740399 0.3720514945123572 0
1.442601803035126 0.4042398264495692 0
1.418387024626851 0.421982500295986 0
0.3830549539532422 0.3458897165725244 0
3.116947412142987 0.3458670527994669 0
2.630288252104 0.1353178563953732 0
0.8697117694152656 0.1353178556737439 0
3.020623099128537 0.1134521609476136 0
0.4795604682452639 0.1114794686257236 0
0.1659114819252592 0.06115196074810114 0
3.336284851973391 0.06372432907189657 0
1.598737380361179 0.5456525865119036 0
2.104754025319092 0.8888749056731464 0
2.576408776422691 0.390505969240329 0
2.549155632273261 0.4114578548563149 0
2.550737316258864 0.4442867743629808 0
2.524436779622192 0.4294723350719021 0
0.9235574927351644 0.3904679252299279 0
0.9508387459197198 0.4114515141879108 0
0.9492618806258515 0.4442858685532058 0
0.9755621495574286 0.4294711273255372 0
2.713253996277641 0.05013205012075084 0
0.7867471971477402 0.05013204487392187 0
3.185923550590388 0.4469938957374565 0
3.215125525633528 0.4376003656344122 0
3.223720584647593 0.4089192369886365 0
3.24668616098691 0.4359918943046956 0
3.254722720419427 0.4020692614715853 0
3.274740609885382 0.425424520951715 0
0.3140211813929548 0.445782970019982 0
0.2847181243207657 0.4374320130074347 0
0.2761062183018654 0.4089246465434113 0
0.2532667608564871 0.4359686167229507 0
0.245277279580594 0.4020692614715831 0
0.225251543755193 0.4254206413547463 0
2.460055801723111 0.05687018049752357 0
1.039944351770671 0.05687061728698251 0
0.9271503755420824 0.127112047392115 0
2.572822154442386 0.1273875260760439 0
1.309379005878075 0.9438455533137461 0
2.190104796525262 0.9448116148297088 0
1.283212537821907 0.3832605019525586 0
2.216890073250465 0.3831466107394807 0
1.190392412328007 0.05487837473069923 0
2.309607767771047 0.0548787623456482 0
2.938209543896123 0.4454559873234079 0
0.5602024330235909 0.4455320415276596 0
3.351657749643348 0.2070919072561327 0
0.149268774834759 0.2024570041539961 0
2.035552343489201 0.9443904541933597 0
1.445082488283005 0.4372290170625329 0
2.055017830995173 0.4372086986782918 0
0.4134527292153654 0.05505864591318077 0
3.090257835300494 0.05790991735356693 0
0.4366860862683435 0.4568175076178687 0
3.063313913731661 0.4568175076178642 0
3.440347280762381 0.2066681771651804 0
3.447188344073795 0.240542583291218 0
3.423434028841503 0.2592469544272624 0
0.05977534331908751 0.2066778572193076 0
0.05293152527918576 0.2405502723294588 0
0.07746962494962606 0.2593604161830055 0
0.9660485150403989 0.05283721315803713 0
2.533952848738696 0.05283849904495602 0
2.229929141411113 0.5570805925669697 0
1.270051436903464 0.5570565950772607 0
1.366815871917674 0.9427296644050724 0
1.393028594528705 0.9306850070720071 0
1.391948201845752 0.9600663447516241 0
1.414882833767313 0.9469789690887814 0
3.448340085377585 0.2708923508896394 0
3.424780423608951 0.2882755964562281 0
0.05183050181311177 0.2709125426887036 0
0.07551544544853961 0.2883202352224228 0
0.6240484264371877 0.4466232701546515 0
2.875952187419258 0.4466245274575449 0
2.151657519467478 0.234443462332278 0
2.114602903873032 0.2209798706103828 0
2.082777630866437 0.2357519369615728 0
1.34834283734309 0.2344434670612167 0
1.385570639323192 0.2207491422363368 0
1.417493657080984 0.2354941218794488 0
1.151891531397083 0.7651498184048775 0
1.114631592799888 0.7787825784966127 0
1.082648865838415 0.7640094104900554 0
2.34810770772139 0.765151854500473 0
2.38519350113532 0.7785505527006658 0
2.417076998551253 0.7637503626645559 0
0.6547475703542931 0.4574350383990272 0
2.845252429645714 0.4574350383990247 0
0.9947135468604001 0.06822576919351209 0
2.505286453139596 0.06822576919351053 0
1.852582099952676 0.6045102556479137 0
1.885254537123408 0.5933439762760933 0
1.858436333386386 0.5724752612607829 0
1.887066629299652 0.5610226968903189 0
1.912753555157974 0.5786182453435381 0
0.6079031108334563 0.3809841056757171 0
2.89211189627031 0.3809518071066698 0
1.149997931697712 0.5993677144669808 0
2.348718915988093 0.5983150458686046 0
1.802554402160489 0.9448835183075658 0
1.828749427646028 0.9302324958688847 0
1.828055154509316 0.8990204316215387 0
1.855352688846997 0.917278261113143 0
1.856900206532559 0.9452372072061788 0
1.779093311977956 0.9613463536747309 0
1.120046111063669 0.07819500413816372 0
1.116817491633427 0.05301358279816909 0
2.379953889395233 0.07819500510481453 0
2.383192141966222 0.05300816045598422 0
2.229931499545166 0.9257957238224315 0
2.256157349132778 0.9414034494205994 0
2.28205144704001 0.9321683910794576 0
2.312103221039802 0.8880827543488166 0
1.270068387715984 0.9257959638616902 0
1.243842631692333 0.941403488257347 0
1.217948549379095 0.9321683963824534 0
1.187896776882972 0.8880827483000612 0
1.230290541751529 0.07392811175696012 0
1.256487233192933 0.05835520188842136 0
1.282322668954265 0.06757029682917293 0
1.312343959045239 0.1115141119410634 0
2.26970957510523 0.0739283762655395 0
2.243512786423151 0.05835524597190078 0
2.217677334455039 0.06757030417513543 0
2.187656041983804 0.1115141119302337 0
0.4345515142765779 0.03902351837198154 0
3.065396680674226 0.0384845111495109 0
3.440084628680101 0.1701540274735028 0
0.05991537131988744 0.1701540274736666 0
2.085145691473133 0.2873714233908375 0
2.055738425803052 0.2628327687256496 0
2.058001086428326 0.304844223716108 0
1.414854328610186 0.2873714236924276 0
1.444261574196947 0.2628327687256468 0
1.441998916516123 0.3048442237606945 0
2.41454125990662 0.7120708748864377 0
2.44411156781205 0.7366441952092876 0
2.441397015973638 0.6937313977839457 0
2.442915717454125 0.6630559064103041 0
2.463837122655181 0.6796304771447106 0
1.08535083252538 0.7122103579745741 0
1.055888432187952 0.7366441952092877 0
1.058513100708929 0.6938477343349283 0
1.05989554938011 0.6648684082101082 0
1.037673740061475 0.6782765581364025 0
0.05331422039561584 0.3287455074519487 0
3.44668577330151 0.3287455082986211 0
1.44292013264775 0.3372615350794241 0
1.463829799951474 0.3201480486157473 0
2.05708977446419 0.3372456312019691 0
2.03617185172459 0.3201453979620751 0
3.435223850741458 0.1040219155858771 0
3.428002985469223 0.07001002957742025 0
3.398854493284811 0.05834699595456005 0
0.06358598185301911 0.1057526662561218 0
0.06891326573795542 0.07276207585739314 0
0.09536090493895744 0.05420428304039582 0
0.1223327575724391 0.066368629666401 0
0.121067101236205 0.03935221297103797 0
1.938680472503041 0.9149680425248922 0
1.906034122828273 0.931574096602574 0
1.967523451967673 0.9339224916977112 0
1.939446832239309 0.9442878585336861 0
1.997636155461375 0.9217376082971436 0
1.769299576963613 0.5652679644098115 0
1.804297472526432 0.556412094021063 0
1.739728516983809 0.5526871584066682 0
1.778365200345696 0.5380331858849522 0
1.417782164965223 0.4503268637750464 0
2.082349211619908 0.4503032724035073 0
1.711120290133913 0.9396645888345521 0
2.269332194726196 0.4851288409192571 0
1.230681241173736 0.4851437046577151 0
1.857071763757989 0.8852490920290758 0
2.938569612926485 0.05918114239970934 0
0.5589099880335622 0.05919120584158277 0
0.590737862986576 0.04185728475413319 0
0.6152216907745256 0.0532095996399321 0
0.6231153120322643 0.08339399050830409 0
0.5309299068273063 0.04878425456858598 0
1.911882935545699 0.5484752574374751 0
1.93957522486985 0.5590970817305723 0
1.939337412283689 0.5946100610593106 0
1.965863727730807 0.5777245317418134 0
2.43706375028629 0.04778691834584992 0
1.062936275324503 0.04778699108406248 0
1.577499565872948 0.9453824778236621 0
1.548200918237939 0.9359397438462704 0
1.752980471983742 0.9494946410009716 0
0.2299463023409889 0.4483655752730086 0
0.2041374945428642 0.4440040791521577 0
3.270042712755804 0.4483710067087574 0
3.295859815276761 0.444005409299693 0
1.715514559334226 0.5630514878174122 0
1.721988091750844 0.5366529282290671 0
3.44228721630124 0.3949838141591118 0
0.05771277737257141 0.3949837454162879 0
2.781387954980228 0.416958984054496 0
2.798633862933483 0.4530683434544068 0
2.754087494440662 0.4316079657555557 0
0.7186292674227697 0.4169586153140946 0
0.7013664053865951 0.4530682941289385 0
0.7459343624593699 0.4315865938099733 0
1.923656088999649 0.6569303444861138 0
1.525463873158299 0.957325346935214 0
1.495689296628374 0.9529989207183726 0
1.485722166251522 0.9228657235394276 0
1.468406619125485 0.9449408315296057 0
3.094702828892647 0.44733724885913 0
0.4091054904049487 0.4467809327470591 0
0.3805515649302538 0.4403051703024333 0
1.667850925733391 0.6476441988032529 0
1.697045998357554 0.6746316843806042 0
1.060205813704939 0.8587450420101969 0
1.060610485514337 0.8259586237133905 0
2.439617695342709 0.8512889908070055 0
2.439102326032077 0.8181799391175668 0
2.059953354623922 0.142629072097315 0
2.059481532390599 0.1787010494716743 0
1.439901843866354 0.1408055047730826 0
1.439510149652502 0.173637537193828 0
3.177635196650054 0.3570419719532503 0
0.3223814637507327 0.3572088836448704 0
0.6971974704069372 0.05203829039723984 0
0.7281976726534631 0.05769114866596736 0
0.7171084335869082 0.03393432848497602 0
2.803652562272108 0.05126668689951019 0
2.772001525209515 0.05758886753950343 0
2.783066438170093 0.03378868104761096 0
2.968369500067824 0.04803651008883081 0
2.986488446087215 0.06220493714310227 0
2.970081435156398 0.1451209886323045 0
0.534479307824913 0.1521734660997587 0
2.094972933897675 0.9529485085173793 0
2.118641956539308 0.9420715827382098 0
2.113288185206555 0.9648843859547753 0
1.650066388575141 0.9121018301668076 0
1.655288719307685 0.9418408704549518 0
3.002945368714835 0.4189335421209347 0
3.00787891591032 0.4519658747991763 0
0.5037790663946997 0.4226645225446125 0
0.3698366421262473 0.07553621792647558 0
3.123037865346584 0.073011521804068 0
3.113223328318015 0.04158623876630896 0
2.45915341524679 0.912615684720314 0
1.038620377255887 0.9088140513316471 0
0.5088312308416716 0.4513489812449124 0
2.857753006628458 0.08727177098230515 0
2.858073250128568 0.05653501074469114 0
2.518495649115374 0.1859997814585289 0
0.9819220272911846 0.1828853855976332 0
1.338732736763153 0.9611554458240043 0
0.559485824207002 0.3410091489682628 0
2.940497267020579 0.3407873785807275 0
1.461453195897106 0.09093953880904682 0
2.03849707995014 0.09108908997565462 0
2.909790168750336 0.04425044121103744 0
3.039476346669807 0.05138541234541277 0
0.4602128384835078 0.0507907545006373 0
0.4908778694079627 0.05470850577411968 0
3.396417192024842 0.3113774233332679 0
0.1049886591095297 0.310528153693138 0
2.434044025753357 0.9528572886735133 0
1.066052385145893 0.9529195182826894 0
0.8191797900911321 0.05729081183756524 0
0.8411579393288005 0.03698672136475156 0
2.680821071637848 0.05729063121119848 0
2.6588420606712 0.03698672136474979 0
1.190061773293557 0.6157248102679906 0
2.309856779504187 0.6156756792841862 0
0.06523529960955243 0.04155652206335658 0
2.065950177770331 0.04678741348373289 0
1.434038626514115 0.04676291201051214 0
1.453157093444044 0.8003511793105604 0
1.407753804387625 0.7824953988489838 0
3.130470189550546 0.4394750269331541 0
3.117524170841543 0.4638884614562057 0
1.086682764567429 0.6457302393017107 0
1.081314110673144 0.6112715278777612 0
1.109971803552082 0.5880951645591409 0
1.073828103717092 0.5806342219922471 0
1.053850218266126 0.6017129507739234 0
2.412552380338925 0.643168312519601 0
2.414750124598998 0.6075527168307604 0
2.44076987075459 0.628411341090821 0
2.446214234295894 0.5968261289686703 0
2.422552522149666 0.5770793128372995 0
2.448869149951646 0.5669992015850912 0
0.04256534387048072 0.05979760418431901 0
3.275761616603302 0.3656351835028633 0
0.224237073967736 0.3656372245126987 0
1.081522541884556 0.7976172637163254 0
1.054949641958962 0.7786849716271189 0
1.418632589916497 0.2019061383447687 0
1.445137706024323 0.2209676311410928 0
2.425374701916962 0.5442289377266014 0
1.604747497957873 0.9595428799701163 0
1.967632708185164 0.5473827810231291 0
1.985612377403772 0.5620152883015077 0
0.3129213284005095 0.05177513957755264 0
0.2861880412207931 0.06573136771985727 0
0.2626247335018794 0.05128666382225566 0
0.2354667962286174 0.05927980352955231 0
3.188161177300123 0.05118083544054325 0
3.213940825978612 0.06565728539268612 0
3.237394921197566 0.05128168850036052 0
3.264535598903382 0.05928298489248796 0
2.690693417525243 0.152284870750862 0
0.8093078485302873 0.1522848283679331 0
3.435804913461399 0.4601796003392359 0
3.456597955779318 0.447313876189754 0
0.06419509051202898 0.4601795188547224 0
0.04340204526268487 0.4473138592421936 0
1.058332491819456 0.6334730926513138 0
1.676479170250716 0.5414747253959409 0
1.657210928360349 0.5313770393014126 0
2.831371517048677 0.03708251104400578 0
0.6693540091384489 0.03695916597550819 0
2.813622027489735 0.1884505529665156 0
0.6864623893878612 0.1883326125147311 0
1.728869427749394 0.9647520593956252 0
0.1515350645720248 0.4077724609009261 0
0.1504855624147352 0.4416008126933108 0
0.1253190553893553 0.4546894143178343 0
3.348464769277168 0.4077722484085016 0
3.349514427493525 0.4416007997868061 0
3.374680951483172 0.4546894641627633 0
1.400701520263437 0.8982032501546163 0
0.1866353644187355 0.05050143306892929 0
3.313735647442852 0.05122503828134217 0
1.219350539945993 0.1960740791794037 0
2.280652559592345 0.1960740715696042 0
2.057103639711845 0.9600038631790877 0
1.288799338973036 0.8029050413321297 0
2.219756105505601 0.8038803478936332 0
1.373692205275958 0.07498053339396171 0
1.344645065125531 0.06002551743809681 0
1.380802916776721 0.04498827402268185 0
2.126307794724041 0.07498053339396415 0
2.155355861506308 0.06002504684458571 0
2.119197083223278 0.04498827402268407 0
1.831318174348959 0.962236277846039 0
2.373547495862148 0.9246281060639336 0
2.34455660381133 0.9397547021153299 0
2.380634760336405 0.9547675354149026 0
1.126452504137856 0.9246281060639354 0
1.155442438066681 0.9397542132022627 0
1.119365239663601 0.9547675354149041 0
1.568288424847524 0.5546676195341882 0
1.537990090291521 0.5648824003352797 0
1.530699849100321 0.5965883391394342 0
3.458544843952197 0.07853400622020262 0
3.447077054811468 0.05290548640163872 0
3.422664399495471 0.04080502121025309 0
2.168424599220272 0.9580168636389176 0
0.5905494672576006 0.4367476473796068 0
2.909224004379522 0.4367376499234742 0
2.379303455986172 0.2031225263399401 0
2.41688952550403 0.2293275838294518 0
1.120697519505328 0.2031225210161739 0
1.083110637080588 0.2293275829364649 0
1.231728115456037 0.3946960312773218 0
2.269872951467863 0.3921879825103326 0
2.756986545246662 0.3140174412703203 0
0.7458662586670186 0.3114603051191868 0
1.445757751220628 0.7526693676509495 0
3.151138706104285 0.1775910809346834 0
0.3394061513675566 0.1783146118799954 0
3.192854076630667 0.3148882386218446 0
0.3070476517057097 0.3149828443780813 0
2.331142850875862 0.04094836598353757 0
1.168861278228285 0.04093732810211126 0
1.68041542944265 0.9531651881408858 0
1.659850186611476 0.9657388460432225 0
1.990536560348334 0.9553435732592728 0
2.517562360590677 0.3952162120681175 0
0.9824369016277008 0.3952151485551759 0
1.378866948683093 0.82031288103032 0
0.3898067528122997 0.4659717032708901 0
0.9205749501928485 0.4570429494807872 0
0.8984837138442789 0.4675737778185131 0
2.579425024899527 0.4570429597369144 0
2.601516373450722 0.4675736268505875 0
0.9300374386824531 0.3469388214655293 0
2.569957255343656 0.3471024726690293 0
1.571310899576303 0.653356276602062 0
1.51034956325326 0.5739138055798803 0
1.521460925330163 0.5455512699615997 0
2.38326971816018 0.5797144094917113 0
1.774393922671193 0.8634878514935302 0
3.367657844946343 0.07242402739377857 0
3.374016875606851 0.04138715294899487 0
3.018622990292999 0.03251363780567507 0
2.406954863242758 0.9655108963961462 0
1.093056614245254 0.965527737140968 0
1.952439267192386 0.7878933741481213 0
3.158433652268459 0.4552170346403186 0
3.177319997202949 0.4694411699820107 0
0.3401761774059782 0.4556596358807308 0
0.3225327758089944 0.4692780120498883 0
0.1103115893046964 0.2505466815514847 0
3.3915692815634 0.2502627200594401 0
2.093009886699215 0.03426906941673691 0
1.406988780477501 0.03425672011667374 0
3.323318963754805 0.2465261131725213 0
0.1770235211603697 0.245245783867565 0
2.605431381768698 0.1050547728340806 0
0.8945676079653979 0.1050445282700587 0
0.8670464092424145 0.4542419298480765 0
0.8456845767630541 0.4687181652454878 0
2.632953590757593 0.4542419298480813 0
2.654321327476091 0.4687206899907143 0
3.459027604655354 0.4135520182039967 0
0.04097241225352288 0.4135519941769173 0
1.86340803195452 0.5444050187359988 0
1.834464596497458 0.5531124942126002 0
1.844558488957241 0.5298865618216149 0
0.5357672968000353 0.4624951620997772 0
0.04430990191266315 0.2979765356386977 0
3.455705275680829 0.297974426175062 0
2.081551492940141 0.2044845182069307 0
2.05462049471591 0.2228999193994065 0
2.418233188177231 0.794936688703697 0
2.44142244349539 0.7753483013637323 0
0.03816349893827775 0.1911650658326002 0
3.461846928279496 0.1911642426986373 0
2.009573847916254 0.6236849399157138 0
1.482031955488857 0.6254429109546497 0
1.745476362197302 0.7929015658004623 0
1.746102717909346 0.7337862391655758 0
1.391270390491592 0.8593771768575997 0
1.266932916918809 0.9583496768486727 0
1.245407517722455 0.9657930626408009 0
2.233066186090267 0.9583492841742314 0
2.254592299044387 0.9657929763385633 0
3.460906297645578 0.1472633672783078 0
0.03904456850692428 0.1473902125532942 0
2.115030935746166 0.4105294893063762 0
1.387762071051579 0.4105161685714714 0
0.876526671132082 0.05033432725403808 0
0.9016579643139725 0.05146534552788845 0
2.623479425388474 0.05033429368708547 0
2.598342035686031 0.05146534552788068 0
1.233263967936053 0.04159066658541194 0
1.254735515921927 0.03411796541328205 0
2.26673694513679 0.04159109409678019 0
2.245264670615854 0.03411805973225129 0
0.3676430013192085 0.04483932102398347 0
3.321976659288156 0.4257019515095469 0
0.1780226968238741 0.4257019798771818 0
1.274296500497607 0.6067069170263003 0
2.225528934862345 0.6067738670440684 0
0.0393634243839811 0.1252230577734225 0
3.460636575615966 0.1252230577732773 0
3.025844701040926 0.1898493419195659 0
0.4741958627839897 0.1878342570223042 0
1.045365221315322 0.5735573408073594 0
1.061407644670723 0.5475492212815154 0
1.034288389509549 0.5478030052260038 0
2.108662904850065 0.4691372580223187 0
1.391472558165953 0.469198069968946 0
1.10087572974745 0.03495995978088406 0
2.399130168327954 0.03495030440192615 0
1.45712395238692 0.06282496371465274 0
1.476897006576862 0.04654547498643785 0
2.04285284145666 0.06288255754004812 0
2.023101788028627 0.04654847341549961 0
0.6444943779799772 0.06080475534005553 0
1.04303176432691 0.9369530509311774 0
1.022974835304664 0.9533589547314331 0
2.456725740132757 0.9375036836837233 0
2.477007486234768 0.9533990883139777 0
2.131401741356261 0.9138793317342047 0
3.350998155510172 0.4675515812570687 0
0.1490018441065994 0.467551539774961 0
1.610256769409782 0.6350505076250506 0
2.664090567908607 0.2997580181257784 0
0.8357668307877359 0.2994907890396 0
3.233060125224616 0.4604867666478562 0
0.2669059700749989 0.4604548282797349 0
0.748101444638998 0.04572959229608353 0
2.751898555361 0.04572959229608337 0
2.881764230550037 0.3004172337319738 0
0.6182357694499618 0.3004172337319758 0
2.931284589273519 0.03438243125518059 0
1.889111259919704 0.5341129296194074 0
0.8228882198153391 0.4622481317901658 0
2.677143267283162 0.4622614218542528 0
2.178074280546402 0.6300023745577261 0
2.265217360835371 0.6380657908886618 0
1.321685697777576 0.6297874266002184 0
1.234765576968568 0.6380656163519562 0
1.993983151616868 0.5879849255342031 0
2.321679112048872 0.3704411756485192 0
1.178735673042405 0.3709411188637409 0
1.184703892571315 0.9262873238038012 0
1.199801541168084 0.9565499146962138 0
2.315295708082891 0.9262875274715584 0
2.300196607058932 0.9565522547964722 0
1.31495244646657 0.07384553523298637 0
1.300186109984139 0.04335636135113102 0
2.185048094167035 0.07384526136906899 0
2.19981571680586 0.04335404108564705 0
0.4900040206487188 0.4685998666395638 0
0.04156325664433402 0.08414514305570031 0
1.540353703922806 0.7950662599763434 0
1.324689768557092 0.3652222394478332 0
2.175285473701114 0.3639651137579881 0
2.72297949493568 0.1846102113144943 0
0.7770205050643175 0.1846102113144957 0
2.128941377888069 0.7520363873352404 0
2.124673318030092 0.8004013370586841 0
2.088538822807198 0.7736007000490618 0
1.368551686334291 0.7472283609774422 0
2.241769003180574 0.3226652732781222 0
1.258232524405325 0.3226653033364926 0
1.545100696387843 0.5393515611875135 0
1.505627492497523 0.5233530818280916 0
0.3968526946033677 0.3065181822036807 0
3.103114465295223 0.3064865451011286 0
0.2571232796726004 0.1939344825000626 0
3.242405204107571 0.1920656911596976 0
3.323014133436971 0.4585960514852939 0
0.176985388771125 0.4585958614345068 0
2.484620514492208 0.3746879802051721 0
1.015397226416789 0.3746857863380569 0
0.9743159128670906 0.4569977195416533 0
2.525684184472951 0.4569984382000839 0
3.312307162144052 0.151182860594026 0
0.1882665837202948 0.1507978113141075 0
2.08825954403737 0.7244953566734375 0
1.132825104560105 0.3949681754431527 0
1.462207878275218 0.1584480621131852 0
0.8938967136424917 0.372241348941101 0
2.605309104316194 0.3738035757285297 0
2.96105466869805 0.4601610568000956 0
1.038384015648685 0.5253713840579968 0
0.5634802927990421 0.03454846919047549 0
1.367375020563984 0.6049736235815213 0
3.233619922734599 0.3765177707193928 0
0.266346453372688 0.3765264600748163 0
1.038323362004713 0.8418168143743705 0
2.366867547095123 0.39519284111023 0
2.447946096208724 0.9707595974298461 0
1.052063741638142 0.97076594738997 0
1.831195831986642 0.7468298781733949 0
2.866585546128015 0.3486926301572035 0
0.6334144538719864 0.3486926301572028 0
1.460823299400687 0.1173111729640967 0
2.039176700599312 0.1173111729640974 0
1.141077122133126 0.5593538166147394 0
2.456590619750008 0.8707219478721215 0
2.465163962993304 0.8484834699164854 0
2.052013919382806 0.02902315064777328 0
1.447984938197235 0.02902065049744307 0
1.03931192217061 0.8823192055579666 0
0.4985920506133028 0.08289218089351652 0
0.4559866651332101 0.1427675227998869 0
0.4990719670052002 0.1431632980599158 0
3.044013334866786 0.1427675227998833 0
3.006358897421081 0.1476609452600056 0
2.132967999462256 0.6048103442541918 0
2.916573608962058 0.01909221181783083 0
2.882281800417011 0.04132437686416052 0
0.5834322785265331 0.01839224130220907 0
3.366338595154327 0.01776914030676363 0
0.1332993245395322 0.01895685841288303 0
2.381709758137974 0.01720735576263366 0
1.38022081111224 0.9821892461914034 0
1.118301533092394 0.0172139396685822 0
2.635109894331713 0.1777650566794828 0
0.8662711347141736 0.1771841330375733 0
1.110720707803791 0.9808349238956893 0
1.389319555068953 0.01905979716412809 0
2.110680222793828 0.01906405628767527 0
2.389281205110884 0.9808299161980153 0
3.386857234908862 0.01771021437451697 0
3.325229051799077 0.01728741973809883 0
0.1747759221909564 0.01709741046635027 0
1.98955562007761 0.5382925688137792 0
1.949959251794544 0.529942129812308 0
0.1128601773000548 0.01810192583310083 0
1.400991460923137 0.9816881309218826 0
1.893806338810908 0.9822183893455023 0
1.883582969166156 0.9611170755597928 0
1.606120157162059 0.9846476301304549 0
1.63487164864206 0.9595172173131622 0
0.8938053484075863 0.01739345523859959 0
2.606194209773618 0.01742204453751323 0
2.524017709705275 0.01728549957293446 0
1.975993395301094 0.982280912121469 0
2.018497084441839 0.9644078228607753 0
1.965742784350257 0.9625730905012575 0
0.9759838549545403 0.01728711198399552 0
1.521992160092834 0.9817857426273685 0
2.973136807843745 0.02165794721985836 0
0.5269430148835381 0.02231096648022196 0
3.243060643234924 0.01677197039692435 0
0.2569393350320313 0.01676500733562941 0
0.1439877786519359 0.04312852221142094 0
0.3407443360963478 0.01823166091768608 0
1.159961490314299 0.01856496982225281 0
2.160863868886238 0.9822337581061769 0
2.340047008090486 0.01857309223246406 0
3.160863868886234 0.0177286809461194 0
1.339081205441186 0.9847778913015369 0
2.832013249690565 0.01543166393586726 0
0.8321665229666165 0.01774565817006601 0
1.832285188704556 0.9852449824305455 0
2.667833477033377 0.01776561809269134 0
0.6681939454639447 0.01449383707473795 0
0.6267529882030085 0.01776238026041982 0
2.873247011796986 0.01773503300596546 0
1.700832923817392 0.9643353157582552 0
0.3798377345516106 0.02017000538377978 0
0.3913945271855908 0.03979653285567103 0
3.121160374727683 0.01872196446434882 0
1.194616448498324 0.9816018866026013 0
1.225512951187512 0.9601575604608732 0
1.305381996488396 0.01835137465540332 0
1.274627997904334 0.03974936223580516 0
2.194619020701353 0.01834805068378709 0
2.225372244518659 0.03974910336472498 0
2.305382517939916 0.9816052245931511 0
2.274486803840833 0.96015782351543 0
0.298013322020265 0.0177503575877912 0
1.298250290314326 0.9818478913038556 0
1.201897255189257 0.01805820212780318 0
2.201779438369607 0.9816622393579217 0
2.298102782161085 0.01805610891113668 0
3.201970945741576 0.01727348474719603 0
0.3640460353209933 0.4627038279174037 0
1.669408970770843 0.7964541129923606 0
2.565113148734822 0.01801195693883711 0
2.576659794505953 0.03882338236288896 0
0.9348848449486897 0.01801247649543902 0
0.9233361767387571 0.03882126323637414 0
1.56512882264661 0.982249459730455 0
1.933013208173667 0.9815189050240017 0
2.482917724434509 0.01813100055077294 0
2.493201478470239 0.03741438016756077 0
0.4829211727584282 0.01712826572663062 0
1.487205577564175 0.9791683407728573 0
1.017083602057665 0.01813243886997817 0
1.006797572286215 0.03741494160235315 0
2.647488961047534 0.01742984813279247 0
1.850892634311476 0.9824149353508678 0
0.8525110389524611 0.01742652147902263 0
0.2158704702815821 0.01769690079341074 0
3.284128049759324 0.01769925590613586 0
0.07307778698160172 0.01843709315944497 0
3.429833449787946 0.01844003029430541 0
0.7701591157080923 0.01554972036822916 0
2.729840884291905 0.0155497203682301 0
1.791112375310452 0.9822528238736586 0
2.710712053068031 0.02312725413442379 0
0.7892882378784345 0.02312711077328616 0
1.06033895911896 0.02204606752592642 0
2.057752736560751 0.9801373870460434 0
1.441855689502608 0.9820999550110393 0
2.439661065323659 0.02204597615750215 0
0.4418607186884111 0.01775164620985775 0
3.057581058559734 0.01753106492319328 0
0.4217841234019881 0.01839241517667523 0
3.078725740214723 0.01774821793129294 0
1.154131608193663 0.9816413370978971 0
1.345873045836098 0.01834476360520748 0
2.345868229183826 0.9816394907779775 0
2.154127114106844 0.01834661225665701 0
1.916462640449396 0.9644578885544119 0
2.510879974533181 0.4816314245391559 0
0.9891356323636005 0.4816431980349447 0
1.017657513036045 0.5316552509231431 0
1.482195465083376 0.4699776849492464 0
2.482230900353325 0.5300274235801357 0
2.017769099646676 0.4699725764198645 0
1.03085047170988 0.5939903192406367 0
1.657234592329333 0.69170943626228 0
3.427359698913088 0.4829171289348163 0
3.410618229357651 0.4703858482873262 0
0.07264030473603444 0.4829170597061342 0
0.08938178215036174 0.4703857904959006 0
0.9498940391219671 0.4826807080064027 0
2.550105960878033 0.4826807080064043 0
1.910843274629484 0.5216175035419659 0
2.48176861150494 0.9082749638116637 0
2.017317976761698 0.09003509572474572 0
1.589819049238319 0.5194937814884415 0
1.48268234087022 0.09003509572474383 0
1.016794258362931 0.9098145787762132 0
0.02007232747706555 0.4496176673573828 0
2.017819661232239 0.4499618691793799 0
2.036775055215954 0.4590747965419933 0
3.482230705571822 0.04894847834870625 0
0.02001275538605696 0.04945461506274751 0
2.482681843815043 0.5500407344307193 0
2.459498344407735 0.5413723390581933 0
3.479927672629261 0.4496176690867159 0
1.482171902510648 0.4499583316019647 0
1.463095749105884 0.4599314465862051 0
1.551340706523007 0.5183932356957579 0
3.371109989681546 0.4803821107954325 0
0.1288900163652702 0.4803820050338254 0
3.482278726255947 0.3699307248980243 0
0.01731743144126963 0.1300282017282973 0
3.48268288460994 0.1300282017282954 0
0.01772122320024194 0.3699307095885335 0
0.0193129964325971 0.09179509281036419 0
2.482838036858988 0.5900350937620185 0
3.480899242253181 0.09025619184905642 0
1.482682386901158 0.4099649042752543 0
3.479849993294074 0.4118038614146238 0
0.0201500280149538 0.4118038265874675 0
2.017317613098841 0.4099649042752559 0
2.484876747534226 0.8894388680814808 0
2.017317341850883 0.1100318060453712 0
1.017317341850884 0.889968193954631 0
1.610625056002426 0.5207946175721166 0
1.482682658149117 0.1100318060453695 0
1.017317069768737 0.6300282017282975 0
1.482682930231262 0.3699717982717025 0
2.017317069768738 0.3699717982717044 0
2.482272680610254 0.6300421182611116 0
0.01719548167402762 0.3499688700664743 0
0.0174013412417815 0.1507688363020201 0
1.481801156497094 0.1491213036809592 0
3.482596540812732 0.1507633331577047 0
1.01813284878735 0.8507433415069527 0
2.018144397654802 0.1497878862222318 0
2.037832719660654 0.1599607038111347 0
3.482804495531748 0.3499688269791817 0
0.7900377958140523 0.482540952633142 0
2.70996216315887 0.4825407364084366 0
2.966025186533182 0.3108916552949142 0
0.5339384948719443 0.3110498514495171 0
1.789989362008982 0.5173163416764031 0
0.1890686585501355 0.4817471766574624 0
3.310931261817878 0.4817472083325957 0
2.48268375140071 0.8099844973267687 0
2.46222537124744 0.8024785969306025 0
1.482081716552114 0.1899098889812777 0
1.46326881624984 0.201100686615344 0
0.01790305394760949 0.3098518980032937 0
1.017776771688225 0.809984493118006 0
1.036744105877419 0.7988395242866769 0
0.01736265028492556 0.189189199567106 0
3.482637802096797 0.1891891638556752 0
2.017845189814849 0.1900155077609816 0
2.03834498727625 0.2002949375957178 0
3.482097867917886 0.3098517698774625 0
2.770073997166232 0.4826856645591163 0
2.757700942416377 0.460544004270366 0
2.736496646778944 0.4634056700850308 0
0.7299259906954152 0.4826856945851273 0
0.7423011946029101 0.4605418390019785 0
0.7635030302435268 0.4634054618641806 0
0.2315992235479811 0.4828944539751114 0
0.7705727494606402 0.4825306939134869 0
2.729427169357289 0.4825306487313412 0
3.268400776452016 0.4828944539751141 0
2.482182855160362 0.7300116402009603 0
2.463455502349904 0.7211667384447915 0
1.769025478600939 0.5180801371746611 0
2.017820712106694 0.2300054371411314 0
3.482684250582289 0.2300054557596364 0
1.017817144839637 0.7300116402009625 0
1.036544497650096 0.721166738444794 0
2.482152452528158 0.7699945624955392 0
2.017783413252916 0.2699945587817665 0
2.036504630137336 0.2787208390310399 0
3.482684250582289 0.2699945442403614 0
0.01731574941771119 0.2300054557596387 0
0.01731574941771141 0.2699945442403635 0
1.017807146771647 0.7699945630425348 0
1.482219573232766 0.2300054365956977 0
1.482216586747084 0.2699945587817644 0
1.463495369862664 0.2787208390310378 0
0.2700740039143232 0.4826836771191727 0
3.229925996085666 0.4826836771191834 0
2.83092472941611 0.4809801322278939 0
0.6690752184981761 0.4809801621752229 0
0.7099307766653291 0.4826839482011254 0
2.790069223334671 0.4826839482011316 0
3.130190521838995 0.4820051414699464 0
0.371790946798455 0.4821832939694514 0
2.852032677733638 0.4806313715912156 0
0.6479673135854123 0.4806313765824367 0
0.4293878647817175 0.4818241781543773 0
3.070530798726573 0.4814393183045416 0
0.6094048964204506 0.482388644790143 0
0.5999625133244932 0.4630563254161505 0
2.890595103579549 0.4823886447901475 0
2.900037486675499 0.4630563254161554 0
0.5697722254209623 0.4825630186182085 0
2.930050901968287 0.4825023731728856 0
0.4496345316051449 0.4808413859059465 0
3.050629571882267 0.4806634563472174 0
0.5308912293214769 0.4845844277453125 0
2.970011996827851 0.482686418296105 0
3.009995969741303 0.4833132296302758 0
1.624371574179718 0.5420429908188097 0
2.942092801471375 0.1796137477268796 0
0.5585478795571204 0.180573308597219 0
0.03595995693384846 0.3787196082421767 0
3.464040034957078 0.378719614085945 0
2.019826389491001 0.8057894588669032 0
2.079574765114341 0.8607473611800615 0
2.11707111269695 0.8514281863155528 0
2.376255237027828 0.2519341416540501 0
1.123753944178257 0.2519334451212034 0
0.8620087920669923 0.3568296560701527 0
2.311006059207882 0.4153487948923804 0
1.189181736730865 0.4156830301176528 0
0.2875376613248417 0.03822642931425807 0
3.212631872611905 0.03806539771676953 0
2.996932945360523 0.08854314263352187 0
2.636619077521654 0.3571032521167883 0
0.7143070632850121 0.1540818606932992 0
2.785692936714985 0.1540818606932985 0
1.793822282697088 0.7171712148875942 0
2.351511222761953 0.5579783312912626 0
1.462040985336692 0.359391951568568 0
2.037976843035654 0.3593633246571699 0
1.913231375716788 0.6142994961993751 0
1.037770842961866 0.6200303280090493 0
2.227108771009631 0.4712354724482825 0
1.273269910655196 0.4726477924500215 0
2.189049255736406 0.5843010063091145 0
3.039983964430477 0.4630375391266893 0
0.4649884336270589 0.4620116312682692 0
1.310869078061547 0.5840580967837722 0
1.18800248639155 0.1649547135972045 0
2.311997513608449 0.1649547135972057 0
2.187598385673414 0.834489594689735 0
1.312456185011005 0.8378451368297707 0
0.9495304421017371 0.1623370910755099 0
2.545835328984144 0.1530347945483163 0
2.036207273674745 0.2383722428870759 0
2.043234103206641 0.7544871728083492 0
2.356177723431087 0.9614071602833112 0
1.143822143146955 0.9614088939557014 0
1.044744086214457 0.255584749136731 0
2.455257422870209 0.2555846485981387 0
1.877892403630641 0.9342420685515876 0
2.463092471101342 0.759997205819976 0
0.8366899439327382 0.3763715915020533 0
2.663407989639471 0.3756638507238838 0
1.410177590142642 0.7239202753688831 0
2.500438259804423 0.4459958154940895 0
0.9995639174215682 0.4459959303621483 0
1.80223911053669 0.8831241339513667 0
3.182809942382733 0.1507541495704594 0
0.3150001202090689 0.145921980520719 0
2.723881583342523 0.3404891480001964 0
0.7761184166574739 0.3404891480002 0
1.742873546115089 0.8408906661490227 0
3.150010396507097 0.03649145163053796 0
1.463450729935419 0.239054044738292 0
1.556038768140212 0.9617245768949007 0
0.6823713598437542 0.4636912693755477 0
2.81762895713628 0.4636913510318999 0
2.463105744968384 0.6400264664404093 0
2.143759530000714 0.03852124702738019 0
1.356240599353421 0.03851951089652739 0
0.1004581663259116 0.2781662178673854 0
2.993465426380714 0.03974179370939052 0
0.9531818061751918 0.214388724655282 0
2.548592945442279 0.2180539363786999 0
2.13070304336105 0.9636691285554656 0
1.036558477189848 0.7608932374026959 0
1.770526641487274 0.982373613849216 0
2.118338797484644 0.1836960735946337 0
1.381661202515354 0.1836960735946312 0
1.118478261387664 0.8158268079932283 0
2.381521738612337 0.8158268079932256 0
1.466897582625921 0.5522482941619725 0
2.034944662225213 0.5528947291101741 0
1.084124758948828 0.5318311262927143 0
1.710940258425795 0.9827693434100754 0
3.150219436478277 0.3263446909794074 0
0.3492380825733066 0.3260034505740057 0
1.729970705746427 0.5174360324234911 0
0.7998903764269144 0.4629367042468363 0
2.700131946719348 0.4627809741423491 0
1.354902000200078 0.3930640561558915 0
3.109619717117405 0.4825020420752768 0
1.029078648742023 0.4425024316796555 0
2.470916227150488 0.4425032631243116 0
0.139324156003898 0.2381164750063611 0
3.469031691568456 0.01635042251202778 0
0.03096830843154019 0.01635042251202662 0
0.03995027027694431 0.0364011864990143 0
2.58819509839462 0.07421177633271375 0
0.9118047449580432 0.07421006857539647 0
2.725504182817168 0.141409341885344 0
0.7745259368684643 0.1414073967461018 0
1.710113071575156 0.5182328285588417 0
3.400432825213933 0.2781809263408379 0
3.469892996691859 0.4839207206593337 0
0.03010700330812655 0.4839207206593442 0
3.358690705291244 0.2404967383650793 0
1.463109804232026 0.4199631048963948 0
2.036890195767973 0.4199631048963964 0
2.305961932083542 0.6582977856190526 0
1.194038067916461 0.6582977856190542 0
2.41466148260071 0.5100817570476162 0
1.579273190337639 0.5357319009647363 0
2.4007266952493 0.01398476754389838 0
1.099276742611851 0.01398801540087957 0
2.484573724067622 0.8498176737736933 0
1.085335428213358 0.5036932446138797 0
1.415392767010869 0.4970252320565623 0
2.08460723298913 0.4970252320565617 0
3.346336771565092 0.167128339741337 0
0.1542723432283528 0.1664166139689779 0
3.335511664495566 0.03751013790299657 0
2.146009327525739 0.3926664620959863 0
0.8314081735157525 0.4831847436605354 0
2.668598049860878 0.4831873749423908 0
3.463095853436842 0.2200083120848295 0
0.03690414656315766 0.2200083120848357 0
2.289064274328857 0.03719940071257677 0
0.5960400051850216 0.3460950338852098 0
2.903959994814979 0.3460950338852108 0
1.210938685937548 0.03719831864483392 0
3.279158729624894 0.1728636224865521 0
1.552759979953547 0.6176173055341161 0
1.482565973244232 0.3298856892732398 0
2.017434302035112 0.3298852474976294 0
2.117151090465627 0.5733572418134363 0
1.382885456119568 0.5733626533299463 0
1.117583741121915 0.425812549752126 0
2.383968962306441 0.4290031407188569 0
0.2261590478625342 0.03740342185144219 0
3.273840952137447 0.03740342185143136 0
3.012373644507393 0.05839559467777966 0
3.462563222525636 0.1022254843549505 0
1.016491994105108 0.6700200504048588 0
2.482714657768635 0.6700862324909406 0
2.211266396721431 0.9630639284988509 0
1.287761700524689 0.9634332254366297 0
0.2212318003321896 0.1722246444581113 0
0.1868803086700035 0.1912208141643118 0
0.2539547522064038 0.1531143009318142 0
3.201589002322422 0.3865856307946972 0
0.2984109976775893 0.3865856307947282 0
1.984910548014285 0.8179566828160203 0
1.731087267260701 0.6589209110256113 0
1.559155495558754 0.8395362726210718 0
2.446570523882508 0.1539320714087937 0
1.053429476409661 0.1539320721028165 0
1.639787189897036 0.6196470822250453 0
3.08412877908698 0.3514717149641909 0
0.4156439048106471 0.3513994891843076 0
3.313954923448607 0.1900938578482131 0
1.969554224741304 0.610217380720959 0
3.428351886187169 0.3138599541631475 0
0.07194119280710454 0.3141280187711379 0
1.189081252068832 0.4592402570444226 0
2.310819787842403 0.4592162981938578 0
1.4950182587825 0.8160033528461668 0
1.994781740202642 0.5171479571268734 0
0.9098970520812174 0.4838672312761942 0
2.59010294791878 0.4838672312761941 0
1.43108939402559 0.9635294676755014 0
2.097861923094092 0.9804156911595272 0
2.457649517205768 0.2027167868254898 0
1.042350737569693 0.2027168023587693 0
1.017722383686238 0.6897686484332731 0
2.482397202078829 0.6900053319490034 0
0.5891777349395875 0.404809149643468 0
2.910796433774968 0.4047569517878185 0
1.466749993546722 0.3393116850087765 0
2.033255938941217 0.3393021603651497 0
3.138084445504745 0.4642404405470299 0
1.085754159373135 0.279582197725373 0
2.414252570829492 0.2795828756147578 0
2.559061803544386 0.4653962332690382 0
0.9409381119634797 0.4653961397929263 0
2.188173996303641 0.5391080190956952 0
1.311942024691606 0.5390478992752396 0
1.630412429192236 0.9329328997302072 0
3.246036810692906 0.152916111928697 0
0.5649596231167806 0.01410694430144421 0
1.095874250574532 0.5573223802369408 0
0.7294733585127298 0.01617839520178921 0
2.77052664148727 0.01617839520179115 0
0.5098040986151389 0.04019206587218349 0
2.348824239272759 0.1778305835501587 0
1.151177126412097 0.1778305761037157 0
2.01745634330347 0.9849380326512315 0
2.017570212698133 0.3099094330091584 0
1.482430108461101 0.3099099484140374 0
1.8205936878175 0.5341282571410709 0
0.9462783353976533 0.0363319460644827 0
2.553717288664773 0.03632957063645331 0
1.24095267200902 0.680992014681807 0
2.259018643422314 0.6810153267089887 0
1.309631869656875 0.9653967367807229 0
1.027091896116038 0.03703697911331572 0
2.47290822357573 0.03703644733487815 0
2.515700988942288 0.03775147154136116 0
2.191218282655406 0.9649180037822745 0
0.1673222169733455 0.03661871162356067 0
2.983706549198084 0.4506179180857463 0
1.164709012626858 0.9639511870648445 0
2.335290089086839 0.9639516426008553 0
1.335336809964601 0.03589270762117969 0
2.16466381560259 0.03589239282831752 0
1.453063308399092 0.9637671448945497 0
1.440155037679715 0.9385530782241871 0
0.984293971634683 0.0377555560016567 0
2.03448485758575 0.1399434073646152 0
1.465352443822234 0.3893038194676208 0
2.034668180246601 0.3892707027046355 0
0.3899364706355732 0.4862416511038338 0
0.4838531212725115 0.4459326181464745 0
1.700290166831882 0.7173272643689866 0
1.485361802665773 0.02919548067282707 0
2.014638074334787 0.02919578663497735 0
1.729321676014685 0.9861462169201702 0
2.485371326142686 0.9707935211096231 0
1.014626869932767 0.9707894258460991 0
0.8059670267672674 0.03880434534177923 0
2.694033862015727 0.0388042121702174 0
2.883141868405837 0.0667104074599113 0
1.036386649398007 0.6498619832273629 0
3.205827847554392 0.4649864525531471 0
0.2941320759404276 0.4648258020791992 0
1.82989753036625 0.5791049407620822 0
1.243279176729441 0.01738836963930679 0
2.256721050231802 0.01738836527168086 0
1.014280551001404 0.5499561073366539 0
1.256769867858969 0.9825761315727719 0
2.24322990876317 0.982576143423219 0
2.461654122851885 0.8264077477932432 0
1.70804152156957 0.7649841832890161 0
2.086121249135786 0.8194841298454287 0
1.940949013875825 0.6288682770219449 0
1.461844849573039 0.4783868730277169 0
2.464767774463596 0.6193877452686887 0
2.465236185300343 0.5200501929166483 0
2.038079671745496 0.478202321175108 0
2.034243995624568 0.1797984508324862 0
1.038313924376769 0.8181633248838135 0
1.461645726631319 0.1815917705988347 0
2.464493830207165 0.7408456071994516 0
1.463839728027055 0.2580968473701345 0
1.03617609501661 0.7417599949105522 0
2.036120815466761 0.2580146433805945 0
2.921263223158442 0.462646851852293 0
0.5784048728325693 0.4626713013699095 0
3.283414651643415 0.3977923985396296 0
0.2165846083643799 0.3977923574585174 0
1.369290894830161 0.8836960852249771 0
2.407762171735908 0.9850219190863557 0
1.092239741178767 0.9850250402924277 0
0.7088876246895464 0.01549894568384952 0
2.791112375310448 0.01549894568385085 0
2.93618727314906 0.0163654406573584 0
2.46609255853952 0.6607235607713949 0
1.889538187349651 0.5149704742699277 0
2.01294445293725 0.9414316058093534 0
2.092226435151984 0.0148728495703665 0
1.407773342710796 0.01487047693842225 0
1.669465437304236 0.516309646343017 0
1.700134963681649 0.5381957423539453 0
0.3309671521476978 0.03666131952591245 0
1.1443498330494 0.05483561049874641 0
2.355653731799441 0.05483612187850812 0
1.394756766731831 0.4378349971560195 0
2.106157619583129 0.4377169511425374 0
0.6368812512168283 0.03684228121453115 0
3.462968083366203 0.03697076719571296 0
2.308736007283133 0.03487798007333631 0
1.191261633430619 0.0348775630323756 0
2.404540710918563 0.5591580563813929 0
1.501204201342464 0.6001317559387159 0
0.2864339104946807 0.1697575924232745 0
3.216507095512338 0.1661851352819698 0
2.497014338032049 0.4198834288865007 0
1.002985535894886 0.4198826144426357 0
3.397088762165143 0.03526433611697433 0
0.6505734893796549 0.08748248243416201 0
2.862019005791534 0.0349571852783383 0
2.464066997841931 0.780914847975525 0
0.7493387722982952 0.1631117769735843 0
2.750661227701704 0.1631117769735841 0
0.4114972612805907 0.03477640057621512 0
3.089013530723599 0.03514012656864213 0
1.416957499308096 0.924351291129756 0
0.7676443715603357 0.0376637558409289 0
2.732359079909848 0.0376637879296528 0
1.412039813349875 0.9669002724771318 0
3.098358217131297 0.4685720020928309 0
3.017385874350322 0.01317515687289111 0
3.461298376806253 0.4663848809954774 0
0.03870162341594607 0.466384874402455 0
1.647208363449963 0.9837207041564607 0
1.369885274879788 0.9649857954267594 0
0.03390616801582036 0.3598975394940753 0
3.466093761997729 0.3598973360644573 0
1.861616168981142 0.9655857898438959 0
1.037421688461658 0.7016395964488384 0
2.462835072399058 0.7018853074443469 0
2.033414635477179 0.2202285334250955 0
1.467155252706966 0.4394087646224324 0
2.032837284761615 0.4392340784522255 0
0.4928744067548267 0.03432770320445477 0
2.465695644310354 0.580661951174464 0
2.547633452753099 0.379943177029678 0
0.9523577735971714 0.3799013779154625 0
3.171132539506671 0.03461867153889625 0
1.032747630796452 0.7796803323185215 0
0.03394872808664351 0.3204645878640155 0
3.466052444883929 0.3204644248361124 0
1.830632657258371 0.5152244964768483 0
1.046230590666604 0.03575512543381937 0
2.453769476294327 0.03575488264592019 0
2.468442433520058 0.5993885449847185 0
0.8891182160712753 0.4832470225021387 0
2.610881798477891 0.483246997340818 0
1.467284189223778 0.2202276867093516 0
1.667833477033382 0.9856612468541402 0
3.135804556645212 0.05060549442895279 0
1.294424854112127 0.3397306121622502 0
2.205581996074974 0.3396140249425351 0
2.037031690279095 0.2977221169692702 0
1.46296863901753 0.2977226446531254 0
1.800499187312392 0.533049610128807 0
3.34990389489464 0.485793589346208 0
0.1500961051053442 0.4857935893462117 0
3.189935870111687 0.4860882715214735 0
0.3100641298883215 0.4860882715214826 0
1.929161223229392 0.535081350515511 0
2.134410744443811 0.8818584412963829 0
0.490004051206546 0.4858909933183714 0
0.4186162770032404 0.4664689777801317 0
3.082402781992665 0.4670885127785445 0
0.2029832208679689 0.03606892585410504 0
3.297068008068848 0.03619333769001076 0
1.034995879066742 0.8612966160130978 0
2.940023472941307 0.4658517678782013 0
0.558982172936269 0.4667114086927519 0
0.1013900084742749 0.03260025122558752 0
2.120219534652769 0.9830739372699812 0
0.8069605355281874 0.3221812843146752 0
2.693039464471804 0.3221812843146836 0
1.465089500133007 0.1384782197653391 0
2.26384643533301 0.9829882504587579 0
1.23615348709763 0.9829882280060486 0
0.6346690601125646 0.4667376442122382 0
2.865331060922536 0.4667378946745762 0
2.144027972948111 0.9454547322689778 0
0.5121923905622019 0.06154525857993243 0
0.08972320804871958 0.4874071186388874 0
3.410276797002445 0.4874071630857207 0
2.284769156434222 0.900823243547975 0
1.215230825894567 0.9008232343750486 0
1.285025503659413 0.09882407529071985 0
2.214974520024801 0.09882406372711511 0
3.466302166235439 0.339977647380345 0
0.03369783376454727 0.3399776473803554 0
0.03640838100122079 0.1044953211613283 0
1.459650034011234 0.9205344049290135 0
2.606928431896885 0.1599735488386727 0
0.8936322453284609 0.1585927787840352 0
0.478804578239604 0.4193841313919142 0
2.236113919073502 0.01691804395148921 0
1.263886159012446 0.01691806406098073 0
0.03285742497561839 0.2400426773352136 0
3.467151311857699 0.2400421169096854 0
1.881857512024629 0.9092934890063743 0
0.6164545524710632 0.03401143380173854 0
1.649715498720139 0.5155065275779719 0
3.019991866482211 0.4665644041282432 0
2.441907328013164 0.796567836742508 0
2.353863891070666 0.7975028479341764 0
1.146100729303741 0.7975481288497732 0
0.2000884075301932 0.4664759102176013 0
3.299911592469792 0.466475910217611 0
2.145926141146579 0.2020541504079376 0
1.354108760838552 0.2020080069629077 0
2.371840775994678 0.03527809448447916 0
1.128172222871012 0.03527620401767112 0
2.058499626830725 0.2015951061684323 0
3.252944644820476 0.03466670743257283 0
0.2470675354828842 0.03465568360205934 0
1.356409054431051 0.3593230355451349 0
2.143838274831324 0.3592061346066975 0
0.8499038948946491 0.4865933810795086 0
2.65009610510535 0.4865933810795106 0
0.3571520422811973 0.439176152637282 0
1.944346511171082 0.9665032675932735 0
1.057892938861599 0.8027785631215235 0
1.801920900296829 0.9663579102878673 0
1.442203384061621 0.1967486154266338 0
1.950119833573928 0.5132628545612463 0
1.18216543938993 0.5801361894821491 0
2.31738907426767 0.5799756281769619 0
1.18214842521821 0.9664154558058501 0
1.17710836299772 0.9490204381350653 0
2.317849281895862 0.9664177914769208 0
2.322887699781291 0.9490227061433264 0
1.338898036702045 0.8105377315576954 0
0.3901860601719338 0.06192450596656357 0
1.495735818861392 0.5527660251370605 0
0.209496251285614 0.06099107321045555 0
3.290529957100283 0.06104191489392996 0
2.664096227177208 0.3384579530539101 0
2.271175107536982 0.4404076578664493 0
2.882885312936844 0.09256698203765479 0
0.2022958794563752 0.4165353373234361 0
3.297701537078644 0.4165361268241465 0
1.231395297153288 0.4423849357074538 0
0.7002069764361887 0.0311822218582708 0
2.799793023563807 0.03118222185827108 0
3.467266629330258 0.277734995662183 0
0.03277052362659272 0.277739455914727 0
2.921515031484016 0.3144763034309376 0
0.5784773411565813 0.3145294935502288 0
2.057814292185233 0.7974467738535832 0
1.849975715807624 0.5129377473638607 0
1.756216084294552 0.5362532189655201 0
2.058695993586979 0.4645254513695393 0
1.441303272117793 0.4647119095880195 0
0.5066466940349721 0.1095698328043869 0
1.317817576865204 0.03345067096805937 0
1.322819874616142 0.05120303586940667 0
2.182184606083896 0.03344839762650187 0
2.177184692183278 0.05120053019853321 0
2.228624952515977 0.5126294966034961 0
1.271457667456207 0.5128673697191759 0
1.637755207783155 0.6546768356847688 0
2.038794650505477 0.9627265606396639 0
1.287888667721844 0.941697090240696 0
2.212061715033017 0.9419037006294445 0
2.151799599749001 0.8261783919202852 0
0.903549558932462 0.03197380598115074 0
2.596444174416849 0.03198293835535082 0
2.993438684703759 0.1185966920257358 0
2.448423288610785 0.986778237400376 0
1.051577223563671 0.9867785679897224 0
0.5135795364539935 0.176760512128566 0
2.987477163438288 0.1766041002644624 0
0.0336632871645266 0.2587181931089149 0
3.465966999289966 0.2582010986062485 0
1.212313547839441 0.05816846099903539 0
2.28768705915048 0.05816984972880901 0
0.1464225937133448 0.07550240647742024 0
2.482666393497957 0.05745876201486066 0
1.01733352275987 0.05745903790935841 0
2.421027134715766 0.03669261245990618 0
1.07897286528423 0.03669261245990463 0
2.051571549556505 0.01311007515722606 0
1.448428390967233 0.01310994499529572 0
3.355071626808225 0.03328895151712929 0
2.351630245484942 0.03367098382830747 0
3.171546382665952 0.4873050775348127 0
0.3289545497896076 0.4873211377451518 0
1.148385571695041 0.03365822904917543 0
1.640650215738088 0.5325030172342187 0
1.012774134903853 0.5901647933608943 0
0.7816157898476896 0.4676950167336114 0
2.718388585744228 0.4676638600755142 0
0.2202460799216688 0.4667127650926211 0
3.279753089473151 0.4667131757816053 0
1.824879399437418 0.6087223827854453 0
0.7213482955451487 0.4440165130439563 0
2.778658658488022 0.4440205055413133 0
3.485405371923851 0.4854226724986245 0
0.0145946280761351 0.4854226724986447 0
1.623977942093778 0.9087164353535291 0
2.467575124693314 0.5600395718971264 0
0.7007065121565617 0.4699570678782652 0
2.799293652814786 0.4699570940154908 0
0.9576710955064056 0.4667532178521078 0
2.542328791598256 0.4667535653044124 0
0.717596529175327 0.4654922261398985 0
2.782405056192261 0.4654932600069708 0
1.578193383457398 0.9661664893818307 0
0.4537039040093762 0.03170979955438363 0
3.046688909482958 0.03193790237039762 0
1.013483146927674 0.9859672356895509 0
2.486516492287418 0.9859680547422554 0
1.48652523448059 0.0140192314280051 0
2.013474740919521 0.01401929262043544 0
3.48528137789859 0.01454855172977143 0
0.01471862210141883 0.01454855172977432 0
3.390980039980219 0.4668094074882851 0
0.1090199686561977 0.4668093412111263 0
0.4726149684458822 0.03257930639786238 0
2.534262796533802 0.03265048715637581 0
0.9656970979490408 0.03266901128429084 0
2.465844704865424 0.8896991605082276 0
1.473350093274727 0.9647160589225051 0
1.739076083601499 0.5325053400690918 0
2.492673960803006 0.3992928187162563 0
1.007331182578007 0.3992908373871327 0
0.8345470320139485 0.3385370364311289 0
0.821873805197509 0.0320525441600692 0
2.678140077245533 0.03204901993798676 0
1.8838785589455 0.8742377020646441 0
1.252398409774913 0.3593165451455917 0
2.247690722657889 0.3591739713608079 0
2.659128844322932 0.1570334332611942 0
0.8411476198682419 0.1569172399708085 0
3.467064591122723 0.05821084906548873 0
2.998597573845015 0.4671907961091987 0
3.353708572766075 0.04966691976695914 0
0.0344541984445299 0.3977561817725965 0
3.465545798603571 0.3977562197194782 0
2.502807524346166 0.4651377213566769 0
0.9971969671798451 0.4651329824948296 0
0.885298661434576 0.03349894722349922 0
2.488896521699909 0.1980794079609697 0
1.011442435532041 0.1983060201733199 0
0.0853432995043466 0.0331774832887311 0
2.009547666836411 0.5585263314796022 0
2.614701236573935 0.03350522857452393 0
3.469008684106443 0.1697534734792348 0
0.03098458719464015 0.1697756746900502 0
2.579804877818997 0.05707359394619027 0
0.9201947408612399 0.05707324530177255 0
1.144385317479447 0.08739492241683677 0
2.35561468252055 0.08739492241683877 0
2.980181684196632 0.4681716898045134 0
1.733695290529252 0.9455192873296464 0
2.074752452616603 0.2617861657502685 0
1.425294535457304 0.2617446487090015 0
2.425128983200873 0.7376903203194383 0
1.074804924865581 0.737754735994679 0
2.148996398546213 0.9664102956537315 0
1.75916098937987 0.967996996873794 0
1.694245136851434 0.5616824094790921 0
1.289260672121169 0.1231950249047442 0
2.210739332291912 0.1231950228378821 0
0.8631431286270507 0.0332071460912241 0
2.636857140593144 0.03320756178215839 0
1.364444517656187 0.7863902331260091 0
1.21100914146127 0.8763952520306713 0
2.288990855012225 0.8763952547488284 0
0.8811544941984549 0.4666326080366012 0
2.618845563273669 0.4666325119932339 0
1.421273182491126 0.4737818995397157 0
2.078773753115048 0.47372099970073 0
1.726678437168393 0.6945205712973148 0
0.6188821351820577 0.4677550147039042 0
2.881117969802448 0.4677552300989442 0
0.8994660054901552 0.1333523949056266 0
2.600553121865038 0.1335252065833972 0
2.735745689958887 0.4432325488493237 0
0.764254368939924 0.4432323808272898 0
2.076120417691492 0.9645773996351888 0
0.7358476092859856 0.03384320634410565 0
2.764205829231153 0.03380778797784456 0
2.441911566940357 0.717198139014708 0
1.058087246066599 0.7172105597345169 0
1.442145560610126 0.2822060914286556 0
2.057862329456257 0.282212922930529 0
0.3494802284915994 0.03507589746164341 0
0.2672177177279926 0.03184950291218525 0
0.3904460438125967 0.08395438083774087 0
3.232760120029153 0.03186302125295881 0
2.13584181008525 0.05512430678649261 0
1.364158189914747 0.05512430678648839 0
0.5455782203017137 0.03648578141908054 0
2.363919492647276 0.9447933516182508 0
1.136080507352728 0.944793351618255 0
0.3083045195997949 0.03172429585008651 0
3.191691944402678 0.03172479356610564 0
0.9181048974093449 0.1552834490594458 0
2.576379689180291 0.1589637067530832 0
2.556599390703984 0.1834349348848449 0
0.1854051887583943 0.03143479431785728 0
1.458068390691741 0.04318751441166868 0
2.041929696059276 0.04319207469269959 0
3.315245254542174 0.03182351097303854 0
3.44233358926351 0.0337245716676382 0
1.04218415166232 0.9564615107398245 0
2.457807834736327 0.9564886966397451 0
3.132111734492562 0.03303240130715163 0
1.676849697280255 0.970580059602984 0
0.2447620752913879 0.4637663558134151 0
3.255230033691146 0.4637715478265598 0
1.830742917978898 0.8711900473361629 0
1.562808217711528 0.5330924498520351 0
0.2916492481846069 0.3543549191408836 0
3.208322257408915 0.3542919406666414 0
1.443711567828823 0.2444919796037467 0
2.056511241866517 0.2456952327159343 0
1.056255574068343 0.7550518493836265 0
2.443513764584329 0.7547269976126402 0
2.951323939683359 0.03369647363408756 0
3.019140611735602 0.4323568545261267 0
2.799981816284051 0.4338393627816572 0
0.7000199522748836 0.4338391598581261 0
1.507650717259733 0.9696584580548211 0
0.03437331793722764 0.4308866772110676 0
3.465626684528927 0.4308866821177737 0
2 2 0 948
3038
3039
3040
3041
3042
3043
3044
3045
3046
3047
3048
3049
3050
3051
3052
3053
3054
3055
3056
3057
3058
3059
3060
3061
3062
3063
3064
3065
3066
3067
3068
3069
3070
3071
3072
3073
3074
3075
3076
3077
3078
3079
3080
3081
3082
3083
3084
3085
3086
3087
3088
3089
3090
3091
3092
3093
3094
3095
3096
3097
3098
3099
3100
3101
3102
3103
3104
3105
3106
3107
3108
3109
3110
3111
3112
3113
3114
3115
3116
3117
3118
3119
3120
3121
3122
3123
3124
3125
3126
3127
3128
3129
3130
3131
3132
3133
3134
3135
3136
3137
3138
3139
3140
3141
3142
3143
3144
3145
3146
3147
3148
3149
3150
3151
3152
3153
3154
3155
3156
3157
3158
3159
3160
3161
3162
3163
3164
3165
3166
3167
3168
3169
3170
3171
3172
3173
3174
3175
3176
3177
3178
3179
3180
3181
3182
3183
3184
3185
3186
3187
3188
3189
3190
3191
3192
3193
3194
3195
3196
3197
3198
3199
3200
3201
3202
3203
3204
3205
3206
3207
3208
3209
3210
3211
3212
3213
3214
3215
3216
3217
3218
3219
3220
3221
3222
3223
3224
3225
3226
3227
3228
3229
3230
3231
3232
3233
3234
3235
3236
3237
3238
3239
3240
3241
3242
3243
3244
3245
3246
3247
3248
3249
3250
3251
3252
3253
3254
3255
3256
3257
3258
3259
3260
3261
3262
3263
3264
3265
3266
3267
3268
3269
3270
3271
3272
3273
3274
3275
3276
3277
3278
3279
3280
3281
3282
3283
3284
3285
3286
3287
3288
3289
3290
3291
3292
3293
3294
3295
3296
3297
3298
3299
3300
3301
3302
3303
3304
3305
3306
3307
3308
3309
3310
3311
3312
3313
3314
3315
3316
3317
3318
3319
3320
3321
3322
3323
3324
3325
3326
3327
3328
3329
3330
3331
3332
3333
3334
3335
3336
3337
3338
3339
3340
3341
3342
3343
3344
3345
3346
3347
3348
3349
3350
3351
3352
3353
3354
3355
3356
3357
3358
3359
3360
3361
3362
3363
3364
3365
3366
3367
3368
3369
3370
3371
3372
3373
3374
3375
3376
3377
3378
3379
3380
3381
3382
3383
3384
3385
3386
3387
3388
3389
3390
3391
3392
3393
3394
3395
3396
3397
3398
3399
3400
3401
3402
3403
3404
3405
3406
3407
3408
3409
3410
3411
3412
3413
3414
3415
3416
3417
3418
3419
3420
3421
3422
3423
3424
3425
3426
3427
3428
3429
3430
3431
3432
3433
3434
3435
3436
3437
3438
3439
3440
3441
3442
3443
3444
3445
3446
3447
3448
3449
3450
3451
3452
3453
3454
3455
3456
3457
3458
3459
3460
3461
3462
3463
3464
3465
3466
3467
3468
3469
3470
3471
3472
3473
3474
3475
3476
3477
3478
3479
3480
3481
3482
3483
3484
3485
3486
3487
3488
3489
3490
3491
3492
3493
3494
3495
3496
3497
3498
3499
3500
3501
3502
3503
3504
3505
3506
3507
3508
3509
3510
3511
3512
3513
3514
3515
3516
3517
3518
3519
3520
3521
3522
3523
3524
3525
3526
3527
3528
3529
3530
3531
3532
3533
3534
3535
3536
3537
3538
3539
3540
3541
3542
3543
3544
3545
3546
3547
3548
3549
3550
3551
3552
3553
3554
3555
3556
3557
3558
3559
3560
3561
3562
3563
3564
3565
3566
3567
3568
3569
3570
3571
3572
3573
3574
3575
3576
3577
3578
3579
3580
3581
3582
3583
3584
3585
3586
3587
3588
3589
3590
3591
3592
3593
3594
3595
3596
3597
3598
3599
3600
3601
3602
3603
3604
3605
3606
3607
3608
3609
3610
3611
3612
3613
3614
3615
3616
3617
3618
3619
3620
3621
3622
3623
3624
3625
3626
3627
3628
3629
3630
3631
3632
3633
3634
3635
3636
3637
3638
3639
3640
3641
3642
3643
3644
3645
3646
3647
3648
3649
3650
3651
3652
3653
3654
3655
3656
3657
3658
3659
3660
3661
3662
3663
3664
3665
3666
3667
3668
3669
3670
3671
3672
3673
3674
3675
3676
3677
3678
3679
3680
3681
3682
3683
3684
3685
3686
3687
3688
3689
3690
3691
3692
3693
3694
3695
3696
3697
3698
3699
3700
3701
3702
3703
3704
3705
3706
3707
3708
3709
3710
3711
3712
3713
3714
3715
3716
3717
3718
3719
3720
3721
3722
3723
3724
3725
3726
3727
3728
3729
3730
3731
3732
3733
3734
3735
3736
3737
3738
3739
3740
3741
3742
3743
3744
3745
3746
3747
3748
3749
3750
3751
3752
3753
3754
3755
3756
3757
3758
3759
3760
3761
3762
3763
3764
3765
3766
3767
3768
3769
3770
3771
3772
3773
3774
3775
3776
3777
3778
3779
3780
3781
3782
3783
3784
3785
3786
3787
3788
3789
3790
3791
3792
3793
3794
3795
3796
3797
3798
3799
3800
3801
3802
3803
3804
3805
3806
3807
3808
3809
3810
3811
3812
3813
3814
3815
3816
3817
3818
3819
3820
3821
3822
3823
3824
3825
3826
3827
3828
3829
3830
3831
3832
3833
3834
3835
3836
3837
3838
3839
3840
3841
3842
3843
3844
3845
3846
3847
3848
3849
3850
3851
3852
3853
3854
3855
3856
3857
3858
3859
3860
3861
3862
3863
3864
3865
3866
3867
3868
3869
3870
3871
3872
3873
3874
3875
3876
3877
3878
3879
3880
3881
3882
3883
3884
3885
3886
3887
3888
3889
3890
3891
3892
3893
3894
3895
3896
3897
3898
3899
3900
3901
3902
3903
3904
3905
3906
3907
3908
3909
3910
3911
3912
3913
3914
3915
3916
3917
3918
3919
3920
3921
3922
3923
3924
3925
3926
3927
3928
3929
3930
3931
3932
3933
3934
3935
3936
3937
3938
3939
3940
3941
3942
3943
3944
3945
3946
3947
3948
3949
3950
3951
3952
3953
3954
3955
3956
3957
3958
3959
3960
3961
3962
3963
3964
3965
3966
3967
3968
3969
3970
3971
3972
3973
3974
3975
3976
3977
3978
3979
3980
3981
3982
3983
3984
3985
1.517315681754629 0.2499999999999989 0
1.982683158491856 0.1500242841923764 0
1.982681798989221 0.05004073443072068 0
1.769994544240361 0.4826842167507543 0
1.524043650480135 0.3336665149042957 0
1.489067993785939 -0.02102768124276583 0
1.521004071047589 -0.02414468866145478 0
2.010932006214057 -0.02102768124276505 0
1.336344781963755 -0.02146865323724947 0
2.174766236085483 -0.01771041148332586 0
2.977319076575225 -0.02695058586143184 0
2.528159648694464 -0.02368959287921604 0
0.5281596486944635 -0.02368959287921582 0
0.9773190765752244 -0.02695058586143204 0
2.88242630231449 -0.01971495324742079 0
0.8821728036716706 -0.02063895665664503 0
0.6340386097522408 -0.02044335542871159 0
2.630195411255116 -0.02410927356412942 0
0.2780938258097851 -0.02116599668075267 0
2.286396861883831 -0.02064670194948406 0
3.23309386255792 -0.02302718700785675 0
1.230784877993048 -0.0217362859970914 0
1.125983367644857 -0.02281352706886147 0
3.125983367644857 -0.02281352706886136 0
2.383547686564003 -0.0234375888361093 0
0.3835476865640031 -0.02343758883610927 0
0.7351116312033024 -0.0190260171382742 0
2.735111631203302 -0.0190260171382742 0
1.521454802373871 0.1088779686088439 0
1.982684318245371 0.250000000000001 0
1.850190819789911 0.4728874559592001 0
1.977746811402191 -0.02863422296996351 0
3.308171945531077 -0.02301846486429271 0
0.197701890766665 -0.02179411840985485 0
1.410916065457425 -0.02489625045133842 0
2.089584825595805 -0.02533716892413226 0
1.69001550267323 0.4826837048626895 0
1.725 -0.4566987298107781 0
1.98268343037543 0.3299799495951433 0
1.875 -0.4566987298107783 0
2.575860604419086 -0.4570919269472008 0
0.565175089366637 -0.4621586031999801 0
2.93387816203337 -0.4524550963934818 0
0.9243695801781652 -0.457062702864617 0
2.225130832854145 -0.4546324493445554 0
1.274869167143195 -0.454632449342472 0
0.325 -0.4566987298107783 0
3.175 -0.4566987298107783 0
2.776751079144861 -0.4516008789080402 0
0.7743534580102163 -0.4546401462428178 0
2.425530108033064 -0.4588612891397952 0
1.074469891957377 -0.4588612891318868 0
1.490939470143084 -0.05959971800034247 0
1.544196015837266 -0.06870728935407973 0
2.008882084492593 -0.06024108004441381 0
1.955275051185639 -0.06875233701102064 0
1.521997146274726 0.4132274054989405 0
1.920565601602574 0.4837943970610029 0
2.068318953833995 -0.456036625738783 0
1.431681123487559 -0.4560366265005783 0
1.575 -0.4566987298107782 0
3.454951558117806 -0.2776686483377073 0
0.04410427456773403 -0.2766214782891567 0
1.982035764566149 -0.1081753176651938 0
1.932347426206894 -0.1116729720393634 0
1.904838618611874 -0.07252713588421601 0
1.882389089989249 -0.1149124387961259 0
1.517964235433841 -0.1081753176651958 0
1.567564418296915 -0.1116654640965455 0
3.379502100411177 -0.0253321969195712 0
0.1131427650911245 -0.01771021437451645 0
1.594547632507103 -0.07358257658761298 0
2.451488237149654 -0.0179868450985535 0
0.451488237149654 -0.01798684509855333 0
3.048639517715435 -0.02173605301452686 0
1.048639517715435 -0.0217360530145273 0
2.807490492126591 -0.02368665329255115 0
0.8069777543312666 -0.02337876796443816 0
1.959892245363639 -0.1530207390240886 0
2.009123465455893 -0.1502141179820119 0
1.517318201010779 0.05004073443071932 0
1.626120558182689 0.4778347426592588 0
1.51731656962457 0.1700200504048567 0
1.54009306205365 -0.1530194877002884 0
1.590029149498861 -0.156135292217745 0
1.490874085780312 -0.1502139094280445 0
1.987475911100112 -0.1946674288708437 0
2.037355968587146 -0.1914779880428101 0
1.854684611243605 -0.07327595505512625 0
1.512521232008791 -0.1946671855578834 0
1.462643147137026 -0.1914779127316526 0
1.98268261335446 0.3899681939546306 0
1.832408589576039 -0.1175671676152943 0
0.1819287828661529 -0.4573650322356654 0
3.31807121713384 -0.4573650322356885 0
2.015261600286698 -0.2362178799443326 0
2.065171320422884 -0.233022817414699 0
1.96540337485636 -0.2394021358843224 0
1.484736900969736 -0.2362312271893945 0
1.434828261611589 -0.233025022025873 0
1.804549991085999 -0.0756425396420411 0
1.827029762720002 -0.03108614160003911 0
1.534625289172108 -0.239416393004269 0
3.026963909424084 -0.4601975480735835 0
0.423063516825664 -0.4585724437319498 0
1.174516957986657 -0.4582038970157299 0
2.675 -0.4566987298107783 0
2.325483042009333 -0.4582038970184847 0
0.6744022090901642 -0.4517595387634259 0
3.460693862188909 -0.1768420516291609 0
0.04650558806171312 -0.1818537856846956 0
1.966760273466916 -0.4573547591190508 0
1.776921325130577 -0.03365831665008581 0
1.80148793617096 0.01198557373192299 0
1.749965855905254 0.008201825670650559 0
1.774370925615446 0.05395720046862154 0
1.722595253652638 0.04984127882249009 0
1.744984211348895 0.09454937818643974 0
1.946625456212784 0.480442820255761 0
1.521600387456777 0.4435443688240092 0
2.087352515242209 -0.1882116654502259 0
2.115096229199068 -0.2298083540537124 0
1.412647267717555 -0.1882120203335564 0
1.384906026844242 -0.2298099129695409 0
2.137271260763006 -0.1849995614198237 0
2.16499314771756 -0.2266108173765745 0
2.142814473078869 -0.2714220407604164 0
2.192712080379811 -0.2682240449934356 0
2.214891334265849 -0.2234124345584103 0
2.24260984086058 -0.2650259466643602 0
2.264789073950674 -0.2202143501163251 0
2.292507459694239 -0.2618279427446934 0
2.314686715525178 -0.2170163310445498 0
2.342405085958332 -0.2586299338741703 0
2.364584341986371 -0.2138183220427079 0
2.392302708858883 -0.2554319272490164 0
2.414481965368068 -0.2106203150934083 0
2.44220033176609 -0.2522339206136701 0
2.465625531947024 -0.2048875295293152 0
2.492305611795643 -0.2486134509292454 0
2.516244763453205 -0.2014338969071175 0
2.542358112207546 -0.2453024295299729 0
2.56504252355156 -0.2007092291805906 0
2.59209823744733 -0.2424978103308724 0
2.614309386783002 -0.1986589433248374 0
2.641864484014412 -0.2395566551509486 0
2.664079986904162 -0.1956950321407571 0
2.691719040283858 -0.2364404730788138 0
2.713987315673484 -0.1931434284668605 0
2.741611102944589 -0.2333638377689885 0
2.763885629399899 -0.1900733842914395 0
2.791507914163852 -0.2302073868433136 0
1.362729079067023 -0.184999880472576 0
1.335007284924178 -0.2266111304575621 0
1.357185970377476 -0.2714223497894834 0
1.307288065636463 -0.268224148678782 0
1.285108762173335 -0.2234125041056876 0
1.257390190757139 -0.2650259684428091 0
1.235210947401144 -0.2202143651964847 0
1.207492542900461 -0.2618279446066333 0
1.185313288474908 -0.2170163337274359 0
1.15759491458875 -0.2586299342478334 0
1.135415658771478 -0.2138183225521129 0
1.107697291239573 -0.2554319273119473 0
1.085518034774637 -0.2106203151887755 0
1.057799668210971 -0.2522339205955711 0
1.035443403407392 -0.2101841218536661 0
1.007872544091713 -0.2494962163102267 0
0.9854985455159762 -0.2077231119512316 0
0.9579621319351945 -0.2464977596007941 0
0.9357679270615131 -0.201919383148139 0
0.9080902116786248 -0.2428987243372376 0
0.88591523894386 -0.1980202740797845 0
0.858204361794848 -0.2395170292704498 0
0.8360270674555488 -0.1946748023791249 0
0.8083102764114269 -0.236263830464406 0
0.7861316094888537 -0.1914430196165386 0
0.758413604031668 -0.2330509958581653 0
0.7362345059430386 -0.1882369123769317 0
0.7085162262226667 -0.2298491678723883 0
1.782153810994355 -0.1202596505953458 0
1.809994475771527 -0.1621095331899484 0
2.813738602942398 -0.1862072950484434 0
2.841397960112219 -0.2269049591370672 0
2.863749987617276 -0.1837540076553963 0
2.891321867577291 -0.2239476527807097 0
0.6863370105624962 -0.1850369188278986 0
0.6586186655363364 -0.2266501932717841 0
0.6364394193966105 -0.1818384197914901 0
0.6087210584062266 -0.223451943320813 0
1.795760677777469 0.09796689850006976 0
1.766891714761323 0.1389850309423254 0
1.717056889383513 0.136035005842908 0
1.739353060483253 0.1807174676234401 0
1.788033468889043 0.1827775614720281 0
1.761498620971756 0.2252781461273121 0
1.711757960273561 0.222409703142935 0
1.734109501655053 0.2671265995574994 0
1.782134771383213 0.2678749277169374 0
1.506889438489576 -0.2810226639363622 0
1.556782670956327 -0.2842171715420805 0
2.869109609508243 -0.2683886209936858 0
2.919006112764453 -0.2651689571832764 0
2.941193769872283 -0.2204877193396749 0
2.968899262177727 -0.2619236866298999 0
2.991264395502029 -0.2200160154719419 0
3.018824973172971 -0.2591721865482457 0
3.0411955334276 -0.2173468104689079 0
3.068732863147846 -0.2561367313559947 0
3.090913830835661 -0.2113522111104258 0
3.118602309533075 -0.2524997179194021 0
3.140776869955949 -0.2076149379664438 0
3.168489472272067 -0.2491386658111697 0
3.190666985420568 -0.2042998794129391 0
3.218384100460742 -0.2458939763560778 0
3.240562857850857 -0.2010745837333701 0
0.6309003157637558 -0.2682635417727843 0
0.5810026957781191 -0.2650654924031047 0
0.5588234397551757 -0.2202538731279651 0
0.5311050741839314 -0.2618674681312145 0
0.5089258178928966 -0.2170558530390397 0
0.4812074517864471 -0.2586694563929455 0
0.4590281953615298 -0.213857843389705 0
0.4313098291435657 -0.2554714484835441 0
0.4091305726777488 -0.2106598361184469 0
0.3814122064343823 -0.2522734416086292 0
0.3592329499575153 -0.2074618294159489 0
0.3315145837080731 -0.2490754350009232 0
0.3093353272283526 -0.2042638228527784 0
0.2816169609774215 -0.2458774284609746 0
0.2594377044969765 -0.2010658163241229 0
3.268280932385309 -0.2426836411554978 0
0.2317193382456781 -0.242679421938071 0
0.2538985947263848 -0.2874910340708139 0
3.246101627285127 -0.2874944952562707 0
1.762441644658085 -0.1662606578784914 0
1.78804581778282 -0.2070041332380892 0
1.741119914169315 -0.211487257443334 0
1.765928296408357 -0.2518392378670129 0
0.7306954971251969 -0.2746605549853818 0
2.719411542108338 -0.2779012471494577 0
0.8304897954266649 -0.2810713463423694 0
3.096418071793386 -0.2972336469179829 0
2.619658016027075 -0.2842489516673762 0
2.042874941328428 -0.277868127803297 0
0.5033867082912975 -0.3034810681490169 0
1.684226462389405 0.2641494680355586 0
3.290460057064739 -0.1978699742418737 0
0.2095400817650501 -0.1978678098040615 0
0.9801775744486392 -0.2907447709077862 0
2.519816320772535 -0.2906495196942631 0
1.706588604159369 0.3088742860123587 0
3.29599911011273 -0.2842943076197884 0
0.2040009719943412 -0.2842930275526062 0
2.237171799375976 -0.1801781129207491 0
1.262929316072139 -0.1786007608075366 0
3.452888744740841 -0.3699987307921481 0
0.0464379211888255 -0.369970748180621 0
1.717933351086849 -0.2557933641847459 0
1.129876547625367 -0.3002435393815676 0
2.370123452477869 -0.3002435393206705 0
0.3536938401890906 -0.2938870471288407 0
2.332313232570776 -0.1700131530579471 0
1.163134023445923 -0.1722047158810617 0
1.74347182561258 -0.296511011079766 0
1.792904226521597 -0.2932738256722477 0
1.229671799240355 -0.3066395566545265 0
2.270328206456283 -0.3066395527177751 0
3.460004061892291 -0.01438733355908162 0
0.04884826431647737 -0.01632836705017518 0
2.968704614483943 -0.1729451612037003 0
0.5366441841759264 -0.1754422469299973 0
2.170532918294878 -0.3130355941230116 0
1.329467179950482 -0.3130356629090866 0
1.37936477929351 -0.316233652900464 0
2.996619418595535 -0.3035742262580486 0
1.693757055776707 -0.2989218152529393 0
1.661872104958217 0.2194306421885211 0
3.057407875063071 -0.1709973447705007 0
0.4367696746871095 -0.1702829688347898 0
3.162946306519228 -0.1626502172217142 0
0.333547557042128 -0.1639966332914803 0
2.438377684784601 -0.1678960943587537 0
1.059914218490015 -0.1661551607259419 0
0.6031819528626938 -0.309877095113904 0
2.896819184374306 -0.3098909667491424 0
2.846922268056034 -0.3130982585367914 0
2.586354090214608 -0.1562146832950856 0
0.9130833709816571 -0.1584597979400278 0
1.726198271344159 -0.1288573025938702 0
3.262894955292269 -0.1586477127344577 0
3.312801550469297 -0.1555897017169192 0
0.2372584480164803 -0.1562542041880461 0
0.1872082714500285 -0.1554364535056548 0
1.656683601863876 0.3058803599947845 0
1.529060746392633 -0.3258290688494295 0
2.68822269683501 -0.1449042865168194 0
1.849545290343769 0.01381160323432354 0
0.2261802284750409 -0.329104639685447 0
0.1762826057429452 -0.3259066331680384 0
3.273819822211375 -0.3291054298942556 0
3.223922194242488 -0.3323033547683598 0
3.32371741638929 -0.3259069782140716 0
1.578956621105322 -0.3290258048479192 0
0.7638493039395351 -0.1482392539717538 0
1.351646338146953 -0.3578472072194083 0
1.837700916869572 -0.2038725347927706 0
1.679110188601941 0.3494992305410187 0
1.728955857783184 0.3536029956035577 0
2.949525457670505 -0.02923733150793775 0
0.9495254576705037 -0.02923733150793872 0
2.565814705473309 -0.02553620990362365 0
0.5598119786307827 -0.02401247542899715 0
1.296394511967354 -0.03584509412380318 0
2.215556346856662 -0.0272963851609575 0
0.6994010339838959 -0.03494320797557865 0
2.703592191125143 -0.02810436463620783 0
3.274652788269899 -0.03389693168947053 0
0.2363897363583389 -0.01772379271234506 0
1.770591796186937 -0.3380192952832841 0
1.820429938507673 -0.3349852921134428 0
3.154293818821919 -0.01925179481917305 0
2.354017389866703 -0.02873373908730004 0
0.3540173898667021 -0.02873373908730067 0
1.154293818821919 -0.01925179481917333 0
1.091151046508286 -0.03152671816803859 0
0.4137786475709764 -0.02379442770994195 0
2.413778647570976 -0.02379442770994195 0
3.091151046508286 -0.03152671816803831 0
3.338555602710922 -0.0265603585698545 0
0.1622679057791121 -0.03099768479885445 0
2.125934101732025 -0.02347376848718821 0
1.376763650478263 -0.03529739234772267 0
2.769014372085553 -0.02505788341106815 0
0.7689533318718246 -0.02502123039581658 0
0.1215432032624215 -0.06587232476294165 0
1.965092090312723 0.08019349390682209 0
1.593151232554161 0.4648841500407231 0
1.523722441917279 0.3724636307469064 0
1.967827910768121 0.1786011159678015 0
1.813147373030495 0.4762172797336058 0
1.834877635117423 0.4348116028497987 0
1.522346166789888 0.2949689934408519 0
1.964684041422019 0.2841601743833508 0
1.933056689614816 0.3194782736709472 0
1.913942734457121 0.2743977456318255 0
1.533745640199184 0.217430300493354 0
1.739844405166834 0.4650942110545049 0
0.9785018149858454 -0.06371376028072979 0
1.976386690318613 0.4340334628427497 0
1.699916518472403 0.005081479702458758 0
1.672351051170724 0.04663670447467164 0
3.340384626730913 -0.1950924147002096 0
0.1596170333939266 -0.1950665125919992 0
2.195713520705069 -0.05885380993689511 0
2.110485063471334 -0.1438782203643658 0
2.782095444902311 -0.1420971442393922 0
1.675161513730511 -0.2524432644680256 0
2.978501814985848 -0.06371376028072891 0
3.251640519215065 -0.3739163168421111 0
1.883429271339023 0.3114419810526495 0
1.798066979748538 -0.3797054988106721 0
2.051519267333421 -0.01772320260991031 0
1.448480732666574 -0.01772320260991203 0
2.874782675532616 -0.35693212345166 0
2.824765455351685 -0.3582644656696118 0
3.362568374367276 -0.1503508770630726 0
1.629145927888725 0.3474226494772089 0
1.903619707360158 0.3664205394258251 0
1.563028268493059 0.1811083658866124 0
0.5455320014912095 -0.06097014719710027 0
2.932223453491439 -0.07611456018599377 0
0.6641577873715261 -0.1402247872844276 0
1.852211225384592 0.3511202589796091 0
1.389490438118748 -0.1438604062648406 0
1.401543917583949 -0.3610451839421963 0
0.4475606095889129 -0.05701375522889861 0
2.546154104371461 -0.06225461155775165 0
2.120635295422075 -0.3162335901165673 0
2.148353690678526 -0.3578471852906053 0
2.098456061846545 -0.3610451855164042 0
1.340387278875879 -0.1402651976926348 0
1.842778809702727 -0.2902555005306754 0
1.870322085874673 -0.3319779112177431 0
2.198251318248912 -0.3546491770436271 0
1.301748702924147 -0.3546491921608422 0
2.924703971802254 -0.3541041601509605 0
0.2760778512071524 -0.3323026462026161 0
0.248359484955748 -0.373916251818177 0
3.345896668110945 -0.2810952918871796 0
0.6530795756954517 -0.3130751000607304 0
0.6253612102505346 -0.3546886930929372 0
0.6752588329025007 -0.3578867008605995 0
0.5754635874215066 -0.3514906880879241 0
0.1541033492622617 -0.281095021034944 0
0.6142601725584271 -0.1370266572090528 0
2.447560609588912 -0.05701375522889859 0
3.140151167808653 -0.05634410379149958 0
1.140151167808653 -0.05634410379150021 0
0.03568046191617169 -0.08149587588052312 0
3.454876928280034 -0.0757375385329149 0
2.852310865160311 -0.4014811129643563 0
3.233750010882901 -0.06544025064118736 0
0.1263849830108457 -0.3227086266506767 0
3.373615023573384 -0.3227087293004683 0
0.2093424150285104 -0.1085256314592245 0
0.2634370496558691 -0.1143565384437139 0
1.557940711849036 0.2669894172877425 0
1.938773250116297 0.1463050467365012 0
1.923964664308007 0.1920738006692356 0
1.877628979573545 0.1522697027608627 0
0.1485955865782598 -0.3670311387463292 0
3.351404418207805 -0.36703121336233 0
1.658149115273727 0.390760181085988 0
0.1381680914648811 -0.1535739871191411 0
2.061344105378232 -0.06306100419687255 0
1.439622415877771 -0.06332474982570559 0
3.328995570534999 -0.1082681818206823 0
2.735679345183642 -0.06411114165568696 0
1.650613747391783 0.004406171814305498 0
1.624514979395968 0.0453309438790912 0
1.677456277153927 -0.03990404781073129 0
1.645087451381065 0.08858051355039001 0
2.159687560938383 -0.1414986358574098 0
1.551288247899696 -0.3698545483168965 0
1.601193894826326 -0.372921352651539 0
1.501348548539656 -0.3673106076123149 0
1.933272481755767 0.04380119512779729 0
3.094998612924498 -0.08378167803459208 0
0.7905592346748328 -0.06349540882520585 0
1.86771623587648 0.2686977206382708 0
0.2983442153666158 -0.3757551410013797 0
3.201655792903441 -0.3757552699330179 0
0.07780937643070973 -0.4525599695543494 0
3.422190623569286 -0.4525599695543621 0
1.601584563101474 0.3893318815518338 0
1.583229772419288 -0.2417548053242996 0
1.892861669761527 -0.2872275233144029 0
1.920362161142545 -0.3289364142460928 0
1.897827337276602 -0.3726368736674418 0
1.947762306492169 -0.3700042598693904 0
1.970298672125031 -0.3258266134374186 0
1.998031281985825 -0.3669093126433497 0
1.095294387023334 -0.08685518955980193 0
1.429262346639145 -0.319431556896456 0
2.797027156193701 -0.3163399160007022 0
2.774848318184542 -0.3611588033135146 0
3.17401001706753 -0.335274272746817 0
3.151741227167605 -0.3786889194560512 0
3.382118917406873 -0.1055189370521861 0
1.748559796632877 -0.3805241904814127 0
1.596693125691386 0.08549048341871993 0
2.131110568416228 -0.1023537988838843 0
1.371787560068616 -0.4050413988182334 0
2.128212441305843 -0.4050413954250648 0
0.6434033886885444 -0.09894975413534783 0
1.875647151971815 0.1968790502762967 0
0.932973609721771 -0.07697597799912786 0
0.9755980856252835 -0.1102946421917241 0
1.5259082779512 0.01310658168687556 0
1.561679221006538 -0.001768555630754204 0
1.966614842553387 0.007834258127349891 0
1.619646314434688 0.1290272122687121 0
1.523903710655279 -0.4139453840816322 0
0.2715556426865788 -0.4202384161920474 0
3.228444357961092 -0.4202384262897325 0
1.014569972312963 -0.08900543789395302 0
1.627541910004003 -0.3339376168072955 0
1.650407333483786 -0.3785907487741965 0
1.559879025543187 0.4782433429205448 0
1.918208224625106 0.0002206406486807422 0
3.389341376675829 -0.1935057299753433 0
0.1086031082437757 -0.1911446412933021 0
0.6952629819025506 -0.0939945146674297 0
1.469498792110862 -0.4103663370296411 0
1.924849072330992 -0.416597570553526 0
1.940165337942294 0.4027956621529909 0
1.91826746018284 0.0992602267684706 0
2.688508514990076 -0.08059007179622968 0
1.140588355473649 -0.1192163608056723 0
1.184815849251625 -0.08584664883538544 0
1.690585335882076 0.4349511795724752 0
1.740583726560414 0.4093219361122048 0
2.976115823967349 -0.1143204717321196 0
3.018585650068079 -0.09295824463262989 0
0.5986890278226555 -0.3941768764942637 0
0.5481027858213348 -0.3898916264557278 0
1.775688183543806 -0.4244177771308888 0
1.855641463763209 0.1032328807899698 0
1.616421947110074 -0.4173244805368298 0
1.571206528633824 0.348534288053439 0
1.368669722814534 -0.09188141599549073 0
1.318366002830296 -0.09537351718791515 0
3.39579427346982 -0.2778970145176654 0
0.09972001363603233 -0.277312562593772 0
1.673632666200344 -0.4238704097193041 0
2.733277780027561 -0.1144607158844396 0
2.647530252618558 -0.1130614689502584 0
2.791122034461124 -0.06103879290296249 0
0.2206411187043265 -0.4155298574340026 0
3.279358881295646 -0.4155298574340578 0
1.832806608303947 -0.4190480175835672 0
3.280037771457179 -0.08627861021481664 0
1.865068501805443 0.3998610475896501 0
0.08889305806225067 -0.1441575258072593 0
0.07676485953020995 -0.2319440878911166 0
1.879519917005664 0.05663489777391695 0
3.401333383240557 -0.3643222322665864 0
3.379154126759868 -0.4091338443996468 0
0.09866661675942479 -0.364322232266535 0
0.1208458732401152 -0.4091338443995953 0
0.5906211890711288 -0.08923826843186045 0
3.138365850495548 -0.1149796993642107 0
0.7376522319717638 -0.05935841490653801 0
0.386443836125417 -0.0640976922325926 0
0.3416619730682124 -0.07938261596268792 0
0.3835995958704586 -0.1132423561398201 0
2.386443836125418 -0.06409769223259251 0
2.338157483390964 -0.07805327113710926 0
2.381282620403394 -0.113633504971166 0
3.187505767142383 -0.08609385787910018 0
2.928118492105378 -0.132078341042011 0
2.89712836878228 -0.1012912479082232 0
3.012075626377615 -0.1538671584968894 0
1.260492871559458 -0.03424876218740841 0
2.318580984074463 -0.02975531180360957 0
2.283682109854464 -0.06160568873734683 0
2.299275262671134 -0.1207588890598486 0
2.251194256509239 -0.1020999608599181 0
0.3185809840744556 -0.02975531180361435 0
0.6678334770333814 -0.02975097176172745 0
2.667833477033377 -0.02975097176172911 0
2.914369837510689 -0.0297722773273294 0
0.9143698375106826 -0.0297722773273367 0
0.8779386800141995 -0.06191691233602087 0
1.820058817901642 0.3876427071989653 0
1.802549156435382 0.3413169020273109 0
0.07389977124957725 -0.3206656767830391 0
1.569049931103661 0.1270417821795935 0
2.596138667794171 -0.05822395476312191 0
2.572912594038178 -0.1077102720429212 0
2.519769449190259 -0.1064711794058564 0
2.500354563083251 -0.06354180896775266 0
0.49795695561953 -0.06102211115296849 0
0.4723046526822161 -0.101380384606731 0
2.833632548234243 -0.06145323286266405 0
1.828216549934775 0.0580440287888617 0
1.819496469038697 0.1421446800057625 0
0.2461343476890068 -0.06503759273108957 0
2.814025112172831 -0.1012222429339307 0
2.474401074026988 -0.1025031374821603 0
2.48940222720957 -0.1524353503632317 0
1.969856575453965 0.1121974904126382 0
1.971228143111033 0.2100106379910178 0
1.22615149634023 -0.06207814549672927 0
1.013769487177556 -0.1378620423717214 0
2.078699219411264 -0.4077314942587645 0
2.048558459683149 -0.3642431904475224 0
1.560099555785111 0.4342269818980393 0
0.1652119114138078 -0.08312607236509896 0
2.027918320312954 -0.4093971421164335 0
2.020602904552113 -0.322535704114506 0
1.617161301483564 -0.1152823465175035 0
1.639857604348 -0.1593562844146617 0
1.667619841266289 -0.1174996261501926 0
1.686586605753682 -0.1672189023550482 0
1.65660811631783 -0.2065256299394071 0
1.909994250586944 -0.1561897427605058 0
1.70192489428212 -0.08129007894718399 0
1.753275075628069 -0.07783774350487334 0
1.937669822483882 -0.1978017494019282 0
1.887755203840983 -0.2009286234578821 0
1.915339268656507 -0.2424854748289511 0
1.562123228051387 -0.1976662494174818 0
1.60975985481704 -0.2003578721730159 0
1.860040421105719 -0.1592633401020879 0
1.420950299206315 -0.4078430210728747 0
1.44034103096955 -0.146580954177366 0
2.059658969030437 -0.1465809541773706 0
1.450856187429175 -0.364512499656498 0
1.479066308690375 -0.3226540534513365 0
1.865274792168876 -0.2455493325687432 0
1.604079245552523 -0.2877532003039592 0
2.092888318360776 -0.2746310819596303 0
1.290906305895048 -0.1371903030059938 0
2.18722791138631 -0.1822811141865303 0
2.213397769501874 -0.1346790034404628 0
1.312844671167934 -0.1818466294236651 0
1.241080168650246 -0.136717330353018 0
1.667560725098275 0.1328888877704217 0
1.642122102071525 0.1734819852157436 0
1.407087994903005 -0.2746234030564626 0
1.815374259701262 -0.24860211631431 0
1.279569497979311 -0.3098376155436787 0
1.251851069291941 -0.3514511781388242 0
1.201953431014337 -0.3482531609120678 0
1.224202077263883 -0.391982049230475 0
1.174359024111494 -0.3879325988011767 0
1.27595163363272 -0.4017198103187578 0
1.323927928593096 -0.3994607830686532 0
1.346107185101644 -0.4442723951923435 0
2.220430552475892 -0.3098375799943525 0
2.248148943588709 -0.3514511690438394 0
2.29804657207297 -0.3482531587484738 0
2.275797923410506 -0.3919820487526378 0
2.325640976191939 -0.3879325985918958 0
2.347923535289056 -0.3447327907207433 0
2.375550101693764 -0.3849140649235239 0
2.397819631896469 -0.341510969432774 0
2.425466724006617 -0.3820125032714501 0
2.447720166886539 -0.3383584012571618 0
2.475367675552259 -0.3788664352436648 0
2.497618829797755 -0.3351766242088663 0
2.525300317427306 -0.3762148228151993 0
2.501892164027563 -0.4188847900285066 0
2.547522462418185 -0.3320723882828653 0
2.575185117941809 -0.3728167547204295 0
2.597426691393905 -0.3288559074374837 0
2.625116464244564 -0.3701246695779831 0
2.647331035762299 -0.3257391421036923 0
2.675040488234396 -0.3673312791845465 0
2.697227225747881 -0.3226301632158641 0
2.469918698033173 -0.2938475262316744 0
2.724945360466302 -0.3642636642605819 0
2.700917570693941 -0.4104944071232924 0
2.752188726858571 -0.4063968416393039 0
2.801857453569637 -0.4038690030987049 0
2.828234312432547 -0.4484582356641205 0
2.224048371324925 -0.4017198067927119 0
2.176072071398928 -0.399460783065773 0
2.153892814897283 -0.4442723951907205 0
1.722260388537361 -0.3396945917171827 0
1.694784263000821 0.09134506604746753 0
1.213037091178259 -0.1756683649477766 0
2.286373225139207 -0.1753601105701018 0
2.320222385324791 -0.3033878196877544 0
1.689953807044724 0.1774939486306616 0
1.611027760671254 0.2141922911737056 0
1.63625231856993 0.2612605662286162 0
1.849096754675126 -0.3750729695319015 0
3.423755948250633 -0.3214431227049169 0
3.421585314978227 -0.2349445079662361 0
0.3259899918854692 -0.3352741331680903 0
0.3482587757028854 -0.3786888747042975 0
0.3758928572093065 -0.3383903409576271 0
0.3981979522691093 -0.3812385280907281 0
0.4257982793459925 -0.341466655494227 0
0.4481038005410005 -0.3843081937560375 0
0.3730658076504125 -0.4245975698579318 0
0.4756985728862064 -0.3446229901216389 0
0.4979378685963538 -0.3888922126131661 0
0.4641855732623539 -0.4255439953014591 0
0.5209178568785031 -0.432765472094609 0
0.403595486769786 -0.2970222706349508 0
3.301501579804429 -0.3701478410731728 0
1.80635968424237 0.2250441426691726 0
0.5256456423559741 -0.3475096097666541 0
0.3037986371155987 -0.2906512873387098 0
2.946746997474421 -0.3071591126266162 0
2.974468204295302 -0.3488237911054078 0
3.024338373888638 -0.3451987175911282 0
3.002015059425446 -0.3877629148566196 0
3.051884096970675 -0.384119161361975 0
2.952459873698418 -0.3943608828509142 0
2.986553805879951 -0.4307928995045212 0
2.902946128986139 -0.4072148723193337 0
3.07420433452904 -0.3415072527692925 0
3.101898494243739 -0.3827432922187701 0
3.078386437879288 -0.4288253401200324 0
3.135177858174915 -0.4212195936695871 0
0.286137995201041 -0.1597852581018749 0
0.9302752258409351 -0.2876205009347658 0
0.9524830775443264 -0.3319859496049621 0
1.00236487900638 -0.3354308110786919 0
0.9025558630478283 -0.3287035113332526 0
0.9746810788390137 -0.3761089385085106 0
1.024619943926185 -0.3789935793251816 0
1.052273840946175 -0.3384408907805289 0
1.074485606983033 -0.3827529275180257 0
0.998086708514639 -0.4188764480347072 0
3.046510914345057 -0.3002830601381023 0
0.8636352305333441 -0.1536919960067157 0
0.647540466812635 -0.3995003039557741 0
0.6991156128130531 -0.4045200294300201 0
0.7254360429806235 -0.3613883251034071 0
0.74786406216926 -0.4063102176595997 0
0.775188734707751 -0.3644022981936062 0
0.7979068592943682 -0.4095484533792861 0
0.8250528280156224 -0.3675539767386654 0
0.8480312155716488 -0.4123473728723953 0
0.6152614963135621 -0.4469086652622694 0
0.7246373590206372 -0.451951307171538 0
2.62609489155777 -0.4565863636338521 0
2.275748587532292 -0.459108542579414 0
2.569813306711096 -0.2872711678238056 0
2.747125177952396 -0.3194710992413182 0
0.8803884337632214 -0.2842535066598181 0
2.669535223990644 -0.2810861053943587 0
2.38493569384342 -0.1661250893123372 0
3.113048683787119 -0.1658482237389179 0
0.5639914376698751 -0.1353269292553944 0
1.760950159788492 0.3173915659901034 0
1.123883421395396 -0.4597415440839222 0
0.8745667992916356 -0.456620760100298 0
0.8997174787179674 -0.4135392588605549 0
2.725413042236172 -0.4554230902373718 0
1.113236400713814 -0.1690067093638574 0
0.4865894389713632 -0.1746957794609702 0
0.5100936856733931 -0.1316244932203051 0
2.769304434433085 -0.2746594871082584 0
1.224251412462216 -0.4591085425754308 0
0.8137792934219029 -0.1507508057883559 0
0.8379226801056134 -0.1010259456002184 0
2.376116578595402 -0.4597415440913853 0
0.7140554188569392 -0.1434226572262271 0
0.5864799519937072 -0.1788900116057855 0
1.079981138525664 -0.2970091581904558 0
1.030078274204924 -0.2938926279772101 0
0.780592739970372 -0.2778644887750086 0
1.1021683959393 -0.3416950707067683 0
3.196202261856205 -0.2906653020070639 0
0.5532976101489206 -0.306548570275303 0
0.4534890856549245 -0.3002830601380599 0
2.81920551923249 -0.2715118781295343 0
3.318182883603839 -0.239553173084393 0
3.368530857261595 -0.2370146886885045 0
3.146306159809273 -0.2938870471036887 0
0.6807979132764805 -0.2714619417811883 0
0.384356260694346 -0.1629251993557753 0
3.212998234339653 -0.1618597850058695 0
0.1984984338248181 -0.3701476285906969 0
0.1818174779071406 -0.2395475336372411 0
0.7030237806713062 -0.3163239536720952 0
0.7529515400391569 -0.3195514544146606 0
0.8028242842785611 -0.3227184461233296 0
0.1312609055417786 -0.2361868288259499 0
3.124096384101762 -0.3382224052021005 0
3.415202444324665 -0.1507096133395701 0
0.852659851431825 -0.3258075579996367 0
1.179774172338873 -0.3034415472630503 0
1.600371841269579 0.3003248621734099 0
1.152078168113388 -0.3447057790096663 0
1.124501752849745 -0.3841042227590042 0
2.420019276492984 -0.2970174666537269 0
2.070669330198847 -0.3194261466596545 0
1.456978541883904 -0.2778313210926474 0
0.2932127806249198 -0.07154531714779627 0
1.835446912144733 0.303910974303907 0
1.992941849407215 -0.2809805870737261 0
1.942965481411472 -0.2841116780720555 0
2.650837145316794 -0.4124808752917469 0
0.8241430553613116 -0.4555261220991328 0
0.8752431757255061 -0.3701438168392079 0
3.459643577517253 -0.1272753655355175 0
0.0413592578487374 -0.1279097672228164 0
1.879911941029309 -0.02697518354366893 0
2.91332773910539 -0.1798790408393799 0
1.726576657762058 -0.03656781358996083 0
0.9677618073834421 -0.159951012411674 0
0.1293805791691818 -0.4562945554180065 0
3.370619420830814 -0.4562945554180295 0
2.014690147641068 -0.4553557383712058 0
1.479258811756267 -0.4572987499250084 0
3.235532052699149 -0.1158384442928394 0
0.8939649502797822 -0.1127145271156104 0
3.358716759360545 -0.06667506280682481 0
2.600990951396001 -0.4140533769477018 0
0.9249771909536185 -0.3721192102106382 0
2.877554000293022 -0.4533386005552732 0
1.264597018692434 -0.08620900871774319 0
1.644560380129857 -0.07482841469484343 0
1.877626078274462 0.4404402056192204 0
0.08173677558524051 -0.0968331601971309 0
3.403613232291559 -0.06781677569154194 0
1.026008308066566 -0.4585445364837926 0
2.47399040866872 -0.4585450431733199 0
0.1678721622339361 -0.4116732688673269 0
3.332127839958351 -0.4116733030457418 0
1.525632504482309 -0.4655885727634838 0
1.976913951257 -0.410532939401847 0
3.458563407883068 -0.4236513649757651 0
0.04104080080523209 -0.4235706073670997 0
1.193573876934018 -0.1319438882487081 0
2.54162094127623 -0.1541624351991339 0
0.7900568079586658 -0.1126109109495643 0
1.699397930307059 -0.3798729452522511 0
0.9482406119528528 -0.4158646125921704 0
2.552131758002976 -0.4158142136759034 0
1.569418440561565 0.0395090455539707 0
0.3108730883742292 -0.1194077047865784 0
1.635222103276195 0.4362603044231702 0
1.774870352736692 0.3782852981756634 0
2.104634432690899 -0.06286031190417207 0
1.897175691045798 0.2301244217909991 0
2.034746818144642 -0.1054988268492933 0
1.465359600835124 -0.1054179295988909 0
0.2331875907095098 -0.4593699830877909 0
3.266812409398429 -0.4593699847707566 0
1.923321869159582 -0.466130211896671 0
1.573561560098275 -0.4061488990795351 0
2.235549654550753 -0.06155802747255171 0
2.835922874021189 -0.142022624816945 0
1.975664856749523 0.4729190127638477 0
0.8319602048390295 -0.05571346926322732 0
3.471799933805184 -0.03778388104844457 0
0.02533878396912526 -0.04145168451777895 0
0.9719933572882791 -0.4589359321450492 0
2.52804187982998 -0.4589351834751281 0
0.07265554100855498 -0.04567023239758089 0
0.4278864454282729 -0.1026512932113819 0
2.426508107540712 -0.1021180132470589 0
1.957034629774526 0.3614360494697605 0
2.636600567568933 -0.1584597602219303 0
1.624738083243595 -0.03639690641942925 0
3.085206419336453 -0.1284824983467056 0
1.875915954517334 -0.408010832229443 0
0.2759486466792176 -0.4672614258181234 0
3.224051353471904 -0.4672614281742535 0
1.417759299824527 -0.1027762612188569 0
2.083663326188629 -0.1040388527293264 0
1.63167576888507 -0.4604657848988575 0
0.7432375941813425 -0.1070288273763796 0
1.548113890895188 0.08069088823965426 0
1.052080127465938 -0.06097427815233178 0
3.052030471550025 -0.05976903710457836 0
1.675101414388064 -0.3391456644877113 0
1.05569081016231 -0.1116730980509954 0
1.701802698289757 0.3887006590566751 0
3.006983544686421 -0.03534826518093284 0
1.006983544686422 -0.03534826518093331 0
2.640151413254137 -0.06663408979680337 0
1.188908761722223 -0.03065712236748497 0
3.19048343884701 -0.03126964926735212 0
0.5933799082765381 -0.03152984518719698 0
1.047874050211765 -0.4188615717576044 0
2.452120941255252 -0.4188094143586669 0
2.176807398599392 -0.0977532475179049 0
1.784768122107695 0.4334367502679282 0
2.775203496929112 -0.1013930067310553 0
1.555722047142483 0.3915568375498319 0
1.528474928599194 0.1411840950894162 0
1.65699867806649 0.4719549885862655 0
1.818082465307959 -0.4610841417029516 0
1.52538559075363 0.4746144092463715 0
2.342582587582805 -0.1293215901043171 0
1.33930773401084 -0.05597321457843625 0
0.3232448882812986 -0.4111957463132869 0
3.178403847241411 -0.4105201878318334 0
1.676061687017083 -0.4682069848857879 0
0.1266365475976818 -0.1110148651334075 0
1.09756502512618 -0.4201870356761719 0
2.402041730162841 -0.4204514712507627 0
3.466319250221856 -0.3246999386974294 0
2.880146673580653 -0.05860701862999181 0
0.07696011768486155 -0.4039114803536401 0
3.422826057238724 -0.4039332283977017 0
2.882216309191277 -0.1386364930452793 0
3.425631521000205 -0.102580781288202 0
1.096486116706886 -0.1296947974225689 0
2.736293773367653 -0.1569357918797902 0
1.942279932098225 0.240127796744405 0
1.628396989032118 -0.2442341225271674 0
2.151494376371516 -0.0605008913688951 0
2.257482462639486 -0.1426152153702161 0
1.773754129770353 -0.4684401297289237 0
1.650673021413988 -0.292739280641183 0
0.3742258648952153 -0.467973748680132 0
3.1189273826757 -0.4625176275371313 0
1.555181779804492 0.3088968151719478 0
1.148664566182613 -0.4221990027340817 0
2.351278535500323 -0.4223780489933788 0
0.03298873335979091 -0.3271945958261875 0
1.383776816910744 -0.4617660274168242 0
2.116223183089116 -0.4617660274169051 0
3.463773454640124 -0.2262165093327052 0
3.046630238685316 -0.1283277241692678 0
3.186231743382886 -0.128296642261693 0
1.600512351533709 0.001957735897635454 0
1.572533893426111 0.2281491748094013 0
3.421583107837928 -0.03136553199784359 0
1.724455715336817 -0.413076810478927 0
0.9366763647983872 -0.1236791915316328 0
3.074855545995814 -0.4703081031461495 0
2.301967341713588 -0.423537521579496 0
1.198027820062957 -0.4235222966064994 0
0.4213233301097079 -0.4148521461476213 0
1.403072590331437 -0.06559211145084756 0
0.5420841655137909 -0.1013391841684223 0
1.834219432514135 0.1859978625333435 0
0.6311740311668483 -0.05693774571117671 0
2.612960396191753 -0.0949166655833025 0
1.929961621287451 0.4484627885923201 0
1.700323206988753 -0.211451335882303 0
3.284052380090579 -0.124924530155943 0
2.191830543309468 -0.4339376106278637 0
1.308169457680046 -0.433937611334075 0
3.314855072977437 -0.05744960166099028 0
1.824318537621367 0.2659208032117222 0
3.463292957485722 -0.4634577939578073 0
0.03670704251427814 -0.463457793957808 0
1.24435690664756 -0.4251638611777047 0
2.255642741113038 -0.4251649705864173 0
0.0324055545629276 -0.229173422028715 0
0.4789484460674431 -0.4663331635568699 0
0.461585699627058 -0.1393546327157924 0
3.029005830698392 -0.4180245150974418 0
1.850906122211994 0.2287773335199674 0
1.22204368197371 -0.1005590043303168 0
1.602253768382295 0.1653950655986063 0
0.6674149825550442 -0.06291523885025208 0
0.1653134473909819 -0.1223354019165054 0
0.2028413678392407 -0.05453414874607794 0
1.572109637602804 -0.03933428381137113 0
1.930890821329356 -0.03536919284752307 0
2.412289784057081 -0.1380946968193749 0
1.598223454166595 0.4282063513165455 0
2.856570575050147 -0.09832592031194788 0
0.4150424082493398 -0.1388578931863301 0
1.903288249333962 0.4115960486760013 0
0.5235773417589404 -0.4721671597659398 0
2.977285293605858 -0.4702894341628572 0
1.596452676019759 0.2585319726490988 0
1.886770802331905 0.01721148600310127 0
1.798389623926133 0.3032602969160614 0
1.724529740874332 -0.175239596903257 0
0.3472411746532034 -0.1273798657719173 0
2.612106687817195 -0.1289813812761134 0
2.597512104270577 -0.02117342337988537 0
1.012404716046148 -0.1784510249771942 0
2.486738218582173 -0.02317600031063161 0
0.4863957032302131 -0.02281604347994806 0
2.847290963986588 -0.02335169400466114 0
3.482230830074016 -0.01531143373220703 0
0.01896737872259879 -0.01643320112429261 0
2.21510582972456 -0.09090207463644689 0
3.427161082450279 -0.1976610160471275 0
2.456257239333993 -0.1359405115906648 0
3.059875622581362 -0.09533337459961343 0
2.184170838212179 -0.466568491032628 0
1.315829161984977 -0.4665684911737782 0
0.5114261822223578 -0.09165874772873366 0
2.251603461616063 -0.02444382904576289 0
0.570312237295544 -0.4230178417076091 0
0.8466271677866154 -0.02309258660290447 0
3.014373172703421 -0.1897151466601162 0
1.884816159499203 0.4732666556958683 0
1.510975913341303 0.4890240866586969 0
1.98890516919326 0.4882187081968411 0
2 3 0 1295
3986
3987
3988
3989
3990
3991
3992
3993
3994
3995
3996
3997
3998
3999
4000
4001
4002
4003
4004
4005
4006
4007
4008
4009
4010
4011
4012
4013
4014
4015
4016
4017
4018
4019
4020
4021
4022
4023
4024
4025
4026
4027
4028
4029
4030
4031
4032
4033
4034
4035
4036
4037
4038
4039
4040
4041
4042
4043
4044
4045
4046
4047
4048
4049
4050
4051
4052
4053
4054
4055
4056
4057
4058
4059
4060
4061
4062
4063
4064
4065
4066
4067
4068
4069
4070
4071
4072
4073
4074
4075
4076
4077
4078
4079
4080
4081
4082
4083
4084
4085
4086
4087
4088
4089
4090
4091
4092
4093
4094
4095
4096
4097
4098
4099
4100
4101
4102
4103
4104
4105
4106
4107
4108
4109
4110
4111
4112
4113
4114
4115
4116
4117
4118
4119
4120
4121
4122
4123
4124
4125
4126
4127
4128
4129
4130
4131
4132
4133
4134
4135
4136
4137
4138
4139
4140
4141
4142
4143
4144
4145
4146
4147
4148
4149
4150
4151
4152
4153
4154
4155
4156
4157
4158
4159
4160
4161
4162
4163
4164
4165
4166
4167
4168
4169
4170
4171
4172
4173
4174
4175
4176
4177
4178
4179
4180
4181
4182
4183
4184
4185
4186
4187
4188
4189
4190
4191
4192
4193
4194
4195
4196
4197
4198
4199
4200
4201
4202
4203
4204
4205
4206
4207
4208
4209
4210
4211
4212
4213
4214
4215
4216
4217
4218
4219
4220
4221
4222
4223
4224
4225
4226
4227
4228
4229
4230
4231
4232
4233
4234
4235
4236
4237
4238
4239
4240
4241
4242
4243
4244
4245
4246
4247
4248
4249
4250
4251
4252
4253
4254
4255
4256
4257
4258
4259
4260
4261
4262
4263
4264
4265
4266
4267
4268
4269
4270
4271
4272
4273
4274
4275
4276
4277
4278
4279
4280
4281
4282
4283
4284
4285
4286
4287
4288
4289
4290
4291
4292
4293
4294
4295
4296
4297
4298
4299
4300
4301
4302
4303
4304
4305
4306
4307
4308
4309
4310
4311
4312
4313
4314
4315
4316
4317
4318
4319
4320
4321
4322
4323
4324
4325
4326
4327
4328
4329
4330
4331
4332
4333
4334
4335
4336
4337
4338
4339
4340
4341
4342
4343
4344
4345
4346
4347
4348
4349
4350
4351
4352
4353
4354
4355
4356
4357
4358
4359
4360
4361
4362
4363
4364
4365
4366
4367
4368
4369
4370
4371
4372
4373
4374
4375
4376
4377
4378
4379
4380
4381
4382
4383
4384
4385
4386
4387
4388
4389
4390
4391
4392
4393
4394
4395
4396
4397
4398
4399
4400
4401
4402
4403
4404
4405
4406
4407
4408
4409
4410
4411
4412
4413
4414
4415
4416
4417
4418
4419
4420
4421
4422
4423
4424
4425
4426
4427
4428
4429
4430
4431
4432
4433
4434
4435
4436
4437
4438
4439
4440
4441
4442
4443
4444
4445
4446
4447
4448
4449
4450
4451
4452
4453
4454
4455
4456
4457
4458
4459
4460
4461
4462
4463
4464
4465
4466
4467
4468
4469
4470
4471
4472
4473
4474
4475
4476
4477
4478
4479
4480
4481
4482
4483
4484
4485
4486
4487
4488
4489
4490
4491
4492
4493
4494
4495
4496
4497
4498
4499
4500
4501
4502
4503
4504
4505
4506
4507
4508
4509
4510
4511
4512
4513
4514
4515
4516
4517
4518
4519
4520
4521
4522
4523
4524
4525
4526
4527
4528
4529
4530
4531
4532
4533
4534
4535
4536
4537
4538
4539
4540
4541
4542
4543
4544
4545
4546
4547
4548
4549
4550
4551
4552
4553
4554
4555
4556
4557
4558
4559
4560
4561
4562
4563
4564
4565
4566
4567
4568
4569
4570
4571
4572
4573
4574
4575
4576
4577
4578
4579
4580
4581
4582
4583
4584
4585
4586
4587
4588
4589
4590
4591
4592
4593
4594
4595
4596
4597
4598
4599
4600
4601
4602
4603
4604
4605
4606
4607
4608
4609
4610
4611
4612
4613
4614
4615
4616
4617
4618
4619
4620
4621
4622
4623
4624
4625
4626
4627
4628
4629
4630
4631
4632
4633
4634
4635
4636
4637
4638
4639
4640
4641
4642
4643
4644
4645
4646
4647
4648
4649
4650
4651
4652
4653
4654
4655
4656
4657
4658
4659
4660
4661
4662
4663
4664
4665
4666
4667
4668
4669
4670
4671
4672
4673
4674
4675
4676
4677
4678
4679
4680
4681
4682
4683
4684
4685
4686
4687
4688
4689
4690
4691
4692
4693
4694
4695
4696
4697
4698
4699
4700
4701
4702
4703
4704
4705
4706
4707
4708
4709
4710
4711
4712
4713
4714
4715
4716
4717
4718
4719
4720
4721
4722
4723
4724
4725
4726
4727
4728
4729
4730
4731
4732
4733
4734
4735
4736
4737
4738
4739
4740
4741
4742
4743
4744
4745
4746
4747
4748
4749
4750
4751
4752
4753
4754
4755
4756
4757
4758
4759
4760
4761
4762
4763
4764
4765
4766
4767
4768
4769
4770
4771
4772
4773
4774
4775
4776
4777
4778
4779
4780
4781
4782
4783
4784
4785
4786
4787
4788
4789
4790
4791
4792
4793
4794
4795
4796
4797
4798
4799
4800
4801
4802
4803
4804
4805
4806
4807
4808
4809
4810
4811
4812
4813
4814
4815
4816
4817
4818
4819
4820
4821
4822
4823
4824
4825
4826
4827
4828
4829
4830
4831
4832
4833
4834
4835
4836
4837
4838
4839
4840
4841
4842
4843
4844
4845
4846
4847
4848
4849
4850
4851
4852
4853
4854
4855
4856
4857
4858
4859
4860
4861
4862
4863
4864
4865
4866
4867
4868
4869
4870
4871
4872
4873
4874
4875
4876
4877
4878
4879
4880
4881
4882
4883
4884
4885
4886
4887
4888
4889
4890
4891
4892
4893
4894
4895
4896
4897
4898
4899
4900
4901
4902
4903
4904
4905
4906
4907
4908
4909
4910
4911
4912
4913
4914
4915
4916
4917
4918
4919
4920
4921
4922
4923
4924
4925
4926
4927
4928
4929
4930
4931
4932
4933
4934
4935
4936
4937
4938
4939
4940
4941
4942
4943
4944
4945
4946
4947
4948
4949
4950
4951
4952
4953
4954
4955
4956
4957
4958
4959
4960
4961
4962
4963
4964
4965
4966
4967
4968
4969
4970
4971
4972
4973
4974
4975
4976
4977
4978
4979
4980
4981
4982
4983
4984
4985
4986
4987
4988
4989
4990
4991
4992
4993
4994
4995
4996
4997
4998
4999
5000
5001
5002
5003
5004
5005
5006
5007
5008
5009
5010
5011
5012
5013
5014
5015
5016
5017
5018
5019
5020
5021
5022
5023
5024
5025
5026
5027
5028
5029
5030
5031
5032
5033
5034
5035
5036
5037
5038
5039
5040
5041
5042
5043
5044
5045
5046
5047
5048
5049
5050
5051
5052
5053
5054
5055
5056
5057
5058
5059
5060
5061
5062
5063
5064
5065
5066
5067
5068
5069
5070
5071
5072
5073
5074
5075
5076
5077
5078
5079
5080
5081
5082
5083
5084
5085
5086
5087
5088
5089
5090
5091
5092
5093
5094
5095
5096
5097
5098
5099
5100
5101
5102
5103
5104
5105
5106
5107
5108
5109
5110
5111
5112
5113
5114
5115
5116
5117
5118
5119
5120
5121
5122
5123
5124
5125
5126
5127
5128
5129
5130
5131
5132
5133
5134
5135
5136
5137
5138
5139
5140
5141
5142
5143
5144
5145
5146
5147
5148
5149
5150
5151
5152
5153
5154
5155
5156
5157
5158
5159
5160
5161
5162
5163
5164
5165
5166
5167
5168
5169
5170
5171
5172
5173
5174
5175
5176
5177
5178
5179
5180
5181
5182
5183
5184
5185
5186
5187
5188
5189
5190
5191
5192
5193
5194
5195
5196
5197
5198
5199
5200
5201
5202
5203
5204
5205
5206
5207
5208
5209
5210
5211
5212
5213
5214
5215
5216
5217
5218
5219
5220
5221
5222
5223
5224
5225
5226
5227
5228
5229
5230
5231
5232
5233
5234
5235
5236
5237
5238
5239
5240
5241
5242
5243
5244
5245
5246
5247
5248
5249
5250
5251
5252
5253
5254
5255
5256
5257
5258
5259
5260
5261
5262
5263
5264
5265
5266
5267
5268
5269
5270
5271
5272
5273
5274
5275
5276
5277
5278
5279
5280
2.988106047248994 0.5223493424054979 0
0.5099959487934536 0.5173134911801177 0
0.6386829201038109 0.5210867984377539 0
2.870046955659425 0.5173150021368678 0
0.9760058332248075 0.9909321826144413 0
2.523268903862828 0.993545421883956 0
2.77006712326702 0.5177042997013617 0
0.7299259960856748 0.5173163679722635 0
0.3879154587089693 0.5195281636304701 0
3.118930552692671 0.5214906873890356 0
0.9826828846099392 0.8699717982717043 0
2.522820709351329 0.8663935128169874 0
3.209930776665329 0.5173160970217545 0
0.2961490500994914 0.5223720952579284 0
0.4754421322801619 1.460128439062224 0
3.021578733677208 1.457472954259167 0
2.690089986608584 0.5173174547121172 0
0.8141952090679658 0.5244416671876152 0
3.462534479555791 0.977761220251449 0
0.04209898975197102 0.9758331266478171 0
0.9826842167507543 0.7699945442403635 0
2.517315783249246 0.7699945442403614 0
1.013770829537499 1.025169291782223 0
2.489909017649021 1.026288718756229 0
1.174767974912164 1.017969301927057 0
2.335814874286509 1.023021283714802 0
1.97731907657523 1.026950585861432 0
1.53431944300281 1.019021902016791 0
1.623804887399456 1.024043252197648 0
1.882426302314494 1.019714953247421 0
2.224184778916245 1.022557843993693 0
1.286396861883842 1.020646701949484 0
1.386405326127299 1.021437815423195 0
2.12172343436552 1.023335997226402 0
1.776738757386345 1.022809970977379 0
0.6765008353512261 1.447078047015112 0
2.818945462962232 1.456532151227235 0
1.095933548919131 1.023438932722792 0
2.410725888594882 1.023423680418639 0
3.454826040419459 1.177526340202248 0
0.04619837342801936 1.177913664835563 0
0.1878547668485342 0.5192898538144314 0
3.309910013391416 0.5173174547121174 0
0.9826837048626896 0.6900155026732315 0
2.521307871528666 0.696709906123116 0
2.620227987883753 0.5226276980758319 0
0.8898990225272158 0.5173185317389624 0
3.177483572739465 1.455674290565106 0
2.672899092051395 1.45950898396356 0
0.3262307442725003 1.452554074739788 0
0.8236078786123093 1.458595532919856 0
3.45698010964234 0.8293862774804163 0
0.04301989035765974 0.8293862774804162 0
1.925222978832682 1.45541086276223 0
1.575248049220345 1.457604436230602 0
2.282736131245632 1.455013904870448 0
1.224621937328236 1.45909043527452 0
1.724415023725875 1.456548469813501 0
2.075 1.456698729810778 0
1.422695225851469 1.453524939784195 0
0.97852321269594 1.455530732904229 0
2.517904880742903 1.452381379988455 0
0.1206691370246993 0.5218635914412004 0
3.390365309462095 0.5272783706654459 0
2.045785518183711 1.021581582867936 0
1.452144231505472 1.01902393964608 0
1.698952162864652 1.023020738956005 0
2.523380597182352 0.6261430917476685 0
0.9778241235262149 0.6261267532769256 0
2.931028152062782 0.5215322189255205 0
0.5743916474174779 0.5217791214588812 0
3.053375233420994 0.5217477908359889 0
0.445572965213145 0.525215474087051 0
0.9790758948207876 0.9349622543149311 0
2.52512737220858 0.930050300232702 0
0.172526632801099 1.459406847471654 0
3.323462200130924 1.459632195521432 0
0.04464402052739014 0.6844248107203825 0
3.45450923655775 0.6807239826237312 0
0.03844803900592275 1.333344206997585 0
3.460766940094054 1.336257026427857 0
2.424952593182076 1.455599999921674 0
0.5744756035000163 1.456341119105449 0
1.126571058164938 1.459786790147156 0
1.328318374846314 1.451128325496849 0
2.170130232840509 1.455112118670995 0
2.92470638276435 1.456047102580003 0
1.827521252313062 1.455105597168018 0
0.0402521630804884 1.075407863138159 0
3.457826379034127 1.077902780529716 0
0.9480167824214568 0.5249697036566447 0
2.546805077847097 0.5253572209649431 0
3.461240914016115 0.5137831345451687 0
0.04442944392039738 0.519999674723398 0
1.949525457670509 1.029237331507938 0
1.982266239460875 1.064064492771595 0
1.932761228416443 1.076164664827546 0
1.976332604325797 1.112268286774634 0
1.930479962132818 1.131944875748878 0
1.971193733162559 1.162788306500457 0
1.925408755923024 1.182790941249593 0
1.965676929286675 1.212801039619854 0
2.011572901995118 1.192956038334209 0
1.919831972375637 1.232733423288105 0
1.879680276484927 1.202926575848177 0
2.0058872786788 1.242693781583925 0
2.051776067085129 1.222833273978634 0
1.873993940491439 1.252682722269408 0
1.833838719926886 1.222875818121505 0
1.828115747304679 1.272560526816364 0
1.787964116674063 1.242764801591917 0
2.046058628352469 1.27251820004248 0
2.091941880617799 1.252648026866605 0
2.097667234229888 1.20297636240267 0
2.137823689453434 1.232775371227497 0
2.143548916721922 1.183103480791735 0
2.183702881442902 1.212898305662509 0
2.178334943136732 1.262087421139149 0
2.223916126523027 1.242612218157591 0
2.228349526165597 1.194682781568059 0
2.269483512355557 1.223155648205228 0
2.263977973976123 1.272530009990849 0
2.309841960382174 1.252673686353256 0
2.316409652535974 1.205162890327521 0
2.355893163035529 1.233114219032714 0
2.350055778299781 1.282478162791308 0
2.395945093116583 1.262602953254513 0
2.401672476179939 1.212932159449835 0
2.441809379332395 1.242675454666574 0
2.447532590962252 1.192995946020039 0
2.48768296105436 1.222780215595626 0
2.481956719584038 1.272449649499286 0
2.527834954789845 1.252569393028268 0
2.533560491251369 1.202897758067886 0
2.57371376391259 1.232690986960479 0
2.579327284661358 1.182760888662883 0
2.619574212556991 1.212770487313684 0
2.625184673226034 1.162833373419591 0
2.665446700314115 1.19287786443068 0
2.671171278867524 1.143204168401638 0
2.711351392521155 1.173059595999493 0
2.717072676731223 1.123378302425455 0
2.757229927336894 1.153180963243308 0
2.762955513733406 1.103509598902068 0
2.803109867861188 1.133305574792705 0
2.808835491543429 1.083634296505077 0
2.848989172140155 1.113428717919464 0
2.854714886780538 1.063757649558712 0
2.89486847884226 1.093551866638705 0
2.900594185326018 1.043880779452866 0
2.940747752711986 1.073674939582444 0
2.946473462284163 1.024003859524522 0
2.906319899309547 0.9942097095761262 0
2.952199172420864 0.9743327807694943 0
2.986627026404664 1.053798012117566 0
2.912045609540336 0.9445386310382472 0
2.957924882026196 0.9246617007880915 0
2.917771319057106 0.8948675508524488 0
2.963650591423963 0.8749906203276396 0
3.003804154446827 0.9047847703873915 0
3.009529863777487 0.8551136897720619 0
3.04968342679813 0.8849078398266852 0
2.980901316939984 1.103469092423587 0
3.026780589475185 1.083592162287308 0
2.871892046731724 0.9147444814729789 0
2.877617756096978 0.865073400937488 0
3.055409136117236 0.8352367591846881 0
3.095562699135582 0.8650309092340115 0
3.02105488016793 1.13326324295666 0
3.066934152551082 1.113386312469459 0
3.101288408452379 0.8153598285866872 0
3.141441971469958 0.8451539786342389 0
2.83173848375874 0.8849503315283486 0
2.83746419308225 0.8352792508965148 0
3.061208443230099 1.163057393107123 0
3.107087715570993 1.143180462522398 0
2.843263482420602 1.16309984379625 0
3.147167680786243 0.7954828979857316 0
3.015255573100442 0.8054426091389488 0
2.791584920749262 0.8551561814994888 0
2.79731063006725 0.8054851008549102 0
3.112813424888366 1.093509381876399 0
3.1529669879063 1.123303531924776 0
3.147241278590281 1.1729746125739 0
3.158692697222742 1.073632451276626 0
2.722801930229513 1.073715401573119 0
3.187321243803608 0.8252770480327905 0
3.193046953119771 0.7756059673840034 0
3.193120550924173 1.153097681973014 0
3.187394841608 1.202768762621784 0
2.705621446559421 1.222720899619891 0
2.843189902400415 0.7856081702523452 0
3.015329170895872 1.18293432370724 0
2.803036339383466 0.7558140202062406 0
2.751431357733655 0.8253620314564857 0
2.848915611716897 0.7359370896042877 0
3.152893390102486 0.7458118173371322 0
3.198772662435921 0.7259348867351874 0
3.238926225453215 0.755729036782082 0
3.233274113941487 1.182891832019965 0
3.227548404625364 1.232562912668851 0
3.181669132291949 1.252439843270838 0
3.181595534487497 0.8749481286816962 0
3.238999823257628 1.133220751371115 0
3.227474806820971 0.8550711980798416 0
3.221749097504842 0.9047422787287052 0
2.745705648417499 0.8750331121052938 0
3.267628369838266 0.8848653481267345 0
3.261902660522143 0.9345364287756127 0
3.244651934769344 0.7060579561332161 0
2.567988006203784 1.282361914083629 0
3.221822695309251 1.28223399331776 0
3.267701967642668 1.262357062715777 0
2.808762048699691 0.7061429395575917 0
2.762882776366264 0.7260198701595557 0
2.705552085400485 0.8452389620590415 0
2.699826376084399 0.8949100427080127 0
3.284805497786637 0.735852106180107 0
3.158619099418634 0.696140736688311 0
2.854641321033099 0.6862660089555854 0
3.28996877870521 0.6848828469474229 0
2.000178855910412 1.292397734314902 0
1.793693610437658 1.193092641202599 0
1.747813336431148 1.212970800350452 0
1.742085005362441 1.262642187410654 0
1.701933222313116 1.232846391886825 0
1.696204917820372 1.282517351013321 0
1.656052972140075 1.25272118512361 0
1.661781318344878 1.203050426146093 0
1.615901007045435 1.222924978976617 0
1.610172669692054 1.272595764982027 0
1.570020688194229 1.242799501801422 0
1.564292349582188 1.292470282805818 0
1.524140365140757 1.262674009286171 0
1.529868705394623 1.213003234211642 0
1.483922457260534 1.232966569712153 0
1.478249053621545 1.282563318009756 0
1.438095237278556 1.252769509640074 0
1.443743723620528 1.203186407098778 0
1.397938488794872 1.222976330267709 0
1.392227730874803 1.27262673740656 0
1.352072815363344 1.242833856133593 0
1.357800666593227 1.193163644595807 0
1.311922702257975 1.213035410767593 0
1.30619475606526 1.262705732329818 0
1.266043148425793 1.232909018538909 0
1.260314937316922 1.28257964703439 0
1.220163036435746 1.252783272994872 0
1.225891390104009 1.203112479329327 0
1.180011103082068 1.222986936578166 0
1.174282769774905 1.272657706653234 0
1.134130794241644 1.242861419106015 0
1.128402457298068 1.292532193394251 0
1.088250474128808 1.262735914694141 0
1.095068072436504 1.215579690632874 0
1.049351049401444 1.235831172423238 0
1.042578910503873 1.283092336788731 0
1.002461718809931 1.253376380647551 0
1.011076976487681 1.200674209285284 0
0.9619003104963703 1.22368133941728 0
0.9563603553848403 1.272718791642235 0
0.916185855686279 1.242892362232476 0
0.9211583428990422 1.194313460754456 0
0.8759078950569352 1.213278065236315 0
0.8816152387671699 1.163637617744662 0
0.8358363941102143 1.183365524360133 0
0.8415781477675528 1.133675369555144 0
0.795716971965974 1.153522208640661 0
0.8014507387570585 1.10384359136179 0
0.7555745099536678 1.123712175446668 0
0.7613044367667401 1.074039105255376 0
0.7154250591333777 1.093912238021411 0
0.7211538211451205 1.044240850458242 0
0.6752737245732072 1.064115021775823 0
0.6810021726283035 1.0144440877426 0
0.6351219039071911 1.034318507740429 0
0.6408502709446464 0.9846476907422382 0
0.5949699600290606 1.004522171692616 0
0.6006983065311635 0.9548513843590202 0
0.5548179851606063 0.9747258804122547 0
0.5490896461286754 1.024396656954722 0
0.5089376627221558 0.9946003780081279 0
0.5032093235122428 1.044271154807701 0
0.5146660026361942 0.9449296001914024 0
0.4687856782471482 0.9648041006050319 0
0.4745140179831051 0.9151333230455563 0
0.64657863251976 0.9349768816347406 0
0.4286336932392805 0.9350078239716867 0
0.4343620328864262 0.8853370465405033 0
0.4802423577325308 0.8654625454666238 0
0.6695454230077194 1.113785744195681 0
0.38848170806867 0.9052115475734329 0
0.3827533684622075 0.9548823249458485 0
0.3942100476886921 0.8555407701814306 0
0.3426013832429056 0.9250860486179318 0
0.3368730436351086 0.9747568259922759 0
0.789991823862207 1.203188375688507 0
0.2967210584074695 0.9449605496764039 0
0.2909927187980601 0.9946313270530763 0
0.767034216385323 1.024366247695701 0
0.3311447040279645 1.024427603365677 0
0.2852643791887071 1.044302104429667 0
0.3254163644184414 1.074098380742513 0
0.2795360395786344 1.093972881807296 0
0.3196880248084013 1.123769158120095 0
0.2738076999684851 1.143643659185039 0
0.3139596851982631 1.173439935497821 0
0.26807936035833 1.193314436562789 0
0.3082313455881083 1.223110712875571 0
0.3541116704280465 1.203236211810596 0
0.2623510207481712 1.242985213940546 0
0.3483833308178874 1.252906989188352 0
0.3942636556578263 1.233032488123377 0
0.302449398017985 0.8952897722981319 0
0.256569073178857 0.9151642733619383 0
0.2622974127892099 0.8654934959839005 0
0.8701920420926091 1.262659166774921 0
0.2451123939588633 1.014505828116981 0
0.3885353160476661 1.282703265501134 0
0.434415640887605 1.262828764436159 0
0.2336557147387071 1.113847382872257 0
0.4401439804977649 1.213157987058402 0
0.4802959657275441 1.242954263371185 0
0.2164170879494396 0.8853679970486351 0
0.2221454275596588 0.835697219670791 0
0.2680257523996061 0.8158227186057999 0
0.2278737671698881 0.7860264422929301 0
0.2737540920098152 0.7661519412279675 0
0.2336021067800427 0.7363556649151767 0
0.27948243161998 0.7164811638501978 0
0.2221990355183918 1.213188937627765 0
0.2164706959082334 1.262859715005522 0
3.279153386274923 1.163014901418022 0
3.284879095591055 1.113343820769153 0
0.2566226811380132 1.292655991318302 0
0.2393304463902002 0.6866848875374174 0
3.175943422975835 1.302110923919751 0
2.631081154138298 1.113396289513148 0
3.089836989819634 0.9147019898832968 0
0.4745676261173832 1.292625040748942 0
0.5204479509573221 1.272750539683967 0
0.5261762905674829 1.22307976230621 0
0.5663282757972612 1.252876038618992 0
0.1877217819401071 0.7562301659801525 0
0.8472936243771353 1.083963361609499 0
2.768608485682404 0.6763487895107128 0
2.722729213348989 0.6962257201127036 0
3.307781932855561 0.9146594981736261 0
0.2838287330619602 0.6644775475028437 0
0.3251324167652272 0.6962178562902859 0
2.085354932753835 1.30224568144324 0
1.868268630450856 1.30235911915087 0
1.621629351458045 1.173254218661315 0
3.302056223539438 0.9643305788225133 0
0.6064266530683844 0.9051805969746952 0
0.6523069769452574 0.8853060973009329 0
0.6121549925180361 0.8555098198288074 0
0.6580353173312239 0.8356353188024793 0
0.6178833322675863 0.8058390422496964 0
0.6637636570939183 0.7859645412043808 0
0.7039156423214274 0.8157608175204414 0
0.7096439819566345 0.7660900401065072 0
0.6236116718922224 0.7561682648510314 0
0.7497959671902077 0.795886316413808 0
0.7555243068051778 0.746215539029108 0
0.715372321576202 0.7164192627151664 0
0.7612526464177094 0.6965447616479301 0
0.7956762920363882 0.7760118153398212 0
0.7899479524264637 0.8256825927172325 0
0.5777313470543033 0.776042765913086 0
0.5834596866677515 0.7263719885305824 0
0.5375793618281592 0.7462464895950542 0
0.5433077014391177 0.6965757122161472 0
0.4974273765991781 0.7164502132811216 0
0.5891880262790001 0.6767012111512583 0
2.739979939101697 0.9247041927549171 0
2.694100666768363 0.9445811233570958 0
3.135789859958548 1.272316773872859 0
3.130064150642422 1.321987854521745 0
0.365568349648338 1.103894657055123 0
0.5433613088087301 1.07406743102412 0
0.6924589620145227 0.9151023738455851 0
3.112739827085219 0.7160176672903035 0
3.313507642171682 0.8649884175247485 0
2.894794884050387 0.716060159002472 0
3.089910587625134 1.292193704474852 0
1.185739451338248 1.17331614918309 0
2.900520593366526 0.6663890783536237 0
2.940674156383817 0.6961832284005178 0
0.5605999361871008 1.302546815996749 0
0.6064802610270399 1.282672314931774 0
0.7211006611883273 0.666748485334576 0
0.5031557162095379 0.6667794359030773 0
1.753541990014935 1.163301506273302 0
3.261976258326545 1.312028143364661 0
0.8352571118221793 0.8048948197550798 0
0.8362939346080405 0.8587155916236505 0
0.8414614226369433 0.7559851022900809 0
0.2107423562980761 1.312530492383279 0
1.73635690898055 1.312313657617215 0
1.690476646314357 1.332188339462697 0
3.119243671947397 0.6652978937055698 0
3.307855530659963 1.292151212762675 0
2.407378611663917 1.163200391306875 0
1.317651353888873 1.163364271880967 0
0.9257403879291251 1.144881707629898 0
2.390198037309306 1.312204623398667 0
1.300466943963582 1.312375898533461 0
0.1763187106784536 1.233063438692741 0
2.103395268402422 1.153309195798907 0
1.799936294213835 1.14458388394469 0
1.168554442972276 1.322328469192115 0
3.250166913728587 0.6502649892488288 0
2.540483367075383 1.154685027187296 0
0.3310910960700759 0.6469358854074592 0
2.659672813067162 0.8651158926612456 0
2.665398522383297 0.8154448120123894 0
2.344319614895811 1.332088493450411 0
0.7664626680254883 0.647572443921826 0
2.946399865699945 0.6465121477516451 0
0.6007519214168793 1.332343092309531 0
0.6466322462568184 1.312468591244556 0
0.6523605858669783 1.262797813866799 0
0.692512571096757 1.292594090179582 0
0.2508943415278546 1.342326768696058 0
2.149274933150219 1.133432917512506 0
3.325032658608346 1.143137970816048 0
3.330758367924475 1.093466890167173 0
3.353661205188975 0.894782567571634 0
3.330591032053794 0.7157588124808192 0
3.335738689961324 0.6647534927319162 0
0.1762651027197586 0.8555717207357132 0
0.1705367631096066 0.9052424981134612 0
2.726637558405819 0.6490039004830666 0
2.683626871127064 0.666995872429484 0
1.363531730732269 1.143489710564516 0
0.457275391369564 0.6866539369681016 0
3.25617695120602 0.9842075094245002 0
3.118539134205505 1.043838301229859 0
0.451547051759392 0.7363247143458684 0
2.814561324650623 1.033963501559845 0
0.4974809844823918 1.093941931347165 0
0.5720566154074216 1.203205261241235 0
3.072715953325608 0.68604873508745 0
1.566754369054164 1.021700726841871 0
1.545461452438869 1.059767439386954 0
1.215556636661117 1.027339533568246 0
2.29705431799379 1.033200554532354 0
1.808377937255033 1.024408100595063 0
1.059654217430952 1.033060619319885 0
1.104329286105474 1.061207757847641 0
2.448480732666578 1.01772320260991 0
2.157168772233404 1.02495161485117 0
1.349578714684867 1.035324074393021 0
1.416321766390346 1.022228492577091 0
2.087262349140984 1.034051401159345 0
2.375306445458011 1.033466156498972 0
1.740832484364575 1.031382435796277 0
0.2450587860003544 0.63701411015966 0
0.1993791813485819 0.6573519741742204 0
1.022098533838835 1.067429416915444 0
3.084184878309003 1.34186478512373 0
3.044031315291717 1.312070635076837 0
2.658519068305302 0.5355835632058388 0
2.613407345614306 0.556151124708867 0
0.1564246253087052 0.5361362954687312 0
0.1136369074574222 0.5623998940078825 0
0.854801395967608 0.5254597203020913 0
0.8781813344512033 0.558858347561268 0
3.351660034334778 0.5221653251778857 0
0.9656193280085351 0.5928028892303095 0
0.9394895650587924 0.6291296517208881 0
2.523446052818395 0.5841653723907503 0
0.2220040834640735 0.5260632090143186 0
3.280098910194035 0.5367665218737689 0
0.9678276705854625 0.8413944757453511 0
2.518968293250868 0.833723455764937 0
2.736833507178403 0.5354014243331743 0
0.7729216337512153 0.5236984945665155 0
0.7005144496904743 0.5328136136479695 0
2.806178762850677 0.5234350938830492 0
0.3270430364933985 0.524101766009992 0
3.181355281503353 0.5321714336564303 0
0.9658748338067022 0.7337874061460703 0
2.52110689732556 0.7266770780448581 0
2.55762972126926 0.7066116865886443 0
1.443482544129777 1.060376026196161 0
1.695574253089994 1.068228862239172 0
2.469191183363675 1.060970441175414 0
2.860733122816642 0.6374399308047383 0
1.122674121445327 1.342202966418638 0
0.5548715965769402 1.352217593374505 0
3.079241413064062 0.6352998311433795 0
0.4630037309797554 0.6369831595903028 0
0.6867842314865968 1.342264867557338 0
0.7326645563265355 1.322390366492363 0
0.7263921729078424 1.370805217666939 0
0.7724451875421905 1.351944952021695 0
0.9377221642699718 0.8784946667935636 0
3.302129821343837 1.341822293411554 0
3.256250549010422 1.361699224013543 0
0.9777194475834012 1.057460117262426 0
2.514480023354628 1.061085295412784 0
3.36827453765211 0.5626295245209372 0
1.195143476523024 1.06599751480388 0
3.359386914505095 0.8451114869227589 0
0.07149687505723956 1.460690482881015 0
3.427689639883685 1.460803476671121 0
3.348009093677253 1.321945362809565 0
3.354839073180365 1.272413039852627 0
0.5088840558196999 0.6171086585253226 0
1.889231294993909 1.105597921437375 0
1.822388807971504 1.322234562760916 0
1.862541028373426 1.352031380683224 0
1.908421393605294 1.332156963587106 0
1.604444334978499 1.322266559723184 0
1.558564011404074 1.342141065279939 0
3.170217713659705 1.351782004568638 0
2.771252806435665 0.6225250802607333 0
3.164418406539089 1.023961370628261 0
3.204571969556406 1.053755520675212 0
0.3139060772395945 0.7959482175407507 0
3.175869825171425 0.9246192093306966 0
0.8070465849245747 0.6767866705239525 0
0.1820470502886116 1.183392661314985 0
3.032506298824942 1.03392108171605 0
3.165772358334434 0.6407633033793342 0
2.734254229785639 0.9743752734039529 0
2.688374957452235 0.9942522040059675 0
2.648221394434946 0.9644580539590829 0
2.642495685118821 1.01412913460796 0
2.780133502119054 0.954498342801959 0
1.231619777619191 1.153441646448564 0
1.254586756354983 1.332250240601477 0
0.7852519456427202 0.8758928238589772 0
0.8243715980477565 0.9051496464053469 0
2.678379259320049 0.7163527933024318 0
0.4573289992063154 1.064145655101265 0
0.4516006596945643 1.113816432336862 0
0.7786633286786069 0.9251140564313874 0
2.934948447067691 0.7458543090493948 0
0.3426549912077277 1.302577766566107 0
0.3828069764375051 1.33237404287889 0
0.8186719343493922 0.9548354086099472 0
0.6982409107069167 1.242923312801826 0
0.6580889254771392 1.213127036489043 0
0.3369266515975675 1.352248543943864 0
0.3761670300123316 1.379940374129302 0
0.4228070271981144 1.361819578170449 0
2.980827719401109 0.7259773784474129 0
0.778482988830785 1.302475583630148 0
0.8185691524779635 1.332154032209643 0
1.162198602678288 1.372750277458538 0
3.370616994924888 1.123227042204006 0
3.365137065622823 1.17292645452793 0
0.862755595818363 0.9373373128391789 0
0.8585053584094753 0.9850177625872029 0
3.46480864263303 0.5824374481170467 0
2.385401079469916 1.364018291744124 0
2.430505358158012 1.342351529271484 0
2.619519250049898 0.8353217426144162 0
2.613793540733774 0.8849928232632995 0
0.8879967406749474 0.7821395854514082 0
0.130390564081476 0.8754468891010236 0
0.1361198680585731 0.8257762229399913 0
0.2050140166879175 1.362201269761035 0
0.1648620314581373 1.332404993448252 0
0.2453690443252829 1.392466269871505 0
2.625244959366029 0.7856506619655497 0
3.038536667110098 1.361430314735558 0
2.998190553147384 1.331895665513796 0
3.003884170639277 1.282267835002442 0
2.958005968033334 1.302143323933174 0
2.952280437005116 1.351814164303509 0
2.912119207607594 1.322030346233912 0
2.917846164939112 1.272357583635244 0
2.871965852592872 1.292235915862054 0
2.866239969941271 1.341907230115069 0
2.826086412701833 1.312113072281371 0
2.831812122980937 1.262441990334696 0
2.785932809239602 1.28231897674211 0
2.780207106664296 1.331990048306381 0
2.740053538029654 1.30219590583 0
2.734327828900769 1.35186698622652 0
2.694174264678372 1.322072837803753 0
3.078459168992873 1.391535865772607 0
0.1256395872293958 0.9252303819645415 0
0.1649722816594206 0.9549321726222081 0
1.29473874158476 1.362046516914261 0
1.34061904355281 1.342172042348782 0
2.023476787887594 1.09644915395031 0
1.730444331014002 1.361559151428739 0
1.684533299780961 1.381362771899931 0
2.33967659904929 1.384252320295543 0
2.298619190779342 1.352371913328439 0
0.03519135736697021 0.5824374481170467 0
0.1361667254486743 1.20326716237996 0
0.1418950650588333 1.153596385002204 0
0.1304383858385152 1.252937939757716 0
3.213650535232579 0.5612257683657587 0
1.599286968687778 1.371167926918096 0
3.375536807430679 1.073463063820383 0
1.667249315225202 1.153730563888142 0
1.627053939528299 1.123992773436038 0
1.581477369844739 1.143457955768908 0
1.816224487230358 1.370898845604564 0
3.342985971984549 1.370669566424934 0
2.774352659585896 1.381364000457456 0
1.128505099402586 1.022241791734946 0
1.316232961821541 1.109770629685773 0
2.689227173220667 1.370694575504585 0
2.648424761917623 1.341774878009283 0
0.8874523266624523 0.7342182177706242 0
0.7879982524422481 0.5595829683834355 0
0.3017016275918583 0.5580000721580102 0
2.688301359647827 0.6167604894169478 0
2.639041335144646 0.6388537945779428 0
0.7268290007990788 0.6170777079559684 0
0.6809486759590411 0.6369522090210833 0
0.4171234061398126 0.6568576606552801 0
0.4237667925535822 0.6092992706252871 0
3.336300605102736 1.043774660227497 0
3.381247301661257 1.023794364688556 0
3.124264843521837 0.9941672205814568 0
0.5318510222180539 0.7959172669727274 0
0.5319046301776418 1.173408984928453 0
0.5777849550175804 1.153534483863478 0
0.5662746678118546 0.8753843207005569 0
3.066882169628091 0.7358654675329762 0
3.279079788470511 0.7855231868289848 0
3.095636296941263 1.242522623825975 0
0.7039692503170762 1.193252535424071 0
3.032609222540259 0.6561914692620189 0
3.03778813913344 0.6072573009272577 0
2.791658525457051 1.232647886792344 0
2.654042329852793 1.292249539452352 0
2.459631424811519 1.140633119289184 0
2.412852183023662 1.11528600082859 0
2.369957601075071 1.137491039867032 0
0.08569218183244409 0.8999666961078818 0
2.603099547819792 0.9844222949121785 0
2.599447550479763 1.034525437332577 0
0.2030167141185393 0.5632939002199515 0
2.645692036323732 1.388241729437106 0
2.602957807085731 1.361234364100285 0
2.600726482576783 1.413715038555111 0
2.557147598900168 1.380585470388418 0
0.1198924619774906 0.9748989928665182 0
0.1592681208022997 1.004605738442499 0
0.1141448488860859 1.024567547507851 0
0.1535405987374374 1.054276610104609 0
0.1585661331416757 1.38062067900746 0
3.375068727653654 0.695646089473043 0
3.370573490992999 0.7456579058582773 0
3.385148328372568 0.6432918373458438 0
0.9109850996806959 0.9624453206713069 0
0.8989472288971451 1.014412976408673 0
0.5966478978279504 1.380227694972972 0
0.7615671194324037 1.407738050816468 0
1.784651480622582 1.061089200150759 0
0.1201578515934103 1.352183528544294 0
1.24885841674482 1.381921017979234 0
3.396868941550745 0.8746628820187925 0
3.392750374407941 0.9231071851062789 0
1.903281596454958 1.380365067394995 0
1.948573581107619 1.361953658380175 0
0.8140073919079728 0.6277484173680313 0
0.8517579735707106 0.6568740947405186 0
2.560103962362614 0.6113768422004067 0
1.553905708953286 1.388862037284621 0
1.512862026090697 1.361523932116066 0
1.505649901525953 1.413794397716364 0
1.465844251124251 1.380379016361087 0
3.385823943429215 1.351298612536903 0
0.4113235549572543 1.413747285544399 0
0.460768989013427 1.389150625286539 0
3.081702284433818 0.5857810064169447 0
0.9882756132087405 1.101599349539239 0
1.032046855829317 1.116624708438929 0
0.9810031438970943 0.5605218771466408 0
2.524184450925007 0.5495141592283133 0
2.109453597227972 1.105718311995284 0
3.381678538293869 1.399084084340864 0
3.428316219711833 1.381533662903344 0
0.1086730287189399 1.074267908285823 0
1.115359721118976 1.388578924333449 0
1.076529453152689 1.361528330906453 0
1.071065456995223 1.411748244861366 0
1.030869624005786 1.381860469944528 0
0.09028640060873538 1.223141663444934 0
2.581105934844365 0.7970024349371181 0
2.155000817319998 1.083762129283943 0
2.201240576113233 1.112723986308665 0
0.08539989741856924 1.267549988162243 0
1.334890726814537 1.391842793227045 0
1.380771047842495 1.371968296578655 0
0.1174620937178026 1.400448773325921 0
0.6808385169957449 1.391083454235139 0
2.784396225654835 0.5640303215993731 0
3.338974293708971 0.6079562543119441 0
2.424624339888412 1.391663340909181 0
2.470529497047404 1.371846288475717 0
1.369166488860533 1.092128874055783 0
1.409944444488265 1.126057493934552 0
0.5512929004414329 1.40824188859988 0
1.766705042258404 1.113352557993524 0
0.2486032631740207 0.5657102650062575 0
3.41455661815254 0.7171504827739319 0
3.410991896154633 0.7755634756718972 0
3.16787150405561 0.5788462044649823 0
1.191125689071407 1.122315850275111 0
1.137474208199679 1.141005492308336 0
1.234805841512799 1.104976816109847 0
0.9381448102127241 1.093850587662139 0
1.376092213742714 1.422081415303612 0
2.491526700140064 1.100155719694647 0
0.9330570046368688 0.7005163635299821 0
3.439713800609974 0.9036195848052628 0
2.335468048242347 1.063717304113756 0
2.289904146257774 1.08115961307142 0
1.151315819496142 1.093849079529855 0
2.293338546129399 1.402384458302363 0
2.246200614640274 1.377091456554772 0
2.332865795221581 1.43141720211316 0
3.211237459160722 0.6140006114813331 0
3.255975299599664 0.5874137832016388 0
1.288275352885737 1.414846804312653 0
2.541412083125634 1.103731773036664 0
0.9229642007752981 0.827233508754627 0
0.8899254666362824 0.8682080711089517 0
1.027581906770409 1.430112449034196 0
0.98497807036744 1.402126190749863 0
0.9373857376502452 1.420456706837737 0
0.9446551787748987 1.371371287342253 0
0.898269533158603 1.390294443008391 0
0.9047210297191092 1.341503647797136 0
0.8945819037021302 1.440766369749563 0
0.8503359420598415 1.416916173726283 0
0.07881534178388305 1.367195167733835 0
0.3304646084266885 1.400093520644143 0
0.9165689049442596 0.5917918935583741 0
2.468944696794476 1.422453790632921 0
1.000332475610199 1.149168199159535 0
1.04779956696548 1.160911815616934 0
1.080657341687357 1.131218304843376 0
0.6854348619699915 0.5784862333499388 0
0.6407966907293616 0.607155932708158 0
2.263352266877244 1.031266862411151 0
2.238019585570158 1.071223604583235 0
2.256183930438035 1.120916831493515 0
2.298991843844184 1.131011005935642 0
1.318580984074473 1.029755311803607 0
1.287503624751472 1.059148892977438 0
2.382900604751274 1.421148912218161 0
1.91436983751069 1.029772277327334 0
1.58732490201982 1.094156140990417 0
1.635853361884413 1.072313993252741 0
1.540987638231126 1.113372680467852 0
1.499706618521953 1.084717675915236 0
1.49579289350179 1.134739191430927 0
1.831465956449735 1.060741342003242 0
3.321756576641572 0.5585017114805995 0
0.9428264497465352 0.7770623481360543 0
0.7390319446227238 0.5614813358118939 0
2.700605723743845 0.5675676290305137 0
2.586398950927896 0.7540870480229511 0
3.411131812622807 1.152564592101006 0
3.406260430154544 1.20219197950011 0
3.452678631503369 1.227380003311718 0
3.403672369837245 1.251448358270634 0
3.246517567976083 0.531331221512151 0
0.9707476290456269 0.8089322833000331 0
0.6691644564386381 0.5301606977108141 0
3.149607181819579 0.5298736726121056 0
3.293511538356541 0.6300041008370395 0
3.122938190971939 0.6119221594281157 0
0.2826468818312304 0.603142575277112 0
2.062992553957297 1.124777945048532 0
3.417501929387738 0.5644334642450726 0
3.420993043675605 0.6076398259874292 0
2.561315190131316 0.6544429680511838 0
2.600684536809224 0.6777348258662069 0
2.839379527938655 0.557119190948534 0
0.359903180924229 0.553372296661335 0
1.88541615549732 1.153236266805808 0
1.846332425917606 1.126555091308483 0
2.585010435681235 1.133546423574125 0
1.954301609105587 1.312281028411714 0
1.994454156369119 1.342076348843735 0
1.98880817613489 1.391638202601866 0
2.034364270420766 1.371826301042327 0
2.03015459264144 1.421319360577182 0
1.981114146541373 1.44693508092971 0
2.07602954795138 1.401557998278349 0
2.121305111822469 1.427604122161343 0
2.120792727362629 1.378804308542741 0
2.162581274731118 1.404471147462575 0
2.163589348173745 1.35500149629682 0
2.210591159476792 1.420397625267558 0
2.017180852510013 1.143737800297631 0
1.960004431935208 1.262565598000841 0
2.039893211366202 1.322148216677235 0
1.839816247079705 1.173878379538544 0
1.776405408071418 1.341871074471817 0
1.768606354272781 1.387378894773159 0
2.131928641588379 1.282128594389945 0
2.057430813029978 1.173431769310097 0
1.914136996327337 1.282463142451341 0
1.714704725927037 1.12347244869836 0
1.856126134967047 1.407717421887611 0
2.189428671093512 1.163227359979033 0
1.782219332394109 1.292397801778147 0
1.707661665162776 1.183176007308234 0
2.21855271616622 1.291795059556114 0
1.644655648784865 1.351851879843382 0
1.639508169535591 1.400718083929573 0
1.680065114370311 1.428224580465582 0
1.630890689105476 1.453392815721496 0
1.650334531621704 1.30235684669137 0
0.3779749206188192 0.6294670094801237 0
3.341993199881625 0.9941004516163211 0
3.385853754082079 0.9724168619340626 0
0.3713719413022138 0.6770682981606986 0
0.3654978284076458 0.7263941607555909 0
3.296313157791404 1.013999688654388 0
0.1973982298560499 1.417747671063368 0
0.2441962725838596 1.444206633783088 0
3.170144115855283 0.9742902899795407 0
2.512664984008282 1.400715545780137 0
3.244725532573753 1.08354967072223 0
3.31929875662508 1.192808107075755 0
2.257319875428033 1.32301734702853 0
2.212405106169701 1.342034751972486 0
2.682649101315463 1.043922945800079 0
3.216096985993124 1.331905073966648 0
3.209665254132388 1.379946536781362 0
3.251818478180535 1.413503034947034 0
3.16037995544692 1.407354262355162 0
3.298993003550814 1.38868163871735 0
2.729842982551153 1.401179242216411 0
2.770241928667088 1.430566085134897 0
0.6350683511191386 0.6568267100859995 0
1.575843285832777 1.193139594789096 0
2.994171186772433 1.379679331235999 0
2.949722520490013 1.407924690913199 0
0.4917526449313379 1.143612708639541 0
0.1705903710682957 1.282734216070497 0
3.250448349151227 1.033878261603852 0
0.3483297228528488 0.875415271240489 0
0.3540580624673806 0.8257444938564159 0
0.399938387307246 0.8058699927915467 0
2.814035208666576 0.6559205878915364 0
2.822214108045102 0.605398909758862 0
3.198846260240167 1.103426601323829 0
0.5376329696742372 1.123738207714747 0
3.129990552837822 0.9444961399322558 0
3.084111280504381 0.9643730705341848 0
3.043957717482344 0.9345789204763436 0
0.5835132945106067 1.103863706654926 0
3.135716262153794 0.8948250592830244 0
0.2393840543488364 1.064176605494545 0
0.6179369402473598 1.18333076017626 0
3.078385571183369 1.014044151171784 0
2.728528349178769 1.02404595872229 0
0.5089912717370015 1.37209209443948 0
0.1877753898987717 1.13372188393723 0
2.826012774441808 0.9346214121753642 0
0.6694919967294977 0.7362937637899087 0
0.4114137243163514 0.7065829977160549 0
2.774407759059544 1.00416934557278 0
2.860440616445477 1.014086615873888 0
0.3770250288651509 1.004553102304677 0
2.906673410561295 0.6177038339524221 0
2.952534872864902 0.5977857948300056 0
2.919736649282832 0.5692430030747108 0
0.8463479951959604 0.7060521267485812 0
0.3999919952679851 1.18336171074562 0
0.5605463263678119 0.9250551007274691 0
2.923497028419438 0.8451964703102143 0
2.992352735543287 1.004126931059023 0
2.998078445015118 0.9544558507695066 0
0.5203943425233875 0.8952588224134563 0
0.4630573385824928 1.014474878061511 0
2.906393498291464 1.371701426882792 0
2.859476115102986 1.388465014743276 0
3.275046779718576 1.459391513695362 0
3.225793043788633 1.458339727911152 0
2.973585629254716 1.457223437208694 0
2.725385946167445 1.455933246581936 0
2.561613611553961 0.8527474396237796 0
2.567914268400366 0.9048697538653052 0
3.216023388188721 0.9544133593775976 0
0.5261226825189409 0.8455880444789781 0
0.485970697357853 0.815791768066968 0
1.386499386817328 1.322297519936996 0
2.65394710375105 0.9147869733101552 0
2.717258390416942 0.7459384911928685 0
2.608194069037361 0.9346784556373672 0
2.566138709379467 0.95342402953934 0
1.432378683105896 1.302424405665692 0
1.420923036884254 1.401764568474857 0
1.476632098632208 1.457622611477523 0
0.7765570729591195 1.457278919862959 0
0.6232372790728196 1.456223078862577 0
0.3797391592594772 1.457418868379814 0
0.2865362415929913 1.42460616517273 0
2.785859211431343 0.9048272621442286 0
3.072659861854741 1.06371523179181 0
0.8071774731951498 1.054165164092811 0
0.7442396830511873 0.8456470027521243 0
2.495746718407498 1.175387939515333 0
3.204870071307941 0.6721937472777018 0
1.175999637367123 1.458108575407398 0
1.203274496901784 1.409018326384308 0
1.139859140275815 1.193190634285368 0
2.304022398960211 1.302526602157132 0
0.3598400100381967 1.153565434432853 0
0.8012182080027923 0.726266002596579 0
1.426491351184764 1.351842182841569 0
2.36301001144604 1.186275069968418 0
1.346346779439521 1.292501964448202 0
1.208706431515044 1.352124741666449 0
3.074935634330568 1.447071678800917 0
3.128374337701706 1.454812737452055 0
1.082512871317396 1.312395488895507 0
0.371296689257778 1.054223879678408 0
1.472372898550242 1.331846273993554 0
2.866166335267542 0.964415557164248 0
0.6122086006372007 1.233001537554017 0
1.518413450731584 1.312203146915217 0
0.5254273676060692 1.457011091834109 0
2.963726715002568 1.252478931037046 0
2.923571255199989 1.222687337286864 0
2.436107318173048 1.292399923291473 0
2.522109007259916 1.302239719179642 0
2.476265130796274 1.322199431570463 0
2.637528513622172 1.063906560363776 0
2.877691708304102 1.242564637916567 0
1.777784270739066 1.458749262710007 0
1.403740339964915 1.173712473367773 0
1.214434729061646 1.302454013023756 0
3.061138447914275 0.7855608234794667 0
2.820287051997341 0.9842924625246807 0
0.4700051857814078 0.5876145903994667 0
0.5185908213397503 0.5642776223568791 0
0.5564276588579367 0.5990164279831722 0
2.873941974287764 1.459717334064631 0
3.3772536389923 1.45054624155752 0
2.624770929104697 1.459718334798596 0
2.573883563246648 1.45814259730914 0
1.875 1.456698729810778 0
0.4684236377817552 1.341768032920175 0
0.514650336559584 1.322333352860636 0
0.4285927040783384 1.312353120775958 0
0.8301284867905099 1.232983687542822 0
0.7383825805474125 1.272712875481734 0
0.2107160580326286 0.9350419239481967 0
0.7288772192854487 1.455043849198714 0
0.8874905496768266 1.113754531164179 0
2.889142762842279 1.143222931861569 0
0.996489826145833 1.302484914858043 0
1.271771414515246 1.183238326342635 0
1.275072766681831 1.134960283831715 0
2.935022042463649 1.123346018079818 0
0.4400903725256997 0.8356662691206915 0
0.4458187121448964 0.7859954917298824 0
0.308177737627771 0.8456189949209147 0
0.6867305992054711 0.9647731847355828 0
0.7268825503747873 0.9945695102508249 0
2.969376300759647 0.8253195397239057 0
0.6410701915975308 1.361870196434873 0
0.1478551486253277 1.103952333763128 0
0.1199189710528017 1.45165454438477 0
2.76868172806588 1.053839683805863 0
2.677050775817365 1.093587278012869 0
1.036623904759331 1.332252896430315 0
0.6752203363468734 0.6866229864017339 0
2.975175607432782 1.153140172631464 0
0.5720030073981293 0.8257135433573087 0
0.6638172348056743 1.163456302854979 0
2.711320275780665 0.795574829815473 0
3.107018320661449 0.7656830837020496 0
3.233200516137078 0.8054001174309281 0
0.5892416221419903 1.054192946581259 0
3.393399527322359 1.300837871570848 0
0.6982159782736099 0.8654465802298498 0
0.3597835831985181 0.7760722534196779 0
0.5493132540824519 0.6472019799253514 0
0.5952397810945786 0.6273769863748857 0
0.6003346994994685 0.5807594840304116 0
3.290570851355775 1.063668832024049 0
3.03823200809224 0.984250000954482 0
3.324928569289421 0.765618383534479 0
0.3195927382067969 0.7462109321807452 0
3.101362006255216 1.192851543172079 0
2.889069174734185 0.7657312396511741 0
2.883343465414139 0.8154023202910025 0
0.6293400115057475 0.7064974874684191 0
3.049758094335322 1.262398112756712 0
0.4860243053349491 1.193283485997406 0
0.7385734743380872 0.8953502476088688 0
3.273354079154384 0.835194267477852 0
0.4057203348742191 1.133690933373535 0
3.347349448325937 0.9438995238707393 0
0.2279273751285509 1.163518160250008 0
0.3025030059779501 1.272781490253326 0
2.633866142529893 0.7380364266963733 0
3.14151556927421 1.222645693222906 0
2.671911258299479 0.7661663358308477 0
2.757206628291374 0.7756990572809224 0
0.2508452851841891 0.9648355756600919 0
3.273426311514268 1.212685824668695 0
0.1934835749149562 0.7066366157606612 0
0.1475753722711066 0.7264467608604199 0
0.1533380945060878 0.676855355839768 0
0.1590452993424916 0.6305849304369248 0
0.1142646604460587 0.6459799722566184 0
2.820242881465793 1.36146876736983 0
0.4114486744632806 1.084020156026257 0
0.4916990369845891 0.7661209906652703 0
0.1819945674246912 0.8059010731107851 0
0.4229053535824581 0.9846786014168514 0
0.4458723201001369 1.163487209691894 0
0.09974893624345427 0.6935062410791041 0
0.1010171206334063 0.7464910572099726 0
0.1935219770453123 1.084053210977629 0
0.6293935413330383 1.083989318291104 0
3.026761629338449 0.7060268127704499 0
0.732610948367876 0.944898648535289 0
0.1032166609994682 1.12397005113512 0
0.09601474021889711 1.173470886067179 0
0.7727799655192102 0.9747038979429341 0
0.1992492121023772 1.034382306216015 0
2.929222737746681 0.795525389686997 0
3.055482912208055 1.212728233491701 0
0.8128726419859602 1.004562659733707 0
3.313763691988641 1.242503074764558 0
0.1263171145538204 1.301862196698067 0
3.319228269568719 0.8153126914271177 0
0.6236652314869966 1.133660052672738 0
0.296774666367791 1.322452267631083 0
0.2049847587878224 0.9847123600025863 0
0.4171770139929127 1.034349378764828 0
3.365062554558229 0.7954164166225499 0
3.360495231234783 1.222381835665269 0
2.986591955232823 0.6762543756302838 0
3.020994591577892 0.7557535917442577 0
2.975104228275577 0.7756454696318196 0
0.2910463267576315 1.372123045008839 0
0.7096968420624215 1.143582838383651 0
0.1417316404313511 0.7761374080352381 0
0.08604440562681193 0.797766170878274 0
0.05208373749668826 0.7575112282347503 0
3.407384178604934 0.8240257895598877 0
0.8529641922752926 1.034363190999253 0
3.124338441326283 1.371658935170625 0
3.009605160275727 1.232603115054887 0
0.7498451056180333 1.173384490886736 0
0.7441197461485991 1.223049650409801 0
2.969450707393821 1.202810164000799 0
2.992321483803475 0.6268275374836674 0
0.7842732207766269 1.252845088049631 0
3.210297196749457 1.004084385281494 0
0.4056665478556751 0.7562066017931035 0
0.8243360916877793 1.282588563388765 0
2.929296573092513 1.173016776458299 0
2.751504127661453 1.202851831299109 0
2.99871171626534 0.5717043131712619 0
2.883417262124771 1.192893748801802 0
2.837537888193222 1.212770820514339 0
2.797384160699305 1.182976643110444 0
2.613867692103308 1.262472692260278 0
2.745778403472677 1.252522876263446 0
2.608257125675314 1.312020989501502 0
2.69990273224409 1.272394944369963 0
2.659742518938453 1.242581071241141 0
2.516829729150115 1.35160316741626 0
2.562548212379171 1.331674270778289 0
0.9908112542656646 1.352088372386933 0
0.08786610144054197 0.8496396551001386 0
1.450012217501151 1.154669532607445 0
0.03940608156773306 1.12493756900553 0
0.04210445184178058 0.9263342062736315 0
3.456980109642341 1.127436820822453 0
0.04055831722179315 1.024798159703473 0
3.459879995766605 1.028046002532127 0
0.04081719835079434 0.6290495565586945 0
0.08175880509586175 0.6053380589944144 0
0.8645997002766225 1.311902211580103 0
0.8927193052554991 1.063954337071872 0
2.745024179125438 0.5826724716772331 0
1.5360027428015 1.16344395116302 0
2.275120904004017 1.173603609193686 0
0.9505244558869392 1.321987635622471 0
1.489727806498202 1.183688667450085 0
1.94277475928807 1.410694409525759 0
1.525 1.457538212634577 0
0.9104305731744001 1.292277302608223 0
3.447117790081371 1.285573071705524 0
0.8580155974013496 0.608103355378752 0
0.04239518041525159 1.229090172562702 0
2.079601685724135 1.351523649103122 0
0.8579633007003372 1.362426534823661 0
2.59253639587433 1.084216749357318 0
0.8112844465098836 1.381788700620409 0
3.415011428566833 1.10129732334039 0
2.814720016172095 1.408690307012546 0
0.9009833397487171 0.9124156366150225 0
3.458864743282064 0.7797111869234101 0
2.418767540112375 1.063340541890931 0
0.6363221234527248 1.409964758519462 0
3.033966263466525 1.409544390433654 0
0.4265139515954981 1.459475895913594 0
2.193841569895777 1.057245491502255 0
0.3400552665225298 0.5963779378654239 0
1.669112472777003 1.107623819239356 0
1.072119991744377 1.456906666001142 0
1.72387054294306 1.408485214985927 0
1.452534841239419 1.108003033279613 0
0.4374046963904288 0.5625542075021582 0
0.04311377091207103 0.8772415951728189 0
0.2025340251790229 0.6116785487367602 0
3.461320370216108 0.6291048667813767 0
2.563748227636457 0.5655611309958358 0
3.458983488845457 1.423544751803773 0
0.03633653468562414 1.428239048021383 0
2.07285578141074 1.080581886293791 0
2.125944184048556 1.329841977413662 0
2.173448323058854 1.309761186973569 0
0.888362359201035 0.6836158480097239 0
2.894040081822762 1.418657352280821 0
0.04211621113095676 1.284378511152479 0
3.418407426787176 1.051292104890186 0
2.558290066425311 1.00073524401689 0
0.49553698089071 1.419036335070557 0
1.242691963997486 1.064097236681241 0
1.274060143624975 1.459792190663907 0
0.06355303592629569 0.7211650139140328 0
2.958791100176092 0.5484596085921566 0
3.456487082357831 0.7355368867876297 0
0.7773726741958298 0.5982168639168474 0
0.02555923561924334 0.5418019688191094 0
3.474440764380756 0.5418019688191092 0
2.874791836806033 0.586915776677347 0
3.045223666617059 0.5592342268008947 0
3.120169894045941 0.5604237958907242 0
1.594584614963863 1.416928781528172 0
1.148004172751863 1.419093452684706 0
0.08339508807267837 0.9485185176982486 0
0.06395754907708628 0.5568841709389361 0
2.225738946222775 1.461650118783203 0
2.596102557667197 0.6373278018160354 0
0.9431819100763903 0.998680892358449 0
2.37531471694146 1.088966230948746 0
1.59475568384187 1.048891180785391 0
1.802699078627893 1.41695694914461 0
2.008667548145791 1.024491268246571 0
1.494339845144729 1.030363372895153 0
1.660977704798339 1.026800978092224 0
0.8955896250689819 0.6395548621780608 0
1.097883742014572 1.17154570674813 0
0.6390627411264611 0.5587131233038622 0
0.8744874909033494 0.8282383153387435 0
3.339049914071188 1.415926466559775 0
0.9637800685129798 1.175559808855562 0
2.472360434143891 1.46608703410861 0
3.423029410376359 0.9998511636398572 0
0.9360212683495256 1.04207425951703 0
0.08318385897106584 1.319355194450174 0
3.115545274177376 1.414249811330216 0
1.812708290750896 1.099769058095042 0
2.686431960170971 1.416256835772862 0
2.524447774915111 1.02297478206558 0
0.9647123739539584 0.9652707969849481 0
0.9198962984893196 0.5346382743294991 0
0.9738698039292876 0.905553270935876 0
0.9653661787335269 0.6600220889910822 0
2.53250156286007 0.8033481241742474 0
0.6055549679713004 0.5348222556058758 0
3.085619111743002 0.5355253581905127 0
2.027253747836563 1.464990634263534 0
0.544905522055519 0.52746458283435 0
0.4772045725078025 0.5356903062121889 0
2.649607147697794 0.5855611962730212 0
2.900014202191674 0.5345897915248143 0
0.9746250132280393 0.525391712852965 0
2.520179608380857 0.5207113769900764 0
0.9320981708096632 1.463350761898306 0
1.375421162888099 1.465346936116931 0
2.641751350158032 0.690103273352855 0
0.7179436142550177 1.414196364028792 0
3.411378841833355 0.6758537011343639 0
2.25357489129355 1.419422507187203 0
1.879209087662776 1.058657385681419 0
3.020770381413812 0.5250050961733777 0
0.8273786591929678 0.5729345518638613 0
2.527868131230711 0.8952131939093014 0
1.066311968735089 1.085171011775363 0
2.451350981126469 1.097395583179923 0
0.2813926516898704 1.464273374739121 0
0.08044373427887175 0.9980886952990214 0
0.2640980935417196 0.5245922344909307 0
2.583499985216315 0.5242424535350683 0
2.37091892775654 1.463788186063631 0
2.556712693553819 1.052635108428392 0
3.429351413216834 0.9487377125772024 0
0.1511568557266358 1.422636881315128 0
2.199073500638326 1.379799295510842 0
2.549899087055504 1.423040830512675 0
1.396870861581067 1.053158927039768 0
1.327255985136612 1.070523769835635 0
1.90012523269173 1.423073491204434 0
1.740502557707773 1.078704671155621 0
3.381795730517029 0.5997412285405829 0
1.111191191085882 1.103466473903601 0
3.465216888855653 0.8689401550046126 0
2.117244125283103 1.058733556801656 0
3.202765875340348 1.422231794714795 0
0.8041658984567631 1.423769243065392 0
0.03859118521148286 1.383070446615016 0
0.3928610490670845 0.5803815866768768 0
1.150812331287878 1.052253089168676 0
1.247763127441609 1.423549940865859 0
0.5963951608589888 1.422199708012068 0
0.1244506692309617 0.6066691027925801 0
0.1598513734395239 0.5851271119438051 0
3.469613329730269 1.378591997669989 0
0.07474362569555693 0.6524941713381578 0
2.995506138596725 1.421895875499795 0
1.456447464415825 1.420878118730006 0
2.125 1.468570876985762 0
0.07741721775204846 1.04791678443533 0
2.228192776794748 1.152939536342785 0
0.9494748004927478 0.5578191458828877 0
0.9763249294855649 1.020949570169527 0
2.524689293125169 0.9653756209764233 0
2.325 1.469814071253795 0
3.46631993867652 0.9375182869645543 0
0.418061437392919 0.5312187979269328 0
2.774999999999999 1.469933092146732 0
2.603668429353836 0.5991386484286848 0
1.676058247673639 1.468895769515757 0
0.925490150974317 0.7408771534437704 0
2.326693587181329 1.163449952601713 0
2.335734174247094 1.107945989041746 0
3.41546647334733 1.421843937457505 0
0.07794719579346587 1.418019709722325 0
1.025 1.470381355587887 0
0.03495871225675851 1.46495588640414 0
3.464755289121419 1.464717376281925 0
0.3658806563271073 1.419088920870337 0
2.85 1.428088544501024 0
3.420683819216068 1.330505162202385 0
0.0745064574675971 1.097847645682532 0
0.8620326229730874 1.464185448427949 0
2.600717036582442 0.7161528331279901 0
0.5665995363254817 0.5579832417898341 0
2.65 1.428537501549413 0
0.9633234202102129 1.131819811888126 0
0.4512992242661655 1.427593871201108 0
1.549530749497671 1.429169686028617 0
3.300000000000002 1.42878945160077 0
0.02984524008990963 0.7272802559347665 0
0.8613184372619079 0.8976094864541674 0
2.548724889129555 0.7525042046720182 0
0.9437378798750269 0.9299610976845454 0
1.060252927735426 1.198103517836528 0
0.08328632785888512 0.5230210473016311 0
2.505676507648225 1.136592277469036 0
0.01801922521897548 0.5172758109841044 0
3.483114846368327 0.5160325029484584 0
1.416270329293578 1.087458279593356 0
0.2108741197288306 1.464854310587876 0
3.432134998187935 0.8582541488848643 0
3.296865060418908 0.5864188041681113 0
1.10462152028007 1.426317822377387 0
1.846974287904599 1.023360254503878 0
2.034906474359651 1.058842216225035 0
1.756454767997937 1.425308051140779 0
1.252439142391256 1.025703285617408 0
0.2411412695857997 0.6010793528118091 0
1.854837789073623 1.089890552367958 0
3.424850150976572 0.5266387155905317 0
2.523376197158799 0.6662820107573286 0
2.839295457241503 0.5163115478280753 0
0.3604144366024489 0.5197205958289595 0
0.03530685877140538 0.7917159101567181 0
0.0731689193801528 1.144136590987463 0
1.272529615260206 1.098313579101537 0
2.190489492707103 1.020543333134511 0
2.510071763734023 0.51018888924164 0
0.9899462767223826 0.5100220899882413 0
0.9243729465398411 0.6625677628859474 0
3.426938916787988 0.6459323486833263 0
2.724080246676985 0.6105708963910406 0
$EndNodes
$Elements
21 11002 1 11002
1 1 1 73
1 1 17 
2 17 18 
3 18 19 
4 19 20 
5 20 21 
6 21 22 
7 22 23 
8 23 24 
9 24 25 
10 25 26 
11 26 27 
12 27 28 
13 28 29 
14 29 30 
15 30 31 
16 31 32 
17 32 33 
18 33 34 
19 34 35 
20 35 36 
21 36 37 
22 37 38 
23 38 39 
24 39 40 
25 40 41 
26 41 42 
27 42 43 
28 43 44 
29 44 45 
30 45 46 
31 46 47 
32 47 48 
33 48 49 
34 49 50 
35 50 51 
36 51 52 
37 52 53 
38 53 54 
39 54 55 
40 55 56 
41 56 57 
42 57 58 
43 58 59 
44 59 60 
45 60 61 
46 61 62 
47 62 63 
48 63 64 
49 64 65 
50 65 66 
51 66 67 
52 67 68 
53 68 69 
54 69 70 
55 70 71 
56 71 72 
57 72 73 
58 73 74 
59 74 75 
60 75 76 
61 76 77 
62 77 78 
63 78 79 
64 79 80 
65 80 81 
66 81 82 
67 82 83 
68 83 84 
69 84 85 
70 85 86 
71 86 87 
72 87 88 
73 88 2 
1 2 1 25
74 2 89 
75 89 90 
76 90 91 
77 91 92 
78 92 93 
79 93 94 
80 94 95 
81 95 96 
82 96 97 
83 97 98 
84 98 99 
85 99 100 
86 100 101 
87 101 102 
88 102 103 
89 103 104 
90 104 105 
91 105 106 
92 106 107 
93 107 108 
94 108 109 
95 109 110 
96 110 111 
97 111 112 
98 112 3 
1 3 1 25
99 3 113 
100 113 114 
101 114 115 
102 115 116 
103 116 117 
104 117 118 
105 118 119 
106 119 120 
107 120 121 
108 121 122 
109 122 123 
110 123 124 
111 124 125 
112 125 126 
113 126 127 
114 127 128 
115 128 129 
116 129 130 
117 130 131 
118 131 132 
119 132 133 
120 133 134 
121 134 135 
122 135 136 
123 136 4 
1 4 1 25
124 4 137 
125 137 138 
126 138 139 
127 139 140 
128 140 141 
129 141 142 
130 142 143 
131 143 144 
132 144 145 
133 145 146 
134 146 147 
135 147 148 
136 148 149 
137 149 150 
138 150 151 
139 151 152 
140 152 153 
141 153 154 
142 154 155 
143 155 156 
144 156 157 
145 157 158 
146 158 159 
147 159 160 
148 160 5 
1 5 1 73
149 5 161 
150 161 162 
151 162 163 
152 163 164 
153 164 165 
154 165 166 
155 166 167 
156 167 168 
157 168 169 
158 169 170 
159 170 171 
160 171 172 
161 172 173 
162 173 174 
163 174 175 
164 175 176 
165 176 177 
166 177 178 
167 178 179 
168 179 180 
169 180 181 
170 181 182 
171 182 183 
172 183 184 
173 184 185 
174 185 186 
175 186 187 
176 187 188 
177 188 189 
178 189 190 
179 190 191 
180 191 192 
181 192 193 
182 193 194 
183 194 195 
184 195 196 
185 196 197 
186 197 198 
187 198 199 
188 199 200 
189 200 201 
190 201 202 
191 202 203 
192 203 204 
193 204 205 
194 205 206 
195 206 207 
196 207 208 
197 208 209 
198 209 210 
199 210 211 
200 211 212 
201 212 213 
202 213 214 
203 214 215 
204 215 216 
205 216 217 
206 217 218 
207 218 219 
208 219 220 
209 220 221 
210 221 222 
211 222 223 
212 223 224 
213 224 225 
214 225 226 
215 226 227 
216 227 228 
217 228 229 
218 229 230 
219 230 231 
220 231 232 
221 232 6 
1 6 1 25
222 6 233 
223 233 234 
224 234 235 
225 235 236 
226 236 237 
227 237 238 
228 238 239 
229 239 240 
230 240 241 
231 241 242 
232 242 243 
233 243 244 
234 244 245 
235 245 246 
236 246 247 
237 247 248 
238 248 249 
239 249 250 
240 250 251 
241 251 252 
242 252 253 
243 253 254 
244 254 255 
245 255 256 
246 256 7 
1 7 1 50
247 7 257 
248 257 258 
249 258 259 
250 259 260 
251 260 261 
252 261 262 
253 262 263 
254 263 264 
255 264 265 
256 265 266 
257 266 267 
258 267 268 
259 268 269 
260 269 270 
261 270 271 
262 271 272 
263 272 273 
264 273 274 
265 274 275 
266 275 276 
267 276 277 
268 277 278 
269 278 279 
270 279 280 
271 280 281 
272 281 282 
273 282 283 
274 283 284 
275 284 285 
276 285 286 
277 286 287 
278 287 288 
279 288 289 
280 289 290 
281 290 291 
282 291 292 
283 292 293 
284 293 294 
285 294 295 
286 295 296 
287 296 297 
288 297 298 
289 298 299 
290 299 300 
291 300 301 
292 301 302 
293 302 303 
294 303 304 
295 304 305 
296 305 8 
1 8 1 25
297 8 306 
298 306 307 
299 307 308 
300 308 309 
301 309 310 
302 310 311 
303 311 312 
304 312 313 
305 313 314 
306 314 315 
307 315 316 
308 316 317 
309 317 318 
310 318 319 
311 319 320 
312 320 321 
313 321 322 
314 322 323 
315 323 324 
316 324 325 
317 325 326 
318 326 327 
319 327 328 
320 328 329 
321 329 9 
1 9 1 73
322 9 330 
323 330 331 
324 331 332 
325 332 333 
326 333 334 
327 334 335 
328 335 336 
329 336 337 
330 337 338 
331 338 339 
332 339 340 
333 340 341 
334 341 342 
335 342 343 
336 343 344 
337 344 345 
338 345 346 
339 346 347 
340 347 348 
341 348 349 
342 349 350 
343 350 351 
344 351 352 
345 352 353 
346 353 354 
347 354 355 
348 355 356 
349 356 357 
350 357 358 
351 358 359 
352 359 360 
353 360 361 
354 361 362 
355 362 363 
356 363 364 
357 364 365 
358 365 366 
359 366 367 
360 367 368 
361 368 369 
362 369 370 
363 370 371 
364 371 372 
365 372 373 
366 373 374 
367 374 375 
368 375 376 
369 376 377 
370 377 378 
371 378 379 
372 379 380 
373 380 381 
374 381 382 
375 382 383 
376 383 384 
377 384 385 
378 385 386 
379 386 387 
380 387 388 
381 388 389 
382 389 390 
383 390 391 
384 391 392 
385 392 393 
386 393 394 
387 394 395 
388 395 396 
389 396 397 
390 397 398 
391 398 399 
392 399 400 
393 400 401 
394 401 10 
1 10 1 25
395 10 402 
396 402 403 
397 403 404 
398 404 405 
399 405 406 
400 406 407 
401 407 408 
402 408 409 
403 409 410 
404 410 411 
405 411 412 
406 412 413 
407 413 414 
408 414 415 
409 415 416 
410 416 417 
411 417 418 
412 418 419 
413 419 420 
414 420 421 
415 421 422 
416 422 423 
417 423 424 
418 424 425 
419 425 11 
1 11 1 50
420 11 426 
421 426 427 
422 427 428 
423 428 429 
424 429 430 
425 430 431 
426 431 432 
427 432 433 
428 433 434 
429 434 435 
430 435 436 
431 436 437 
432 437 438 
433 438 439 
434 439 440 
435 440 441 
436 441 442 
437 442 443 
438 443 444 
439 444 445 
440 445 446 
441 446 447 
442 447 448 
443 448 449 
444 449 450 
445 450 451 
446 451 452 
447 452 453 
448 453 454 
449 454 455 
450 455 456 
451 456 457 
452 457 458 
453 458 459 
454 459 460 
455 460 461 
456 461 462 
457 462 463 
458 463 464 
459 464 465 
460 465 466 
461 466 467 
462 467 468 
463 468 469 
464 469 470 
465 470 471 
466 471 472 
467 472 473 
468 473 474 
469 474 12 
1 12 1 25
470 12 475 
471 475 476 
472 476 477 
473 477 478 
474 478 479 
475 479 480 
476 480 481 
477 481 482 
478 482 483 
479 483 484 
480 484 485 
481 485 486 
482 486 487 
483 487 488 
484 488 489 
485 489 490 
486 490 491 
487 491 492 
488 492 493 
489 493 494 
490 494 495 
491 495 496 
492 496 497 
493 497 498 
494 498 1 
1 13 1 11
495 6 499 
496 499 500 
497 500 501 
498 501 502 
499 502 503 
500 503 504 
501 504 505 
502 505 506 
503 506 507 
504 507 508 
505 508 13 
1 14 1 70
506 13 509 
507 509 510 
508 510 511 
509 511 512 
510 512 513 
511 513 514 
512 514 515 
513 515 516 
514 516 517 
515 517 518 
516 518 519 
517 519 520 
518 520 521 
519 521 522 
520 522 523 
521 523 524 
522 524 525 
523 525 526 
524 526 527 
525 527 528 
526 528 529 
527 529 530 
528 530 531 
529 531 532 
530 532 533 
531 533 534 
532 534 535 
533 535 536 
534 536 537 
535 537 538 
536 538 539 
537 539 540 
538 540 541 
539 541 542 
540 542 543 
541 543 544 
542 544 545 
543 545 546 
544 546 547 
545 547 548 
546 548 549 
547 549 550 
548 550 551 
549 551 552 
550 552 553 
551 553 554 
552 554 555 
553 555 556 
554 556 557 
555 557 558 
556 558 559 
557 559 560 
558 560 561 
559 561 562 
560 562 563 
561 563 564 
562 564 565 
563 565 566 
564 566 567 
565 567 568 
566 568 569 
567 569 570 
568 570 571 
569 571 572 
570 572 573 
571 573 574 
572 574 575 
573 575 576 
574 576 577 
575 577 14 
1 15 1 11
576 14 578 
577 578 579 
578 579 580 
579 580 581 
580 581 582 
581 582 583 
582 583 584 
583 584 585 
584 585 586 
585 586 587 
586 587 1 
1 16 1 21
587 7 588 
588 588 589 
589 589 590 
590 590 591 
591 591 592 
592 592 593 
593 593 594 
594 594 595 
595 595 596 
596 596 597 
597 597 598 
598 598 599 
599 599 600 
600 600 601 
601 601 602 
602 602 603 
603 603 604 
604 604 605 
605 605 606 
606 606 607 
607 607 15 
1 17 1 70
608 15 608 
609 608 609 
610 609 610 
611 610 611 
612 611 612 
613 612 613 
614 613 614 
615 614 615 
616 615 616 
617 616 617 
618 617 618 
619 618 619 
620 619 620 
621 620 621 
622 621 622 
623 622 623 
624 623 624 
625 624 625 
626 625 626 
627 626 627 
628 627 628 
629 628 629 
630 629 630 
631 630 631 
632 631 632 
633 632 633 
634 633 634 
635 634 635 
636 635 636 
637 636 637 
638 637 638 
639 638 639 
640 639 640 
641 640 641 
642 641 642 
643 642 643 
644 643 644 
645 644 645 
646 645 646 
647 646 647 
648 647 648 
649 648 649 
650 649 650 
651 650 651 
652 651 652 
653 652 653 
654 653 654 
655 654 655 
656 655 656 
657 656 657 
658 657 658 
659 658 659 
660 659 660 
661 660 661 
662 661 662 
663 662 663 
664 663 664 
665 664 665 
666 665 666 
667 666 667 
668 667 668 
669 668 669 
670 669 670 
671 670 671 
672 671 672 
673 672 673 
674 673 674 
675 674 675 
676 675 676 
677 676 16 
1 18 1 21
678 16 677 
679 677 678 
680 678 679 
681 679 680 
682 680 681 
683 681 682 
684 682 683 
685 683 684 
686 684 685 
687 685 686 
688 686 687 
689 687 688 
690 688 689 
691 689 690 
692 690 691 
693 691 692 
694 692 693 
695 693 694 
696 694 695 
697 695 696 
698 696 12 
2 1 2 5174
699 1808 2010 1465 
700 2473 2504 1027 
701 1808 2251 2010 
702 1785 2459 1636 
703 1633 2460 1787 
704 1695 2062 1766 
705 1765 2063 1692 
706 2415 2666 1118 
707 1117 2665 2416 
708 2280 3035 775 
709 1151 2334 1933 
710 1811 3023 1038 
711 1027 3009 2473 
712 1561 2129 1906 
713 1907 2127 1559 
714 1528 2599 753 
715 2307 2831 2276 
716 1689 1881 1880 
717 772 2228 2012 
718 1789 2091 1536 
719 1798 2307 2222 
720 750 2307 2276 
721 1917 2622 2188 
722 1134 2131 2000 
723 1884 2055 1126 
724 1304 1785 1636 
725 1633 1787 1306 
726 1510 1765 1692 
727 1695 1766 1526 
728 1825 1842 1553 
729 1855 2650 2187 
730 2096 2174 2095 
731 1432 2888 1727 
732 1726 2889 1447 
733 1044 2178 1928 
734 1927 2177 1043 
735 1689 1880 1334 
736 2131 2449 2000 
737 1979 2740 2284 
738 1514 1939 1938 
739 1942 1943 1498 
740 1844 2802 1389 
741 1999 2132 1133 
742 1952 2703 846 
743 1225 1816 1218 
744 1958 2971 837 
745 1855 2187 1569 
746 1366 2449 2180 
747 1724 2789 1710 
748 1711 2790 1725 
749 2351 2652 2540 
750 2539 2651 2348 
751 2095 2174 1148 
752 1920 1922 1776 
753 1387 1844 1389 
754 1408 2700 1801 
755 2117 2666 2415 
756 2416 2665 2116 
757 1883 2106 1042 
758 1040 2108 1882 
759 2054 2860 729 
760 2169 2450 1365 
761 1915 1916 1243 
762 1649 2748 2022 
763 2021 2749 1653 
764 1187 2715 1988 
765 1999 2450 2132 
766 1926 2142 1141 
767 1816 2721 1218 
768 1892 2101 1041 
769 1039 2103 1893 
770 1367 2465 2199 
771 1922 2499 1776 
772 2030 2573 2503 
773 2005 2716 2490 
774 2004 2489 1006 
775 2088 2129 1561 
776 1559 2127 2089 
777 1618 2598 2143 
778 2136 2261 760 
779 758 2255 2134 
780 924 2031 1900 
781 1901 2032 921 
782 1119 2557 2063 
783 2062 2558 1122 
784 1653 2171 2021 
785 2022 2172 1649 
786 2176 2468 1368 
787 2013 2935 2162 
788 2163 2936 2014 
789 1813 1814 1482 
790 895 1841 1350 
791 2140 2259 761 
792 759 2257 2138 
793 2143 2598 930 
794 923 2040 1909 
795 1910 2041 922 
796 1136 2126 2089 
797 751 2918 1934 
798 955 2456 1956 
799 1957 2455 961 
800 1789 2574 2091 
801 2325 2355 1647 
802 1954 2854 745 
803 744 2853 1955 
804 1545 1865 1399 
805 1397 1862 1539 
806 2188 2622 1479 
807 1385 1825 1553 
808 1841 2676 1350 
809 1802 1803 1347 
810 955 2725 2456 
811 2455 2724 961 
812 1733 2608 1401 
813 1403 2609 1734 
814 1797 1798 1362 
815 1022 2820 1715 
816 1712 2819 1024 
817 1721 2815 1020 
818 1018 2816 1718 
819 2513 2844 1462 
820 1888 2504 2473 
821 1449 1726 1447 
822 1432 1727 1434 
823 328 2109 327 
824 404 2107 403 
825 2222 2307 2221 
826 2221 2307 750 
827 1408 1801 1364 
828 1462 2844 2024 
829 1853 2673 2190 
830 1379 1899 1229 
831 1230 1898 1382 
832 1050 2172 2022 
833 1913 1914 1846 
834 2035 2896 731 
835 730 2897 2037 
836 2222 2481 1798 
837 2052 2054 729 
838 1545 2119 1865 
839 1862 2118 1539 
840 811 2064 1189 
841 1462 2065 819 
842 2088 2128 1135 
843 701 2636 1889 
844 1038 2940 1811 
845 2126 2465 2089 
846 729 2123 2052 
847 2021 2171 1049 
848 1044 1928 1034 
849 1033 1927 1043 
850 2143 2586 1618 
851 2348 2651 708 
852 706 2652 2351 
853 1936 2956 2130 
854 1833 2050 1611 
855 1613 2051 1834 
856 734 2950 2308 
857 2309 2951 755 
858 2023 2564 1627 
859 1025 2586 2143 
860 91 2102 90 
861 159 2104 158 
862 1858 1931 1342 
863 1979 2284 2246 
864 1814 2202 835 
865 1796 2237 1795 
866 1852 1929 1336 
867 1797 1800 1798 
868 2489 2717 1006 
869 1392 1965 1391 
870 2228 2230 2012 
871 835 2811 1814 
872 2151 2485 1912 
873 1959 1960 1424 
874 1423 1963 1962 
875 720 2154 2025 
876 1876 2642 1537 
877 2207 2822 2099 
878 2462 2664 2357 
879 2100 2821 2205 
880 1658 2729 2294 
881 2293 2730 1657 
882 2055 2435 1126 
883 1843 3035 2280 
884 2237 2887 1795 
885 1880 2762 1615 
886 1685 2700 1408 
887 2001 2491 953 
888 1658 1902 1540 
889 1546 1904 1657 
890 1933 2334 1925 
891 1095 2600 2017 
892 2019 2601 1096 
893 2013 2162 1186 
894 1185 2163 2014 
895 1812 1867 1395 
896 1514 1938 1411 
897 1413 1942 1498 
898 2034 2035 731 
899 730 2037 2036 
900 2088 2468 2128 
901 2016 2775 849 
902 1381 1833 1611 
903 1613 1834 1378 
904 2053 2667 1803 
905 1681 1994 1404 
906 1402 1993 1682 
907 1038 3023 1145 
908 2037 2771 2666 
909 2665 2770 2035 
910 2042 2592 1683 
911 2180 2449 2131 
912 1556 2976 1905 
913 1903 2975 1557 
914 1345 2058 1856 
915 2071 2672 1071 
916 1068 2671 2069 
917 1629 2493 2066 
918 1339 2060 1854 
919 2057 2753 1784 
920 1783 2752 2056 
921 1467 1913 1846 
922 1345 2509 2058 
923 1953 2703 1952 
924 2291 2730 2293 
925 2294 2729 2290 
926 1339 2512 2060 
927 1646 2028 1503 
928 1478 2543 1933 
929 1533 2521 2125 
930 2124 2520 1531 
931 2132 2450 2169 
932 1819 2772 2218 
933 2217 2599 1528 
934 1423 1962 1233 
935 1234 1959 1424 
936 1873 2603 1871 
937 2156 2591 1639 
938 1640 2590 2157 
939 1466 1846 1691 
940 2048 2049 733 
941 732 2047 2046 
942 2224 2736 1065 
943 1241 1915 1243 
944 1485 1724 1710 
945 1711 1725 1484 
946 726 2308 2165 
947 1076 2252 2085 
948 1933 2543 1151 
949 1842 2496 1085 
950 2164 2309 727 
951 2270 2674 1261 
952 1931 2510 1342 
953 2575 2664 1782 
954 1882 2323 1040 
955 1042 2327 1883 
956 1802 2861 1805 
957 937 2446 886 
958 885 2447 936 
959 1969 2470 937 
960 936 2469 1968 
961 2142 2345 1141 
962 1929 2511 1336 
963 1262 1808 1465 
964 2199 2465 2126 
965 2603 2991 1871 
966 1912 2485 2003 
967 1280 1813 1482 
968 1294 1876 1537 
969 1338 1853 1575 
970 799 2210 1985 
971 1819 2218 1935 
972 1839 2912 2497 
973 2498 2913 1836 
974 1916 1951 1919 
975 1274 1880 1615 
976 1344 1855 1569 
977 819 2065 821 
978 814 2064 811 
979 1972 2471 935 
980 1982 2213 801 
981 1962 2086 1231 
982 1232 2087 1959 
983 1921 2026 1924 
984 1684 2580 2043 
985 2083 2669 1072 
986 1069 2668 2081 
987 2280 2933 1843 
988 1003 2004 1006 
989 746 2254 1881 
990 1848 2830 1475 
991 1490 1889 1675 
992 1889 2737 1081 
993 1258 1802 1347 
994 1552 1822 1431 
995 1446 1823 1551 
996 1357 1755 1310 
997 1314 1759 1355 
998 782 2160 2111 
999 2112 2161 783 
1000 1351 1751 1318 
1001 1322 1747 1353 
1002 1360 1797 1362 
1003 1889 2243 701 
1004 782 2375 2160 
1005 2161 2374 783 
1006 1392 2728 1965 
1007 1046 2591 2156 
1008 2157 2590 1045 
1009 1627 2113 2023 
1010 2128 2468 2176 
1011 1085 2232 1842 
1012 1401 2560 1733 
1013 1734 2561 1403 
1014 1023 1712 1024 
1015 1022 1715 1021 
1016 1075 2722 1954 
1017 1955 2710 1074 
1018 798 2211 1975 
1019 2372 2858 1890 
1020 1891 2857 2371 
1021 1018 1718 1017 
1022 1019 1721 1020 
1023 1934 2223 751 
1024 1507 1789 1536 
1025 1881 2727 746 
1026 1978 2212 800 
1027 1145 2027 1629 
1028 1269 1876 1223 
1029 1265 1835 1215 
1030 1216 1838 1267 
1031 1050 2454 2172 
1032 1515 2845 1940 
1033 1944 2846 1499 
1034 1334 1880 1237 
1035 1877 2642 1876 
1036 1917 2188 1735 
1037 2355 2438 1647 
1038 1145 2488 2027 
1039 2063 2384 1119 
1040 1122 2383 2062 
1041 834 2200 1894 
1042 899 2003 866 
1043 1707 2594 1898 
1044 1899 2595 1709 
1045 1826 2971 1958 
1046 765 2513 787 
1047 793 2514 767 
1048 2086 2851 1231 
1049 1232 2850 2087 
1050 1283 1812 1395 
1051 1577 1982 1980 
1052 1983 1985 1574 
1053 2104 2657 1420 
1054 1419 2656 2102 
1055 1327 1840 1289 
1056 1286 1837 1329 
1057 2130 2956 1189 
1058 721 2217 1935 
1059 2011 2736 2224 
1060 1142 2347 1989 
1061 1571 1978 1976 
1062 1973 1975 1568 
1063 2079 2976 1556 
1064 1557 2975 2077 
1065 1376 2848 2463 
1066 327 2109 1040 
1067 1042 2107 404 
1068 769 2524 795 
1069 785 2525 763 
1070 1802 1805 1803 
1071 1562 2521 1533 
1072 1531 2520 1563 
1073 2134 2256 758 
1074 760 2262 2136 
1075 1893 2324 1039 
1076 1041 2326 1892 
1077 1854 2673 1853 
1078 1858 2834 1931 
1079 987 2716 2005 
1080 711 2991 2603 
1081 1351 2873 1751 
1082 1747 2874 1353 
1083 2064 2593 2130 
1084 1852 2832 1929 
1085 1889 2636 1675 
1086 2357 2664 1105 
1087 1166 2905 1728 
1088 1846 2776 1691 
1089 2343 2364 2073 
1090 2074 2362 2342 
1091 11 2309 755 
1092 2464 2852 1374 
1093 734 2308 8 
1094 1851 1852 1336 
1095 2157 2517 1640 
1096 1639 2518 2156 
1097 2138 2258 759 
1098 761 2260 2140 
1099 959 2492 2002 
1100 784 2543 822 
1101 1424 1961 1612 
1102 1610 1964 1423 
1103 1857 1858 1342 
1104 2294 2661 1658 
1105 1657 2662 2293 
1106 767 2514 1528 
1107 1201 2513 765 
1108 1784 2594 2057 
1109 2056 2595 1783 
1110 2314 2462 707 
1111 1100 2096 2094 
1112 2171 2448 1049 
1113 1804 2861 1802 
1114 1261 2674 2066 
1115 2471 2875 935 
1116 2258 2807 759 
1117 761 2806 2260 
1118 959 2784 2492 
1119 2491 2785 953 
1120 1343 1973 1568 
1121 1571 1976 1346 
1122 1645 2887 2237 
1123 1126 2141 1884 
1124 1867 3031 2233 
1125 2137 2797 1757 
1126 1761 2798 2139 
1127 1357 2885 1755 
1128 1759 2886 1355 
1129 1577 1980 1340 
1130 1337 1983 1574 
1131 2133 2796 1753 
1132 1749 2795 2135 
1133 2196 2864 1281 
1134 2470 2626 937 
1135 936 2627 2469 
1136 2278 2639 1727 
1137 2028 2029 1791 
1138 1726 2649 2282 
1139 1486 2034 1913 
1140 1800 2307 1798 
1141 1379 2595 1899 
1142 1898 2594 1382 
1143 1894 2663 2201 
1144 2463 2848 1809 
1145 1105 2664 2575 
1146 1658 2661 1902 
1147 1904 2662 1657 
1148 1894 2201 834 
1149 1475 2830 1488 
1150 1933 2714 1478 
1151 753 2599 4 
1152 2030 2503 1082 
1153 158 2104 1039 
1154 1041 2102 91 
1155 1515 1940 1514 
1156 1498 1944 1499 
1157 1934 2619 2224 
1158 1682 2055 1538 
1159 2109 2659 1421 
1160 1418 2660 2107 
1161 1646 2947 2028 
1162 1993 2689 1682 
1163 1681 2688 1994 
1164 1120 2387 2057 
1165 2056 2380 1121 
1166 930 2003 899 
1167 2065 2715 1187 
1168 1200 2524 769 
1169 763 2525 1199 
1170 2440 2881 1870 
1171 1869 2882 2439 
1172 2034 2612 1913 
1173 1792 1793 1527 
1174 1810 2852 2464 
1175 1529 1954 1886 
1176 2666 2771 1118 
1177 1117 2770 2665 
1178 954 2001 953 
1179 1626 1986 1647 
1180 1908 2529 1054 
1181 1208 2905 1166 
1182 1853 2189 1575 
1183 1608 2813 1877 
1184 1245 1773 1249 
1185 1244 1778 1240 
1186 1251 1770 1250 
1187 1252 1767 1253 
1188 1928 2178 1669 
1189 1663 2177 1927 
1190 1839 2497 1617 
1191 1616 2498 1836 
1192 1004 2517 2157 
1193 2156 2518 985 
1194 1810 2870 1560 
1195 1558 2869 1809 
1196 2256 2788 758 
1197 760 2787 2262 
1198 1915 1951 1916 
1199 2480 2604 932 
1200 933 2605 2479 
1201 1552 2890 1822 
1202 1823 2891 1551 
1203 1995 2446 937 
1204 936 2447 1997 
1205 1141 2332 1926 
1206 2503 2573 1868 
1207 1151 2543 784 
1208 1864 2854 1954 
1209 1955 2853 1861 
1210 1081 2243 1889 
1211 1248 2026 1921 
1212 1178 1898 1230 
1213 1229 1899 1176 
1214 962 1957 961 
1215 955 1956 956 
1216 931 2584 2033 
1217 113 2155 3 
1218 1308 1920 1776 
1219 1306 1787 1305 
1220 1303 1785 1304 
1221 2017 2600 2018 
1222 2020 2601 2019 
1223 1091 2735 1949 
1224 1947 2734 1090 
1225 2233 2503 1867 
1226 1878 2805 1224 
1227 2189 2190 831 
1228 2515 2548 1479 
1229 2072 2672 2071 
1230 2069 2671 2070 
1231 1728 1730 1729 
1232 1921 1922 1920 
1233 2525 2718 2486 
1234 2487 2719 2524 
1235 1745 2707 1746 
1236 1744 2706 1743 
1237 1207 1334 1237 
1238 1236 1333 1206 
1239 1224 2805 1271 
1240 2015 2068 1461 
1241 1466 1691 1608 
1242 1609 1690 1472 
1243 1617 1724 1485 
1244 1484 1725 1616 
1245 1163 2820 1022 
1246 1024 2819 1165 
1247 1398 1864 1529 
1248 1530 1861 1396 
1249 1555 1764 1689 
1250 1688 1763 1554 
1251 1493 1824 1384 
1252 1216 1267 1193 
1253 1192 1265 1215 
1254 1224 1271 1191 
1255 1190 1269 1223 
1256 1159 2816 1018 
1257 1020 2815 1161 
1258 1363 1799 1797 
1259 1868 2573 2453 
1260 2066 2493 1261 
1261 2091 2343 2073 
1262 2074 2342 2090 
1263 2190 2547 831 
1264 1369 1804 1802 
1265 1960 1961 1424 
1266 1423 1964 1963 
1267 1931 1932 1717 
1268 1929 1930 1720 
1269 1324 1748 1747 
1270 1751 1752 1320 
1271 1316 1760 1759 
1272 1755 1756 1312 
1273 1778 1780 1307 
1274 1308 1775 1773 
1275 1305 1769 1767 
1276 1770 1772 1303 
1277 1054 2288 1908 
1278 1188 1263 1181 
1279 1902 1903 1557 
1280 1556 1905 1904 
1281 1479 2548 872 
1282 2466 2813 1608 
1283 2123 2322 1818 
1284 1310 1755 1312 
1285 1316 1759 1314 
1286 1318 1751 1320 
1287 1324 1747 1322 
1288 840 2920 2030 
1289 1483 1894 1812 
1290 1335 1851 1336 
1291 1199 2525 2486 
1292 2487 2524 1200 
1293 1772 1786 1785 
1294 1787 1788 1769 
1295 1776 1777 1775 
1296 1780 1782 1781 
1297 1341 1857 1342 
1298 1166 1728 1180 
1299 1250 1303 1254 
1300 1255 1305 1252 
1301 1246 1308 1245 
1302 1240 1307 1241 
1303 1730 1731 1729 
1304 1799 1800 1797 
1305 1954 2722 1886 
1306 1671 2888 1432 
1307 1447 2889 1672 
1308 2375 2818 2160 
1309 2161 2817 2374 
1310 1728 1729 1180 
1311 1566 2186 1857 
1312 2039 2535 1179 
1313 1382 1596 1380 
1314 1377 1597 1379 
1315 1572 2193 1851 
1316 3 2155 735 
1317 1483 1812 1283 
1318 2012 2229 772 
1319 1394 1817 1813 
1320 1289 1840 1838 
1321 1835 1837 1286 
1322 1402 1682 1538 
1323 1537 1681 1404 
1324 2233 3031 736 
1325 897 1841 895 
1326 1331 1974 1973 
1327 1976 1977 1332 
1328 1575 1882 1576 
1329 1573 1883 1572 
1330 1980 1981 1326 
1331 1325 1984 1983 
1332 1567 1892 1566 
1333 1569 1893 1570 
1334 2550 2983 2097 
1335 2098 2982 2549 
1336 718 2467 2141 
1337 1207 1237 1153 
1338 1152 1236 1206 
1339 2084 2669 2083 
1340 2081 2668 2082 
1341 1837 2989 1329 
1342 1327 2990 1840 
1343 1785 2610 2459 
1344 2460 2611 1787 
1345 1175 1252 1174 
1346 1172 1250 1173 
1347 1171 1245 1170 
1348 1168 1240 1169 
1349 1146 1225 1218 
1350 1217 1226 1147 
1351 1269 3032 1876 
1352 1741 2740 1979 
1353 1265 3033 1835 
1354 1838 3034 1267 
1355 1939 2451 1938 
1356 1535 2090 1792 
1357 1942 2452 1943 
1358 1916 1919 1918 
1359 2082 2807 2258 
1360 2260 2806 2084 
1361 1526 1766 1524 
1362 1508 1765 1510 
1363 1339 1853 1338 
1364 1345 1855 1344 
1365 1280 1482 1225 
1366 1226 1483 1283 
1367 740 2833 1979 
1368 1237 1880 1274 
1369 1215 1835 1286 
1370 1289 1838 1216 
1371 1223 1876 1294 
1372 2464 2870 1810 
1373 1809 2869 2463 
1374 975 2858 2372 
1375 2371 2857 994 
1376 1262 1465 1235 
1377 1394 1813 1280 
1378 1202 1324 1322 
1379 1318 1320 1203 
1380 1204 1316 1314 
1381 1310 1312 1205 
1382 1151 2679 2334 
1383 1402 1538 1292 
1384 1294 1537 1404 
1385 1144 1207 1153 
1386 1152 1206 1143 
1387 1422 1808 1262 
1388 1934 2918 1824 
1389 1610 2927 1964 
1390 1961 2928 1612 
1391 1329 1562 1533 
1392 1531 1563 1327 
1393 1439 2044 1674 
1394 1673 2045 1454 
1395 1183 1962 1231 
1396 1232 1959 1184 
1397 1410 1614 1277 
1398 1274 1615 1412 
1399 1951 2462 1919 
1400 2308 2950 2165 
1401 1355 1680 1495 
1402 1494 1679 1357 
1403 1353 1676 1492 
1404 1490 1675 1351 
1405 1523 1792 1527 
1406 1192 1215 1139 
1407 1140 1216 1193 
1408 1737 1742 1457 
1409 936 1968 926 
1410 925 1969 937 
1411 1702 1889 1490 
1412 2164 2951 2309 
1413 1369 1802 1258 
1414 1258 1347 1208 
1415 1493 1934 1824 
1416 1190 1223 1093 
1417 1094 1224 1191 
1418 1363 1797 1360 
1419 1555 1689 1334 
1420 1333 1688 1554 
1421 1263 1493 1384 
1422 1672 1823 1446 
1423 1431 1822 1671 
1424 1146 1218 1129 
1425 1130 1217 1147 
1426 1267 1617 1485 
1427 1484 1616 1265 
1428 1077 2783 2506 
1429 1466 1608 1269 
1430 1271 1609 1472 
1431 1429 1552 1431 
1432 1446 1551 1444 
1433 1360 1362 1182 
1434 1803 2667 1347 
1435 1296 1530 1396 
1436 1398 1529 1299 
1437 1864 1954 1529 
1438 1530 1955 1861 
1439 2027 2493 1629 
1440 977 2881 2440 
1441 2439 2882 996 
1442 1847 2775 2016 
1443 934 1971 920 
1444 919 1972 935 
1445 1600 1698 1453 
1446 1438 1699 1601 
1447 1623 1953 1952 
1448 1524 1535 1523 
1449 1507 1536 1508 
1450 2443 2584 931 
1451 1582 1685 1408 
1452 1991 2720 891 
1453 1243 1917 1735 
1454 1031 1205 1162 
1455 1164 1204 1032 
1456 735 2155 1201 
1457 1473 1848 1475 
1458 1029 1203 1158 
1459 1160 1202 1030 
1460 1233 1962 1183 
1461 1184 1959 1234 
1462 2193 2779 1851 
1463 1863 2992 1862 
1464 1865 2993 1866 
1465 2186 2786 1857 
1466 1935 2218 721 
1467 1800 2831 2307 
1468 1719 1720 1244 
1469 1249 1723 1722 
1470 1253 1714 1713 
1471 1716 1717 1251 
1472 1037 1188 1181 
1473 1187 2023 900 
1474 755 2951 1200 
1475 1199 2950 734 
1476 2418 2424 1724 
1477 1510 1692 1579 
1478 1581 1695 1526 
1479 1725 2423 2417 
1480 910 2022 1186 
1481 1185 2021 905 
1482 2155 2844 1201 
1483 1331 1973 1221 
1484 1222 1976 1332 
1485 1574 2032 1901 
1486 1900 2031 1577 
1487 2426 2434 1691 
1488 1690 2433 2425 
1489 1219 1980 1326 
1490 1325 1983 1220 
1491 1945 2146 951 
1492 957 2147 1946 
1493 1421 3018 2109 
1494 2107 3017 1418 
1495 1985 2478 799 
1496 801 2477 1982 
1497 1381 1610 1423 
1498 1424 1612 1378 
1499 1682 2781 2055 
1500 1248 1921 1920 
1501 1985 2210 2032 
1502 1179 1898 1178 
1503 1176 1899 1177 
1504 1909 2040 1571 
1505 1568 2041 1910 
1506 2025 2155 720 
1507 1304 1636 1603 
1508 1605 1633 1306 
1509 2358 2651 2459 
1510 2460 2652 2359 
1511 1186 2162 908 
1512 903 2163 1185 
1513 1582 1970 1685 
1514 1896 1897 1564 
1515 1847 1848 1473 
1516 1420 3014 2104 
1517 2102 3013 1419 
1518 1799 2230 1800 
1519 1511 2028 1791 
1520 1793 1908 1794 
1521 1488 1665 1489 
1522 1487 1659 1486 
1523 2252 2253 2085 
1524 1975 2501 798 
1525 800 2500 1978 
1526 2031 2213 1982 
1527 1921 1923 1922 
1528 1370 2972 1831 
1529 1478 2714 2026 
1530 1597 1783 1379 
1531 1382 1784 1596 
1532 1539 1658 1540 
1533 1546 1657 1545 
1534 2322 2772 1818 
1535 2203 2214 2029 
1536 1380 1833 1381 
1537 1378 1834 1377 
1538 1865 1866 1864 
1539 1861 1863 1862 
1540 1333 1554 1349 
1541 1348 1555 1334 
1542 1856 2367 1855 
1543 1267 1485 1268 
1544 1266 1484 1265 
1545 1583 1871 1582 
1546 1270 1466 1269 
1547 1271 1472 1272 
1548 1486 1913 1469 
1549 1263 1384 1264 
1550 874 2550 2097 
1551 2098 2549 863 
1552 1166 1180 1051 
1553 1540 1902 1542 
1554 1548 1904 1546 
1555 2175 2202 1814 
1556 826 2162 1464 
1557 1463 2163 808 
1558 1872 1873 1871 
1559 1140 1193 1048 
1560 1047 1192 1139 
1561 1542 1902 1557 
1562 1556 1904 1548 
1563 1469 1913 1467 
1564 1758 2797 2137 
1565 2139 2798 1762 
1566 1754 2796 2133 
1567 2135 2795 1750 
1568 1467 1846 1466 
1569 1567 2101 1892 
1570 1893 2103 1570 
1571 1485 1710 1631 
1572 1632 1711 1484 
1573 1409 1582 1408 
1574 1573 2106 1883 
1575 1882 2108 1576 
1576 2006 3026 1859 
1577 1860 3025 2007 
1578 1410 1937 1614 
1579 1615 1941 1412 
1580 1218 1296 1295 
1581 1298 1299 1217 
1582 1791 1991 1790 
1583 1438 1601 1439 
1584 1454 1600 1453 
1585 1911 2003 930 
1586 1094 1191 1046 
1587 1045 1190 1093 
1588 2234 3004 1817 
1589 1583 2110 1872 
1590 1296 1396 1297 
1591 1300 1398 1299 
1592 1831 1832 1804 
1593 1773 2968 1249 
1594 1244 2969 1778 
1595 1767 2966 1253 
1596 1251 2967 1770 
1597 2043 2526 1684 
1598 2070 2788 2256 
1599 2262 2787 2072 
1600 2453 2573 1565 
1601 1090 2316 1947 
1602 1949 2318 1091 
1603 1460 1623 1459 
1604 1524 1766 1535 
1605 1536 1765 1508 
1606 1975 2211 2041 
1607 1493 2619 1934 
1608 1465 1875 1874 
1609 1692 1693 1579 
1610 1581 1696 1695 
1611 1538 1884 1878 
1612 1010 2592 2042 
1613 1716 2510 1931 
1614 1235 1874 1188 
1615 1292 1878 1224 
1616 1338 1575 1340 
1617 1337 1572 1335 
1618 2499 2698 1776 
1619 1457 1826 1422 
1620 1065 2223 1934 
1621 2467 2654 2141 
1622 1344 1569 1346 
1623 1343 1566 1341 
1624 703 2240 1992 
1625 1277 1879 1236 
1626 1305 1767 1252 
1627 1250 1770 1303 
1628 1308 1773 1245 
1629 1240 1778 1307 
1630 1716 1931 1717 
1631 1361 1363 1360 
1632 1719 1929 1720 
1633 1900 2181 924 
1634 921 2182 1901 
1635 1719 2511 1929 
1636 1898 2535 1707 
1637 1676 1992 1492 
1638 2040 2212 1978 
1639 977 2440 974 
1640 993 2439 996 
1641 1483 2663 1894 
1642 1345 1856 1855 
1643 1339 1854 1853 
1644 1623 1952 1459 
1645 1447 1672 1446 
1646 1431 1671 1432 
1647 1709 2502 1899 
1648 1439 2530 2044 
1649 2045 2531 1454 
1650 1359 1360 1182 
1651 931 2476 2443 
1652 1172 1251 1250 
1653 1252 1253 1174 
1654 1245 1249 1170 
1655 1168 1244 1240 
1656 1954 2244 1075 
1657 1074 2248 1955 
1658 1259 1369 1258 
1659 2052 2123 1731 
1660 1817 2625 2234 
1661 1209 1258 1208 
1662 1429 1431 1430 
1663 1445 1446 1444 
1664 1714 2059 2058 
1665 1934 2224 1065 
1666 1098 2772 2322 
1667 2099 2822 1744 
1668 1723 2061 2060 
1669 1185 2749 2021 
1670 2022 2748 1186 
1671 1611 1947 1610 
1672 1612 1949 1613 
1673 1870 2196 1281 
1674 1772 1785 1303 
1675 1305 1787 1769 
1676 1780 1781 1307 
1677 1308 1776 1775 
1678 1636 1637 1603 
1679 1605 1634 1633 
1680 1554 1896 1564 
1681 1565 1895 1555 
1682 1346 1976 1222 
1683 1221 1973 1343 
1684 1187 2564 2023 
1685 1746 2821 2100 
1686 1472 1847 1473 
1687 1246 1920 1308 
1688 2205 2545 2100 
1689 1303 1304 1254 
1690 1255 1306 1305 
1691 2025 2844 2155 
1692 1384 1825 1385 
1693 2023 2113 1053 
1694 1340 1980 1219 
1695 1220 1983 1337 
1696 930 2598 1911 
1697 1167 1208 1166 
1698 1399 1865 1398 
1699 1396 1862 1397 
1700 1162 1198 1163 
1701 1165 1197 1164 
1702 1444 1743 1441 
1703 1426 1745 1429 
1704 2476 2859 2443 
1705 1158 1196 1159 
1706 1161 1195 1160 
1707 1230 1380 1233 
1708 1234 1377 1229 
1709 1574 1901 1573 
1710 1576 1900 1577 
1711 1204 1314 1313 
1712 1309 1310 1205 
1713 1202 1322 1321 
1714 1317 1318 1203 
1715 1589 2019 1651 
1716 1655 2017 1595 
1717 1572 1851 1335 
1718 1502 1646 1503 
1719 1519 1645 1518 
1720 1250 1254 1173 
1721 1175 1255 1252 
1722 1171 1246 1245 
1723 1240 1241 1169 
1724 1527 1795 1521 
1725 1566 1857 1341 
1726 1794 1796 1795 
1727 1703 1704 1702 
1728 1988 2564 1187 
1729 1570 1909 1571 
1730 1568 1910 1567 
1731 1491 1702 1490 
1732 2099 2546 2207 
1733 2010 2011 1875 
1734 1741 1979 1738 
1735 1355 1495 1356 
1736 1358 1494 1357 
1737 1248 1920 1246 
1738 1353 1492 1354 
1739 1352 1490 1351 
1740 1971 2842 2472 
1741 1311 1357 1310 
1742 1314 1355 1315 
1743 1319 1351 1318 
1744 1322 1353 1323 
1745 1668 1827 1670 
1746 1664 1829 1662 
1747 1036 2042 1179 
1748 1177 2043 1035 
1749 1698 2649 1726 
1750 2222 2740 1741 
1751 1847 2016 1848 
1752 1992 2640 703 
1753 1803 2631 2053 
1754 1814 1815 1482 
1755 1727 2639 1699 
1756 1683 2538 2042 
1757 1299 1885 1217 
1758 1590 2124 1531 
1759 1533 2125 1584 
1760 1680 2008 1495 
1761 1494 2009 1679 
1762 1350 2593 2064 
1763 1514 1940 1939 
1764 1943 1944 1498 
1765 1364 1801 1363 
1766 1550 1556 1548 
1767 1542 1557 1544 
1768 1434 1727 1438 
1769 1453 1726 1449 
1770 2009 2239 702 
1771 1645 1966 1518 
1772 1502 1967 1646 
1773 1842 1843 1553 
1774 1909 2191 923 
1775 922 2192 1910 
1776 704 2241 2008 
1777 1511 1789 1507 
1778 2090 2801 1792 
1779 2063 2557 1692 
1780 1695 2558 2062 
1781 1553 1844 1387 
1782 745 2244 1954 
1783 1404 2609 1403 
1784 1401 2608 1402 
1785 1955 2248 744 
1786 1675 2873 1351 
1787 1353 2874 1676 
1788 1979 2246 740 
1789 1894 2200 2122 
1790 971 1957 962 
1791 956 1956 967 
1792 1503 2028 1505 
1793 1212 1338 1219 
1794 1220 1335 1211 
1795 1385 1553 1387 
1796 1370 1831 1369 
1797 1626 1647 1624 
1798 1214 1344 1222 
1799 1221 1341 1213 
1800 1731 1818 1732 
1801 2339 2927 842 
1802 841 2928 2340 
1803 1745 1746 1552 
1804 1551 1744 1743 
1805 1397 1539 1415 
1806 1417 1545 1399 
1807 837 2658 1958 
1808 1628 1986 1626 
1809 1471 1486 1469 
1810 1475 1488 1477 
1811 1389 1392 1391 
1812 1596 1833 1380 
1813 1377 1834 1597 
1814 720 2155 113 
1815 1182 2940 1038 
1816 1535 1792 1523 
1817 1237 1274 1273 
1818 1276 1277 1236 
1819 2175 2621 2202 
1820 893 2064 814 
1821 821 2065 898 
1822 1226 1283 1282 
1823 1279 1280 1225 
1824 1178 1230 1183 
1825 1184 1229 1176 
1826 1179 2538 2039 
1827 934 2842 1971 
1828 1588 2020 2019 
1829 2017 2018 1594 
1830 1575 1576 1340 
1831 1337 1573 1572 
1832 1986 2544 1647 
1833 1157 1184 1176 
1834 1178 1183 1156 
1835 1569 1570 1346 
1836 1343 1567 1566 
1837 1577 2031 1982 
1838 1985 2032 1574 
1839 1230 1382 1380 
1840 1377 1379 1229 
1841 1215 1286 1285 
1842 1288 1289 1216 
1843 1291 1292 1224 
1844 1223 1294 1293 
1845 2058 2509 1713 
1846 1214 1222 1197 
1847 1198 1221 1213 
1848 728 2438 2355 
1849 2359 2652 706 
1850 708 2651 2358 
1851 1026 1182 1038 
1852 1037 1181 1025 
1853 1196 1220 1211 
1854 1212 1219 1195 
1855 1825 2496 1842 
1856 2064 2130 1189 
1857 2049 2829 733 
1858 732 2828 2047 
1859 2195 2196 2093 
1860 1194 1235 1188 
1861 1647 2544 2325 
1862 1406 1408 1364 
1863 1668 3021 1827 
1864 1829 3022 1662 
1865 1222 1332 1197 
1866 1198 1331 1221 
1867 2060 2512 1722 
1868 1283 1395 1284 
1869 1281 1394 1280 
1870 1196 1325 1220 
1871 1219 1326 1195 
1872 1529 1886 1885 
1873 1274 1412 1275 
1874 1278 1410 1277 
1875 1533 1584 1534 
1876 1532 1590 1531 
1877 1290 1327 1289 
1878 1286 1329 1287 
1879 1157 1232 1184 
1880 1183 1231 1156 
1881 1458 1737 1457 
1882 1329 1533 1330 
1883 1328 1531 1327 
1884 1401 1402 1292 
1885 1294 1404 1403 
1886 1260 1262 1235 
1887 1400 1422 1262 
1888 1456 1457 1422 
1889 1451 1453 1449 
1890 1434 1438 1436 
1891 1871 2991 1582 
1892 1372 1459 1370 
1893 891 2289 1991 
1894 1585 2048 1588 
1895 1594 2046 1591 
1896 1582 2991 1970 
1897 2136 2262 1749 
1898 1753 2256 2134 
1899 1738 1979 1737 
1900 2106 2107 1042 
1901 1040 2109 2108 
1902 1459 2972 1370 
1903 1648 2110 1583 
1904 1465 2010 1875 
1905 1571 2040 1978 
1906 1975 2041 1568 
1907 2428 2689 1993 
1908 1994 2688 2430 
1909 1782 2664 1781 
1910 1795 2887 1521 
1911 2214 2720 2029 
1912 2092 2198 2197 
1913 2043 2580 991 
1914 1600 2632 1698 
1915 1699 2633 1601 
1916 933 2954 2605 
1917 2604 2953 932 
1918 1002 2004 1003 
1919 1792 2142 1793 
1920 1144 1153 1002 
1921 983 1152 1143 
1922 1031 1162 1022 
1923 1024 1164 1032 
1924 1184 1234 1229 
1925 1230 1233 1183 
1926 1326 2135 1750 
1927 1754 2133 1325 
1928 1793 1794 1527 
1929 1758 2137 1331 
1930 1332 2139 1762 
1931 1029 1158 1018 
1932 1020 1160 1030 
1933 1724 2497 2418 
1934 2417 2498 1725 
1935 1132 1175 1174 
1936 1172 1173 1131 
1937 1499 2846 1502 
1938 1518 2845 1515 
1939 1168 1169 1137 
1940 1138 1171 1170 
1941 2315 2871 1849 
1942 2025 2154 1987 
1943 1815 2105 1816 
1944 1659 2665 2035 
1945 2037 2666 1665 
1946 1923 2678 1922 
1947 973 1146 1129 
1948 1130 1147 992 
1949 1426 1429 1428 
1950 1443 1444 1441 
1951 1039 2104 2103 
1952 2101 2102 1041 
1953 1679 2885 1357 
1954 1355 2886 1680 
1955 1539 2729 1658 
1956 1657 2730 1545 
1957 2046 2047 1590 
1958 1584 2049 2048 
1959 1730 2052 1731 
1960 975 2372 976 
1961 995 2371 994 
1962 2140 2260 1761 
1963 1757 2258 2138 
1964 2506 2783 1873 
1965 1916 1918 1917 
1966 2117 3021 1668 
1967 1662 3022 2116 
1968 1161 1212 1195 
1969 1196 1211 1159 
1970 1689 2727 1881 
1971 1218 2721 1296 
1972 1822 2890 2298 
1973 2295 2891 1823 
1974 1165 1214 1197 
1975 1198 1213 1163 
1976 1919 2462 2314 
1977 1790 1989 1789 
1978 1589 1651 1650 
1979 1654 1655 1595 
1980 1499 1502 1501 
1981 1517 1518 1515 
1982 1536 2073 1765 
1983 1766 2074 1535 
1984 951 2943 1945 
1985 1946 2944 957 
1986 2067 2457 1630 
1987 1220 1337 1335 
1988 1338 1340 1219 
1989 1344 1346 1222 
1990 1221 1343 1341 
1991 1511 1790 1789 
1992 1749 2262 1748 
1993 1752 2256 1753 
1994 1212 1339 1338 
1995 1335 1336 1211 
1996 1753 2134 2133 
1997 2135 2136 1749 
1998 1751 2069 1752 
1999 1748 2071 1747 
2000 1757 2138 2137 
2001 2139 2140 1761 
2002 2008 2712 704 
2003 2069 2070 1752 
2004 1748 2072 2071 
2005 1214 1345 1344 
2006 1341 1342 1213 
2007 702 2713 2009 
2008 2053 2054 2052 
2009 1637 2651 2539 
2010 2540 2652 1634 
2011 1538 2055 1884 
2012 1036 1178 1156 
2013 1157 1176 1035 
2014 1813 2175 1814 
2015 1755 2081 1756 
2016 1760 2083 1759 
2017 886 2446 879 
2018 881 2447 885 
2019 1234 1378 1377 
2020 1380 1381 1233 
2021 2081 2082 1756 
2022 1760 2084 2083 
2023 1965 2068 1391 
2024 1505 1511 1507 
2025 1523 1527 1521 
2026 1702 2737 1889 
2027 1831 2704 1832 
2028 926 1968 950 
2029 949 1969 925 
2030 1745 2963 2707 
2031 2706 2962 1743 
2032 1413 1498 1497 
2033 1513 1514 1411 
2034 1585 1588 1587 
2035 1593 1594 1591 
2036 947 1972 919 
2037 920 1971 948 
2038 965 2001 954 
2039 1793 1926 1908 
2040 2111 2160 1963 
2041 1960 2161 2112 
2042 1740 1741 1738 
2043 2092 2197 1144 
2044 1664 1830 1829 
2045 1827 1828 1670 
2046 910 1186 908 
2047 903 1185 905 
2048 898 1187 900 
2049 895 1350 893 
2050 1894 2122 1812 
2051 1659 2034 1486 
2052 1488 2036 1665 
2053 1714 2058 1713 
2054 2387 2753 2057 
2055 2056 2752 2380 
2056 1482 1816 1225 
2057 1043 3026 2006 
2058 2007 3025 1044 
2059 1723 2060 1722 
2060 1017 1718 1168 
2061 1170 1721 1019 
2062 1021 1715 1172 
2063 1174 1712 1023 
2064 1819 1935 1821 
2065 1690 1847 1472 
2066 2024 2025 1987 
2067 1824 1825 1384 
2068 1398 1865 1864 
2069 1861 1862 1396 
2070 1487 1660 1659 
2071 1665 1666 1489 
2072 1550 1598 1556 
2073 1557 1599 1544 
2074 1763 1896 1554 
2075 1555 1895 1764 
2076 1611 1948 1947 
2077 1949 1950 1613 
2078 2038 2526 1177 
2079 1964 2111 1963 
2080 1960 2112 1961 
2081 1197 1762 1164 
2082 1162 1758 1198 
2083 1158 1754 1196 
2084 1195 1750 1160 
2085 1411 1938 1410 
2086 1412 1942 1413 
2087 1034 1157 1035 
2088 1036 1156 1033 
2089 1801 2012 1799 
2090 1710 2428 1993 
2091 1994 2430 1711 
2092 2068 2692 1461 
2093 1207 1348 1334 
2094 1333 1349 1206 
2095 1190 1270 1269 
2096 1271 1272 1191 
2097 1267 1268 1193 
2098 1192 1266 1265 
2099 1047 1139 965 
2100 969 1140 1048 
2101 1381 1611 1610 
2102 1612 1613 1378 
2103 1761 2260 1760 
2104 1756 2258 1757 
2105 1021 1172 1131 
2106 1132 1174 1023 
2107 1263 1264 1181 
2108 1551 2099 1744 
2109 1746 2100 1552 
2110 813 2169 807 
2111 1989 2945 1142 
2112 1992 2970 2791 
2113 1017 1168 1137 
2114 1138 1170 1019 
2115 1052 1166 1051 
2116 1363 1801 1799 
2117 1148 2515 2095 
2118 865 2476 894 
2119 902 2023 1053 
2120 979 1094 1046 
2121 1045 1093 998 
2122 1050 2022 912 
2123 907 2021 1049 
2124 1862 2992 2118 
2125 2119 2993 1865 
2126 1210 2457 2067 
2127 1583 1872 1871 
2128 2086 2160 1830 
2129 1828 2161 2087 
2130 1511 1791 1790 
2131 1731 2123 1818 
2132 722 2416 2116 
2133 2117 2415 723 
2134 820 2176 818 
2135 1369 1831 1804 
2136 1177 2502 2038 
2137 989 1044 1034 
2138 1033 1043 1008 
2139 1409 1583 1582 
2140 1488 1489 1477 
2141 1471 1487 1486 
2142 1307 1915 1241 
2143 2055 2781 781 
2144 1601 2960 2530 
2145 2531 2961 1600 
2146 1628 1987 1986 
2147 1179 2535 1898 
2148 1793 2142 1926 
2149 1218 1295 1129 
2150 1130 1298 1217 
2151 2120 2561 2184 
2152 2185 2560 2121 
2153 987 2005 984 
2154 1389 2802 1392 
2155 1814 2811 1815 
2156 1645 2641 1966 
2157 1417 1546 1545 
2158 1539 1540 1415 
2159 1554 1564 1349 
2160 1348 1565 1555 
2161 2105 2710 1955 
2162 1152 2005 1276 
2163 1266 1632 1484 
2164 1485 1631 1268 
2165 1472 1473 1272 
2166 1270 1467 1466 
2167 1624 2438 1623 
2168 1205 2973 1162 
2169 1164 2974 1204 
2170 1632 1994 1711 
2171 1710 1993 1631 
2172 1964 2339 2111 
2173 1384 1385 1264 
2174 2112 2340 1961 
2175 1158 1159 1018 
2176 1020 1161 1160 
2177 1234 1424 1378 
2178 1381 1423 1233 
2179 1162 1163 1022 
2180 1024 1165 1164 
2181 1350 2064 893 
2182 898 2065 1187 
2183 1913 2612 1914 
2184 1034 1928 1157 
2185 1156 1927 1033 
2186 846 2704 1952 
2187 1203 2978 1158 
2188 1160 2979 1202 
2189 1460 1624 1623 
2190 1465 1874 1235 
2191 1036 1179 1178 
2192 1176 1177 1035 
2193 1538 1878 1292 
2194 1877 3032 1608 
2195 1617 3034 1839 
2196 1836 3033 1616 
2197 1296 1297 1295 
2198 1298 1300 1299 
2199 1238 2098 1016 
2200 1014 2097 1239 
2201 849 2653 2016 
2202 1300 1399 1398 
2203 1396 1397 1297 
2204 1919 2094 1918 
2205 1522 1524 1523 
2206 1507 1508 1506 
2207 1395 2453 1284 
2208 1857 2170 1858 
2209 1742 1826 1457 
2210 1924 1925 1923 
2211 1614 1879 1277 
2212 1693 1706 1694 
2213 1697 1708 1696 
2214 1406 1409 1408 
2215 1867 1868 1395 
2216 2094 2096 2095 
2217 1000 2092 1144 
2218 825 2180 827 
2219 1885 2849 1217 
2220 1851 2179 1852 
2221 2030 2920 1895 
2222 1438 1439 1436 
2223 1451 1454 1453 
2224 1963 2086 1962 
2225 1959 2087 1960 
2226 1057 2628 2229 
2227 2149 2875 2445 
2228 2331 2711 1606 
2229 1038 1145 1092 
2230 1790 1990 1989 
2231 2230 2831 1800 
2232 2386 2681 1856 
2233 2011 2224 1875 
2234 1926 2529 1908 
2235 1361 1364 1363 
2236 1372 1460 1459 
2237 1359 1361 1360 
2238 1727 2888 2278 
2239 1595 2017 1594 
2240 1588 2019 1589 
2241 2282 2889 1726 
2242 1791 2720 1991 
2243 1949 2735 1950 
2244 1948 2734 1947 
2245 1570 1571 1346 
2246 1343 1568 1567 
2247 1431 1432 1430 
2248 1445 1447 1446 
2249 1964 2927 2339 
2250 2340 2928 1961 
2251 1505 2028 1511 
2252 1324 1749 1748 
2253 1752 1753 1320 
2254 1756 1757 1312 
2255 1316 1761 1760 
2256 1100 2670 2096 
2257 1892 2356 2186 
2258 2187 2353 1893 
2259 1337 1574 1573 
2260 1576 1577 1340 
2261 1659 2035 2034 
2262 2036 2037 1665 
2263 1557 2077 1599 
2264 1598 2079 1556 
2265 810 2199 812 
2266 1135 2129 2088 
2267 2089 2127 1136 
2268 1259 1370 1369 
2269 1209 1259 1258 
2270 1743 2962 1441 
2271 1426 2963 1745 
2272 2201 2250 834 
2273 2332 2529 1926 
2274 1167 1209 1208 
2275 2046 2980 732 
2276 733 2981 2048 
2277 1026 1359 1182 
2278 1268 2185 1193 
2279 1192 2184 1266 
2280 1899 2502 1177 
2281 1031 1309 1205 
2282 1204 1313 1032 
2283 1874 2910 1188 
2284 1202 1321 1030 
2285 1029 1317 1203 
2286 2331 2945 2711 
2287 2298 2756 1822 
2288 1823 2755 2295 
2289 1217 2849 1226 
2290 1883 2354 2193 
2291 1790 1991 1990 
2292 1637 1686 1638 
2293 1635 1687 1634 
2294 2434 2466 1691 
2295 1690 2467 2433 
2296 1143 2195 2093 
2297 1249 1722 1721 
2298 1718 1719 1244 
2299 1253 1713 1712 
2300 1715 1716 1251 
2301 1916 1917 1243 
2302 1733 2185 1268 
2303 1266 2184 1734 
2304 900 2023 902 
2305 1508 1510 1509 
2306 1525 1526 1524 
2307 1597 2800 1783 
2308 1784 2799 1596 
2309 905 2021 907 
2310 912 2022 910 
2311 1443 1445 1444 
2312 1429 1430 1428 
2313 836 2729 2118 
2314 2119 2730 838 
2315 1510 1579 1578 
2316 1580 1581 1526 
2317 1812 3031 1867 
2318 1051 1841 897 
2319 2347 2574 1989 
2320 1140 2002 1288 
2321 1608 3032 1269 
2322 1267 3034 1617 
2323 1616 3033 1265 
2324 2036 2269 730 
2325 1491 1703 1702 
2326 2298 2890 712 
2327 710 2891 2295 
2328 1325 2133 1984 
2329 1981 2135 1326 
2330 1887 2505 932 
2331 933 2504 1888 
2332 1331 2137 1974 
2333 1977 2139 1332 
2334 1614 2085 1879 
2335 1352 1491 1490 
2336 1309 1311 1310 
2337 1314 1315 1313 
2338 1322 1323 1321 
2339 1317 1319 1318 
2340 1703 1705 1704 
2341 1311 1358 1357 
2342 1355 1356 1315 
2343 1207 2197 1348 
2344 1349 2195 1206 
2345 1319 1352 1351 
2346 1353 1354 1323 
2347 1522 1523 1521 
2348 1505 1507 1506 
2349 2026 2458 1478 
2350 1000 1144 1002 
2351 983 1143 981 
2352 2003 2485 866 
2353 1731 1732 1729 
2354 959 2002 960 
2355 1009 2042 1036 
2356 1035 2043 990 
2357 1502 1503 1501 
2358 1517 1519 1518 
2359 1651 1652 1650 
2360 1654 1656 1655 
2361 1979 2833 1737 
2362 1996 2604 2480 
2363 2479 2605 1998 
2364 1781 1951 1915 
2365 1052 1167 1166 
2366 1026 1038 1012 
2367 942 1037 1025 
2368 1304 1603 1602 
2369 1604 1605 1306 
2370 967 1130 992 
2371 973 1129 971 
2372 1644 2195 1349 
2373 1348 2197 1643 
2374 1247 1248 1246 
2375 1241 1243 1242 
2376 1198 1758 1331 
2377 1332 1762 1197 
2378 1537 2173 1681 
2379 1196 1754 1325 
2380 1326 1750 1195 
2381 1551 1743 1444 
2382 1429 1745 1552 
2383 2377 2673 1854 
2384 1237 1273 1153 
2385 1152 1276 1236 
2386 2445 2675 2149 
2387 1226 1282 1147 
2388 1146 1279 1225 
2389 2326 2356 1892 
2390 1893 2353 2324 
2391 1720 2969 1244 
2392 1249 2968 1723 
2393 1253 2966 1714 
2394 1717 2967 1251 
2395 1601 2530 1439 
2396 1454 2531 1600 
2397 1215 1285 1139 
2398 1140 1288 1216 
2399 2452 3001 1943 
2400 1180 2461 1841 
2401 1223 1293 1093 
2402 1094 1291 1224 
2403 1939 2999 2451 
2404 1994 2609 1404 
2405 1402 2608 1993 
2406 2118 2729 1539 
2407 1545 2730 2119 
2408 2323 2932 2352 
2409 1976 3002 1977 
2410 1974 3003 1973 
2411 1794 1795 1527 
2412 985 2007 986 
2413 1005 2006 1004 
2414 2012 2230 1799 
2415 1177 2526 2043 
2416 2328 2735 1621 
2417 1622 2734 2335 
2418 2444 2675 2445 
2419 950 1031 1022 
2420 1024 1032 949 
2421 1037 1194 1188 
2422 1188 2910 1263 
2423 948 1029 1018 
2424 1020 1030 947 
2425 1138 2635 2541 
2426 2542 2634 1137 
2427 1591 2046 1590 
2428 1584 2048 1585 
2429 1529 1885 1299 
2430 1594 2980 2046 
2431 2048 2981 1588 
2432 1914 2732 1846 
2433 2392 2990 2393 
2434 2390 2989 2389 
2435 1941 2452 1942 
2436 1938 2451 1937 
2437 1180 1841 1051 
2438 1741 2481 2222 
2439 838 2993 2119 
2440 2118 2992 836 
2441 2350 3036 1128 
2442 1127 3037 2349 
2443 1498 1499 1497 
2444 1513 1515 1514 
2445 1593 1595 1594 
2446 1588 1589 1587 
2447 2480 2614 1996 
2448 1998 2613 2479 
2449 1034 1035 990 
2450 1009 1036 1033 
2451 1987 2154 1986 
2452 1438 1727 1699 
2453 1698 1726 1453 
2454 1818 1819 1732 
2455 2173 2436 780 
2456 811 1189 809 
2457 817 1462 819 
2458 2791 2970 2506 
2459 1666 2117 1668 
2460 1662 2116 1660 
2461 1004 2157 1001 
2462 982 2156 985 
2463 1935 1936 1821 
2464 1333 2843 1688 
2465 1980 3005 1981 
2466 1984 3006 1983 
2467 1157 1928 1232 
2468 1231 1927 1156 
2469 809 2514 793 
2470 787 2513 817 
2471 1283 1284 1282 
2472 1279 1281 1280 
2473 1274 1275 1273 
2474 1276 1278 1277 
2475 1842 3035 1843 
2476 1011 1051 897 
2477 902 1053 929 
2478 781 2435 2055 
2479 808 2163 829 
2480 828 2162 826 
2481 1412 1413 1275 
2482 1278 1411 1410 
2483 1884 2654 1878 
2484 1286 1287 1285 
2485 1288 1290 1289 
2486 907 1049 916 
2487 918 1050 912 
2488 1584 1585 1534 
2489 1532 1591 1590 
2490 1294 1403 1293 
2491 1291 1401 1292 
2492 1533 1534 1330 
2493 1328 1532 1531 
2494 963 1479 872 
2495 864 1478 964 
2496 2076 2708 1238 
2497 2327 2354 1883 
2498 1329 1330 1287 
2499 1290 1328 1327 
2500 978 2093 977 
2501 1260 1400 1262 
2502 1456 1458 1457 
2503 2330 2745 1687 
2504 1530 2105 1955 
2505 969 1048 970 
2506 966 1047 965 
2507 1458 1738 1737 
2508 1400 1456 1422 
2509 1194 1260 1235 
2510 1935 2217 1936 
2511 2705 3007 771 
2512 806 1463 808 
2513 826 1464 824 
2514 2085 2998 1076 
2515 2018 2980 1594 
2516 1588 2981 2020 
2517 979 1046 980 
2518 999 1045 998 
2519 1686 2744 2337 
2520 924 2693 2031 
2521 2032 2694 921 
2522 1410 1938 1937 
2523 1941 1942 1412 
2524 875 2168 853 
2525 989 1034 990 
2526 1009 1033 1008 
2527 795 2524 806 
2528 824 2525 785 
2529 2094 2314 1100 
2530 1191 2591 1046 
2531 1045 2590 1190 
2532 1967 2553 1646 
2533 1725 2498 1616 
2534 1617 2497 1724 
2535 1227 1238 1016 
2536 1014 1239 1228 
2537 1817 3004 1813 
2538 1181 2586 1025 
2539 1910 2101 1567 
2540 1570 2103 1909 
2541 1143 2093 981 
2542 1901 2106 1573 
2543 1576 2108 1900 
2544 2641 3012 1966 
2545 983 2005 1152 
2546 1843 1845 1844 
2547 2571 2845 2777 
2548 2778 2846 2572 
2549 1026 2033 1359 
2550 2029 2720 1791 
2551 2016 2269 1848 
2552 1940 2825 1939 
2553 1943 2824 1944 
2554 1947 2317 1610 
2555 1612 2319 1949 
2556 1824 2496 1825 
2557 1896 2929 1897 
2558 923 2701 2040 
2559 2041 2702 922 
2560 2168 2476 865 
2561 2181 3018 1421 
2562 1418 3017 2182 
2563 1822 2756 1671 
2564 1672 2755 1823 
2565 2120 2184 1047 
2566 1048 2185 2121 
2567 1053 2871 2315 
2568 1923 2757 2678 
2569 822 2543 864 
2570 1740 2481 1741 
2571 2105 2721 1816 
2572 1892 2186 1566 
2573 1569 2187 1893 
2574 1630 2457 2183 
2575 2057 2594 1707 
2576 1709 2595 2056 
2577 990 2043 991 
2578 1010 2042 1009 
2579 2017 2616 1095 
2580 1096 2615 2019 
2581 946 2115 959 
2582 953 2114 944 
2583 2042 2538 1179 
2584 860 2169 813 
2585 1958 2251 1808 
2586 1666 2666 2117 
2587 2116 2665 1660 
2588 1551 2891 2099 
2589 2100 2890 1552 
2590 1927 2690 1663 
2591 1669 2691 1928 
2592 838 2730 2291 
2593 2290 2729 836 
2594 1832 2934 1804 
2595 2160 2818 1830 
2596 1828 2817 2161 
2597 2077 2078 1599 
2598 1598 2080 2079 
2599 969 2002 1140 
2600 1883 2193 1572 
2601 988 2158 987 
2602 991 2158 988 
2603 1007 2159 1010 
2604 1006 2159 1007 
2605 1691 2466 1608 
2606 1609 2467 1690 
2607 1736 2026 1248 
2608 1709 2056 1708 
2609 1706 2057 1707 
2610 1145 1629 1092 
2611 1528 2956 2217 
2612 1393 2068 2015 
2613 1282 2439 1147 
2614 1146 2440 1279 
2615 1394 2864 2194 
2616 1834 2441 1597 
2617 1596 2442 1833 
2618 997 2092 1000 
2619 996 2092 997 
2620 989 2007 1044 
2621 1043 2006 1008 
2622 2438 2899 1623 
2623 1492 2110 1354 
2624 994 2120 968 
2625 972 2121 975 
2626 737 3004 2234 
2627 856 2176 820 
2628 1607 2529 2332 
2629 2162 2935 1464 
2630 1463 2936 2163 
2631 1615 2750 1941 
2632 1876 3032 1877 
2633 1011 1052 1051 
2634 1129 1957 971 
2635 967 1956 1130 
2636 2445 2875 1455 
2637 1236 3000 1333 
2638 1049 2115 916 
2639 918 2114 1050 
2640 2376 2673 2377 
2641 917 1028 943 
2642 945 1027 915 
2643 843 2556 2125 
2644 2124 2555 844 
2645 1730 2053 2052 
2646 1596 2799 2739 
2647 2738 2800 1597 
2648 914 1026 1012 
2649 942 1025 913 
2650 1840 2990 2392 
2651 2389 2989 1837 
2652 931 2033 896 
2653 1581 2038 1697 
2654 1284 2878 1869 
2655 2097 2709 1239 
2656 1238 2708 2098 
2657 827 2180 858 
2658 2238 2705 771 
2659 966 2120 1047 
2660 1048 2121 970 
2661 1811 2810 1740 
2662 1728 2667 1730 
2663 829 2163 903 
2664 908 2162 828 
2665 1951 2664 2462 
2666 1536 2091 2073 
2667 2074 2090 1535 
2668 1996 2614 2446 
2669 2447 2613 1998 
2670 1805 2767 1803 
2671 1057 2872 2296 
2672 710 2546 2099 
2673 2100 2545 712 
2674 1293 2371 1093 
2675 1094 2372 1291 
2676 1687 2862 2330 
2677 894 2476 931 
2678 2334 2911 1925 
2679 2047 2124 1590 
2680 1584 2125 2049 
2681 2010 3020 2011 
2682 876 2126 1136 
2683 2337 2863 1686 
2684 1921 1924 1923 
2685 1038 1092 1012 
2686 1890 2560 1401 
2687 1403 2561 1891 
2688 1661 1662 1660 
2689 1666 1668 1667 
2690 2229 2872 1057 
2691 880 2131 1134 
2692 1028 2208 943 
2693 945 2209 1027 
2694 941 1132 1023 
2695 1021 1131 940 
2696 1025 2143 913 
2697 1693 1694 1579 
2698 1581 1697 1696 
2699 950 1022 1021 
2700 1023 1024 949 
2701 939 1138 1019 
2702 1017 1137 938 
2703 1656 2164 1655 
2704 1651 2165 1652 
2705 878 2128 856 
2706 829 903 868 
2707 867 908 828 
2708 941 1023 949 
2709 950 1021 940 
2710 948 1018 1017 
2711 1019 1020 947 
2712 1988 2024 1987 
2713 1963 2160 2086 
2714 2087 2161 1960 
2715 939 1019 947 
2716 948 1017 938 
2717 1131 2153 940 
2718 941 2152 1132 
2719 914 2033 1026 
2720 882 2132 860 
2721 812 2199 854 
2722 984 2005 983 
2723 1647 2438 1624 
2724 951 2146 952 
2725 958 2147 957 
2726 1092 2183 1012 
2727 2122 3031 1812 
2728 741 3020 2251 
2729 851 2343 2091 
2730 2090 2342 852 
2731 883 2151 934 
2732 1540 1542 1541 
2733 1547 1548 1546 
2734 1663 1664 1662 
2735 1668 1670 1669 
2736 884 2148 875 
2737 1696 2558 1695 
2738 1692 2557 1693 
2739 1462 2715 2065 
2740 2541 2635 2127 
2741 2129 2634 2542 
2742 2097 2983 1807 
2743 1806 2982 2098 
2744 2191 3014 1420 
2745 1419 3013 2192 
2746 890 2152 941 
2747 940 2153 889 
2748 1989 2574 1789 
2749 935 2149 2148 
2750 865 893 814 
2751 821 898 866 
2752 1905 2939 1904 
2753 2149 2150 2148 
2754 997 1000 999 
2755 1006 1007 1005 
2756 1000 1001 999 
2757 989 990 988 
2758 990 991 988 
2759 997 999 998 
2760 1003 1006 1005 
2761 982 983 981 
2762 980 982 981 
2763 985 986 984 
2764 1007 1008 1005 
2765 986 987 984 
2766 982 984 983 
2767 982 985 984 
2768 1007 1010 1009 
2769 1003 1005 1004 
2770 986 988 987 
2771 1003 1004 1001 
2772 1007 1009 1008 
2773 980 981 978 
2774 986 989 988 
2775 979 980 978 
2776 976 979 978 
2777 1002 1003 1001 
2778 1000 1002 1001 
2779 997 998 995 
2780 976 978 977 
2781 996 997 995 
2782 976 977 974 
2783 993 996 995 
2784 975 976 974 
2785 993 995 994 
2786 972 975 974 
2787 993 994 968 
2788 972 974 973 
2789 992 993 968 
2790 972 973 971 
2791 967 992 968 
2792 967 968 966 
2793 970 972 971 
2794 956 967 966 
2795 970 971 962 
2796 969 970 962 
2797 956 966 965 
2798 956 965 954 
2799 960 969 962 
2800 960 962 961 
2801 955 956 954 
2802 960 961 958 
2803 952 955 954 
2804 952 954 953 
2805 959 960 958 
2806 946 959 958 
2807 952 953 944 
2808 951 952 944 
2809 946 958 957 
2810 941 949 925 
2811 926 950 940 
2812 935 2148 884 
2813 939 947 919 
2814 920 948 938 
2815 1902 2938 1903 
2816 943 951 944 
2817 946 957 945 
2818 890 941 925 
2819 1134 2152 890 
2820 885 936 926 
2821 889 2153 1133 
2822 926 940 889 
2823 1133 2132 882 
2824 925 937 886 
2825 919 935 884 
2826 1135 2128 878 
2827 883 934 920 
2828 920 938 887 
2829 888 939 919 
2830 720 2338 2154 
2831 943 944 918 
2832 916 946 945 
2833 885 926 889 
2834 880 1134 890 
2835 890 925 886 
2836 889 1133 882 
2837 929 1383 942 
2838 888 919 884 
2839 883 920 887 
2840 876 1136 888 
2841 887 1135 878 
2842 2116 3022 722 
2843 723 3021 2117 
2844 1693 2884 1706 
2845 1708 2883 1696 
2846 916 945 915 
2847 917 943 918 
2848 1407 2675 2444 
2849 880 890 886 
2850 885 889 882 
2851 914 1012 1011 
2852 929 942 913 
2853 876 888 884 
2854 877 2151 883 
2855 883 887 878 
2856 896 2033 914 
2857 2384 2958 788 
2858 789 2959 2383 
2859 2397 3022 2904 
2860 2903 3021 2394 
2861 981 2093 978 
2862 1549 1550 1548 
2863 1542 1544 1543 
2864 1037 2270 1194 
2865 2179 2365 1107 
2866 1732 2461 1729 
2867 1866 2854 1864 
2868 1861 2853 1863 
2869 1835 2907 1837 
2870 1840 2906 1838 
2871 1950 2735 2328 
2872 2335 2734 1948 
2873 950 1968 1031 
2874 1032 1969 949 
2875 907 916 915 
2876 917 918 912 
2877 1850 2315 1849 
2878 880 886 879 
2879 858 2131 880 
2880 881 885 882 
2881 902 929 913 
2882 914 1011 897 
2883 1869 2439 1282 
2884 1279 2440 1870 
2885 1030 1972 947 
2886 948 1971 1029 
2887 877 883 878 
2888 854 2126 876 
2889 876 884 875 
2890 742 2661 2294 
2891 2293 2662 743 
2892 2170 2363 1108 
2893 1473 1475 1474 
2894 1468 1469 1467 
2895 2144 2763 1173 
2896 1175 2764 2145 
2897 2148 2168 875 
2898 1281 2864 1394 
2899 937 2626 1995 
2900 1997 2627 936 
2901 1385 1387 1386 
2902 1625 1626 1624 
2903 1605 2075 1635 
2904 1701 2088 1561 
2905 1559 2089 1700 
2906 1253 1712 1174 
2907 1172 1715 1251 
2908 1168 1718 1244 
2909 1249 1721 1170 
2910 1637 1638 1603 
2911 1605 1635 1634 
2912 960 2002 969 
2913 1397 1415 1414 
2914 1416 1417 1399 
2915 2111 2768 782 
2916 783 2769 2112 
2917 1564 2194 1644 
2918 853 2168 865 
2919 1706 1707 1694 
2920 1697 1709 1708 
2921 1924 1933 1925 
2922 932 2953 1887 
2923 1888 2954 933 
2924 944 2114 918 
2925 916 2115 946 
2926 986 2007 989 
2927 1008 2006 1005 
2928 1470 1471 1469 
2929 1475 1477 1476 
2930 909 910 908 
2931 903 905 904 
2932 1387 1389 1388 
2933 1627 1628 1626 
2934 898 900 899 
2935 894 895 893 
2936 1575 2932 1882 
2937 874 2097 1014 
2938 1016 2098 863 
2939 1389 1391 1390 
2940 1565 2573 1895 
2941 1856 2823 2386 
2942 1676 2640 1992 
2943 1677 2144 1373 
2944 1375 2145 1678 
2945 1945 2532 2146 
2946 2147 2533 1946 
2947 2136 2840 2261 
2948 970 2121 972 
2949 968 2120 966 
2950 1405 1406 1364 
2951 1329 2989 1562 
2952 1563 2990 1327 
2953 2382 2751 1930 
2954 2255 2838 2134 
2955 2019 2615 1651 
2956 1655 2616 2017 
2957 1393 2015 1912 
2958 1012 2183 1011 
2959 1781 1915 1307 
2960 1559 2837 1907 
2961 1906 2836 1561 
2962 1239 2709 2075 
2963 1255 1604 1306 
2964 1304 1602 1254 
2965 1153 2004 1002 
2966 1432 1434 1433 
2967 1448 1449 1447 
2968 1383 2674 2270 
2969 1171 1247 1246 
2970 1241 1242 1169 
2971 1071 2577 2071 
2972 2069 2578 1068 
2973 1630 2183 1092 
2974 1891 2371 1293 
2975 1291 2372 1890 
2976 1072 2559 2083 
2977 1521 2887 1519 
2978 2081 2562 1069 
2979 1826 2965 1422 
2980 1522 1525 1524 
2981 1508 1509 1506 
2982 1371 1372 1370 
2983 1206 2195 1143 
2984 1144 2197 1207 
2985 1879 3000 1236 
2986 729 2699 2123 
2987 905 907 906 
2988 911 912 910 
2989 911 917 912 
2990 907 915 906 
2991 1110 2673 2376 
2992 858 880 879 
2993 881 882 860 
2994 1139 2001 965 
2995 896 897 895 
2996 900 902 901 
2997 902 913 901 
2998 896 914 897 
2999 2362 2959 789 
3000 788 2958 2364 
3001 2199 2567 1367 
3002 1047 2184 1192 
3003 1193 2185 1048 
3004 721 2599 2217 
3005 1830 2851 2086 
3006 2087 2850 1828 
3007 1202 2795 1324 
3008 1320 2796 1203 
3009 1312 2797 1205 
3010 1204 2798 1316 
3011 1764 2727 1689 
3012 1688 2726 1763 
3013 1356 2963 1426 
3014 1441 2962 1358 
3015 1450 1451 1449 
3016 1434 1436 1435 
3017 1510 1578 1509 
3018 1525 1580 1526 
3019 1580 2038 1581 
3020 901 2143 930 
3021 2089 2465 1700 
3022 1161 2512 1212 
3023 1211 2511 1159 
3024 731 2612 2034 
3025 1792 2801 2142 
3026 1165 2509 1214 
3027 1213 2510 1163 
3028 2060 2814 1854 
3029 831 2932 2189 
3030 2058 2823 1856 
3031 877 878 856 
3032 854 876 875 
3033 1686 1806 1638 
3034 1635 1807 1687 
3035 1763 2919 1896 
3036 1895 2920 1764 
3037 2150 2168 2148 
3038 2180 2570 1366 
3039 1422 2965 1808 
3040 2067 2674 2655 
3041 909 932 911 
3042 906 933 904 
3043 894 931 896 
3044 901 930 899 
3045 877 2485 2151 
3046 1503 1505 1504 
3047 1520 1521 1519 
3048 1629 2066 1630 
3049 2066 2067 1630 
3050 1843 2933 1845 
3051 2026 2714 1924 
3052 1701 2468 2088 
3053 1854 2814 2377 
3054 1440 1441 1358 
3055 1356 1426 1425 
3056 1820 2461 1732 
3057 1856 2681 2367 
3058 1930 2832 2382 
3059 1194 2270 1261 
3060 952 2146 955 
3061 961 2147 958 
3062 1636 2651 1637 
3063 1634 2652 1633 
3064 1560 1701 1561 
3065 1559 1700 1558 
3066 1748 2262 2072 
3067 2070 2256 1752 
3068 1238 2522 2076 
3069 1227 1373 1238 
3070 1239 1375 1228 
3071 2352 2932 831 
3072 328 2659 2109 
3073 2107 2660 403 
3074 917 2505 1028 
3075 1027 2504 915 
3076 2033 2584 1359 
3077 992 2439 993 
3078 974 2440 973 
3079 1869 2878 2198 
3080 1426 1428 1427 
3081 1442 1443 1441 
3082 1604 2075 1605 
3083 1886 2663 1885 
3084 1464 2718 2525 
3085 2524 2719 1463 
3086 963 2188 1479 
3087 1247 1736 1248 
3088 1243 1735 1242 
3089 2051 3036 2350 
3090 2349 3037 2050 
3091 2140 2867 2259 
3092 2257 2865 2138 
3093 1843 1844 1553 
3094 913 2143 901 
3095 1882 2932 2323 
3096 1589 1650 1649 
3097 1653 1654 1595 
3098 1499 1501 1500 
3099 1516 1517 1515 
3100 1736 2458 2026 
3101 2067 2984 1210 
3102 1001 2157 999 
3103 980 2156 982 
3104 1678 2000 1376 
3105 1374 1999 1677 
3106 1705 2728 2648 
3107 1461 2842 2015 
3108 1637 2539 1686 
3109 1687 2540 1634 
3110 1811 2940 2810 
3111 1992 2791 1492 
3112 1368 2568 2176 
3113 1365 2569 2169 
3114 1760 2260 2084 
3115 2082 2258 1756 
3116 1737 2833 1742 
3117 747 2253 2252 
3118 1046 2156 980 
3119 999 2157 1045 
3120 1967 3015 2553 
3121 1201 2844 2513 
3122 2316 2317 1947 
3123 1189 2514 809 
3124 817 2513 1462 
3125 1949 2319 2318 
3126 2382 2832 2682 
3127 905 906 904 
3128 909 911 910 
3129 2075 2554 1239 
3130 2059 2743 2386 
3131 1831 2972 2704 
3132 976 2372 979 
3133 998 2371 995 
3134 894 896 895 
3135 900 901 899 
3136 2632 2931 1698 
3137 2005 2490 1276 
3138 1680 2712 2008 
3139 2009 2713 1679 
3140 1699 2930 2633 
3141 1815 2710 2105 
3142 2373 2767 1805 
3143 1925 2747 1923 
3144 985 2518 2007 
3145 2006 2517 1004 
3146 1819 1821 1820 
3147 1932 2834 2379 
3148 1776 2698 1777 
3149 2377 2814 2723 
3150 1413 1497 1496 
3151 1512 1513 1411 
3152 929 2315 1383 
3153 1585 1587 1586 
3154 1592 1593 1591 
3155 1778 2995 1780 
3156 1775 2994 1773 
3157 2102 2656 90 
3158 159 2657 2104 
3159 2094 2095 1918 
3160 1121 2856 2056 
3161 2057 2855 1120 
3162 1739 1740 1738 
3163 806 2524 1463 
3164 1464 2525 824 
3165 1049 2937 2115 
3166 2465 2617 1700 
3167 2132 2169 860 
3168 2091 2574 851 
3169 1452 2605 2588 
3170 2587 2604 1437 
3171 1770 2996 1772 
3172 1769 2997 1767 
3173 2047 2555 2124 
3174 2125 2556 2049 
3175 903 904 868 
3176 867 909 908 
3177 1011 2183 1052 
3178 1644 2196 2195 
3179 2197 2198 1643 
3180 1794 2782 1796 
3181 2193 2354 832 
3182 1383 2270 942 
3183 1908 2955 1794 
3184 1931 2834 1932 
3185 2237 2641 1645 
3186 1929 2832 1930 
3187 2128 2176 856 
3188 2229 2628 772 
3189 1520 1522 1521 
3190 1505 1506 1504 
3191 864 2543 1478 
3192 1108 2683 2170 
3193 1613 3036 2051 
3194 2050 3037 1611 
3195 2024 2715 1462 
3196 1786 2610 1785 
3197 1787 2611 1788 
3198 2655 2984 2067 
3199 1704 2220 2206 
3200 1867 2503 1868 
3201 1560 1561 1301 
3202 1302 1559 1558 
3203 865 894 893 
3204 898 899 866 
3205 1173 2763 1131 
3206 1132 2764 1175 
3207 2186 2356 833 
3208 830 2353 2187 
3209 1950 3036 1613 
3210 1611 3037 1948 
3211 2379 2760 1932 
3212 1257 1810 1560 
3213 1558 1809 1256 
3214 1629 1630 1092 
3215 1704 2737 1702 
3216 1815 1816 1482 
3217 1897 2194 1564 
3218 1135 2634 2129 
3219 2127 2635 1136 
3220 2571 2825 1940 
3221 2217 2956 1936 
3222 1623 2899 1953 
3223 1830 2904 1829 
3224 1827 2903 1828 
3225 1374 1677 1373 
3226 1375 1678 1376 
3227 2002 2492 1288 
3228 2095 2622 1918 
3229 1944 2824 2572 
3230 1701 2618 2468 
3231 2330 2862 2680 
3232 1550 2044 1598 
3233 1599 2045 1544 
3234 1530 2721 2105 
3235 1860 2518 1476 
3236 1470 2517 1859 
3237 1780 2741 1782 
3238 1777 2742 1775 
3239 1805 2400 2373 
3240 1788 2765 1769 
3241 1772 2766 1786 
3242 1729 2461 1180 
3243 2677 2863 2337 
3244 2200 2697 2122 
3245 736 3031 2697 
3246 190 2226 189 
3247 359 2221 358 
3248 384 2206 383 
3249 71 2207 70 
3250 906 2504 933 
3251 932 2505 911 
3252 221 2235 220 
3253 193 2247 192 
3254 362 2246 361 
3255 49 2248 48 
3256 373 2223 372 
3257 60 2225 59 
3258 46 835 45 
3259 204 834 203 
3260 176 704 175 
3261 345 703 344 
3262 32 771 31 
3263 387 701 386 
3264 74 702 73 
3265 218 770 217 
3266 1798 2810 1362 
3267 29 2236 28 
3268 207 736 206 
3269 187 1084 186 
3270 376 1085 375 
3271 356 1086 355 
3272 63 1087 62 
3273 43 737 42 
3274 35 2252 34 
3275 201 2244 200 
3276 57 2245 56 
3277 1487 1661 1660 
3278 1666 1667 1489 
3279 23 2204 22 
3280 179 2205 178 
3281 215 2254 214 
3282 393 2255 392 
3283 80 2257 79 
3284 942 2270 1037 
3285 1147 2439 992 
3286 973 2440 1146 
3287 162 1420 161 
3288 331 1421 330 
3289 88 1419 87 
3290 401 1418 400 
3291 1333 3000 2843 
3292 2142 2801 2345 
3293 858 2180 2131 
3294 224 1088 223 
3295 26 1089 25 
3296 339 2261 338 
3297 170 2259 169 
3298 21 892 20 
3299 229 891 228 
3300 379 2280 378 
3301 66 2281 65 
3302 184 2277 183 
3303 40 2279 39 
3304 1828 2850 1670 
3305 1664 2851 1830 
3306 1930 3029 1720 
3307 1579 2039 1578 
3308 196 2291 195 
3309 54 2290 53 
3310 2907 3033 1836 
3311 1839 3034 2906 
3312 1391 2068 1393 
3313 2648 2728 1392 
3314 1912 2003 1911 
3315 1093 2371 998 
3316 979 2372 1094 
3317 1628 1988 1987 
3318 1932 3027 1717 
3319 351 2296 350 
3320 212 2300 211 
3321 38 2299 37 
3322 182 2298 181 
3323 68 2295 67 
3324 381 2297 380 
3325 2379 2834 2683 
3326 336 801 335 
3327 83 798 82 
3328 396 799 395 
3329 227 2203 226 
3330 167 800 166 
3331 226 796 225 
3332 24 797 23 
3333 1107 2682 2179 
3334 939 2635 1138 
3335 1137 2634 938 
3336 1053 2315 929 
3337 1897 2929 2746 
3338 350 711 349 
3339 181 712 180 
3340 69 710 68 
3341 382 709 381 
3342 2144 2522 1373 
3343 1540 1541 1415 
3344 1417 1547 1546 
3345 1736 2837 2458 
3346 395 2303 394 
3347 82 2304 81 
3348 337 2305 336 
3349 168 2306 167 
3350 37 2301 36 
3351 213 2302 212 
3352 887 2634 1135 
3353 1136 2635 888 
3354 787 817 816 
3355 803 809 793 
3356 1937 2705 1614 
3357 41 1083 40 
3358 65 774 64 
3359 185 773 184 
3360 354 772 353 
3361 209 1082 208 
3362 378 775 377 
3363 364 2292 363 
3364 195 2293 194 
3365 55 2294 54 
3366 1796 2219 2204 
3367 45 2202 44 
3368 399 921 398 
3369 86 922 85 
3370 333 924 332 
3371 164 923 163 
3372 340 760 339 
3373 79 759 78 
3374 392 758 391 
3375 171 761 170 
3376 2296 2872 1970 
3377 2007 2518 1860 
3378 1859 2517 2006 
3379 1660 2665 1659 
3380 1665 2666 1666 
3381 20 2288 19 
3382 230 2289 229 
3383 223 2287 222 
3384 27 2286 26 
3385 34 1076 33 
3386 216 1080 215 
3387 72 1079 71 
3388 385 1081 384 
3389 178 1078 177 
3390 347 1077 346 
3391 1813 3004 2175 
3392 1409 1648 1583 
3393 1818 2772 1819 
3394 823 824 785 
3395 795 806 805 
3396 48 1074 47 
3397 202 1075 201 
3398 2114 2847 1050 
3399 854 2199 2126 
3400 192 2283 191 
3401 361 2284 360 
3402 58 2285 57 
3403 1742 2971 1826 
3404 1919 2314 2094 
3405 735 1201 765 
3406 767 1528 753 
3407 188 2271 187 
3408 62 2273 61 
3409 357 2276 356 
3410 375 2275 374 
3411 365 2508 364 
3412 389 1068 388 
3413 220 1070 219 
3414 174 1072 173 
3415 76 1069 75 
3416 343 1071 342 
3417 30 1073 29 
3418 219 2268 218 
3419 388 2264 387 
3420 75 2265 74 
3421 933 2479 904 
3422 909 2480 932 
3423 47 2249 46 
3424 346 2240 345 
3425 177 2241 176 
3426 33 2238 32 
3427 1781 2664 1951 
3428 344 2266 343 
3429 175 2267 174 
3430 31 2263 30 
3431 377 2232 376 
3432 64 2231 63 
3433 208 2233 207 
3434 1872 2506 1873 
3435 2448 2937 1049 
3436 225 2215 224 
3437 22 2219 21 
3438 166 2212 165 
3439 335 2213 334 
3440 1564 1644 1349 
3441 1348 1643 1565 
3442 1473 1474 1272 
3443 1270 1468 1467 
3444 1110 2547 2190 
3445 1266 1734 1632 
3446 1631 1733 1268 
3447 374 751 373 
3448 61 749 60 
3449 358 750 357 
3450 189 748 188 
3451 205 2200 204 
3452 2099 2891 710 
3453 712 2890 2100 
3454 1385 1386 1264 
3455 1439 1674 1436 
3456 1451 1673 1454 
3457 360 1066 359 
3458 372 1065 371 
3459 203 2250 202 
3460 59 1064 58 
3461 191 1067 190 
3462 1460 1625 1624 
3463 1130 1956 1298 
3464 1295 1957 1129 
3465 217 2242 216 
3466 73 2239 72 
3467 386 2243 385 
3468 368 2516 367 
3469 859 881 860 
3470 858 879 857 
3471 1300 1416 1399 
3472 1397 1414 1297 
3473 222 738 221 
3474 28 739 27 
3475 231 1055 230 
3476 19 1054 18 
3477 186 2227 185 
3478 355 2228 354 
3479 42 2234 41 
3480 1603 2076 1602 
3481 2000 2848 1376 
3482 2424 2789 1724 
3483 1725 2790 2423 
3484 200 745 199 
3485 363 740 362 
3486 50 744 49 
3487 369 741 368 
3488 56 742 55 
3489 194 743 193 
3490 1853 2190 2189 
3491 214 746 213 
3492 36 747 35 
3493 383 2220 382 
3494 25 2216 24 
3495 169 1063 168 
3496 338 1062 337 
3497 81 1061 80 
3498 394 1060 393 
3499 397 2210 396 
3500 84 2211 83 
3501 228 2214 227 
3502 67 1059 66 
3503 211 840 210 
3504 380 1058 379 
3505 39 839 38 
3506 183 1056 182 
3507 352 1057 351 
3508 1133 2941 1999 
3509 2000 2942 1134 
3510 2080 2957 2079 
3511 197 838 196 
3512 53 836 52 
3513 366 837 365 
3514 1991 3016 1990 
3515 2077 2952 2078 
3516 1641 2044 1550 
3517 1544 2045 1642 
3518 1592 2448 2171 
3519 426 2309 11 
3520 2461 2676 1841 
3521 943 2208 951 
3522 957 2209 945 
3523 861 863 815 
3524 871 872 804 
3525 802 874 873 
3526 822 864 862 
3527 1361 1405 1364 
3528 854 875 853 
3529 855 877 856 
3530 8 2308 305 
3531 1868 2453 1395 
3532 755 1200 769 
3533 763 1199 734 
3534 2367 2650 1855 
3535 1661 1663 1662 
3536 1668 1669 1667 
3537 1374 2852 1999 
3538 1875 2619 1874 
3539 1445 1448 1447 
3540 1432 1433 1430 
3541 2625 2792 1897 
3542 1643 2453 1565 
3543 2515 2622 2095 
3544 137 752 4 
3545 3 714 112 
3546 306 713 8 
3547 11 754 425 
3548 1970 2872 1685 
3549 1259 1371 1370 
3550 1640 2517 1470 
3551 1476 2518 1639 
3552 1990 2945 1989 
3553 425 2310 424 
3554 112 2311 111 
3555 1542 1543 1541 
3556 1547 1549 1548 
3557 1941 3008 2452 
3558 2451 3007 1937 
3559 1723 3030 2061 
3560 1167 1210 1209 
3561 1549 1641 1550 
3562 1544 1642 1543 
3563 427 727 426 
3564 305 726 304 
3565 473 1091 472 
3566 259 1090 258 
3567 428 2320 427 
3568 304 2321 303 
3569 136 721 135 
3570 256 1622 255 
3571 498 1607 497 
3572 476 1621 475 
3573 234 1606 233 
3574 138 2313 137 
3575 307 2312 306 
3576 114 720 113 
3577 472 2318 471 
3578 260 2316 259 
3579 429 1095 428 
3580 303 1096 302 
3581 235 2331 234 
3582 477 2328 476 
3583 255 2335 254 
3584 497 2332 496 
3585 111 2336 110 
3586 139 2329 138 
3587 115 2338 114 
3588 308 2333 307 
3589 1897 2746 2625 
3590 496 1141 495 
3591 110 1101 109 
3592 92 1041 91 
3593 405 1042 404 
3594 134 1098 133 
3595 478 1128 477 
3596 116 1097 115 
3597 254 1127 253 
3598 423 1100 422 
3599 140 1099 139 
3600 236 1142 235 
3601 158 1039 157 
3602 309 1102 308 
3603 327 1040 326 
3604 326 2323 325 
3605 133 2322 132 
3606 157 2324 156 
3607 117 2325 116 
3608 406 2327 405 
3609 93 2326 92 
3610 310 2346 309 
3611 479 2350 478 
3612 237 2347 236 
3613 109 2348 108 
3614 141 2351 140 
3615 495 2345 494 
3616 253 2349 252 
3617 262 842 261 
3618 470 841 469 
3619 469 2340 468 
3620 252 869 251 
3621 311 705 310 
3622 480 870 479 
3623 108 708 107 
3624 142 706 141 
3625 494 852 493 
3626 238 851 237 
3627 421 707 420 
3628 407 2354 406 
3629 118 2355 117 
3630 94 2356 93 
3631 156 2353 155 
3632 325 2352 324 
3633 263 2339 262 
3634 432 732 431 
3635 300 733 299 
3636 251 2341 250 
3637 493 2342 492 
3638 155 830 154 
3639 324 831 323 
3640 95 833 94 
3641 131 729 130 
3642 408 832 407 
3643 481 2344 480 
3644 119 728 118 
3645 239 2343 238 
3646 107 2358 106 
3647 143 2359 142 
3648 312 2360 311 
3649 420 2357 419 
3650 144 1103 143 
3651 313 1106 312 
3652 419 1105 418 
3653 106 1104 105 
3654 96 2363 95 
3655 154 2366 153 
3656 409 2365 408 
3657 482 2361 481 
3658 240 2364 239 
3659 250 2368 249 
3660 492 2362 491 
3661 467 783 466 
3662 265 782 264 
3663 491 789 490 
3664 483 791 482 
3665 410 1107 409 
3666 97 1108 96 
3667 153 1109 152 
3668 249 790 248 
3669 322 1110 321 
3670 241 788 240 
3671 435 844 434 
3672 297 843 296 
3673 266 2375 265 
3674 466 2374 465 
3675 122 846 121 
3676 128 845 127 
3677 242 2384 241 
3678 248 2387 247 
3679 484 2380 483 
3680 490 2383 489 
3681 321 2376 320 
3682 411 2381 410 
3683 152 2385 151 
3684 98 2378 97 
3685 296 2370 295 
3686 465 1115 464 
3687 267 1116 266 
3688 436 2369 435 
3689 127 2373 126 
3690 243 1119 242 
3691 320 778 319 
3692 489 1122 488 
3693 103 699 102 
3694 247 1120 246 
3695 412 777 411 
3696 316 697 315 
3697 485 1121 484 
3698 151 779 150 
3699 99 776 98 
3700 147 698 146 
3701 416 700 415 
3702 464 2394 463 
3703 295 2396 294 
3704 437 2395 436 
3705 268 2397 267 
3706 2059 2823 2058 
3707 244 2402 243 
3708 246 2408 245 
3709 486 2410 485 
3710 488 2409 487 
3711 317 2398 316 
3712 100 2412 99 
3713 126 2400 125 
3714 102 2413 101 
3715 319 2405 318 
3716 415 2403 414 
3717 150 2401 149 
3718 148 2406 147 
3719 413 2411 412 
3720 463 723 462 
3721 294 716 293 
3722 269 722 268 
3723 438 717 437 
3724 1690 2775 1847 
3725 2063 2958 2384 
3726 2383 2959 2062 
3727 1714 3028 2059 
3728 318 1113 317 
3729 149 1114 148 
3730 245 756 244 
3731 487 757 486 
3732 414 1112 413 
3733 101 1111 100 
3734 125 715 124 
3735 293 2388 292 
3736 439 2391 438 
3737 462 2415 461 
3738 270 2416 269 
3739 2190 2673 1110 
3740 461 1118 460 
3741 271 1117 270 
3742 440 2419 439 
3743 292 2420 291 
3744 2146 2725 955 
3745 961 2724 2147 
3746 441 847 440 
3747 291 848 290 
3748 290 2417 289 
3749 442 2418 441 
3750 274 731 273 
3751 458 730 457 
3752 289 2423 288 
3753 443 2424 442 
3754 457 2422 456 
3755 1301 2188 963 
3756 288 724 287 
3757 275 2421 274 
3758 444 725 443 
3759 2061 2814 2060 
3760 445 2427 444 
3761 287 2429 286 
3762 446 1123 445 
3763 455 849 454 
3764 277 850 276 
3765 286 1124 285 
3766 851 2574 2347 
3767 1189 2956 2514 
3768 454 2425 453 
3769 278 2426 277 
3770 447 2431 446 
3771 285 2432 284 
3772 448 781 447 
3773 284 780 283 
3774 453 2433 452 
3775 279 2434 278 
3776 452 718 451 
3777 280 719 279 
3778 449 2435 448 
3779 283 2436 282 
3780 737 2621 2175 
3781 450 1126 449 
3782 282 1125 281 
3783 281 2437 280 
3784 810 811 809 
3785 817 819 818 
3786 1082 2733 2030 
3787 991 2579 2158 
3788 2588 2605 1620 
3789 1619 2604 2587 
3790 1807 2709 2097 
3791 2098 2708 1806 
3792 2208 2943 951 
3793 957 2944 2209 
3794 1503 1504 1501 
3795 1517 1520 1519 
3796 1031 1968 1309 
3797 1313 1969 1032 
3798 1652 2013 1650 
3799 1654 2014 1656 
3800 1321 1972 1030 
3801 1029 1971 1317 
3802 124 2519 123 
3803 1491 1965 1703 
3804 1311 1440 1358 
3805 1356 1425 1315 
3806 1475 1476 1474 
3807 1468 1470 1469 
3808 1354 1455 1323 
3809 1319 1461 1352 
3810 1227 1374 1373 
3811 1375 1376 1228 
3812 2682 2832 1852 
3813 1387 1388 1386 
3814 1625 1627 1626 
3815 1881 2762 1880 
3816 1675 2636 2578 
3817 2159 2563 1010 
3818 1477 1860 1476 
3819 1470 1859 1471 
3820 2577 2640 1676 
3821 2680 2862 1150 
3822 1389 1390 1388 
3823 1391 1393 1390 
3824 2494 2750 1615 
3825 762 1151 784 
3826 794 1148 768 
3827 786 1149 764 
3828 766 1150 792 
3829 825 826 824 
3830 806 808 807 
3831 2204 2237 1796 
3832 1614 2998 2085 
3833 2030 2733 840 
3834 1149 2863 2677 
3835 2296 2991 711 
3836 1849 2589 1372 
3837 2274 2632 1600 
3838 1601 2633 2272 
3839 1958 2516 2251 
3840 276 2523 275 
3841 2809 2884 1693 
3842 1696 2883 2808 
3843 1936 2130 1821 
3844 1405 1407 1406 
3845 1437 1996 1995 
3846 1997 1998 1452 
3847 1633 2652 2460 
3848 2459 2651 1636 
3849 1499 1500 1497 
3850 1513 1516 1515 
3851 1015 1016 863 
3852 928 963 872 
3853 874 1014 1013 
3854 864 964 927 
3855 1589 1649 1587 
3856 1593 1653 1595 
3857 180 2545 179 
3858 70 2546 69 
3859 1996 2446 1995 
3860 1997 2447 1998 
3861 2016 2422 2269 
3862 1145 3023 2488 
3863 1239 2554 1375 
3864 1609 2654 2467 
3865 1434 1435 1433 
3866 1448 1450 1449 
3867 1242 2542 1169 
3868 1171 2541 1247 
3869 123 2534 122 
3870 323 2547 322 
3871 768 2174 754 
3872 1273 2004 1153 
3873 1302 1558 1256 
3874 1257 1560 1301 
3875 1371 1849 1372 
3876 2074 2959 2362 
3877 2364 2958 2073 
3878 1285 2001 1139 
3879 1819 1820 1732 
3880 855 2485 877 
3881 2335 3037 1127 
3882 1128 3036 2328 
3883 2028 2947 2029 
3884 727 2914 2164 
3885 2165 2915 726 
3886 2150 2476 2168 
3887 1284 1869 1282 
3888 1279 1870 1281 
3889 1413 1496 1275 
3890 1278 1512 1411 
3891 2096 2310 2174 
3892 1532 1592 1591 
3893 1585 1586 1534 
3894 1330 1480 1287 
3895 1290 1481 1328 
3896 1403 1891 1293 
3897 1291 1890 1401 
3898 1194 1261 1260 
3899 1400 2027 1456 
3900 1458 1739 1738 
3901 1050 2847 2454 
3902 1948 3037 2335 
3903 2328 3036 1950 
3904 2251 3020 2010 
3905 2044 2530 1598 
3906 1599 2531 2045 
3907 1440 1442 1441 
3908 1426 1427 1425 
3909 1671 2756 2638 
3910 2637 2755 1672 
3911 1257 1301 963 
3912 1155 1227 1016 
3913 1014 1228 1154 
3914 964 1302 1256 
3915 1428 1437 1427 
3916 1442 1452 1443 
3917 2683 2834 1858 
3918 1907 2541 2127 
3919 2129 2542 1906 
3920 2723 2814 2061 
3921 2183 2457 1052 
3922 2210 2694 2032 
3923 1148 2174 768 
3924 819 821 820 
3925 812 814 811 
3926 1700 2869 1558 
3927 1560 2870 1701 
3928 1214 2509 1345 
3929 1342 2510 1213 
3930 1644 2864 2196 
3931 964 2458 1302 
3932 1212 2512 1339 
3933 1336 2511 1211 
3934 827 828 826 
3935 808 829 813 
3936 2031 2693 2213 
3937 1516 2167 1517 
3938 1186 2748 2013 
3939 2014 2749 1185 
3940 1477 2583 1860 
3941 1859 2582 1471 
3942 1162 2973 1758 
3943 1762 2974 1164 
3944 1173 2826 2144 
3945 2145 2827 1175 
3946 2169 2569 807 
3947 780 2780 2173 
3948 1227 2464 1374 
3949 1376 2463 1228 
3950 1393 1912 1911 
3951 1452 2588 1443 
3952 1428 2587 1437 
3953 1052 2457 1167 
3954 1158 2978 1754 
3955 1750 2979 1160 
3956 1450 2473 1451 
3957 1436 2474 1435 
3958 1598 2530 2080 
3959 2078 2531 1599 
3960 827 858 857 
3961 859 860 813 
3962 852 2801 2090 
3963 829 868 859 
3964 857 867 828 
3965 863 2549 815 
3966 802 2550 874 
3967 872 2548 804 
3968 2211 2702 2041 
3969 844 2520 2124 
3970 2125 2521 843 
3971 1958 2658 2516 
3972 1407 2444 1406 
3973 2707 2963 1495 
3974 1494 2962 2706 
3975 1231 2690 1927 
3976 1928 2691 1232 
3977 1592 2171 1593 
3978 2040 2701 2212 
3979 855 856 820 
3980 812 854 853 
3981 853 865 814 
3982 821 866 855 
3983 1739 1811 1740 
3984 2302 2727 1764 
3985 1763 2726 2301 
3986 2201 2722 2250 
3987 105 2565 104 
3988 145 2566 144 
3989 2123 2699 2322 
3990 1627 2564 1628 
3991 2139 2868 2140 
3992 2135 2841 2136 
3993 2134 2839 2133 
3994 2138 2866 2137 
3995 1478 2458 964 
3996 1501 2166 1500 
3997 2176 2568 818 
3998 1417 2532 1547 
3999 1541 2533 1415 
4000 1705 2731 1704 
4001 1940 2845 2571 
4002 2572 2846 1944 
4003 1382 2594 1784 
4004 1783 2595 1379 
4005 716 2390 2389 
4006 2392 2393 717 
4007 825 2570 2180 
4008 434 2555 433 
4009 298 2556 297 
4010 2039 2538 1578 
4011 1587 2172 1586 
4012 2110 2791 1872 
4013 2038 2502 1697 
4014 915 2504 906 
4015 911 2505 917 
4016 725 2789 2424 
4017 2423 2790 724 
4018 1517 2167 1520 
4019 2386 2823 2059 
4020 1455 2773 2445 
4021 2170 2683 1858 
4022 1820 2676 2461 
4023 935 2875 2149 
4024 904 2479 868 
4025 867 2480 909 
4026 418 2575 417 
4027 314 2576 313 
4028 1254 2826 1173 
4029 1175 2827 1255 
4030 1835 3033 2907 
4031 2906 3034 1838 
4032 1138 2541 1171 
4033 1169 2542 1137 
4034 1694 2039 1579 
4035 4 2599 136 
4036 11 755 754 
4037 3 735 714 
4038 713 734 8 
4039 752 753 4 
4040 1373 2522 1238 
4041 1375 2554 2145 
4042 797 2237 2204 
4043 2184 2561 1734 
4044 1733 2560 2185 
4045 2076 2522 1602 
4046 1406 2444 1409 
4047 2209 2804 1027 
4048 1028 2803 2208 
4049 2253 2843 2085 
4050 2120 2857 2561 
4051 2560 2858 2121 
4052 2904 3022 1829 
4053 1827 3021 2903 
4054 810 2567 2199 
4055 1081 2206 384 
4056 1079 2207 71 
4057 797 2204 23 
4058 1691 2776 2426 
4059 2425 2775 1690 
4060 835 2202 45 
4061 1982 3005 1980 
4062 1983 3006 1985 
4063 2345 2801 852 
4064 817 818 816 
4065 803 810 809 
4066 1638 2076 1603 
4067 48 2248 1074 
4068 220 2235 1070 
4069 34 2252 1076 
4070 2697 3031 2122 
4071 79 2257 759 
4072 392 2255 758 
4073 1685 2872 2229 
4074 2247 2283 192 
4075 2246 2284 361 
4076 2016 2653 2422 
4077 65 2281 774 
4078 378 2280 775 
4079 18 2528 17 
4080 232 2527 231 
4081 1083 2279 40 
4082 773 2277 184 
4083 760 2261 339 
4084 761 2259 170 
4085 1080 2254 215 
4086 178 2205 1078 
4087 226 2203 796 
4088 1075 2244 201 
4089 353 2628 352 
4090 358 2221 750 
4091 189 2226 748 
4092 1088 2287 223 
4093 26 2286 1089 
4094 892 2288 20 
4095 229 2289 891 
4096 823 825 824 
4097 806 807 805 
4098 57 2285 2245 
4099 350 2296 711 
4100 181 2298 712 
4101 709 2297 381 
4102 710 2295 68 
4103 1087 2273 62 
4104 356 2276 1086 
4105 1085 2275 375 
4106 187 2271 1084 
4107 1073 2236 29 
4108 54 2294 2290 
4109 2291 2293 195 
4110 336 2305 801 
4111 798 2304 82 
4112 799 2303 395 
4113 167 2306 800 
4114 387 2264 701 
4115 218 2268 770 
4116 74 2265 702 
4117 1067 2226 190 
4118 1066 2221 359 
4119 703 2266 344 
4120 704 2267 175 
4121 771 2263 31 
4122 212 2302 2300 
4123 2299 2301 37 
4124 46 2249 835 
4125 204 2200 834 
4126 751 2223 373 
4127 749 2225 60 
4128 32 2238 771 
4129 176 2241 704 
4130 345 2240 703 
4131 59 2225 1064 
4132 372 2223 1065 
4133 834 2250 203 
4134 1958 2965 1826 
4135 376 2232 1085 
4136 63 2231 1087 
4137 207 2233 736 
4138 738 2235 221 
4139 1578 1683 1509 
4140 1525 1684 1580 
4141 702 2239 73 
4142 701 2243 386 
4143 770 2242 217 
4144 1593 2171 1653 
4145 28 2236 739 
4146 2204 2219 22 
4147 2133 2839 1984 
4148 1981 2841 2135 
4149 2206 2220 383 
4150 44 2621 43 
4151 224 2215 1088 
4152 21 2219 892 
4153 737 2234 42 
4154 1086 2228 355 
4155 1084 2227 186 
4156 743 2247 193 
4157 740 2246 362 
4158 744 2248 49 
4159 364 2508 2292 
4160 200 2244 745 
4161 56 2245 742 
4162 859 2613 881 
4163 879 2614 857 
4164 747 2252 35 
4165 800 2212 166 
4166 801 2213 335 
4167 796 2215 225 
4168 1978 3002 1976 
4169 1973 3003 1975 
4170 214 2254 746 
4171 2453 2878 1284 
4172 2137 2866 1974 
4173 1977 2868 2139 
4174 1060 2255 393 
4175 1061 2257 80 
4176 1082 2233 208 
4177 775 2232 377 
4178 774 2231 64 
4179 338 2261 1062 
4180 169 2259 1063 
4181 1089 2216 25 
4182 1833 2949 2050 
4183 2051 2948 1834 
4184 891 2214 228 
4185 1442 1997 1452 
4186 1437 1995 1427 
4187 2053 2631 2054 
4188 1077 2240 346 
4189 1078 2241 177 
4190 1076 2238 33 
4191 2179 2682 1852 
4192 874 1013 873 
4193 861 1015 863 
4194 871 928 872 
4195 864 927 862 
4196 1058 2280 379 
4197 1059 2281 66 
4198 183 2277 1056 
4199 39 2279 839 
4200 1074 2249 47 
4201 1297 2455 1295 
4202 1298 2456 1300 
4203 417 2606 416 
4204 315 2607 314 
4205 24 2216 797 
4206 83 2211 798 
4207 396 2210 799 
4208 227 2214 2203 
4209 1824 2918 2496 
4210 927 1366 862 
4211 861 1368 1015 
4212 1013 1367 873 
4213 871 1365 928 
4214 382 2220 709 
4215 2300 2302 1764 
4216 1763 2301 2299 
4217 1679 2713 2562 
4218 2479 2613 868 
4219 867 2614 2480 
4220 185 2227 773 
4221 354 2228 772 
4222 41 2234 1083 
4223 216 2242 1080 
4224 385 2243 1081 
4225 72 2239 1079 
4226 1167 2457 1210 
4227 202 2250 1075 
4228 1063 2306 168 
4229 394 2303 1060 
4230 81 2304 1061 
4231 1062 2305 337 
4232 211 2300 840 
4233 67 2295 1059 
4234 839 2299 38 
4235 380 2297 1058 
4236 1056 2298 182 
4237 1057 2296 351 
4238 36 2301 747 
4239 746 2302 213 
4240 1070 2268 219 
4241 1069 2265 75 
4242 1068 2264 388 
4243 194 2293 743 
4244 363 2292 740 
4245 742 2294 55 
4246 838 2291 196 
4247 53 2290 836 
4248 2559 2712 1680 
4249 19 2288 1054 
4250 1055 2289 230 
4251 222 2287 738 
4252 739 2286 27 
4253 1226 2849 1483 
4254 191 2283 1067 
4255 360 2284 1066 
4256 1064 2285 58 
4257 30 2263 1073 
4258 343 2266 1071 
4259 174 2267 1072 
4260 748 2271 188 
4261 61 2273 749 
4262 750 2276 357 
4263 374 2275 751 
4264 1735 1906 1242 
4265 1247 1907 1736 
4266 1394 2792 1817 
4267 2392 2906 1840 
4268 1837 2907 2389 
4269 2187 2650 830 
4270 198 2624 197 
4271 52 2623 51 
4272 1228 2463 1154 
4273 1155 2464 1227 
4274 2196 2881 2093 
4275 2444 2445 1648 
4276 741 2516 368 
4277 837 2508 365 
4278 1497 2620 1496 
4279 866 2485 855 
4280 1210 2585 1209 
4281 1697 2502 1709 
4282 302 2601 301 
4283 430 2600 429 
4284 349 2603 348 
4285 1416 2532 1417 
4286 1415 2533 1414 
4287 1578 2538 1683 
4288 2458 2837 1302 
4289 819 820 818 
4290 810 812 811 
4291 762 2679 1151 
4292 766 2680 1150 
4293 707 2462 2357 
4294 953 2785 2114 
4295 2115 2784 959 
4296 1604 2554 2075 
4297 2207 2546 70 
4298 1956 2456 1298 
4299 1295 2455 1957 
4300 1512 2581 1513 
4301 845 2754 2631 
4302 1686 2863 1806 
4303 1649 2172 1587 
4304 1807 2862 1687 
4305 1815 2811 2710 
4306 367 2658 366 
4307 258 2536 257 
4308 474 2537 473 
4309 2172 2454 1586 
4310 1620 1888 1450 
4311 1435 1887 1619 
4312 179 2545 2205 
4313 1504 2166 1501 
4314 755 769 768 
4315 735 765 764 
4316 766 767 753 
4317 762 763 734 
4318 1674 2474 1436 
4319 1451 2473 1673 
4320 1149 2677 764 
4321 2096 2670 2310 
4322 1365 2596 928 
4323 927 2597 1366 
4324 825 827 826 
4325 808 813 807 
4326 712 2545 180 
4327 69 2546 710 
4328 2593 2676 1820 
4329 2113 2871 1053 
4330 1918 2622 1917 
4331 1014 1154 1013 
4332 1015 1155 1016 
4333 928 1257 963 
4334 964 1256 927 
4335 2206 2737 1704 
4336 1845 2802 1844 
4337 2528 2529 1607 
4338 1661 2177 1663 
4339 1669 2178 1667 
4340 1543 1946 1541 
4341 1547 1945 1549 
4342 1371 1850 1849 
4343 1906 2542 1242 
4344 1247 2541 1907 
4345 104 2630 103 
4346 146 2629 145 
4347 1435 1619 1433 
4348 1448 1620 1450 
4349 1388 1618 1386 
4350 1468 1640 1470 
4351 1476 1639 1474 
4352 1393 1911 1390 
4353 1625 2113 1627 
4354 1405 2443 1407 
4355 1409 2444 1648 
4356 1520 2552 1522 
4357 1506 2551 1504 
4358 1296 2721 1530 
4359 784 785 763 
4360 792 793 767 
4361 765 787 786 
4362 769 795 794 
4363 1372 2589 1460 
4364 2130 2593 1821 
4365 1821 2593 1820 
4366 1272 2591 1191 
4367 1190 2590 1270 
4368 1471 2582 1487 
4369 1489 2583 1477 
4370 1264 2586 1181 
4371 456 2653 455 
4372 821 855 820 
4373 812 853 814 
4374 2251 2516 741 
4375 802 803 793 
4376 822 823 785 
4377 787 816 815 
4378 795 805 804 
4379 1734 2609 1632 
4380 1631 2608 1733 
4381 829 859 813 
4382 827 857 828 
4383 1359 2584 1361 
4384 1430 2587 1428 
4385 1443 2588 1445 
4386 2093 2881 977 
4387 2085 2843 1879 
4388 17 2926 1 
4389 6 2925 232 
4390 765 786 764 
4391 766 792 767 
4392 769 794 768 
4393 762 784 763 
4394 1309 2469 1311 
4395 1315 2470 1313 
4396 1323 2471 1321 
4397 1317 2472 1319 
4398 1209 2585 1259 
4399 2141 2774 718 
4400 784 822 785 
4401 787 815 786 
4402 792 802 793 
4403 795 804 794 
4404 802 873 803 
4405 822 862 823 
4406 816 861 815 
4407 805 871 804 
4408 1487 2582 1661 
4409 1667 2583 1489 
4410 1126 2774 2141 
4411 1271 2805 1609 
4412 2167 2552 1520 
4413 1 2926 498 
4414 233 2925 6 
4415 1006 2717 2159 
4416 2158 2716 987 
4417 735 764 714 
4418 752 766 753 
4419 755 768 754 
4420 713 762 734 
4421 1705 2648 2602 
4422 2165 2486 1652 
4423 1656 2487 2164 
4424 1347 2905 1208 
4425 727 2309 426 
4426 722 3022 2397 
4427 2394 3021 723 
4428 305 2308 726 
4429 43 2621 737 
4430 881 2613 2447 
4431 2446 2614 879 
4432 754 2310 425 
4433 714 2311 112 
4434 2044 2988 1674 
4435 1673 2987 2045 
4436 938 2634 887 
4437 888 2635 939 
4438 1851 2779 2179 
4439 306 2312 713 
4440 137 2313 752 
4441 424 2670 423 
4442 772 2628 353 
4443 77 2668 76 
4444 173 2669 172 
4445 257 2908 7 
4446 12 2909 474 
4447 2472 2842 1461 
4448 2269 2422 730 
4449 2311 2336 111 
4450 1414 2455 1297 
4451 1300 2456 1416 
4452 841 2793 2319 
4453 2317 2794 842 
4454 726 2321 304 
4455 427 2320 727 
4456 1091 2318 472 
4457 259 2316 1090 
4458 1095 2320 428 
4459 303 2321 1096 
4460 234 2331 1606 
4461 476 2328 1621 
4462 1607 2332 497 
4463 1622 2335 255 
4464 138 2329 2313 
4465 114 2338 720 
4466 307 2333 2312 
4467 1142 2331 235 
4468 1128 2328 477 
4469 254 2335 1127 
4470 1099 2329 139 
4471 1097 2338 115 
4472 496 2332 1141 
4473 110 2336 1101 
4474 1102 2333 308 
4475 1040 2323 326 
4476 1039 2324 157 
4477 1098 2322 133 
4478 116 2325 1097 
4479 92 2326 1041 
4480 405 2327 1042 
4481 309 2346 1102 
4482 478 2350 1128 
4483 1101 2348 109 
4484 140 2351 1099 
4485 236 2347 1142 
4486 1141 2345 495 
4487 1127 2349 253 
4488 2323 2352 325 
4489 2324 2353 156 
4490 406 2354 2327 
4491 117 2355 2325 
4492 93 2356 2326 
4493 851 2347 237 
4494 870 2350 479 
4495 705 2346 310 
4496 108 2348 708 
4497 706 2351 141 
4498 494 2345 852 
4499 252 2349 869 
4500 841 2340 469 
4501 262 2339 842 
4502 390 2671 389 
4503 342 2672 341 
4504 869 2341 251 
4505 852 2342 493 
4506 238 2343 851 
4507 480 2344 870 
4508 832 2354 407 
4509 833 2356 94 
4510 155 2353 830 
4511 728 2355 118 
4512 324 2352 831 
4513 708 2358 107 
4514 142 2359 706 
4515 311 2360 705 
4516 707 2357 420 
4517 2342 2362 492 
4518 2341 2368 250 
4519 106 2358 1104 
4520 1103 2359 143 
4521 419 2357 1105 
4522 1106 2360 312 
4523 830 2366 154 
4524 95 2363 833 
4525 408 2365 832 
4526 481 2361 2344 
4527 239 2364 2343 
4528 2 2923 88 
4529 161 2924 5 
4530 10 2921 401 
4531 330 2922 9 
4532 231 2527 1055 
4533 1054 2528 18 
4534 1108 2363 96 
4535 1107 2365 409 
4536 153 2366 1109 
4537 791 2361 482 
4538 788 2364 240 
4539 491 2362 789 
4540 249 2368 790 
4541 265 2375 782 
4542 783 2374 466 
4543 1710 2985 2428 
4544 2430 2986 1711 
4545 2578 2873 1675 
4546 790 2387 248 
4547 483 2380 791 
4548 789 2383 490 
4549 241 2384 788 
4550 1110 2376 321 
4551 410 2381 1107 
4552 1109 2385 152 
4553 97 2378 1108 
4554 843 2370 296 
4555 435 2369 844 
4556 465 2374 1115 
4557 1116 2375 266 
4558 2056 2856 1708 
4559 1706 2855 2057 
4560 1676 2874 2577 
4561 845 2373 127 
4562 247 2387 1120 
4563 1119 2384 242 
4564 489 2383 1122 
4565 1121 2380 484 
4566 320 2376 778 
4567 777 2381 411 
4568 151 2385 779 
4569 776 2378 98 
4570 2202 2621 44 
4571 1937 3007 2705 
4572 2370 2396 295 
4573 436 2395 2369 
4574 267 2397 1116 
4575 1115 2394 464 
4576 7 2908 256 
4577 475 2909 12 
4578 2373 2400 126 
4579 1120 2408 246 
4580 485 2410 1121 
4581 1122 2409 488 
4582 243 2402 1119 
4583 700 2403 415 
4584 412 2411 777 
4585 99 2412 776 
4586 779 2401 150 
4587 778 2405 319 
4588 699 2413 102 
4589 147 2406 698 
4590 316 2398 697 
4591 1857 2786 2170 
4592 1803 2767 2631 
4593 1888 2473 1450 
4594 1435 2474 1887 
4595 463 2394 723 
4596 722 2397 268 
4597 294 2396 716 
4598 717 2395 437 
4599 2316 2794 2317 
4600 2319 2793 2318 
4601 245 2408 756 
4602 756 2402 244 
4603 487 2409 757 
4604 757 2410 486 
4605 149 2401 1114 
4606 318 2405 1113 
4607 1111 2412 100 
4608 1113 2398 317 
4609 1112 2411 413 
4610 125 2400 715 
4611 414 2403 1112 
4612 101 2413 1111 
4613 1114 2406 148 
4614 716 2388 293 
4615 438 2391 717 
4616 269 2416 722 
4617 723 2415 462 
4618 2388 2420 292 
4619 461 2415 1118 
4620 1117 2416 270 
4621 439 2419 2391 
4622 334 2693 333 
4623 398 2694 397 
4624 1492 2791 2110 
4625 847 2419 440 
4626 291 2420 848 
4627 2654 2805 1878 
4628 848 2417 290 
4629 441 2418 847 
4630 2073 2958 1765 
4631 1766 2959 2074 
4632 2417 2423 289 
4633 442 2424 2418 
4634 730 2422 457 
4635 274 2421 731 
4636 288 2423 724 
4637 725 2424 443 
4638 715 2519 124 
4639 711 2603 349 
4640 444 2427 725 
4641 724 2429 287 
4642 2164 2914 1655 
4643 1651 2915 2165 
4644 5 2924 160 
4645 89 2923 2 
4646 402 2921 10 
4647 9 2922 329 
4648 928 2596 1257 
4649 1256 2597 927 
4650 1123 2427 445 
4651 286 2429 1124 
4652 1519 2887 1645 
4653 352 2628 1057 
4654 849 2425 454 
4655 277 2426 850 
4656 446 2431 1123 
4657 1124 2432 285 
4658 1328 2483 1532 
4659 1534 2484 1330 
4660 2189 2932 1575 
4661 2425 2433 453 
4662 781 2431 447 
4663 284 2432 780 
4664 278 2434 2426 
4665 1707 2535 1694 
4666 1965 2692 2068 
4667 1275 2489 1273 
4668 1276 2490 1278 
4669 1456 2488 1458 
4670 448 2435 781 
4671 780 2436 283 
4672 452 2433 718 
4673 719 2434 279 
4674 1287 2491 1285 
4675 1288 2492 1290 
4676 1504 2551 2166 
4677 1260 2493 1400 
4678 2174 2310 754 
4679 280 2437 719 
4680 1126 2435 449 
4681 282 2436 1125 
4682 1495 2963 1356 
4683 1358 2962 1494 
4684 1125 2437 281 
4685 1895 2573 2030 
4686 1628 2564 1988 
4687 2516 2658 367 
4688 831 2547 323 
4689 322 2547 1110 
4690 122 2534 846 
4691 1313 2470 1969 
4692 1968 2469 1309 
4693 1321 2471 1972 
4694 1971 2472 1317 
4695 2075 2709 1635 
4696 1263 2910 1493 
4697 197 2624 838 
4698 836 2623 52 
4699 165 2701 164 
4700 85 2702 84 
4701 275 2523 2421 
4702 2229 2700 1685 
4703 850 2523 276 
4704 1970 2991 2296 
4705 1362 2940 1182 
4706 206 2697 205 
4707 2519 2534 123 
4708 366 2658 837 
4709 76 2668 1069 
4710 1072 2669 173 
4711 921 2694 398 
4712 333 2693 924 
4713 2208 2803 1641 
4714 1642 2804 2209 
4715 736 2697 206 
4716 1677 2763 2144 
4717 2145 2764 1678 
4718 1085 2496 2275 
4719 389 2671 1068 
4720 1071 2672 342 
4721 1066 2222 2221 
4722 773 2278 2277 
4723 2281 2282 774 
4724 1086 2230 2228 
4725 1580 2526 2038 
4726 798 2501 2304 
4727 2305 2477 801 
4728 799 2478 2303 
4729 2306 2500 800 
4730 199 2696 198 
4731 51 2695 50 
4732 922 2702 85 
4733 164 2701 923 
4734 796 2553 2215 
4735 2242 2494 1080 
4736 748 2272 2271 
4737 2273 2274 749 
4738 1082 2503 2233 
4739 2263 2451 1073 
4740 1070 2452 2268 
4741 2188 2836 1735 
4742 1367 2617 2465 
4743 2008 2707 1495 
4744 1494 2706 2009 
4745 2317 2927 1610 
4746 2149 2675 2150 
4747 1612 2928 2319 
4748 2213 2693 334 
4749 2173 2964 2436 
4750 739 2571 2286 
4751 2287 2572 738 
4752 2144 2826 2522 
4753 2212 2701 165 
4754 397 2694 2210 
4755 1054 2529 2528 
4756 1912 2977 2151 
4757 2062 2959 1766 
4758 1765 2958 2063 
4759 1461 2692 1352 
4760 1547 2532 1945 
4761 1946 2533 1541 
4762 1104 2565 105 
4763 144 2566 1103 
4764 2393 2395 717 
4765 716 2396 2390 
4766 205 2697 2200 
4767 2014 2719 1656 
4768 1652 2718 2013 
4769 132 2699 131 
4770 84 2702 2211 
4771 844 2555 434 
4772 297 2556 843 
4773 2468 2618 1368 
4774 160 2657 159 
4775 90 2656 89 
4776 136 2599 721 
4777 745 2696 199 
4778 50 2695 744 
4779 329 2659 328 
4780 403 2660 402 
4781 1910 3013 2101 
4782 2103 3014 1909 
4783 1105 2575 418 
4784 313 2576 1106 
4785 1808 2965 1958 
4786 1148 2548 2515 
4787 2315 2655 1383 
4788 2066 2674 2067 
4789 209 2733 1082 
4790 1366 2597 2449 
4791 1592 2483 2448 
4792 2602 2648 2647 
4793 1641 2943 2208 
4794 2209 2944 1642 
4795 2766 2996 2414 
4796 2407 2997 2765 
4797 2092 2882 2198 
4798 830 2650 2366 
4799 1455 2471 1323 
4800 1319 2472 1461 
4801 1311 2469 1440 
4802 1425 2470 1315 
4803 1421 2879 2181 
4804 2182 2880 1418 
4805 1257 2596 1810 
4806 1809 2597 1256 
4807 786 2549 1149 
4808 1150 2550 792 
4809 794 2548 1148 
4810 416 2606 700 
4811 697 2607 315 
4812 1965 2728 1703 
4813 1677 2941 2763 
4814 2764 2942 1678 
4815 2450 2596 1365 
4816 429 2600 1095 
4817 1096 2601 302 
4818 1481 2483 1328 
4819 1330 2484 1480 
4820 2481 2810 1798 
4821 2648 2802 1845 
4822 2181 2879 924 
4823 921 2880 2182 
4824 473 2537 1091 
4825 1090 2536 258 
4826 2027 2488 1456 
4827 1261 2493 1260 
4828 1500 2620 1497 
4829 2166 2563 1500 
4830 347 2783 1077 
4831 840 2733 210 
4832 1273 2489 2004 
4833 2218 2835 721 
4834 1098 2835 2218 
4835 1420 2892 2191 
4836 2192 2893 1419 
4837 1285 2491 2001 
4838 1648 2773 2110 
4839 103 2630 699 
4840 698 2629 146 
4841 2711 2945 1990 
4842 1901 3017 2106 
4843 2108 3018 1900 
4844 369 2761 741 
4845 2329 2330 2313 
4846 2333 2334 2312 
4847 1101 2539 2348 
4848 2351 2540 1099 
4849 2311 2337 2336 
4850 2505 3011 1028 
4851 2344 2441 870 
4852 869 2442 2341 
4853 1103 2460 2359 
4854 2358 2459 1104 
4855 1106 2499 2360 
4856 2366 2367 1109 
4857 2245 2285 1903 
4858 1065 2736 371 
4859 776 2379 2378 
4860 2376 2377 778 
4861 777 2382 2381 
4862 2385 2386 779 
4863 700 2404 2403 
4864 2402 2557 1119 
4865 1122 2558 2409 
4866 699 2414 2413 
4867 2406 2407 698 
4868 2398 2399 697 
4869 2401 2475 1114 
4870 1111 2495 2412 
4871 2405 2482 1113 
4872 1112 2507 2411 
4873 2391 2392 717 
4874 716 2389 2388 
4875 1905 2283 2247 
4876 2418 2497 847 
4877 848 2498 2417 
4878 2013 2748 1650 
4879 1654 2749 2014 
4880 922 2893 2192 
4881 2191 2892 923 
4882 1123 2428 2427 
4883 2429 2430 1124 
4884 2310 2670 424 
4885 1740 2810 2481 
4886 1513 2581 1516 
4887 2433 2467 718 
4888 719 2466 2434 
4889 2201 2663 1886 
4890 2422 2653 456 
4891 423 2670 1100 
4892 1354 2773 1455 
4893 2024 2844 2025 
4894 455 2653 849 
4895 833 2786 2186 
4896 1632 2609 1994 
4897 1993 2608 1631 
4898 832 2779 2193 
4899 2175 3004 737 
4900 121 2703 120 
4901 340 2787 760 
4902 758 2788 391 
4903 1509 2551 1506 
4904 1522 2552 1525 
4905 1259 2585 1371 
4906 331 2879 1421 
4907 1418 2880 400 
4908 162 2892 1420 
4909 1419 2893 87 
4910 1361 2584 1405 
4911 759 2807 78 
4912 171 2806 761 
4913 1433 2587 1430 
4914 1445 2588 1448 
4915 1386 2586 1264 
4916 2322 2699 132 
4917 2167 2580 2552 
4918 131 2699 729 
4919 2777 2845 1966 
4920 1967 2846 2778 
4921 1460 2589 1625 
4922 1270 2590 1468 
4923 1474 2591 1272 
4924 1532 2483 1592 
4925 1586 2484 1534 
4926 210 2733 209 
4927 2292 2508 1742 
4928 2705 2998 1614 
4929 1516 2579 2167 
4930 1352 2692 1491 
4931 1606 2711 2527 
4932 1496 2489 1275 
4933 1278 2490 1512 
4934 1458 2488 1739 
4935 1480 2491 1287 
4936 1290 2492 1481 
4937 1730 2667 2053 
4938 1400 2493 2027 
4939 2325 2544 1097 
4940 399 2880 921 
4941 924 2879 332 
4942 86 2893 922 
4943 923 2892 163 
4944 2399 2994 2742 
4945 2741 2995 2404 
4946 2369 2520 844 
4947 843 2521 2370 
4948 846 2703 121 
4949 1491 2692 1965 
4950 2232 3035 1842 
4951 2254 3019 1881 
4952 2575 2606 417 
4953 314 2607 2576 
4954 1655 2914 2616 
4955 2615 2915 1651 
4956 994 2857 2120 
4957 2121 2858 975 
4958 2562 2885 1679 
4959 2400 2861 715 
4960 1680 2886 2559 
4961 2267 2559 1072 
4962 709 2602 2297 
4963 1069 2562 2265 
4964 1437 2604 1996 
4965 1998 2605 1452 
4966 2194 2864 1644 
4967 2565 2630 104 
4968 145 2629 2566 
4969 747 2726 2253 
4970 2179 2779 2365 
4971 1661 2582 2177 
4972 2178 2583 1667 
4973 2366 2650 2367 
4974 871 2569 1365 
4975 1366 2570 862 
4976 861 2568 1368 
4977 1367 2567 873 
4978 1392 2802 2648 
4979 2534 2704 846 
4980 1301 2836 2188 
4981 2165 2950 2486 
4982 2487 2951 2164 
4983 2511 2816 1159 
4984 1161 2815 2512 
4985 1165 2819 2509 
4986 2510 2820 1163 
4987 1988 2715 2024 
4988 2170 2786 2363 
4989 1537 2642 2173 
4990 371 2736 370 
4991 732 2758 431 
4992 300 2759 733 
4993 2623 2695 51 
4994 198 2696 2624 
4995 370 2761 369 
4996 1663 2690 1664 
4997 1670 2691 1669 
4998 2340 2769 468 
4999 263 2768 2339 
5000 467 2769 783 
5001 782 2768 264 
5002 128 2754 845 
5003 996 2882 2092 
5004 2269 2830 1848 
5005 1801 2700 2012 
5006 2445 2773 1648 
5007 1742 2833 2292 
5008 868 2613 859 
5009 857 2614 867 
5010 2318 2793 471 
5011 260 2794 2316 
5012 470 2793 841 
5013 842 2794 261 
5014 728 2899 2438 
5015 2969 2995 1778 
5016 1773 2994 2968 
5017 2078 2876 2274 
5018 2363 2786 833 
5019 2272 2877 2080 
5020 2563 2592 1010 
5021 2266 2577 1071 
5022 1118 2771 460 
5023 271 2770 1117 
5024 1068 2578 2264 
5025 1966 2845 1518 
5026 1502 2846 1967 
5027 1952 2972 1459 
5028 2314 2900 1100 
5029 707 2900 2314 
5030 119 2812 728 
5031 1302 2837 1559 
5032 1561 2836 1301 
5033 733 2829 299 
5034 432 2828 732 
5035 721 2835 135 
5036 134 2835 1098 
5037 718 2774 451 
5038 450 2774 1126 
5039 1850 2655 2315 
5040 792 2550 802 
5041 815 2549 786 
5042 804 2548 794 
5043 991 2580 2579 
5044 1694 2535 2039 
5045 2012 2700 2229 
5046 2288 2955 1908 
5047 348 2783 347 
5048 1886 2722 2201 
5049 2141 2654 1884 
5050 729 2860 130 
5051 2522 2826 1602 
5052 1100 2900 422 
5053 421 2900 707 
5054 431 2758 430 
5055 301 2759 300 
5056 1779 2995 2969 
5057 2968 2994 1774 
5058 2454 2484 1586 
5059 1684 2526 1580 
5060 2810 2940 1362 
5061 2365 2779 832 
5062 2154 3024 1986 
5063 2655 2674 1383 
5064 2877 2957 2080 
5065 2551 2592 2166 
5066 2967 2996 1770 
5067 1767 2997 2966 
5068 458 2897 730 
5069 731 2896 273 
5070 264 2768 263 
5071 468 2769 467 
5072 2552 2580 1684 
5073 129 2754 128 
5074 2150 2859 2476 
5075 1772 2996 2766 
5076 2765 2997 1769 
5077 2078 2952 2876 
5078 1999 2941 1677 
5079 1678 2942 2000 
5080 2475 3028 2687 
5081 2685 3027 2495 
5082 2603 2783 348 
5083 2147 2724 2533 
5084 2532 2725 2146 
5085 2234 2625 1083 
5086 1600 2961 2274 
5087 2272 2960 1601 
5088 2029 2894 2203 
5089 1771 2996 2967 
5090 2966 2997 1768 
5091 451 2774 450 
5092 2009 2898 2239 
5093 1488 2830 2036 
5094 1131 2763 2153 
5095 2152 2764 1132 
5096 2241 2895 2008 
5097 2015 2977 1912 
5098 1683 2551 1509 
5099 1525 2552 1684 
5100 1995 2626 1427 
5101 1442 2627 1997 
5102 341 2787 340 
5103 391 2788 390 
5104 1834 2948 2441 
5105 2442 2949 1833 
5106 807 2569 805 
5107 823 2570 825 
5108 2218 2772 1098 
5109 803 2567 810 
5110 818 2568 816 
5111 1371 2585 1850 
5112 805 2569 871 
5113 862 2570 823 
5114 873 2567 803 
5115 816 2568 861 
5116 2484 2847 1480 
5117 2224 2619 1875 
5118 272 2770 271 
5119 460 2771 459 
5120 1405 2584 2443 
5121 1619 2587 1433 
5122 1448 2588 1620 
5123 471 2793 470 
5124 261 2794 260 
5125 2647 2648 1845 
5126 1703 2728 1705 
5127 1618 2586 1386 
5128 2631 2754 2054 
5129 2514 2956 1528 
5130 1625 2589 2113 
5131 1468 2590 1640 
5132 1639 2591 1474 
5133 2555 2828 433 
5134 298 2829 2556 
5135 2083 2886 1759 
5136 1755 2885 2081 
5137 2742 2994 1775 
5138 1780 2995 2741 
5139 2563 2620 1500 
5140 2173 2780 1681 
5141 2321 2615 1096 
5142 1095 2616 2320 
5143 2071 2874 1747 
5144 1751 2873 2069 
5145 1390 2598 1388 
5146 1805 2861 2400 
5147 2601 2759 301 
5148 430 2758 2600 
5149 2198 2878 1643 
5150 172 2806 171 
5151 78 2807 77 
5152 2638 2888 1671 
5153 1672 2889 2637 
5154 1202 2979 2795 
5155 2796 2978 1203 
5156 1204 2974 2798 
5157 2797 2973 1205 
5158 390 2788 2671 
5159 2672 2787 341 
5160 2152 2942 2764 
5161 2763 2941 2153 
5162 1512 2716 2581 
5163 1728 2905 2667 
5164 1911 2598 1390 
5165 2339 2768 2111 
5166 2112 2769 2340 
5167 2669 2806 172 
5168 77 2807 2668 
5169 2482 3030 2684 
5170 1481 2937 2483 
5171 2620 2717 1496 
5172 1013 2617 1367 
5173 1368 2618 1015 
5174 2192 3013 1910 
5175 1909 3014 2191 
5176 2686 3029 2507 
5177 120 2812 119 
5178 2278 2888 2638 
5179 2637 2889 2282 
5180 797 2641 2237 
5181 1817 2792 2625 
5182 1650 2748 1649 
5183 1653 2749 1654 
5184 433 2828 432 
5185 299 2829 298 
5186 2663 2849 1885 
5187 2319 2928 841 
5188 842 2927 2317 
5189 1924 2714 1933 
5190 2216 2641 797 
5191 1722 2815 1721 
5192 1718 2816 1719 
5193 2271 2633 1084 
5194 1087 2632 2273 
5195 1713 2819 1712 
5196 1715 2820 1716 
5197 1638 2708 2076 
5198 1683 2592 2551 
5199 1897 2792 2194 
5200 135 2835 134 
5201 1059 2637 2281 
5202 2277 2638 1056 
5203 2227 2639 773 
5204 775 3035 2232 
5205 2812 2899 728 
5206 2732 2776 1846 
5207 1516 2581 2579 
5208 2303 2643 1060 
5209 1062 2644 2305 
5210 2304 2645 1061 
5211 1063 2646 2306 
5212 2477 2644 1981 
5213 1984 2643 2478 
5214 2264 2636 701 
5215 2736 2761 370 
5216 1720 3029 2969 
5217 703 2640 2266 
5218 2968 3030 1723 
5219 1806 2708 1638 
5220 1635 2709 1807 
5221 774 2649 2231 
5222 2297 2647 1058 
5223 2454 2847 2484 
5224 2617 2869 1700 
5225 1701 2870 2618 
5226 2182 3017 1901 
5227 1900 3018 2181 
5228 1388 2598 1618 
5229 1154 2617 1013 
5230 1015 2618 1155 
5231 2151 2977 934 
5232 2536 2734 1622 
5233 1621 2735 2537 
5234 1427 2626 1425 
5235 1440 2627 1442 
5236 2630 2766 699 
5237 698 2765 2629 
5238 2350 2948 2051 
5239 2050 2949 2349 
5240 1563 2901 2393 
5241 2390 2902 1562 
5242 1134 2942 2152 
5243 2153 2941 1133 
5244 697 2742 2607 
5245 2606 2741 700 
5246 1074 2710 2249 
5247 704 2712 2267 
5248 2265 2713 702 
5249 1828 2903 2817 
5250 2818 2904 1830 
5251 2421 2612 731 
5252 1104 2610 2565 
5253 2566 2611 1103 
5254 130 2860 129 
5255 2631 2767 845 
5256 332 2879 331 
5257 400 2880 399 
5258 1753 2796 1320 
5259 1324 2795 1749 
5260 2661 2938 1902 
5261 1904 2939 2662 
5262 1757 2797 1312 
5263 1316 2798 1761 
5264 1717 3027 2967 
5265 2966 3028 1714 
5266 1905 2976 2283 
5267 2285 2975 1903 
5268 87 2893 86 
5269 163 2892 162 
5270 2240 2970 1992 
5271 2527 2711 1055 
5272 2500 2646 1977 
5273 1974 2645 2501 
5274 891 2720 2214 
5275 1832 2704 2534 
5276 2747 2757 1923 
5277 2281 2637 2282 
5278 2483 2937 2448 
5279 2278 2638 2277 
5280 2459 2610 1104 
5281 1103 2611 2460 
5282 773 2639 2278 
5283 2272 2633 2271 
5284 2273 2632 2274 
5285 2305 2644 2477 
5286 2478 2643 2303 
5287 2501 2645 2304 
5288 2306 2646 2500 
5289 2250 2722 1075 
5290 422 2900 421 
5291 2689 2781 1682 
5292 1681 2780 2688 
5293 1771 2685 2414 
5294 2407 2687 1768 
5295 2282 2649 774 
5296 2703 2812 120 
5297 1604 2827 2554 
5298 2687 3028 1768 
5299 1704 2731 2220 
5300 1549 2943 1641 
5301 1642 2944 1543 
5302 1771 3027 2685 
5303 2301 2726 747 
5304 746 2727 2302 
5305 764 2677 714 
5306 713 2679 762 
5307 752 2680 766 
5308 273 2896 272 
5309 459 2897 458 
5310 2253 2726 1688 
5311 2969 3029 1779 
5312 1774 3030 2968 
5313 2579 2580 2167 
5314 1696 2808 2558 
5315 2557 2809 1693 
5316 1081 2737 2206 
5317 1083 2746 2279 
5318 1779 2686 2404 
5319 2399 2684 1774 
5320 2759 2981 733 
5321 732 2980 2758 
5322 1106 2698 2499 
5323 1055 3016 2289 
5324 2284 2740 1066 
5325 2080 2960 2272 
5326 2274 2961 2078 
5327 714 2677 2311 
5328 1425 2626 2470 
5329 2469 2627 1440 
5330 2166 2592 2563 
5331 1414 2724 2455 
5332 2456 2725 1416 
5333 2707 2821 1746 
5334 1066 2740 2222 
5335 2313 2680 752 
5336 2312 2679 713 
5337 1744 2822 2706 
5338 2360 2678 705 
5339 2381 2682 1107 
5340 2378 2683 1108 
5341 1109 2681 2385 
5342 2967 3027 1771 
5343 1768 3028 2966 
5344 1113 2684 2398 
5345 2413 2685 1111 
5346 1114 2687 2406 
5347 2403 2686 1112 
5348 778 2723 2405 
5349 2242 2750 2494 
5350 1596 2739 2442 
5351 2441 2738 1597 
5352 2602 2647 2297 
5353 1124 2688 2432 
5354 2431 2689 1123 
5355 2421 2523 1914 
5356 1922 2678 2499 
5357 2684 3030 1774 
5358 2289 3016 1991 
5359 2361 2738 2344 
5360 2341 2739 2368 
5361 1779 3029 2686 
5362 2571 2777 2286 
5363 2287 2778 2572 
5364 2562 2713 2265 
5365 2267 2712 2559 
5366 2311 2677 2337 
5367 779 2743 2401 
5368 2336 2744 1101 
5369 1099 2745 2329 
5370 1086 2831 2230 
5371 1076 2998 2238 
5372 2499 2678 2360 
5373 770 2750 2242 
5374 2330 2680 2313 
5375 2334 2679 2312 
5376 2367 2681 1109 
5377 2382 2682 2381 
5378 2379 2683 2378 
5379 2385 2681 2386 
5380 2398 2684 2399 
5381 2406 2687 2407 
5382 2414 2685 2413 
5383 2404 2686 2403 
5384 2482 2684 1113 
5385 1112 2686 2507 
5386 1111 2685 2495 
5387 2475 2687 1114 
5388 2405 2723 2482 
5389 2377 2723 778 
5390 2578 2636 2264 
5391 2266 2640 2577 
5392 129 2860 2754 
5393 1602 2826 1254 
5394 1255 2827 1604 
5395 2486 2718 1652 
5396 1656 2719 2487 
5397 2704 2972 1952 
5398 2430 2688 1124 
5399 1123 2689 2428 
5400 2442 2739 2341 
5401 2344 2738 2441 
5402 2411 2751 777 
5403 2401 2743 2475 
5404 2386 2743 779 
5405 2329 2745 2330 
5406 1101 2744 2539 
5407 2540 2745 1099 
5408 1080 3019 2254 
5409 2337 2744 2336 
5410 2507 2751 2411 
5411 777 2751 2382 
5412 1832 2534 2519 
5413 2194 2792 1394 
5414 2576 2698 1106 
5415 2495 2760 2412 
5416 776 2760 2379 
5417 739 2825 2571 
5418 1416 2725 2532 
5419 2533 2724 1414 
5420 2554 2827 2145 
5421 2707 2895 2821 
5422 705 2757 2346 
5423 1078 2895 2241 
5424 2572 2824 738 
5425 2274 2876 749 
5426 1849 2871 2589 
5427 2239 2898 1079 
5428 2109 3018 2108 
5429 2106 3017 2107 
5430 1496 2717 2489 
5431 2490 2716 1512 
5432 1479 2622 2515 
5433 748 2877 2272 
5434 2412 2760 776 
5435 2822 2898 2706 
5436 2295 2755 1059 
5437 1056 2756 2298 
5438 2496 2918 2275 
5439 892 2955 2288 
5440 2346 2747 1102 
5441 700 2741 2404 
5442 2399 2742 697 
5443 796 2894 2553 
5444 2380 2752 791 
5445 790 2753 2387 
5446 1877 2946 2642 
5447 2110 2773 1354 
5448 272 2896 2770 
5449 2771 2897 459 
5450 709 2731 2602 
5451 845 2767 2373 
5452 2451 2999 1073 
5453 2402 2809 2557 
5454 2558 2808 2409 
5455 2220 2731 709 
5456 2452 3008 2268 
5457 2263 3007 2451 
5458 1070 3001 2452 
5459 2553 3015 2215 
5460 2583 3025 1860 
5461 1859 3026 2582 
5462 1090 2734 2536 
5463 2537 2735 1091 
5464 2078 2961 2531 
5465 2530 2960 2080 
5466 2559 2886 2083 
5467 2081 2885 2562 
5468 2393 2990 1563 
5469 1562 2989 2390 
5470 2625 2746 1083 
5471 2486 2950 1199 
5472 1200 2951 2487 
5473 2286 2777 1089 
5474 1088 2778 2287 
5475 719 2813 2466 
5476 2177 3026 1043 
5477 1044 3025 2178 
5478 2104 3014 2103 
5479 2101 3013 2102 
5480 1863 2695 2623 
5481 2624 2696 1866 
5482 1688 2843 2253 
5483 1914 2612 2421 
5484 1796 2782 2219 
5485 2907 2917 2389 
5486 2392 2916 2906 
5487 2407 2765 698 
5488 699 2766 2414 
5489 1975 3003 2501 
5490 2500 3002 1978 
5491 2238 2998 2705 
5492 2432 2780 780 
5493 781 2781 2431 
5494 1794 2955 2782 
5495 1887 3011 2505 
5496 2249 2811 835 
5497 2333 2911 2334 
5498 1154 2869 2617 
5499 2618 2870 1155 
5500 2497 2912 847 
5501 848 2913 2498 
5502 2506 2970 1077 
5503 2389 2917 2388 
5504 2391 2916 2392 
5505 2577 2874 2071 
5506 2069 2873 2578 
5507 2370 2902 2396 
5508 2395 2901 2369 
5509 1985 3006 2478 
5510 2477 3005 1982 
5511 870 2948 2350 
5512 2349 2949 869 
5513 2576 2607 1777 
5514 1782 2606 2575 
5515 1786 2630 2565 
5516 2566 2629 1788 
5517 715 2934 2519 
5518 2644 2841 1981 
5519 2646 2868 1977 
5520 1984 2839 2643 
5521 1974 2866 2645 
5522 1873 2783 2603 
5523 1210 2984 2585 
5524 2427 2985 725 
5525 724 2986 2429 
5526 2205 2821 1078 
5527 1079 2822 2207 
5528 401 2921 1418 
5529 1421 2922 330 
5530 88 2923 1419 
5531 1420 2924 161 
5532 850 2732 2523 
5533 2409 2808 757 
5534 756 2809 2402 
5535 2219 2782 892 
5536 2565 2610 1786 
5537 1788 2611 2566 
5538 2276 2831 1086 
5539 2368 2799 790 
5540 791 2800 2361 
5541 1735 2836 1906 
5542 1907 2837 1736 
5543 2463 2869 1154 
5544 1155 2870 2464 
5545 1097 3024 2338 
5546 1483 2849 2663 
5547 1641 2988 2044 
5548 2045 2987 1642 
5549 2449 2848 2000 
5550 1407 2859 2675 
5551 2292 2833 740 
5552 1999 2852 2450 
5553 1493 2910 2619 
5554 2607 2742 1777 
5555 1782 2741 2606 
5556 849 2775 2425 
5557 2426 2776 850 
5558 1059 2755 2637 
5559 2638 2756 1056 
5560 2236 2825 739 
5561 738 2824 2235 
5562 2488 3023 1739 
5563 2629 2765 1788 
5564 1786 2766 2630 
5565 1350 2676 2593 
5566 2374 2817 1115 
5567 1116 2818 2375 
5568 2671 2788 2070 
5569 2072 2787 2672 
5570 1480 2785 2491 
5571 2492 2784 1481 
5572 2668 2807 2082 
5573 2084 2806 2669 
5574 2159 2620 2563 
5575 2642 2964 2173 
5576 2036 2830 2269 
5577 2710 2811 2249 
5578 2894 2947 2553 
5579 2338 3024 2154 
5580 2047 2828 2555 
5581 2556 2829 2049 
5582 2437 2813 719 
5583 1060 2838 2255 
5584 2261 2840 1062 
5585 1870 2881 2196 
5586 2198 2882 1869 
5587 2011 2761 2736 
5588 2020 2759 2601 
5589 2600 2758 2018 
5590 2678 2757 705 
5591 749 2876 2225 
5592 2579 2581 2158 
5593 2226 2877 748 
5594 1062 2840 2644 
5595 2643 2838 1060 
5596 1615 2762 2494 
5597 2946 2964 2642 
5598 2633 2930 1084 
5599 2616 2914 2320 
5600 2321 2915 2615 
5601 1087 2931 2632 
5602 1063 2867 2646 
5603 2645 2865 1061 
5604 1719 2816 2511 
5605 2512 2815 1722 
5606 2474 3011 1887 
5607 2509 2819 1713 
5608 1716 2820 2510 
5609 1061 2865 2257 
5610 2259 2867 1063 
5611 2649 2931 2231 
5612 2443 2859 1407 
5613 2227 2930 2639 
5614 498 2926 1607 
5615 1606 2925 233 
5616 2414 2996 1771 
5617 1768 2997 2407 
5618 2431 2781 2689 
5619 2688 2780 2432 
5620 2346 2757 2747 
5621 1872 2791 2506 
5622 2647 2933 1058 
5623 1621 2909 475 
5624 256 2908 1622 
5625 2475 2743 2059 
5626 745 2854 2696 
5627 2695 2853 744 
5628 1120 2855 2408 
5629 2410 2856 1121 
5630 742 2938 2661 
5631 1945 2943 1549 
5632 1543 2944 1946 
5633 2662 2939 743 
5634 2581 2716 2158 
5635 2216 3012 2641 
5636 2361 2800 2738 
5637 2739 2799 2368 
5638 2275 2918 751 
5639 1953 2899 2812 
5640 2619 2910 1874 
5641 1774 2994 2399 
5642 2404 2995 1779 
5643 2482 2723 2061 
5644 1084 2930 2227 
5645 2597 2848 2449 
5646 2159 2717 2620 
5647 2231 2931 1087 
5648 1455 2875 2471 
5649 1777 2698 2576 
5650 2441 2948 870 
5651 869 2949 2442 
5652 1058 2933 2280 
5653 2746 2929 2279 
5654 2203 2894 796 
5655 2369 2901 2520 
5656 2521 2902 2370 
5657 2450 2852 2596 
5658 1903 2938 2245 
5659 2247 2939 1905 
5660 2752 2800 791 
5661 790 2799 2753 
5662 2279 2929 839 
5663 757 2883 2410 
5664 2408 2884 756 
5665 1932 2760 2495 
5666 2396 2902 2390 
5667 2393 2901 2395 
5668 1953 2812 2703 
5669 2596 2852 1810 
5670 725 2985 2789 
5671 2790 2986 724 
5672 1809 2848 2597 
5673 1102 2911 2333 
5674 2761 3020 741 
5675 2494 3019 1080 
5676 1930 2751 2507 
5677 2428 2985 2427 
5678 2429 2986 2430 
5679 1739 3023 1811 
5680 850 2776 2732 
5681 2718 2935 2013 
5682 2014 2936 2719 
5683 2225 2952 1064 
5684 1067 2957 2226 
5685 1231 2851 2690 
5686 2691 2850 1232 
5687 847 2912 2419 
5688 2420 2913 848 
5689 2553 2947 1646 
5690 2419 2916 2391 
5691 2388 2917 2420 
5692 1836 2917 2907 
5693 2906 2916 1839 
5694 1643 2878 2453 
5695 2397 2904 1116 
5696 1115 2903 2394 
5697 1670 2850 2691 
5698 2690 2851 1664 
5699 839 2919 2299 
5700 2300 2920 840 
5701 2624 2993 838 
5702 836 2992 2623 
5703 770 3008 2750 
5704 837 2971 2508 
5705 2020 2981 2759 
5706 2758 2980 2018 
5707 2675 2859 2150 
5708 2245 2938 742 
5709 2320 2914 727 
5710 726 2915 2321 
5711 743 2939 2247 
5712 2585 2984 1850 
5713 1064 2975 2285 
5714 2283 2976 1067 
5715 2523 2732 1914 
5716 2623 2992 1863 
5717 1866 2993 2624 
5718 2747 2911 1102 
5719 232 2925 2527 
5720 2528 2926 17 
5721 2754 2860 2054 
5722 1887 2953 1619 
5723 1620 2954 1888 
5724 1073 2999 2236 
5725 2235 3001 1070 
5726 2840 2841 2644 
5727 2643 2839 2838 
5728 1986 3024 2544 
5729 1142 2945 2331 
5730 2706 2898 2009 
5731 1077 2970 2240 
5732 2008 2895 2707 
5733 771 3007 2263 
5734 2268 3008 770 
5735 2777 3012 1089 
5736 1674 3010 2474 
5737 2867 2868 2646 
5738 2645 2866 2865 
5739 1150 2983 2550 
5740 2549 2982 1149 
5741 1125 2946 2437 
5742 1890 2858 2560 
5743 2561 2857 1891 
5744 1088 3015 2778 
5745 2544 3024 1097 
5746 2838 2839 2134 
5747 2136 2841 2840 
5748 2770 2896 2035 
5749 2037 2897 2771 
5750 1089 3012 2216 
5751 2436 2964 1125 
5752 2861 2934 715 
5753 2539 2744 1686 
5754 1687 2745 2540 
5755 2215 3015 1088 
5756 2808 2883 757 
5757 756 2884 2809 
5758 1609 2805 2654 
5759 1418 2921 2660 
5760 2659 2922 1421 
5761 1419 2923 2656 
5762 2657 2924 1420 
5763 2824 3001 2235 
5764 2473 3009 1673 
5765 2236 2999 2825 
5766 2988 3010 1674 
5767 2602 2731 1705 
5768 2817 2903 1115 
5769 1116 2904 2818 
5770 2226 2957 2877 
5771 2536 2908 257 
5772 474 2909 2537 
5773 2876 2952 2225 
5774 2410 2883 2856 
5775 2855 2884 2408 
5776 2865 2866 2138 
5777 2140 2868 2867 
5778 2437 2946 2813 
5779 1850 2984 2655 
5780 1698 2931 2649 
5781 1562 2902 2521 
5782 2520 2901 1563 
5783 2508 2971 1742 
5784 839 2929 2919 
5785 1619 2953 2604 
5786 2605 2954 1620 
5787 2639 2930 1699 
5788 2862 2983 1150 
5789 2952 2975 1064 
5790 2912 2916 2419 
5791 2420 2917 2913 
5792 1149 2982 2863 
5793 1067 2976 2957 
5794 2656 2923 89 
5795 160 2924 2657 
5796 2660 2921 402 
5797 329 2922 2659 
5798 2299 2919 1763 
5799 1764 2920 2300 
5800 2527 2925 1606 
5801 1607 2926 2528 
5802 1480 2847 2785 
5803 1845 2933 2647 
5804 2519 2934 1832 
5805 2589 2871 2113 
5806 1981 3005 2477 
5807 2478 3006 1984 
5808 2059 3028 2475 
5809 1125 2964 2946 
5810 2762 3019 2494 
5811 2804 3009 1027 
5812 2821 2895 1078 
5813 1079 2898 2822 
5814 2061 3030 2482 
5815 2803 3010 2988 
5816 2803 2988 1641 
5817 1642 2987 2804 
5818 1977 3002 2500 
5819 2501 3003 1974 
5820 2495 3027 1932 
5821 2667 2905 1347 
5822 1673 3009 2987 
5823 1881 3019 2762 
5824 2178 3025 2583 
5825 2582 3026 2177 
5826 2711 3016 1055 
5827 2507 3029 1930 
5828 2784 2937 1481 
5829 2537 2909 1621 
5830 1622 2908 2536 
5831 2782 2955 892 
5832 1990 3016 2711 
5833 1783 2800 2752 
5834 2753 2799 1784 
5835 1863 2853 2695 
5836 2696 2854 1866 
5837 1807 2983 2862 
5838 2863 2982 1806 
5839 2785 2847 2114 
5840 2750 3008 1941 
5841 1028 3010 2803 
5842 2987 3009 2804 
5843 1925 2911 2747 
5844 1711 2986 2790 
5845 2789 2985 1710 
5846 1966 3012 2777 
5847 2115 2937 2784 
5848 2778 3015 1967 
5849 1943 3001 2824 
5850 2825 2999 1939 
5851 1464 2935 2718 
5852 2719 2936 1463 
5853 2011 3020 2761 
5854 2813 2946 1877 
5855 2856 2883 1708 
5856 1706 2884 2855 
5857 2919 2929 1896 
5858 934 2977 2842 
5859 2842 2977 2015 
5860 2077 2975 2952 
5861 2957 2976 2079 
5862 1839 2916 2912 
5863 2913 2917 1836 
5864 1028 3011 3010 
5865 1758 2973 2797 
5866 2798 2974 1762 
5867 1754 2978 2796 
5868 2795 2979 1750 
5869 2029 2947 2894 
5870 2843 3000 1879 
5871 1804 2934 2861 
5872 3010 3011 2474 
2 2 2 2207
5873 3701 3702 3080 
5874 3492 3911 3594 
5875 3614 3910 3491 
5876 3585 3926 3448 
5877 3300 3672 3565 
5878 3510 3543 3148 
5879 3301 3744 3517 
5880 3799 3817 3598 
5881 3149 3817 3799 
5882 3176 3589 3178 
5883 3320 3589 3176 
5884 3080 3703 3701 
5885 3565 3882 3300 
5886 3346 3829 3739 
5887 3041 3875 3385 
5888 3100 3543 3532 
5889 3739 3829 3574 
5890 3148 3542 3510 
5891 3467 3841 3750 
5892 3750 3822 3467 
5893 3594 3911 3096 
5894 3097 3910 3614 
5895 3465 3515 3374 
5896 3530 3807 3351 
5897 3076 3849 143 
5898 3467 3859 3551 
5899 3376 3528 3042 
5900 3578 3821 3579 
5901 3378 3875 3041 
5902 3822 3859 3467 
5903 3400 3453 3092 
5904 3090 3454 3401 
5905 3334 3535 3516 
5906 3543 3773 3532 
5907 3451 3828 3519 
5908 3097 3614 3512 
5909 3096 3598 3594 
5910 3545 3678 3294 
5911 3512 3800 3097 
5912 3096 3799 3598 
5913 3516 3534 3334 
5914 3376 3877 3528 
5915 3526 3585 3448 
5916 3098 3816 3501 
5917 3465 3544 3515 
5918 3501 3837 3098 
5919 3295 3575 3547 
5920 3811 3917 3438 
5921 221 3058 220 
5922 77 3059 76 
5923 3153 3584 3151 
5924 221 3355 3058 
5925 3327 3603 3602 
5926 60 3053 59 
5927 204 3052 203 
5928 3385 3875 3520 
5929 29 3356 28 
5930 3424 3703 3402 
5931 187 3049 186 
5932 43 3050 42 
5933 197 3065 196 
5934 53 3064 52 
5935 68 3363 3113 
5936 212 3366 3112 
5937 23 3368 3108 
5938 82 3370 3046 
5939 143 3849 3129 
5940 166 3369 165 
5941 225 3367 224 
5942 170 3047 169 
5943 36 3364 35 
5944 180 3365 179 
5945 21 3108 20 
5946 232 3306 231 
5947 88 3401 87 
5948 162 3400 161 
5949 18 3307 17 
5950 68 3113 67 
5951 182 3110 181 
5952 38 3111 37 
5953 212 3112 211 
5954 23 3108 22 
5955 227 3107 226 
5956 168 3047 167 
5957 82 3046 81 
5958 199 3114 198 
5959 55 3115 54 
5960 20 3307 19 
5961 86 3401 85 
5962 164 3400 163 
5963 27 3356 26 
5964 175 3057 174 
5965 31 3056 30 
5966 216 3359 215 
5967 72 3362 71 
5968 48 3054 47 
5969 192 3055 191 
5970 65 3867 64 
5971 209 3866 208 
5972 79 3351 78 
5973 206 3347 205 
5974 62 3348 61 
5975 45 3871 44 
5976 74 3869 73 
5977 218 3870 217 
5978 50 3353 49 
5979 194 3354 193 
5980 3325 3821 3578 
5981 222 3355 221 
5982 177 3360 176 
5983 33 3361 32 
5984 69 3363 68 
5985 213 3366 212 
5986 83 3370 82 
5987 24 3368 23 
5988 207 3347 206 
5989 63 3348 62 
5990 46 3871 45 
5991 80 3351 79 
5992 66 3867 65 
5993 210 3866 209 
5994 3438 3917 3842 
5995 522 3665 521 
5996 219 3870 218 
5997 75 3869 74 
5998 84 3370 83 
5999 25 3368 24 
6000 214 3366 213 
6001 70 3363 69 
6002 51 3353 50 
6003 195 3354 194 
6004 223 3355 222 
6005 34 3361 33 
6006 178 3360 177 
6007 3118 3826 3497 
6008 3798 3815 3546 
6009 3548 3814 3797 
6010 3720 3721 3146 
6011 3501 3800 3512 
6012 3132 3815 3798 
6013 3797 3814 3131 
6014 157 3374 156 
6015 117 3375 116 
6016 152 3377 151 
6017 99 3384 98 
6018 147 3381 146 
6019 124 3385 123 
6020 3045 3400 3092 
6021 3090 3401 3043 
6022 3501 3816 3800 
6023 3517 3820 3301 
6024 160 3040 159 
6025 90 3118 89 
6026 116 3507 115 
6027 92 3118 91 
6028 158 3040 157 
6029 139 3387 138 
6030 134 3095 133 
6031 110 3094 109 
6032 93 3066 92 
6033 141 3129 140 
6034 143 3129 142 
6035 108 3376 107 
6036 118 3119 117 
6037 95 3878 94 
6038 155 3039 154 
6039 153 3039 152 
6040 120 3879 119 
6041 106 3042 105 
6042 96 3120 95 
6043 144 3076 143 
6044 98 3120 97 
6045 146 3076 145 
6046 121 3074 120 
6047 129 3378 128 
6048 123 3074 122 
6049 104 3380 103 
6050 127 3041 126 
6051 125 3041 124 
6052 148 3067 147 
6053 100 3038 99 
6054 150 3067 149 
6055 102 3038 101 
6056 3497 3826 3498 
6057 3448 3926 3494 
6058 3548 3797 3471 
6059 3472 3798 3546 
6060 3086 3665 522 
6061 3084 3854 3502 
6062 3503 3855 3085 
6063 3502 3884 3084 
6064 3085 3885 3503 
6065 3471 3892 3548 
6066 3546 3893 3472 
6067 3510 3773 3543 
6068 3678 3890 3294 
6069 3521 3561 3308 
6070 3703 3806 3439 
6071 3375 3507 116 
6072 146 3381 3076 
6073 98 3384 3120 
6074 123 3385 3074 
6075 3056 3784 3586 
6076 3408 3871 3549 
6077 566 3728 565 
6078 3602 3606 3327 
6079 3526 3584 3228 
6080 3228 3585 3526 
6081 3353 3551 3511 
6082 3839 3954 3894 
6083 3351 3807 3562 
6084 3108 3846 20 
6085 3513 3836 3077 
6086 20 3846 3307 
6087 229 3917 228 
6088 3077 3853 3513 
6089 3308 3559 3521 
6090 3520 3829 3346 
6091 3146 3728 3720 
6092 3515 3590 3374 
6093 3346 3865 3520 
6094 3379 3875 3378 
6095 3531 3679 3099 
6096 3401 3454 3072 
6097 3073 3453 3400 
6098 3513 3817 3149 
6099 3406 3956 3514 
6100 3664 3665 3086 
6101 3295 3909 3575 
6102 3446 3590 3515 
6103 3066 3860 92 
6104 3149 3836 3513 
6105 3320 3974 3589 
6106 3454 3924 3072 
6107 3481 3864 3861 
6108 3511 3947 3353 
6109 3351 3883 3530 
6110 3318 3737 3550 
6111 3073 3830 3453 
6112 92 3860 3118 
6113 3514 3849 3406 
6114 3663 3664 3086 
6115 3228 3584 3153 
6116 3528 3906 3042 
6117 3099 3678 3531 
6118 3562 3807 3592 
6119 3495 3572 3571 
6120 3522 3561 3521 
6121 3556 3564 3563 
6122 3532 3575 3100 
6123 3701 3703 3424 
6124 3402 3703 3439 
6125 3519 3865 3451 
6126 3439 3806 3665 
6127 3151 3584 3335 
6128 3529 3883 3370 
6129 3370 3924 3529 
6130 3828 3879 3519 
6131 3438 3895 3811 
6132 3539 3880 3525 
6133 3533 3858 3527 
6134 3679 3763 3509 
6135 3880 3902 3525 
6136 3533 3886 3858 
6137 3721 3729 3146 
6138 3737 3852 3550 
6139 3440 3801 3558 
6140 3142 3904 3686 
6141 3055 3868 3577 
6142 3409 3891 3570 
6143 3686 3923 3142 
6144 3515 3544 3526 
6145 3394 3897 3534 
6146 3744 3896 3517 
6147 3086 3743 3663 
6148 3538 3835 3503 
6149 3502 3834 3537 
6150 3894 3954 3560 
6151 3602 3808 3606 
6152 189 3965 188 
6153 201 3969 200 
6154 3367 3934 3070 
6155 185 3967 184 
6156 41 3968 40 
6157 3056 3586 3356 
6158 3556 3565 3564 
6159 136 3840 135 
6160 3736 3882 3557 
6161 3835 3855 3503 
6162 3502 3854 3834 
6163 3534 3876 3394 
6164 172 3979 171 
6165 57 3981 56 
6166 3544 3584 3526 
6167 3075 3886 3533 
6168 3533 3918 3075 
6169 3131 3814 3537 
6170 3538 3815 3132 
6171 565 3728 3146 
6172 3079 3728 566 
6173 3577 3965 3055 
6174 3495 3802 3572 
6175 3371 3536 3456 
6176 3467 3551 3372 
6177 3414 3552 3364 
6178 3434 3555 3365 
6179 3531 3763 3679 
6180 3606 3808 3459 
6181 3098 3837 3527 
6182 3537 3834 3131 
6183 3132 3835 3538 
6184 3899 3903 3620 
6185 3615 3856 3833 
6186 3527 3858 3098 
6187 3861 3864 3504 
6188 3832 3857 3616 
6189 230 3917 229 
6190 3435 3466 3366 
6191 3436 3481 3363 
6192 3541 3573 3379 
6193 3723 3725 3087 
6194 3663 3743 3662 
6195 3706 3920 3141 
6196 3589 3821 3178 
6197 131 3983 130 
6198 3436 3869 3518 
6199 3435 3870 3558 
6200 3141 3943 3706 
6201 3522 3913 3561 
6202 3558 3870 3440 
6203 3539 3853 3077 
6204 564 3729 563 
6205 3553 3784 3567 
6206 3077 3880 3539 
6207 3504 3867 3861 
6208 3522 3866 3862 
6209 3665 3806 521 
6210 3087 3729 3723 
6211 3300 3882 3736 
6212 3672 3901 3565 
6213 3395 3903 3899 
6214 3572 3802 3750 
6215 3750 3841 3572 
6216 3375 3596 3507 
6217 3843 3846 3437 
6218 3069 3951 3499 
6219 3803 3934 3367 
6220 3499 3951 3508 
6221 3728 3980 3523 
6222 3447 3898 3591 
6223 3443 3949 3586 
6224 3636 3933 3083 
6225 3082 3932 3666 
6226 3525 3902 3075 
6227 3473 3828 3451 
6228 3813 3845 528 
6229 558 3844 3812 
6230 3720 3728 3523 
6231 3725 3789 3087 
6232 3414 3847 3552 
6233 3434 3848 3555 
6234 5 3499 160 
6235 3662 3743 3144 
6236 3075 3918 3525 
6237 3083 3938 3636 
6238 3666 3939 3082 
6239 3560 3891 3409 
6240 3491 3910 3638 
6241 3668 3911 3492 
6242 3579 3821 3589 
6243 3593 3796 3496 
6244 3148 3792 3542 
6245 3801 3914 3558 
6246 3355 3440 3058 
6247 3368 3373 3108 
6248 3579 3588 3580 
6249 3387 3929 3840 
6250 3723 3729 3721 
6251 3386 3867 3504 
6252 3396 3866 3522 
6253 3070 3934 3355 
6254 3379 3809 3541 
6255 3707 3905 3706 
6256 3874 3900 3392 
6257 3833 3856 3454 
6258 3586 3949 3356 
6259 3335 3584 3544 
6260 3453 3857 3832 
6261 3079 3957 3690 
6262 3702 3958 3080 
6263 563 3729 3087 
6264 3146 3729 564 
6265 3905 3920 3706 
6266 3727 3789 3725 
6267 3690 3980 3079 
6268 3540 3801 3440 
6269 3144 3788 3662 
6270 3080 3806 3703 
6271 3727 3742 3741 
6272 3842 3917 3306 
6273 3536 3876 3456 
6274 3079 3980 3728 
6275 3581 3582 3414 
6276 3580 3588 3434 
6277 3490 3900 3874 
6278 3473 3953 3828 
6279 3547 3575 3441 
6280 3441 3575 3532 
6281 3579 3580 3415 
6282 3775 3791 3147 
6283 3518 3820 3517 
6284 3518 3869 3592 
6285 3455 3931 3540 
6286 3550 3852 3466 
6287 3445 3906 3778 
6288 3381 3382 3076 
6289 3384 3407 3120 
6290 3385 3519 3074 
6291 3437 3846 3810 
6292 3232 3585 3229 
6293 3229 3585 3228 
6294 3407 3916 3675 
6295 3597 3887 3373 
6296 3534 3897 3334 
6297 3118 3860 3826 
6298 3516 3868 3569 
6299 3597 3949 3443 
6300 3851 3950 3915 
6301 3565 3566 3564 
6302 3327 3962 3603 
6303 3218 3607 3138 
6304 3675 3946 3407 
6305 3355 3934 3540 
6306 3447 3591 3377 
6307 3436 3517 3481 
6308 3435 3550 3466 
6309 3652 3845 3813 
6310 3812 3844 3717 
6311 3727 3790 3742 
6312 3810 3846 3373 
6313 3567 3784 3056 
6314 3107 3811 3803 
6315 3473 3877 3596 
6316 3551 3859 3511 
6317 3409 3570 3347 
6318 3495 3571 3348 
6319 3730 3788 3144 
6320 3556 3563 3360 
6321 3553 3567 3361 
6322 3459 3795 3606 
6323 3516 3569 3354 
6324 3552 3847 3554 
6325 3555 3848 3557 
6326 3549 3925 3408 
6327 3741 3789 3727 
6328 3308 3794 3559 
6329 3453 3832 3092 
6330 3090 3833 3454 
6331 3871 3927 3549 
6332 3371 3456 3065 
6333 3372 3551 3064 
6334 3459 3851 3457 
6335 3540 3934 3455 
6336 3364 3552 3063 
6337 3365 3555 3062 
6338 3465 3960 3544 
6339 3355 3540 3440 
6340 3606 3795 3607 
6341 3368 3597 3373 
6342 3596 3953 3473 
6343 3138 3607 3150 
6344 3327 3607 3218 
6345 3593 3966 3796 
6346 3579 3589 3588 
6347 3690 3941 3689 
6348 3456 3876 3534 
6349 3282 3782 3599 
6350 535 3911 3668 
6351 3638 3910 551 
6352 3334 3850 3535 
6353 3595 3598 3480 
6354 3730 3804 3788 
6355 3084 3884 3686 
6356 3707 3885 3085 
6357 3603 3930 3604 
6358 3480 3599 3595 
6359 3475 3787 3476 
6360 3381 3383 3382 
6361 3385 3520 3519 
6362 3690 3957 3941 
6363 3599 3782 3595 
6364 3436 3518 3517 
6365 3435 3558 3550 
6366 3915 3950 3498 
6367 3550 3914 3318 
6368 3610 3787 3475 
6369 3599 3786 3282 
6370 3475 3619 3610 
6371 3686 3904 3084 
6372 3085 3905 3707 
6373 3610 3619 3609 
6374 3479 3786 3599 
6375 3541 3956 3406 
6376 3479 3787 3786 
6377 3586 3784 3444 
6378 3344 3613 3609 
6379 3808 3851 3459 
6380 501 3438 500 
6381 586 3437 585 
6382 3476 3787 3479 
6383 3540 3931 3801 
6384 3601 3612 3122 
6385 3100 3940 3543 
6386 3307 3846 3843 
6387 3383 3398 3382 
6388 3609 3619 3344 
6389 3604 3612 3601 
6390 3130 3613 3219 
6391 3414 3968 3581 
6392 3434 3967 3580 
6393 3600 3601 3122 
6394 3219 3613 3344 
6395 502 3791 501 
6396 3104 3613 3130 
6397 3609 3613 3605 
6398 3350 3871 3408 
6399 3605 3613 3104 
6400 3106 3600 3122 
6401 3102 3605 3104 
6402 3603 3962 3930 
6403 3608 3610 3609 
6404 3383 3468 3398 
6405 3398 3406 3382 
6406 3122 3612 3611 
6407 3135 3608 3124 
6408 3127 3611 3140 
6409 3606 3607 3327 
6410 3135 3610 3608 
6411 3600 3602 3601 
6412 3140 3611 3474 
6413 3121 3611 3127 
6414 3124 3608 3116 
6415 3420 3630 3619 
6416 3398 3411 3406 
6417 3420 3619 3475 
6418 3619 3630 3344 
6419 3294 3893 3545 
6420 3547 3892 3295 
6421 3602 3603 3601 
6422 3411 3541 3406 
6423 3611 3612 3474 
6424 3603 3604 3601 
6425 3411 3573 3541 
6426 3412 3615 3160 
6427 3158 3616 3393 
6428 3614 3617 3512 
6429 3464 3618 3333 
6430 3617 3618 3464 
6431 3413 3617 3614 
6432 3482 3617 3413 
6433 3160 3615 3128 
6434 3125 3616 3158 
6435 3512 3617 3464 
6436 3333 3618 3237 
6437 3411 3574 3573 
6438 3237 3783 3136 
6439 3482 3618 3617 
6440 3618 3783 3237 
6441 3418 3782 3416 
6442 3164 3621 3159 
6443 3416 3782 3621 
6444 3595 3782 3418 
6445 3416 3621 3164 
6446 3159 3621 3134 
6447 3192 3629 3312 
6448 3341 3620 3505 
6449 3312 3629 3482 
6450 3622 3625 3293 
6451 3293 3626 3622 
6452 3238 3620 3341 
6453 3161 3629 3192 
6454 3198 3671 3196 
6455 3461 3624 3623 
6456 3163 3623 3166 
6457 3419 3625 3622 
6458 3276 3630 3303 
6459 3301 3671 3198 
6460 3196 3671 3293 
6461 3166 3623 3292 
6462 3303 3630 3420 
6463 3190 3625 3419 
6464 3274 3630 3276 
6465 3162 3623 3163 
6466 3293 3671 3626 
6467 3293 3625 3194 
6468 3315 3674 3628 
6469 3628 3674 3627 
6470 3628 3675 3315 
6471 3623 3624 3292 
6472 3627 3674 3230 
6473 3194 3625 3191 
6474 3484 3664 3663 
6475 3230 3670 3627 
6476 3281 3657 3655 
6477 3484 3663 3661 
6478 3185 3735 3183 
6479 3655 3732 3281 
6480 3661 3733 3484 
6481 3653 3732 3655 
6482 3659 3733 3661 
6483 3288 3732 3653 
6484 3278 3733 3659 
6485 3288 3653 3650 
6486 3460 3670 3389 
6487 3650 3660 3288 
6488 3659 3735 3278 
6489 3175 3781 3173 
6490 3281 3735 3657 
6491 3278 3735 3185 
6492 3183 3735 3281 
6493 3298 3646 3644 
6494 3675 3676 3315 
6495 3660 3781 3175 
6496 3177 3660 3175 
6497 3491 3637 3343 
6498 3627 3670 3460 
6499 3403 3664 3484 
6500 3439 3664 3403 
6501 3644 3673 3298 
6502 3288 3660 3177 
6503 3423 3636 3632 
6504 3389 3670 3154 
6505 3641 3673 3644 
6506 3305 3641 3640 
6507 3305 3640 3639 
6508 3491 3638 3637 
6509 3305 3673 3641 
6510 3423 3632 3631 
6511 3632 3636 3634 
6512 3417 3667 3492 
6513 3343 3637 3423 
6514 3173 3781 3298 
6515 3648 3660 3650 
6516 3439 3665 3664 
6517 3195 3631 3304 
6518 3305 3639 3167 
6519 3666 3667 3422 
6520 3422 3667 3417 
6521 3667 3668 3492 
6522 3631 3632 3304 
6523 3193 3631 3195 
6524 3640 3666 3422 
6525 3298 3781 3646 
6526 3657 3735 3659 
6527 3315 3676 3284 
6528 3284 3676 3332 
6529 3423 3637 3636 
6530 3167 3639 3165 
6531 3641 3642 3640 
6532 3155 3670 3230 
6533 3488 3669 3357 
6534 3632 3633 3304 
6535 3639 3640 3422 
6536 3357 3669 3302 
6537 3642 3666 3640 
6538 3641 3643 3642 
6539 3310 3639 3422 
6540 3676 3778 3332 
6541 3311 3631 3193 
6542 3632 3634 3633 
6543 3304 3777 3197 
6544 3633 3777 3304 
6545 3641 3644 3643 
6546 3170 3672 3300 
6547 3634 3635 3633 
6548 3168 3672 3170 
6549 3644 3645 3643 
6550 3234 3674 3315 
6551 3298 3673 3171 
6552 3477 3677 3421 
6553 3524 3690 3688 
6554 3688 3694 3524 
6555 3259 3760 3261 
6556 3687 3694 3688 
6557 3421 3677 3358 
6558 3644 3646 3645 
6559 3171 3673 3169 
6560 3283 3694 3687 
6561 3231 3674 3234 
6562 3648 3781 3660 
6563 3261 3760 3691 
6564 3704 3774 3705 
6565 3261 3691 3263 
6566 3687 3760 3283 
6567 3486 3707 3705 
6568 3299 3682 3680 
6569 3283 3760 3259 
6570 3680 3695 3299 
6571 3299 3691 3682 
6572 3442 3678 3545 
6573 3330 3708 3268 
6574 3280 3774 3704 
6575 3705 3774 3486 
6576 3263 3691 3299 
6577 3313 3698 3697 
6578 3313 3718 3698 
6579 3646 3647 3645 
6580 3425 3695 3680 
6581 3704 3718 3280 
6582 3444 3708 3330 
6583 3397 3692 3538 
6584 3682 3691 3684 
6585 3399 3677 3539 
6586 3269 3762 3290 
6587 3225 3765 3254 
6588 3313 3697 3696 
6589 3268 3708 3266 
6590 3698 3699 3697 
6591 3226 3753 3433 
6592 3697 3701 3424 
6593 3698 3718 3704 
6594 3431 3759 3322 
6595 3290 3762 3427 
6596 3323 3696 3424 
6597 3299 3695 3265 
6598 3209 3734 3211 
6599 3244 3718 3313 
6600 3338 3692 3397 
6601 3221 3761 3189 
6602 3278 3747 3733 
6603 3709 3734 3209 
6604 3205 3755 3287 
6605 3239 3761 3221 
6606 3427 3763 3531 
6607 3211 3734 3279 
6608 3217 3765 3225 
6609 3240 3696 3323 
6610 3696 3697 3424 
6611 3246 3718 3244 
6612 3397 3503 3470 
6613 3189 3747 3187 
6614 3283 3759 3694 
6615 3279 3756 3213 
6616 3410 3752 3224 
6617 3285 3762 3269 
6618 3391 3510 3452 
6619 3646 3648 3647 
6620 3233 3693 3232 
6621 3691 3760 3684 
6622 3265 3695 3267 
6623 3227 3753 3226 
6624 3329 3404 3390 
6625 3203 3755 3205 
6626 3313 3696 3242 
6627 3188 3220 3189 
6628 3213 3756 3215 
6629 3531 3678 3442 
6630 3187 3747 3278 
6631 3249 3318 3251 
6632 3433 3753 3738 
6633 3145 3751 531 
6634 3223 3239 3221 
6635 3509 3763 3390 
6636 3655 3657 3656 
6637 3179 3732 3288 
6638 3322 3759 3255 
6639 3328 3329 3285 
6640 3340 3692 3338 
6641 3450 3692 3340 
6642 524 3743 523 
6643 3183 3281 3181 
6644 3682 3683 3681 
6645 3170 3300 3172 
6646 3324 3761 3239 
6647 3511 3752 3410 
6648 3179 3288 3177 
6649 3180 3325 3182 
6650 3210 3719 3326 
6651 3207 3709 3209 
6652 3443 3586 3444 
6653 3242 3696 3240 
6654 3286 3330 3268 
6655 3705 3706 3700 
6656 3329 3390 3285 
6657 3442 3545 3450 
6658 3432 3769 3291 
6659 3429 3720 3523 
6660 3247 3737 3249 
6661 3316 3737 3247 
6662 3078 3730 526 
6663 3650 3653 3651 
6664 3699 3702 3701 
6665 3176 3178 3177 
6666 3659 3661 3658 
6667 555 3740 3143 
6668 3214 3749 3212 
6669 3425 3469 3426 
6670 3425 3680 3469 
6671 3144 3743 524 
6672 3455 3487 3404 
6673 3174 3320 3176 
6674 3485 3764 3758 
6675 3648 3649 3647 
6676 3247 3248 3246 
6677 3337 3441 3432 
6678 3704 3705 3700 
6679 3648 3650 3649 
6680 3235 3739 3236 
6681 3284 3289 3235 
6682 3332 3345 3289 
6683 3449 3547 3441 
6684 539 3149 538 
6685 547 3098 546 
6686 3254 3255 3227 
6687 3254 3765 3428 
6688 3263 3265 3264 
6689 3287 3755 3711 
6690 3428 3429 3322 
6691 3427 3442 3340 
6692 3430 3722 3721 
6693 3710 3712 3709 
6694 3188 3189 3187 
6695 3241 3242 3240 
6696 3251 3252 3250 
6697 3257 3759 3283 
6698 3698 3700 3699 
6699 3174 3736 3320 
6700 3176 3177 3175 
6701 3182 3183 3181 
6702 3323 3424 3402 
6703 3653 3655 3654 
6704 3661 3662 3658 
6705 3683 3686 3681 
6706 544 3075 543 
6707 3300 3736 3172 
6708 3199 3201 3200 
6709 3321 3744 3202 
6710 3205 3207 3206 
6711 3427 3531 3442 
6712 3203 3204 3202 
6713 3253 3285 3269 
6714 3263 3299 3265 
6715 3741 3742 3081 
6716 3657 3658 3656 
6717 3661 3663 3662 
6718 3245 3247 3246 
6719 3248 3280 3246 
6720 3271 3425 3336 
6721 3682 3684 3683 
6722 3711 3714 3713 
6723 550 3097 549 
6724 555 3143 554 
6725 557 3089 556 
6726 560 3081 559 
6727 565 3146 564 
6728 567 3079 566 
6729 570 3142 569 
6730 572 3084 571 
6731 575 3131 574 
6732 577 3471 576 
6733 3178 3180 3179 
6734 3255 3256 3227 
6735 3267 3268 3266 
6736 3712 3734 3709 
6737 3215 3277 3217 
6738 3217 3225 3224 
6739 3226 3410 3224 
6740 3323 3324 3239 
6741 3265 3267 3266 
6742 3271 3336 3291 
6743 3337 3432 3291 
6744 3430 3720 3429 
6745 3430 3721 3720 
6746 3694 3759 3431 
6747 3684 3685 3683 
6748 3213 3214 3212 
6749 3225 3254 3227 
6750 3346 3739 3289 
6751 532 3731 3145 
6752 3173 3298 3171 
6753 3223 3241 3240 
6754 3269 3290 3272 
6755 3290 3340 3338 
6756 556 3740 555 
6757 3181 3732 3179 
6758 3184 3185 3183 
6759 3207 3209 3208 
6760 3342 3749 3214 
6761 3244 3313 3242 
6762 3249 3251 3250 
6763 3257 3259 3258 
6764 3259 3260 3258 
6765 3290 3427 3340 
6766 3429 3431 3322 
6767 3337 3449 3441 
6768 3391 3773 3510 
6769 3397 3538 3503 
6770 3502 3537 3426 
6771 3205 3287 3207 
6772 3224 3752 3216 
6773 3493 3511 3410 
6774 3688 3690 3689 
6775 3180 3182 3181 
6776 3200 3744 3301 
6777 3235 3236 3233 
6778 3241 3308 3243 
6779 3261 3263 3262 
6780 3270 3286 3268 
6781 3207 3208 3206 
6782 3212 3719 3210 
6783 3236 3693 3233 
6784 3284 3332 3289 
6785 3433 3549 3493 
6786 3478 3513 3477 
6787 3650 3651 3649 
6788 3243 3244 3242 
6789 3245 3246 3244 
6790 3309 3746 3738 
6791 3182 3184 3183 
6792 3184 3334 3186 
6793 3287 3709 3207 
6794 3211 3212 3210 
6795 3215 3217 3216 
6796 3222 3223 3221 
6797 3234 3284 3235 
6798 3240 3323 3239 
6799 3255 3257 3256 
6800 3257 3283 3259 
6801 3259 3261 3260 
6802 3263 3264 3262 
6803 3338 3339 3272 
6804 3287 3710 3709 
6805 3323 3402 3324 
6806 3443 3444 3330 
6807 3338 3397 3339 
6808 3442 3450 3340 
6809 3699 3701 3697 
6810 3711 3715 3714 
6811 3722 3723 3721 
6812 3724 3725 3723 
6813 3261 3262 3260 
6814 3262 3317 3260 
6815 3215 3216 3214 
6816 3345 3346 3289 
6817 3331 3443 3330 
6818 3202 3744 3200 
6819 3225 3226 3224 
6820 3225 3227 3226 
6821 3249 3250 3248 
6822 3317 3745 3260 
6823 3267 3270 3268 
6824 3391 3452 3331 
6825 3405 3451 3345 
6826 553 3748 3083 
6827 560 3741 3081 
6828 3217 3224 3216 
6829 3226 3433 3410 
6830 3249 3737 3318 
6831 3336 3337 3291 
6832 3476 3477 3421 
6833 3180 3181 3179 
6834 3220 3221 3189 
6835 3209 3210 3208 
6836 3210 3326 3208 
6837 3211 3279 3213 
6838 3255 3759 3257 
6839 3267 3271 3270 
6840 3271 3291 3270 
6841 3286 3391 3331 
6842 3403 3483 3324 
6843 3332 3405 3345 
6844 3405 3473 3451 
6845 3476 3479 3478 
6846 3698 3704 3700 
6847 3722 3724 3723 
6848 3281 3732 3181 
6849 3234 3235 3233 
6850 3289 3739 3235 
6851 3205 3206 3204 
6852 3212 3749 3719 
6853 3433 3493 3410 
6854 3441 3532 3432 
6855 3687 3688 3685 
6856 3715 3716 3714 
6857 3203 3205 3204 
6858 3253 3269 3252 
6859 3510 3542 3452 
6860 3653 3654 3651 
6861 3680 3682 3681 
6862 3186 3187 3185 
6863 3199 3297 3201 
6864 3476 3478 3477 
6865 3479 3480 3478 
6866 518 3141 517 
6867 523 3086 522 
6868 526 3730 525 
6869 531 3751 530 
6870 533 3731 532 
6871 534 3082 533 
6872 541 3077 540 
6873 553 3083 552 
6874 561 3741 560 
6875 563 3087 562 
6876 3174 3175 3173 
6877 3178 3179 3177 
6878 3184 3186 3185 
6879 3257 3258 3256 
6880 3287 3711 3710 
6881 3429 3523 3431 
6882 3479 3599 3480 
6883 3711 3713 3710 
6884 3143 3748 554 
6885 3209 3211 3210 
6886 3211 3213 3212 
6887 3247 3249 3248 
6888 3523 3524 3431 
6889 3733 3747 3483 
6890 3724 3726 3725 
6891 3204 3321 3202 
6892 3265 3266 3264 
6893 3428 3430 3429 
6894 3749 3750 3719 
6895 3243 3245 3244 
6896 3251 3253 3252 
6897 3258 3309 3256 
6898 3425 3426 3336 
6899 3714 3717 3713 
6900 523 3743 3086 
6901 530 3751 3088 
6902 3213 3215 3214 
6903 3475 3476 3421 
6904 554 3748 553 
6905 3082 3731 533 
6906 3170 3172 3171 
6907 3188 3394 3220 
6908 3201 3202 3200 
6909 3201 3203 3202 
6910 3469 3502 3426 
6911 3762 3763 3427 
6912 3688 3689 3685 
6913 3254 3322 3255 
6914 3254 3428 3322 
6915 3260 3745 3258 
6916 3186 3188 3187 
6917 3258 3745 3309 
6918 3266 3708 3319 
6919 3705 3707 3706 
6920 3172 3173 3171 
6921 3216 3342 3214 
6922 3426 3768 3336 
6923 3399 3539 3525 
6924 3726 3727 3725 
6925 3758 3764 3250 
6926 3280 3718 3246 
6927 3266 3319 3264 
6928 3390 3762 3285 
6929 3715 3757 3716 
6930 3754 3757 3715 
6931 525 3730 3144 
6932 3402 3403 3324 
6933 3433 3738 3549 
6934 510 3472 509 
6935 512 3132 511 
6936 515 3085 514 
6937 520 3080 519 
6938 525 3144 524 
6939 527 3078 526 
6940 530 3088 529 
6941 532 3145 531 
6942 537 3096 536 
6943 3524 3694 3431 
6944 3684 3687 3685 
6945 3089 3740 556 
6946 3215 3756 3277 
6947 3267 3695 3271 
6948 3223 3240 3239 
6949 3253 3328 3285 
6950 3286 3331 3330 
6951 3200 3301 3198 
6952 3404 3509 3390 
6953 3470 3486 3485 
6954 3657 3659 3658 
6955 3216 3752 3342 
6956 3651 3652 3649 
6957 3201 3754 3203 
6958 3594 3595 3418 
6959 3489 3576 3500 
6960 3537 3768 3426 
6961 3172 3736 3174 
6962 3199 3200 3198 
6963 3245 3316 3247 
6964 3269 3272 3252 
6965 3336 3768 3337 
6966 3684 3760 3687 
6967 3241 3243 3242 
6968 3234 3315 3284 
6969 3449 3548 3547 
6970 3738 3753 3309 
6971 3655 3656 3654 
6972 3329 3455 3404 
6973 3470 3485 3339 
6974 3399 3525 3488 
6975 3172 3174 3173 
6976 3174 3176 3175 
6977 3271 3695 3425 
6978 3680 3681 3469 
6979 3500 3628 3627 
6980 3231 3234 3233 
6981 3397 3470 3339 
6982 3402 3439 3403 
6983 3189 3761 3747 
6984 3405 3528 3473 
6985 3187 3278 3185 
6986 3290 3338 3272 
6987 3715 3755 3754 
6988 3420 3475 3421 
6989 3500 3627 3460 
6990 3484 3733 3483 
6991 3594 3598 3595 
6992 3754 3755 3203 
6993 3256 3753 3227 
6994 3545 3546 3450 
6995 3297 3757 3754 
6996 3403 3484 3483 
6997 3262 3766 3317 
6998 3745 3746 3309 
6999 3428 3770 3430 
7000 3432 3773 3769 
7001 3711 3755 3715 
7002 3220 3222 3221 
7003 3297 3754 3201 
7004 3277 3765 3217 
7005 3339 3758 3272 
7006 3483 3761 3324 
7007 3277 3771 3770 
7008 3264 3766 3262 
7009 3485 3758 3339 
7010 3309 3753 3256 
7011 3765 3770 3428 
7012 3319 3766 3264 
7013 3252 3758 3250 
7014 3712 3776 3734 
7015 3337 3768 3449 
7016 3390 3763 3762 
7017 3492 3594 3418 
7018 3430 3770 3722 
7019 3358 3677 3399 
7020 3485 3774 3764 
7021 3724 3772 3726 
7022 3769 3773 3391 
7023 3253 3767 3328 
7024 3170 3171 3169 
7025 3197 3199 3198 
7026 3169 3673 3305 
7027 3420 3421 3358 
7028 3399 3488 3357 
7029 3231 3233 3232 
7030 3489 3500 3460 
7031 3318 3767 3251 
7032 3747 3761 3483 
7033 3413 3614 3491 
7034 3756 3771 3277 
7035 3770 3771 3722 
7036 3272 3758 3252 
7037 3722 3771 3724 
7038 3248 3764 3280 
7039 3277 3770 3765 
7040 3250 3764 3248 
7041 3291 3769 3270 
7042 3286 3769 3391 
7043 3486 3774 3485 
7044 3772 3776 3726 
7045 3279 3772 3756 
7046 3251 3767 3253 
7047 3771 3772 3724 
7048 3764 3774 3280 
7049 3279 3776 3772 
7050 3756 3772 3771 
7051 3734 3776 3279 
7052 3532 3773 3432 
7053 3270 3769 3286 
7054 3404 3775 3509 
7055 3487 3775 3404 
7056 3413 3491 3343 
7057 3358 3399 3357 
7058 3303 3420 3358 
7059 3230 3674 3231 
7060 3423 3631 3311 
7061 3312 3482 3413 
7062 3197 3198 3196 
7063 3458 3489 3460 
7064 3195 3304 3197 
7065 3417 3492 3418 
7066 3168 3170 3169 
7067 3169 3305 3167 
7068 3231 3232 3229 
7069 3292 3672 3168 
7070 3343 3423 3311 
7071 3195 3197 3196 
7072 3310 3422 3417 
7073 3312 3413 3343 
7074 3458 3460 3389 
7075 3168 3169 3167 
7076 3303 3358 3357 
7077 3230 3231 3229 
7078 3196 3293 3194 
7079 3506 3533 3527 
7080 3417 3418 3416 
7081 3166 3292 3168 
7082 3779 3780 3757 
7083 3457 3458 3389 
7084 3155 3230 3229 
7085 3195 3196 3194 
7086 3506 3527 3463 
7087 3302 3669 3314 
7088 3312 3343 3311 
7089 3388 3459 3457 
7090 3314 3395 3296 
7091 3310 3417 3416 
7092 3166 3168 3167 
7093 3303 3357 3302 
7094 3197 3777 3199 
7095 3199 3777 3297 
7096 3388 3457 3389 
7097 3310 3416 3164 
7098 3419 3622 3530 
7099 3155 3229 3228 
7100 3501 3512 3464 
7101 3193 3195 3194 
7102 3165 3639 3310 
7103 3505 3506 3463 
7104 3302 3314 3296 
7105 3166 3167 3165 
7106 3276 3303 3302 
7107 3192 3312 3311 
7108 3332 3778 3405 
7109 3297 3779 3757 
7110 3635 3780 3779 
7111 3405 3778 3528 
7112 3635 3779 3633 
7113 3633 3779 3777 
7114 3646 3781 3648 
7115 3757 3780 3716 
7116 3777 3779 3297 
7117 3165 3310 3164 
7118 3155 3228 3153 
7119 3462 3501 3464 
7120 3276 3302 3296 
7121 3192 3311 3193 
7122 3154 3670 3155 
7123 3341 3505 3463 
7124 3419 3530 3529 
7125 3388 3389 3154 
7126 3163 3166 3165 
7127 3193 3194 3191 
7128 3163 3165 3164 
7129 3462 3464 3333 
7130 3152 3388 3154 
7131 3276 3296 3275 
7132 3192 3193 3191 
7133 3341 3463 3462 
7134 3461 3623 3162 
7135 3154 3155 3153 
7136 3393 3490 3461 
7137 3419 3529 3412 
7138 3163 3164 3159 
7139 3274 3276 3275 
7140 3161 3192 3191 
7141 3190 3419 3412 
7142 3191 3625 3190 
7143 3152 3154 3153 
7144 3344 3630 3274 
7145 3341 3462 3333 
7146 3393 3461 3162 
7147 3162 3163 3159 
7148 3190 3412 3160 
7149 3158 3393 3162 
7150 3274 3275 3273 
7151 3219 3344 3274 
7152 3161 3191 3190 
7153 3474 3620 3238 
7154 3152 3153 3151 
7155 3238 3341 3333 
7156 3140 3474 3238 
7157 3158 3162 3159 
7158 3219 3274 3273 
7159 3151 3335 3139 
7160 3273 3327 3218 
7161 3161 3190 3160 
7162 3150 3152 3151 
7163 3137 3629 3161 
7164 3238 3333 3237 
7165 3134 3621 3282 
7166 3150 3151 3139 
7167 3158 3159 3134 
7168 3140 3238 3237 
7169 3137 3161 3160 
7170 3219 3273 3218 
7171 3134 3282 3133 
7172 3130 3219 3218 
7173 3140 3237 3136 
7174 3138 3150 3139 
7175 3137 3160 3128 
7176 3125 3158 3134 
7177 3621 3782 3282 
7178 3482 3783 3618 
7179 3136 3783 3137 
7180 3629 3783 3482 
7181 3125 3134 3133 
7182 3127 3140 3136 
7183 3138 3139 3126 
7184 3136 3137 3128 
7185 3130 3218 3138 
7186 3133 3135 3124 
7187 3137 3783 3629 
7188 3127 3136 3128 
7189 3128 3615 3123 
7190 3130 3138 3126 
7191 3125 3133 3124 
7192 3117 3616 3125 
7193 3608 3609 3605 
7194 3104 3130 3126 
7195 3117 3125 3124 
7196 3127 3128 3123 
7197 3117 3124 3116 
7198 3104 3126 3103 
7199 3121 3127 3123 
7200 3122 3611 3121 
7201 3116 3608 3605 
7202 3362 3869 3436 
7203 3359 3870 3435 
7204 3102 3104 3103 
7205 3121 3123 3105 
7206 3101 3117 3116 
7207 3109 3600 3106 
7208 3106 3122 3121 
7209 3116 3605 3102 
7210 3468 3785 3398 
7211 3398 3785 3411 
7212 3282 3786 3133 
7213 3504 3593 3496 
7214 3559 3560 3409 
7215 3515 3526 3448 
7216 3101 3116 3102 
7217 3091 3109 3106 
7218 3106 3121 3105 
7219 3102 3103 3093 
7220 3411 3785 3574 
7221 3147 3973 3775 
7222 3133 3786 3135 
7223 3392 3900 3047 
7224 3662 3788 3658 
7225 3087 3789 562 
7226 561 3789 3741 
7227 3578 3579 3415 
7228 3078 3804 3730 
7229 3726 3790 3727 
7230 3712 3790 3776 
7231 3840 3929 3156 
7232 3786 3787 3135 
7233 3521 3559 3409 
7234 3386 3504 3496 
7235 3396 3522 3521 
7236 3448 3494 3447 
7237 3446 3515 3448 
7238 3135 3787 3610 
7239 3566 3901 3624 
7240 3101 3102 3093 
7241 3091 3106 3105 
7242 3658 3788 3656 
7243 562 3789 561 
7244 3776 3790 3726 
7245 584 3792 3148 
7246 3126 3793 3103 
7247 3335 3793 3139 
7248 580 3295 579 
7249 582 3100 581 
7250 584 3148 583 
7251 507 3294 506 
7252 503 3147 502 
7253 505 3099 504 
7254 3107 3803 3367 
7255 3222 3794 3223 
7256 3241 3794 3308 
7257 3607 3795 3150 
7258 3061 3435 3366 
7259 3060 3436 3363 
7260 3766 3963 3554 
7261 3150 3795 3152 
7262 3388 3795 3459 
7263 3577 3578 3415 
7264 3583 3587 3536 
7265 3597 3948 3887 
7266 3598 3817 3480 
7267 3576 3860 3066 
7268 3326 3796 3208 
7269 3471 3797 576 
7270 575 3797 3131 
7271 510 3798 3472 
7272 3132 3798 511 
7273 3509 3973 3679 
7274 537 3799 3096 
7275 3149 3799 538 
7276 3097 3800 549 
7277 3395 3899 3604 
7278 3111 3968 3414 
7279 3110 3967 3434 
7280 3587 3839 3394 
7281 160 3499 3040 
7282 3386 3496 3495 
7283 3396 3521 3409 
7284 3555 3557 3556 
7285 3552 3554 3553 
7286 3456 3534 3516 
7287 3596 3881 3507 
7288 3446 3448 3447 
7289 3157 3881 3596 
7290 3139 3793 3126 
7291 3750 3802 3719 
7292 585 3792 584 
7293 3520 3865 3519 
7294 3543 3940 3148 
7295 3712 3805 3790 
7296 3223 3794 3241 
7297 3091 3105 3090 
7298 3092 3101 3093 
7299 3078 3825 3804 
7300 3152 3795 3388 
7301 3713 3805 3710 
7302 3790 3805 3742 
7303 3569 3868 3055 
7304 521 3806 520 
7305 3626 3807 3622 
7306 3600 3808 3602 
7307 3466 3862 3366 
7308 3481 3861 3363 
7309 3788 3804 3656 
7310 3508 3960 3465 
7311 3099 3890 3678 
7312 3784 3827 3444 
7313 3208 3796 3206 
7314 576 3797 575 
7315 511 3798 510 
7316 3514 3929 3387 
7317 3373 3887 3810 
7318 538 3799 537 
7319 549 3800 548 
7320 3506 3823 3533 
7321 558 3812 557 
7322 529 3813 528 
7323 3604 3930 3395 
7324 3147 3791 502 
7325 3449 3814 3548 
7326 3537 3814 3768 
7327 3692 3815 3538 
7328 3546 3815 3450 
7329 547 3816 3098 
7330 3478 3817 3513 
7331 3553 3827 3784 
7332 3671 3820 3626 
7333 3178 3821 3180 
7334 3717 3824 3713 
7335 3749 3822 3750 
7336 3767 3801 3328 
7337 3719 3802 3326 
7338 3651 3825 3652 
7339 3455 3803 3487 
7340 3778 3959 3445 
7341 508 3818 507 
7342 579 3819 578 
7343 3407 3946 3576 
7344 3819 3892 3471 
7345 3472 3893 3818 
7346 3319 3963 3766 
7347 3038 3445 3384 
7348 3708 3827 3319 
7349 3415 3580 3049 
7350 3408 3581 3050 
7351 3349 3577 3415 
7352 3114 3583 3536 
7353 3656 3804 3654 
7354 3092 3832 3101 
7355 3105 3833 3090 
7356 3578 3964 3325 
7357 3710 3805 3712 
7358 520 3806 3080 
7359 3561 3982 3308 
7360 3316 3982 3561 
7361 3679 3912 3099 
7362 3117 3832 3616 
7363 3615 3833 3123 
7364 3445 3916 3384 
7365 3131 3834 574 
7366 512 3835 3132 
7367 3622 3807 3530 
7368 539 3836 3149 
7369 3077 3836 540 
7370 3868 3928 3577 
7371 3462 3837 3501 
7372 3527 3837 3463 
7373 3778 3906 3528 
7374 3800 3816 548 
7375 3394 3839 3220 
7376 3717 3844 3824 
7377 559 3844 558 
7378 528 3845 527 
7379 3109 3808 3600 
7380 3363 3861 3113 
7381 3366 3862 3112 
7382 3184 3850 3334 
7383 3325 3850 3182 
7384 3495 3919 3802 
7385 3535 3868 3516 
7386 3825 3845 3652 
7387 3792 3810 3542 
7388 3713 3824 3805 
7389 3369 3830 3073 
7390 3506 3863 3823 
7391 3382 3849 3076 
7392 3804 3825 3654 
7393 3677 3853 3539 
7394 3513 3853 3477 
7395 3587 3954 3839 
7396 572 3854 3084 
7397 3085 3855 514 
7398 3412 3856 3615 
7399 3098 3858 546 
7400 3511 3859 3752 
7401 190 3965 189 
7402 3451 3865 3345 
7403 3142 3923 3689 
7404 3714 3872 3717 
7405 3652 3873 3649 
7406 3489 3860 3576 
7407 3616 3857 3393 
7408 3386 3495 3348 
7409 3396 3409 3347 
7410 3555 3556 3360 
7411 3552 3553 3361 
7412 3456 3516 3354 
7413 3576 3878 3407 
7414 184 3967 183 
7415 40 3968 39 
7416 3446 3447 3377 
7417 3826 3915 3498 
7418 557 3812 3089 
7419 3088 3813 529 
7420 3668 3976 535 
7421 551 3977 3638 
7422 202 3969 201 
7423 3768 3814 3449 
7424 3450 3815 3692 
7425 3490 3874 3461 
7426 3689 3941 3142 
7427 548 3816 547 
7428 3746 3942 3582 
7429 3499 3508 3465 
7430 3480 3817 3478 
7431 3831 3898 3447 
7432 3575 3909 3100 
7433 541 3880 3077 
7434 3557 3952 3736 
7435 3384 3916 3407 
7436 3942 3955 3847 
7437 3686 3884 3681 
7438 3486 3885 3707 
7439 3469 3884 3502 
7440 3503 3885 3470 
7441 544 3886 3075 
7442 3604 3899 3612 
7443 3301 3820 3671 
7444 3180 3821 3325 
7445 3693 3944 3926 
7446 3342 3822 3749 
7447 3596 3877 3094 
7448 3370 3883 3046 
7449 3092 3093 3069 
7450 3044 3091 3090 
7451 3488 3823 3669 
7452 3440 3870 3058 
7453 3334 3897 3186 
7454 3188 3897 3394 
7455 3321 3896 3744 
7456 3295 3819 579 
7457 507 3818 3294 
7458 3474 3899 3620 
7459 3742 3824 3081 
7460 3654 3825 3651 
7461 3624 3901 3292 
7462 3321 3966 3593 
7463 3075 3902 543 
7464 570 3904 3142 
7465 3084 3904 571 
7466 515 3905 3085 
7467 3458 3826 3489 
7468 3044 3950 3091 
7469 3093 3951 3069 
7470 551 3910 550 
7471 536 3911 535 
7472 3369 3900 3830 
7473 3805 3824 3742 
7474 3381 3898 3383 
7475 173 3979 172 
7476 3566 3838 3564 
7477 3793 3951 3103 
7478 509 3936 13 
7479 14 3937 577 
7480 13 3936 508 
7481 578 3937 14 
7482 3775 3973 3509 
7483 3803 3811 3487 
7484 3443 3948 3597 
7485 3444 3827 3708 
7486 3141 3920 517 
7487 3683 3923 3686 
7488 3689 3923 3685 
7489 3626 3945 3807 
7490 58 3981 57 
7491 505 3890 3099 
7492 3294 3890 506 
7493 3738 3925 3549 
7494 3624 3972 3566 
7495 3494 3831 3447 
7496 3068 3809 3379 
7497 3395 3930 3296 
7498 3702 3943 3141 
7499 3329 3931 3455 
7500 3637 3933 3636 
7501 3666 3932 3667 
7502 3525 3918 3488 
7503 3142 3941 569 
7504 3745 3942 3746 
7505 3706 3943 3700 
7506 3699 3943 3702 
7507 3508 3951 3793 
7508 3141 3958 3702 
7509 3628 3946 3675 
7510 3576 3946 3500 
7511 3530 3883 3529 
7512 3308 3982 3243 
7513 3245 3982 3316 
7514 3331 3948 3443 
7515 3524 3980 3690 
7516 3824 3844 3081 
7517 132 3983 131 
7518 3204 3966 3321 
7519 567 3957 3079 
7520 518 3958 3141 
7521 3080 3958 519 
7522 3373 3846 3108 
7523 3273 3962 3327 
7524 3356 3949 3071 
7525 3542 3887 3452 
7526 3505 3863 3506 
7527 3717 3872 3812 
7528 3813 3873 3652 
7529 3078 3845 3825 
7530 3100 3909 581 
7531 580 3909 3295 
7532 503 3912 3147 
7533 3099 3912 504 
7534 32 3567 31 
7535 176 3563 175 
7536 193 3569 192 
7537 49 3568 48 
7538 501 3791 3438 
7539 3574 3829 3573 
7540 78 3562 77 
7541 3549 3927 3493 
7542 3383 3831 3468 
7543 61 3571 60 
7544 205 3570 204 
7545 3556 3882 3565 
7546 3582 3847 3414 
7547 3588 3848 3434 
7548 3101 3832 3117 
7549 3123 3833 3105 
7550 3823 3918 3533 
7551 3693 3926 3232 
7552 574 3834 573 
7553 513 3835 512 
7554 3561 3913 3316 
7555 3565 3901 3566 
7556 540 3836 539 
7557 3342 3859 3822 
7558 3463 3837 3462 
7559 3823 3863 3669 
7560 3220 3839 3222 
7561 3767 3914 3801 
7562 3574 3961 3739 
7563 3558 3914 3550 
7564 3148 3940 583 
7565 582 3940 3100 
7566 3498 3950 3044 
7567 3437 3810 3792 
7568 3582 3942 3847 
7569 3081 3844 559 
7570 527 3845 3078 
7571 3807 3945 3592 
7572 3407 3878 3120 
7573 3519 3879 3074 
7574 3796 3966 3206 
7575 3801 3931 3328 
7576 3487 3895 3775 
7577 3406 3849 3382 
7578 3573 3875 3379 
7579 3182 3850 3184 
7580 3834 3854 573 
7581 513 3855 3835 
7582 77 3562 3059 
7583 3912 3973 3147 
7584 204 3570 3052 
7585 60 3571 3053 
7586 3872 3888 3089 
7587 3088 3889 3873 
7588 3394 3876 3587 
7589 3593 3864 3321 
7590 3809 3983 3929 
7591 3505 3903 3863 
7592 48 3568 3054 
7593 192 3569 3055 
7594 175 3563 3057 
7595 31 3567 3056 
7596 3129 3849 3514 
7597 3839 3894 3222 
7598 3775 3895 3791 
7599 3810 3887 3542 
7600 3316 3852 3737 
7601 3571 3572 3053 
7602 3562 3592 3059 
7603 3393 3857 3490 
7604 3563 3564 3057 
7605 3477 3853 3677 
7606 3089 3888 3740 
7607 3751 3889 3088 
7608 573 3854 572 
7609 514 3855 513 
7610 3529 3856 3412 
7611 3352 3838 3392 
7612 546 3858 545 
7613 3559 3894 3560 
7614 3458 3915 3826 
7615 3752 3859 3342 
7616 3481 3896 3864 
7617 3115 3841 3467 
7618 3669 3863 3314 
7619 156 3590 155 
7620 151 3591 150 
7621 3504 3864 3593 
7622 3345 3865 3346 
7623 3716 3872 3714 
7624 3649 3873 3647 
7625 3812 3872 3089 
7626 3088 3873 3813 
7627 3557 3882 3556 
7628 3437 3792 585 
7629 3864 3896 3321 
7630 3888 3907 3740 
7631 3751 3908 3889 
7632 3794 3894 3559 
7633 3544 3960 3335 
7634 3517 3896 3481 
7635 3858 3886 545 
7636 3408 3978 3581 
7637 3620 3903 3505 
7638 3461 3874 3624 
7639 3929 3956 3809 
7640 3066 3878 3576 
7641 3040 3499 3465 
7642 3802 3919 3326 
7643 3716 3888 3872 
7644 3873 3889 3647 
7645 3109 3851 3808 
7646 3528 3877 3473 
7647 3349 3415 3049 
7648 3350 3408 3050 
7649 3352 3392 3047 
7650 3110 3434 3365 
7651 3111 3414 3364 
7652 3114 3536 3371 
7653 3115 3467 3372 
7654 3359 3435 3061 
7655 3362 3436 3060 
7656 3740 3907 3143 
7657 3145 3908 3751 
7658 3863 3903 3314 
7659 3587 3876 3536 
7660 542 3880 541 
7661 155 3590 3039 
7662 150 3591 3067 
7663 3681 3884 3469 
7664 3470 3885 3486 
7665 545 3886 544 
7666 3554 3955 3766 
7667 3780 3888 3716 
7668 3647 3889 3645 
7669 3926 3944 3494 
7670 3548 3892 3547 
7671 3545 3893 3546 
7672 3039 3590 3446 
7673 3375 3953 3596 
7674 3675 3959 3676 
7675 3907 3922 3143 
7676 3145 3921 3908 
7677 3222 3894 3794 
7678 506 3890 505 
7679 3592 3945 3518 
7680 542 3902 3880 
7681 3335 3960 3793 
7682 3109 3950 3851 
7683 232 3970 3306 
7684 3307 3971 17 
7685 3157 3596 3094 
7686 3129 3514 3387 
7687 3068 3379 3378 
7688 3380 3445 3038 
7689 3047 3900 3369 
7690 3186 3897 3188 
7691 3326 3919 3796 
7692 3848 3974 3952 
7693 3780 3907 3888 
7694 3889 3908 3645 
7695 3612 3899 3474 
7696 3083 3977 552 
7697 534 3976 3082 
7698 3826 3860 3489 
7699 3592 3869 3059 
7700 3143 3922 3748 
7701 3731 3921 3145 
7702 3292 3901 3672 
7703 3929 3983 3095 
7704 543 3902 542 
7705 3793 3960 3508 
7706 3811 3895 3487 
7707 3861 3867 3113 
7708 3862 3866 3112 
7709 3232 3926 3585 
7710 3314 3903 3395 
7711 3490 3857 3830 
7712 571 3904 570 
7713 516 3905 515 
7714 3830 3857 3453 
7715 3635 3907 3780 
7716 3645 3908 3643 
7717 550 3910 3097 
7718 3096 3911 536 
7719 3922 3938 3748 
7720 3731 3939 3921 
7721 3564 3979 3057 
7722 3572 3981 3053 
7723 3796 3919 3496 
7724 3829 3875 3573 
7725 3520 3875 3829 
7726 3236 3935 3693 
7727 581 3909 580 
7728 3318 3914 3767 
7729 3067 3898 3381 
7730 504 3912 503 
7731 3094 3877 3376 
7732 516 3920 3905 
7733 3791 3895 3438 
7734 3908 3921 3643 
7735 3635 3922 3907 
7736 3582 3978 3746 
7737 3046 3883 3351 
7738 3818 3893 3294 
7739 3295 3892 3819 
7740 3457 3915 3458 
7741 3351 3562 78 
7742 3748 3938 3083 
7743 3082 3939 3731 
7744 3348 3571 61 
7745 3347 3570 205 
7746 3820 3945 3626 
7747 3354 3569 193 
7748 3353 3568 49 
7749 3361 3567 32 
7750 3360 3563 176 
7751 3494 3944 3831 
7752 3679 3973 3912 
7753 3529 3924 3856 
7754 3676 3959 3778 
7755 3554 3963 3553 
7756 517 3920 516 
7757 3236 3961 3935 
7758 3643 3921 3642 
7759 3634 3922 3635 
7760 3685 3923 3683 
7761 3496 3919 3495 
7762 3838 3979 3564 
7763 3746 3925 3738 
7764 3841 3981 3572 
7765 3043 3401 88 
7766 161 3400 3045 
7767 3056 3356 29 
7768 187 3349 3049 
7769 43 3350 3050 
7770 170 3352 3047 
7771 3831 3944 3468 
7772 3380 3906 3445 
7773 3110 3365 181 
7774 3111 3364 37 
7775 3107 3367 226 
7776 3047 3369 167 
7777 3115 3372 54 
7778 3114 3371 198 
7779 85 3401 3072 
7780 3073 3400 164 
7781 26 3356 3071 
7782 215 3359 3061 
7783 71 3362 3060 
7784 197 3371 3065 
7785 53 3372 3064 
7786 165 3369 3073 
7787 224 3367 3070 
7788 35 3364 3063 
7789 179 3365 3062 
7790 535 3976 534 
7791 552 3977 551 
7792 3634 3938 3922 
7793 3921 3939 3642 
7794 3296 3930 3275 
7795 3577 3928 3578 
7796 3466 3975 3862 
7797 64 3867 3051 
7798 208 3866 3048 
7799 44 3871 3350 
7800 73 3869 3362 
7801 217 3870 3359 
7802 3328 3931 3329 
7803 3739 3961 3236 
7804 3638 3933 3637 
7805 3667 3932 3668 
7806 500 3842 499 
7807 587 3843 586 
7808 3581 3978 3582 
7809 508 3936 3818 
7810 3819 3937 578 
7811 3468 3935 3785 
7812 3112 3866 210 
7813 3113 3867 66 
7814 3046 3351 80 
7815 3636 3938 3634 
7816 3642 3939 3666 
7817 3051 3348 63 
7818 3048 3347 207 
7819 3054 3871 46 
7820 569 3941 568 
7821 3317 3942 3745 
7822 3472 3936 509 
7823 577 3937 3471 
7824 3700 3943 3699 
7825 3059 3869 75 
7826 3058 3870 219 
7827 3368 3949 3597 
7828 3072 3370 84 
7829 3071 3368 25 
7830 3063 3361 34 
7831 3062 3360 178 
7832 3061 3366 214 
7833 3060 3363 70 
7834 3070 3355 223 
7835 3065 3354 195 
7836 3064 3353 51 
7837 3930 3962 3275 
7838 583 3940 582 
7839 3374 3590 156 
7840 3377 3591 151 
7841 3500 3946 3628 
7842 3568 3927 3054 
7843 3317 3955 3942 
7844 3736 3952 3320 
7845 3941 3957 568 
7846 3588 3974 3848 
7847 3493 3947 3511 
7848 3452 3948 3331 
7849 3051 3386 3348 
7850 3048 3396 3347 
7851 3091 3950 3109 
7852 3062 3555 3360 
7853 3063 3552 3361 
7854 3065 3456 3354 
7855 3064 3551 3353 
7856 3103 3951 3093 
7857 3383 3898 3831 
7858 3935 3961 3785 
7859 3925 3978 3408 
7860 3316 3913 3852 
7861 3325 3964 3850 
7862 3766 3955 3317 
7863 3040 3465 3374 
7864 3039 3446 3377 
7865 568 3957 567 
7866 519 3958 518 
7867 3589 3974 3588 
7868 3830 3900 3490 
7869 3583 3954 3587 
7870 3119 3828 3375 
7871 3827 3963 3319 
7872 3040 3374 157 
7873 3119 3375 117 
7874 3039 3377 152 
7875 3067 3381 147 
7876 3038 3384 99 
7877 3041 3385 124 
7878 3275 3962 3273 
7879 3785 3961 3574 
7880 3497 3498 3044 
7881 3438 3842 500 
7882 586 3843 3437 
7883 3206 3966 3204 
7884 3928 3964 3578 
7885 3523 3980 3524 
7886 3243 3982 3245 
7887 3118 3497 89 
7888 3591 3898 3067 
7889 3387 3840 138 
7890 134 3156 3095 
7891 110 3157 3094 
7892 3129 3387 140 
7893 3094 3376 108 
7894 94 3878 3066 
7895 3120 3878 95 
7896 106 3376 3042 
7897 119 3879 3119 
7898 3074 3879 120 
7899 3068 3378 129 
7900 3042 3380 104 
7901 127 3378 3041 
7902 102 3380 3038 
7903 3455 3934 3803 
7904 3518 3945 3820 
7905 112 3881 111 
7906 114 3881 113 
7907 3535 3928 3868 
7908 3114 3969 3583 
7909 3580 3967 3049 
7910 3581 3968 3050 
7911 3349 3965 3577 
7912 3488 3918 3823 
7913 3553 3963 3827 
7914 3874 3972 3624 
7915 3568 3947 3927 
7916 3570 3891 3052 
7917 228 3917 3107 
7918 3952 3974 3320 
7919 3044 3090 3043 
7920 3045 3092 3069 
7921 3818 3936 3472 
7922 3471 3937 3819 
7923 3566 3972 3838 
7924 3887 3948 3452 
7925 3560 3954 3891 
7926 3916 3959 3675 
7927 3072 3924 3370 
7928 3851 3915 3457 
7929 3809 3956 3541 
7930 3583 3969 3891 
7931 3891 3969 3052 
7932 3838 3972 3392 
7933 3852 3975 3466 
7934 3828 3953 3375 
7935 3069 3499 5 
7936 3847 3955 3554 
7937 200 3969 3114 
7938 3050 3968 41 
7939 3049 3967 185 
7940 3856 3924 3454 
7941 188 3965 3349 
7942 56 3981 3115 
7943 171 3979 3352 
7944 3933 3977 3083 
7945 3082 3976 3932 
7946 3891 3954 3583 
7947 3068 3983 3809 
7948 3042 3906 3380 
7949 3051 3867 3386 
7950 3048 3866 3396 
7951 135 3840 3156 
7952 3107 3917 3811 
7953 3848 3952 3557 
7954 3119 3879 3828 
7955 130 3983 3068 
7956 3913 3975 3852 
7957 3306 3917 230 
7958 3514 3956 3929 
7959 3850 3964 3535 
7960 3468 3944 3935 
7961 3935 3944 3693 
7962 3862 3975 3522 
7963 3352 3979 3838 
7964 3156 3929 3095 
7965 3927 3947 3493 
7966 3115 3981 3841 
7967 3392 3972 3874 
7968 3353 3947 3568 
7969 3445 3959 3916 
7970 3054 3927 3871 
7971 3746 3978 3925 
7972 3522 3975 3913 
7973 2 3497 3044 
7974 3535 3964 3928 
7975 3932 3976 3668 
7976 3638 3977 3933 
7977 3071 3949 3368 
7978 3306 3970 3842 
7979 3843 3971 3307 
7980 3055 3965 190 
7981 183 3967 3110 
7982 39 3968 3111 
7983 2 3044 3043 
7984 3045 3069 5 
7985 3052 3969 202 
7986 3057 3979 173 
7987 3053 3981 58 
7988 136 3985 3840 
7989 3095 3983 132 
7990 3842 3970 499 
7991 587 3971 3843 
7992 2 3043 88 
7993 161 3045 5 
7994 179 3062 178 
7995 35 3063 34 
7996 71 3060 70 
7997 215 3061 214 
7998 224 3070 223 
7999 26 3071 25 
8000 165 3073 164 
8001 85 3072 84 
8002 196 3065 195 
8003 198 3371 197 
8004 52 3064 51 
8005 54 3372 53 
8006 167 3369 166 
8007 226 3367 225 
8008 181 3365 180 
8009 37 3364 36 
8010 171 3352 170 
8011 188 3349 187 
8012 44 3350 43 
8013 220 3058 219 
8014 76 3059 75 
8015 174 3057 173 
8016 30 3056 29 
8017 499 3970 6 
8018 1 3971 587 
8019 47 3054 46 
8020 59 3053 58 
8021 203 3052 202 
8022 191 3055 190 
8023 217 3359 216 
8024 73 3362 72 
8025 28 3356 27 
8026 87 3401 86 
8027 231 3306 230 
8028 19 3307 18 
8029 163 3400 162 
8030 186 3049 185 
8031 64 3051 63 
8032 42 3050 41 
8033 208 3048 207 
8034 200 3114 199 
8035 56 3115 55 
8036 169 3047 168 
8037 81 3046 80 
8038 228 3107 227 
8039 22 3108 21 
8040 67 3113 66 
8041 211 3112 210 
8042 39 3111 38 
8043 183 3110 182 
8044 89 3497 2 
8045 138 3840 137 
8046 135 3156 134 
8047 111 3157 110 
8048 159 3040 158 
8049 91 3118 90 
8050 115 3507 114 
8051 140 3387 139 
8052 133 3095 132 
8053 109 3094 108 
8054 142 3129 141 
8055 94 3066 93 
8056 107 3376 106 
8057 119 3119 118 
8058 130 3068 129 
8059 154 3039 153 
8060 105 3042 104 
8061 145 3076 144 
8062 97 3120 96 
8063 128 3378 127 
8064 122 3074 121 
8065 103 3380 102 
8066 126 3041 125 
8067 101 3038 100 
8068 149 3067 148 
8069 111 3881 3157 
8070 3507 3881 114 
8071 6 3970 232 
8072 17 3971 1 
8073 3 3984 112 
8074 4 3985 136 
8075 137 3985 4 
8076 113 3984 3 
8077 112 3984 3881 
8078 3881 3984 113 
8079 3840 3985 137 
2 3 2 2923
8080 4727 4814 4047 
8081 5039 5094 4037 
8082 4694 5094 5039 
8083 4047 5151 4727 
8084 638 4778 637 
8085 4334 4762 4400 
8086 4888 4943 4644 
8087 4039 4778 638 
8088 4602 5226 5169 
8089 4768 5170 5129 
8090 4943 5176 4644 
8091 4680 4700 4070 
8092 4033 4909 4823 
8093 4473 5198 4794 
8094 4908 5097 4571 
8095 4684 4838 4504 
8096 4694 5125 5094 
8097 4693 5125 4694 
8098 4544 4739 4579 
8099 4021 5096 4683 
8100 4677 5202 4438 
8101 4504 5076 4684 
8102 400 4008 401 
8103 400 4435 4008 
8104 4462 5163 4875 
8105 4909 5155 4823 
8106 341 4016 342 
8107 372 4014 373 
8108 358 4015 359 
8109 375 4013 376 
8110 350 4441 4050 
8111 336 4442 4011 
8112 367 4443 4052 
8113 396 4594 397 
8114 392 4010 393 
8115 382 4440 383 
8116 4769 5224 5206 
8117 4685 4747 4489 
8118 330 4437 331 
8119 4070 4712 4680 
8120 380 4051 381 
8121 350 4050 351 
8122 336 4011 337 
8123 394 4010 395 
8124 373 4430 374 
8125 4875 5163 4676 
8126 363 4434 364 
8127 367 4052 368 
8128 332 4437 333 
8129 387 4017 388 
8130 346 4438 347 
8131 4742 5144 4473 
8132 353 5142 354 
8133 378 5143 379 
8134 339 4433 340 
8135 370 5144 371 
8136 356 4080 357 
8137 399 4435 400 
8138 385 4439 386 
8139 4473 5101 4742 
8140 366 4443 367 
8141 349 4441 350 
8142 335 4442 336 
8143 4794 5101 4473 
8144 4710 4711 4398 
8145 355 4080 356 
8146 369 5144 370 
8147 338 4433 339 
8148 352 5142 353 
8149 377 5143 378 
8150 4490 4698 4696 
8151 365 4443 366 
8152 334 4442 335 
8153 348 4441 349 
8154 398 4435 399 
8155 384 4439 385 
8156 4026 5016 4675 
8157 4683 5176 4021 
8158 5126 5181 4652 
8159 4398 4897 4710 
8160 4679 5154 5117 
8161 4710 4897 4512 
8162 5117 5154 4065 
8163 467 4451 468 
8164 298 4449 299 
8165 267 4460 268 
8166 421 4456 422 
8167 409 4461 410 
8168 294 4463 295 
8169 440 4465 441 
8170 272 4468 273 
8171 414 4469 415 
8172 4795 4936 4073 
8173 4695 4710 4512 
8174 4571 5155 4908 
8175 4707 4709 4041 
8176 402 5159 403 
8177 4830 4873 4072 
8178 473 4079 474 
8179 257 4078 258 
8180 428 5160 429 
8181 429 4032 430 
8182 299 4031 300 
8183 468 4048 469 
8184 422 4665 423 
8185 262 4455 263 
8186 431 4453 432 
8187 403 4059 404 
8188 308 4458 309 
8189 405 5161 406 
8190 297 4002 298 
8191 433 4003 434 
8192 466 4027 467 
8193 264 4028 265 
8194 266 4028 267 
8195 295 4002 296 
8196 406 3996 407 
8197 420 4054 421 
8198 310 4053 311 
8199 408 3996 409 
8200 435 4464 436 
8201 464 4459 465 
8202 418 5162 419 
8203 322 4462 323 
8204 437 3993 438 
8205 293 3992 294 
8206 439 3993 440 
8207 417 4029 418 
8208 415 4029 416 
8209 320 5163 321 
8210 269 3998 270 
8211 271 3998 272 
8212 291 4466 292 
8213 319 4007 320 
8214 411 4006 412 
8215 315 4470 316 
8216 413 4006 414 
8217 317 4007 318 
8218 459 4467 460 
8219 442 3988 443 
8220 274 3995 275 
8221 444 5164 445 
8222 276 5165 277 
8223 445 4056 446 
8224 283 4055 284 
8225 277 4057 278 
8226 447 5167 448 
8227 451 5168 452 
8228 448 3987 449 
8229 282 3986 283 
8230 450 3987 451 
8231 4762 5100 4400 
8232 285 5170 286 
8233 4067 4739 4686 
8234 4438 5099 4677 
8235 286 5170 287 
8236 4063 5213 5009 
8237 5129 5170 4860 
8238 5009 5123 4063 
8239 4686 4727 4067 
8240 5169 5226 4450 
8241 279 5180 280 
8242 4675 5086 4026 
8243 4068 4916 4690 
8244 325 5182 326 
8245 4472 5143 4744 
8246 4899 4907 4647 
8247 4697 5146 4730 
8248 4730 5200 4697 
8249 4548 4748 4714 
8250 468 4451 4048 
8251 299 4449 4031 
8252 4456 4665 422 
8253 295 4463 4002 
8254 415 4469 4029 
8255 3986 5124 283 
8256 283 5124 4055 
8257 280 5180 281 
8258 462 5187 463 
8259 302 5188 303 
8260 4599 5181 5126 
8261 324 5182 325 
8262 304 5172 305 
8263 4696 4706 4490 
8264 4711 4760 4398 
8265 4705 4734 4733 
8266 3994 5224 4769 
8267 4734 4735 4678 
8268 4453 5181 4003 
8269 4780 4782 4071 
8270 4454 5160 4726 
8271 461 5187 462 
8272 301 5188 302 
8273 3989 5170 4768 
8274 4538 4907 4899 
8275 4784 5193 4708 
8276 5206 5224 5105 
8277 4711 4756 4460 
8278 4444 4762 4334 
8279 4439 5195 4688 
8280 4512 4761 4695 
8281 4585 4756 4711 
8282 4038 5272 5037 
8283 4548 5228 4748 
8284 4040 4803 645 
8285 4700 4886 4045 
8286 4726 5085 4454 
8287 4598 5228 4548 
8288 4579 4739 4709 
8289 4686 4739 4544 
8290 4014 5140 373 
8291 4748 4757 4714 
8292 5163 5250 4676 
8293 4708 5178 4784 
8294 373 5140 4430 
8295 5037 5065 4038 
8296 4679 5086 4675 
8297 327 5221 328 
8298 4073 5141 4795 
8299 4206 4760 4416 
8300 4600 4762 4692 
8301 4462 4875 3997 
8302 453 5224 454 
8303 4391 4944 4699 
8304 4001 5097 4908 
8305 4676 5250 4751 
8306 604 5084 603 
8307 4460 5260 4711 
8308 4679 5117 5086 
8309 4478 4761 4387 
8310 4071 5216 4780 
8311 5084 5238 4970 
8312 4082 5179 4740 
8313 4709 5222 4041 
8314 4489 5199 4685 
8315 4744 5104 4472 
8316 4826 5092 4022 
8317 4777 4779 4044 
8318 361 5262 362 
8319 4794 5198 4691 
8320 4660 5098 4890 
8321 390 5265 391 
8322 4678 5099 4734 
8323 4474 5095 4437 
8324 4830 5214 4873 
8325 343 5275 344 
8326 4436 5207 4706 
8327 4066 5212 4669 
8328 603 5084 4754 
8329 5065 5106 4038 
8330 4046 4717 4716 
8331 471 5253 472 
8332 4669 5238 4066 
8333 4025 4754 4753 
8334 4495 5030 4755 
8335 4691 5198 4645 
8336 4755 5084 4970 
8337 4958 5232 4682 
8338 603 4754 602 
8339 4889 5096 4021 
8340 4039 5081 4778 
8341 645 4803 644 
8342 4692 5187 4600 
8343 4645 5156 4691 
8344 5205 5232 5111 
8345 260 5268 261 
8346 312 5269 313 
8347 289 5270 290 
8348 457 5271 458 
8349 4438 5202 4019 
8350 4705 4733 4433 
8351 4724 5232 5205 
8352 4459 4692 4628 
8353 4022 5225 4826 
8354 4003 5181 4599 
8355 4454 5181 4453 
8356 4625 5106 5065 
8357 4064 5125 4693 
8358 4890 5236 4660 
8359 4700 5174 4070 
8360 4726 5145 5085 
8361 4045 5174 4700 
8362 4733 4734 4016 
8363 4731 5147 4758 
8364 4688 5196 4439 
8365 4025 4753 4752 
8366 4731 4749 4603 
8367 4438 5275 5099 
8368 4574 4712 4647 
8369 4680 4712 4574 
8370 4690 5209 4068 
8371 4693 5177 4064 
8372 4735 5218 4678 
8373 5037 5272 5038 
8374 4875 5182 3997 
8375 4734 5099 4016 
8376 4916 5120 4690 
8377 4595 5274 4738 
8378 4602 5175 4767 
8379 4778 5166 637 
8380 4416 4760 4685 
8381 4398 4760 4206 
8382 4594 5207 4436 
8383 659 5240 4722 
8384 4046 4718 4717 
8385 4489 4747 4455 
8386 4021 5176 4943 
8387 4599 4749 4464 
8388 4441 5263 4050 
8389 602 4754 4025 
8390 4738 5196 4595 
8391 4641 5251 5159 
8392 5105 5168 4929 
8393 4703 5201 596 
8394 4744 5143 4431 
8395 4492 5232 4958 
8396 4722 5173 659 
8397 4662 4761 4478 
8398 4387 4761 4512 
8399 4876 4884 4060 
8400 4490 5121 4698 
8401 4072 5116 4830 
8402 4768 4838 4684 
8403 4767 5137 4602 
8404 4731 4758 4465 
8405 4641 5159 5138 
8406 4695 5131 4759 
8407 4779 4780 4044 
8408 5053 5124 3986 
8409 4944 5075 4699 
8410 4497 5179 4082 
8411 4684 5076 4463 
8412 328 5221 329 
8413 4791 5114 5113 
8414 596 5223 4703 
8415 4435 4446 4008 
8416 4755 5030 4753 
8417 4706 5200 4436 
8418 4465 4749 4731 
8419 4874 5157 4825 
8420 4677 5099 4678 
8421 4442 4704 4011 
8422 4728 4729 4244 
8423 4443 4473 4052 
8424 4755 4970 4495 
8425 4598 5115 4702 
8426 4382 5148 4715 
8427 4040 5132 4803 
8428 4730 5146 4729 
8429 4741 4743 4431 
8430 4066 5084 604 
8431 3986 5180 5053 
8432 4060 5182 4876 
8433 4066 5238 5084 
8434 454 5224 455 
8435 4826 4874 4825 
8436 4701 5254 4622 
8437 4673 5102 4716 
8438 4685 5260 4747 
8439 4908 5155 4909 
8440 4807 5191 5152 
8441 672 5258 4812 
8442 4035 4891 4725 
8443 4668 5231 4933 
8444 4715 5249 4382 
8445 5229 5230 4624 
8446 4553 5034 4891 
8447 4044 5166 4777 
8448 4933 5149 4668 
8449 4645 5198 4443 
8450 4657 5082 4887 
8451 4782 4784 4071 
8452 4474 5184 5095 
8453 4765 5199 4764 
8454 4705 4735 4734 
8455 4713 4772 4399 
8456 4704 4705 4433 
8457 4622 5184 4701 
8458 4764 5128 4543 
8459 4876 5182 4875 
8460 4451 4452 4048 
8461 4449 4450 4031 
8462 4463 4750 4002 
8463 4469 4702 4029 
8464 4764 5199 4489 
8465 4600 5100 4762 
8466 4752 5069 4025 
8467 4743 4744 4431 
8468 4812 5185 672 
8469 613 4872 612 
8470 5146 5252 4729 
8471 4723 5240 4036 
8472 5002 5213 5073 
8473 4736 5078 4735 
8474 5112 5263 4441 
8475 4934 4935 4631 
8476 4725 5236 4035 
8477 4699 5244 4391 
8478 4543 4765 4764 
8479 4399 5254 4713 
8480 4747 5260 4460 
8481 4647 5208 4899 
8482 4754 4755 4753 
8483 4692 5266 4628 
8484 4121 4772 4123 
8485 4695 4759 4468 
8486 4714 4757 4461 
8487 4795 5197 4936 
8488 4553 4891 4812 
8489 4891 5034 4725 
8490 5137 5226 4602 
8491 4768 5270 3989 
8492 4769 5271 3994 
8493 5088 5090 4537 
8494 4450 5226 5109 
8495 4082 4740 4080 
8496 4736 5230 5229 
8497 5113 5114 4783 
8498 4718 4719 4717 
8499 4662 5165 5131 
8500 4929 5168 4930 
8501 612 4872 4871 
8502 4033 4872 613 
8503 4437 5095 4024 
8504 4708 5193 4818 
8505 4602 5169 4601 
8506 5109 5188 4450 
8507 4034 5157 4874 
8508 4779 4781 4780 
8509 4023 4594 4436 
8510 5102 5233 4716 
8511 4446 4487 4008 
8512 5038 5272 691 
8513 5152 5191 4004 
8514 4431 5140 4741 
8515 4714 5148 4548 
8516 4871 4872 4822 
8517 4123 4772 4323 
8518 4399 4772 4121 
8519 4631 5243 4934 
8520 4442 5139 4704 
8521 4992 5241 5175 
8522 4749 5126 4603 
8523 5079 5083 4246 
8524 4752 5091 5069 
8525 4702 5228 4598 
8526 4463 5076 4750 
8527 4705 4736 4735 
8528 4766 4767 4471 
8529 4628 5266 5107 
8530 4220 5080 5077 
8531 4743 4745 4744 
8532 4065 5154 4724 
8533 4041 5178 4707 
8534 4716 5233 4046 
8535 4763 4785 4576 
8536 5068 5106 4625 
8537 5130 5165 4662 
8538 4739 5189 4709 
8539 590 4543 589 
8540 695 4581 694 
8541 4933 5231 4493 
8542 4718 4720 4719 
8543 4781 4782 4780 
8544 4802 5103 4043 
8545 4446 4663 4487 
8546 4719 5064 4717 
8547 4576 4785 4083 
8548 4771 4788 4396 
8549 4244 5150 4728 
8550 4070 5122 4712 
8551 626 4935 625 
8552 4723 5090 5088 
8553 4770 4788 4771 
8554 4090 4770 4086 
8555 4718 4722 4720 
8556 4720 4721 4719 
8557 625 4935 4934 
8558 4047 4935 626 
8559 693 5072 4063 
8560 4781 4783 4782 
8561 4663 4699 4487 
8562 4446 4664 4663 
8563 4090 4788 4770 
8564 4086 4770 4084 
8565 4721 5083 5079 
8566 5077 5080 4745 
8567 4785 4792 4088 
8568 4722 4723 4720 
8569 4763 4792 4785 
8570 4664 4728 4663 
8571 4887 5215 4657 
8572 4085 4785 4088 
8573 4208 4788 4094 
8574 4774 4787 4776 
8575 4396 4788 4208 
8576 4094 4788 4090 
8577 4207 4787 4774 
8578 4664 4729 4728 
8579 4207 4774 4773 
8580 4773 4786 4207 
8581 4786 4793 4089 
8582 4773 4793 4786 
8583 4664 4730 4729 
8584 4087 4786 4089 
8585 4207 4786 4091 
8586 4091 4786 4087 
8587 4099 4792 4395 
8588 4337 4793 4500 
8589 4395 4792 4763 
8590 4500 4793 4773 
8591 4092 4792 4099 
8592 4093 4793 4337 
8593 4591 4790 4789 
8594 4591 4789 4498 
8595 4097 4787 4207 
8596 4789 4797 4498 
8597 4103 4791 4100 
8598 4100 4791 4098 
8599 4498 4797 4095 
8600 4210 4797 4385 
8601 4385 4797 4789 
8602 4096 4797 4210 
8603 4794 4798 4588 
8604 4214 4798 4211 
8605 4678 4796 4411 
8606 4588 4798 4214 
8607 4211 4798 4209 
8608 4411 4796 4101 
8609 4499 4795 4591 
8610 4379 4798 4794 
8611 4102 4796 4105 
8612 4578 4802 4801 
8613 4578 4801 4800 
8614 4501 4800 4586 
8615 4501 4804 4800 
8616 4800 4801 4586 
8617 4213 4804 4216 
8618 4802 4803 4801 
8619 4216 4804 4501 
8620 4212 4804 4213 
8621 4104 4799 4103 
8622 4800 4804 4386 
8623 4386 4804 4212 
8624 4807 4989 4649 
8625 4806 4989 4807 
8626 4339 4989 4806 
8627 4805 4808 4400 
8628 4806 4810 4339 
8629 4339 4810 4423 
8630 4400 4808 4335 
8631 4833 4976 4815 
8632 4422 4854 4605 
8633 4808 4809 4335 
8634 4128 5056 5052 
8635 4423 5048 4877 
8636 4687 5062 4814 
8637 4951 5049 4425 
8638 4486 4822 4821 
8639 4506 4833 4815 
8640 4810 4976 4833 
8641 4486 4821 4820 
8642 4425 4854 4422 
8643 4810 4833 4423 
8644 4605 4854 4808 
8645 5011 5018 4846 
8646 4592 4824 4485 
8647 4817 4818 4799 
8648 4636 5018 5011 
8649 4708 4818 4817 
8650 4380 4820 4197 
8651 4425 5049 4854 
8652 4324 4845 4841 
8653 4503 5041 4364 
8654 4835 4952 4507 
8655 4220 4828 4217 
8656 5006 5036 4329 
8657 4107 4817 4799 
8658 4551 4811 4637 
8659 4813 4841 4508 
8660 4174 4839 4189 
8661 4168 4839 4174 
8662 4485 4824 4486 
8663 4508 4877 4813 
8664 4833 5048 4423 
8665 4197 4820 4322 
8666 4816 4997 4318 
8667 4841 4845 4508 
8668 4504 4838 4837 
8669 4922 4960 4323 
8670 4257 5035 4276 
8671 4486 4820 4380 
8672 4877 5048 4813 
8673 4147 4843 4145 
8674 4425 5005 4951 
8675 4814 5062 4632 
8676 4194 4877 4191 
8677 4951 5005 4879 
8678 4414 4989 4333 
8679 4360 4974 4827 
8680 4827 4974 4732 
8681 4816 5022 4997 
8682 4384 4832 4317 
8683 4808 4854 4809 
8684 4307 5008 4985 
8685 4639 4978 4415 
8686 4324 4843 4147 
8687 4819 4849 4171 
8688 4171 4960 4819 
8689 4835 4972 4836 
8690 4368 4967 4614 
8691 4507 4979 4972 
8692 4843 4866 4145 
8693 4966 4995 4180 
8694 4841 4842 4324 
8695 4415 4978 4203 
8696 4423 4877 4194 
8697 5007 5028 4857 
8698 4866 4977 4865 
8699 4486 4824 4822 
8700 4834 4952 4835 
8701 4363 4993 4187 
8702 4610 4964 4878 
8703 5024 5029 4491 
8704 4831 4840 4611 
8705 4217 4828 4215 
8706 4267 4868 4270 
8707 4277 4834 4279 
8708 4329 5036 4999 
8709 4321 4998 4445 
8710 4366 4844 4840 
8711 4985 5008 4831 
8712 4205 4837 4475 
8713 4107 4901 4817 
8714 4550 5036 5006 
8715 4878 4879 4610 
8716 4853 4983 4962 
8717 4268 4868 4267 
8718 4507 4972 4835 
8719 4819 4960 4922 
8720 4965 5025 4276 
8721 4280 4834 4277 
8722 4314 4998 4321 
8723 4559 4869 4560 
8724 4560 4869 4563 
8725 4974 4975 4732 
8726 4837 4838 4475 
8727 4286 4911 4288 
8728 4809 4979 4335 
8729 4847 5025 4965 
8730 4271 4867 4269 
8731 4288 4911 4365 
8732 4865 4977 4511 
8733 4189 4839 4815 
8734 4328 4914 4376 
8735 4305 4939 4304 
8736 4649 4989 4414 
8737 4550 5006 4417 
8738 4412 4816 4318 
8739 4517 4892 4852 
8740 4556 4829 4559 
8741 4842 4843 4324 
8742 4653 4861 4509 
8743 4616 4993 4363 
8744 4275 4867 4271 
8745 4869 4870 4563 
8746 4204 4897 4183 
8747 4567 5003 4593 
8748 4614 4967 4927 
8749 4834 4835 4279 
8750 4507 4952 4311 
8751 4626 4884 4883 
8752 4287 4846 4303 
8753 4878 4964 4613 
8754 4981 5019 4982 
8755 4864 4955 4144 
8756 4531 4914 4847 
8757 4281 4857 4286 
8758 4568 5060 5058 
8759 4347 4853 4351 
8760 4135 4856 4138 
8761 4611 4985 4831 
8762 5020 5042 4178 
8763 4485 4486 4380 
8764 616 4908 615 
8765 4840 4844 4612 
8766 4515 4883 4881 
8767 614 4909 4033 
8768 664 4889 4021 
8769 4847 4914 4428 
8770 4513 4855 4849 
8771 4611 4840 4612 
8772 4931 4975 4974 
8773 4881 4883 4547 
8774 4373 4858 4405 
8775 615 4909 614 
8776 667 4916 666 
8777 4319 4976 4413 
8778 4829 4830 4559 
8779 4648 4703 4649 
8780 4849 4959 4171 
8781 4375 4938 4326 
8782 4331 4837 4199 
8783 4313 4979 4507 
8784 4659 4669 4668 
8785 4855 4928 4426 
8786 4022 4932 620 
8787 4285 4894 4256 
8788 4269 4863 4265 
8789 4283 4996 4300 
8790 4298 4862 4307 
8791 4867 4878 4613 
8792 4882 4995 4966 
8793 4000 4916 667 
8794 4426 4856 4133 
8795 4753 5030 4540 
8796 4145 4866 4142 
8797 4332 4882 4522 
8798 4199 4837 4205 
8799 4325 4938 4937 
8800 4355 4964 4610 
8801 4815 4839 4506 
8802 4855 4959 4849 
8803 4152 4156 4153 
8804 4289 4846 4287 
8805 4325 4939 4305 
8806 4597 4621 4570 
8807 620 4932 619 
8808 665 4889 664 
8809 4338 4828 4590 
8810 4258 4954 4285 
8811 4564 4566 4565 
8812 4593 4825 4569 
8813 4164 4927 4152 
8814 4269 4867 4863 
8815 4661 4937 4850 
8816 4260 4954 4258 
8817 4885 4912 4904 
8818 4510 4990 4316 
8819 4861 4903 4509 
8820 5013 5032 4535 
8821 4365 4902 4290 
8822 4555 4829 4556 
8823 4565 4923 4562 
8824 4279 4950 4274 
8825 4119 4896 4399 
8826 4183 4897 4195 
8827 4504 4837 4331 
8828 4823 5041 4503 
8829 4108 4901 4107 
8830 4116 4896 4119 
8831 4129 4959 4131 
8832 4133 4856 4135 
8833 4150 4151 4143 
8834 4275 4878 4867 
8835 4552 4832 4384 
8836 4545 4686 4544 
8837 4579 4709 4707 
8838 4681 4886 4700 
8839 4135 4138 4137 
8840 4155 4893 4167 
8841 4160 5020 4178 
8842 4322 4364 4363 
8843 4752 4753 4540 
8844 4322 4503 4364 
8845 4511 4977 4848 
8846 4514 4849 4819 
8847 4562 4923 4561 
8848 4569 4825 4596 
8849 4263 4969 4266 
8850 4348 4983 4853 
8851 4188 4845 4157 
8852 4857 4911 4286 
8853 4174 4185 4175 
8854 4815 4976 4319 
8855 4364 4447 4371 
8856 4858 4859 4405 
8857 4879 5005 4610 
8858 4950 4951 4879 
8859 4192 4892 4361 
8860 4346 4971 4343 
8861 4256 4894 4254 
8862 4378 4973 4358 
8863 4306 5011 4846 
8864 4862 5008 4307 
8865 4496 4973 4378 
8866 4410 4553 4551 
8867 4226 4885 4880 
8868 4275 4879 4878 
8869 4540 4816 4412 
8870 4584 4679 4675 
8871 4143 4864 4144 
8872 4195 4398 4206 
8873 4368 4387 4204 
8874 4275 4950 4879 
8875 4326 4938 4325 
8876 4369 5024 4491 
8877 4426 4928 4856 
8878 4626 4883 4515 
8879 4155 4161 4160 
8880 4187 4993 4175 
8881 4237 4900 4235 
8882 4513 4849 4514 
8883 4553 4811 4551 
8884 4848 4977 4842 
8885 4166 4179 4177 
8886 4401 4402 4201 
8887 4418 4549 4417 
8888 4427 4840 4831 
8889 4848 4893 4511 
8890 4293 4990 4291 
8891 4296 4316 4293 
8892 4428 4914 4328 
8893 4448 4984 4371 
8894 4972 4979 4809 
8895 4186 4187 4175 
8896 4276 5035 4965 
8897 4863 4867 4613 
8898 4511 4893 4149 
8899 4350 4903 4353 
8900 4139 4866 4865 
8901 4609 4848 4842 
8902 4182 4368 4204 
8903 4512 4897 4204 
8904 4322 4820 4503 
8905 4357 5005 4359 
8906 4376 4914 4408 
8907 4334 4335 4315 
8908 4408 4531 4530 
8909 4573 4634 4633 
8910 4219 4220 4217 
8911 4222 4912 4885 
8912 4233 4234 4231 
8913 4239 4240 4237 
8914 4254 4894 4330 
8915 4345 4853 4347 
8916 4424 4893 4848 
8917 4501 4586 4502 
8918 4656 4915 4502 
8919 4551 4637 4552 
8920 4885 4904 4880 
8921 4216 4218 4217 
8922 4226 4906 4227 
8923 4240 4900 4237 
8924 4250 4391 4248 
8925 4574 4647 4519 
8926 4912 4915 4656 
8927 4403 4901 4111 
8928 4113 4114 4112 
8929 4115 4116 4114 
8930 4125 4126 4124 
8931 4362 4881 4202 
8932 4266 4969 4366 
8933 4853 4962 4351 
8934 4366 4969 4844 
8935 4418 4942 4573 
8936 4919 4921 4545 
8937 4687 4814 4727 
8938 4257 4258 4256 
8939 4559 4560 4558 
8940 4895 4986 4971 
8941 4940 5050 5047 
8942 4205 4373 4370 
8943 4937 4939 4325 
8944 4344 4964 4355 
8945 4475 4858 4373 
8946 4573 5027 4634 
8947 675 4958 674 
8948 4298 4305 4304 
8949 4304 4939 4528 
8950 4895 4971 4346 
8951 4369 4491 4414 
8952 4374 4535 4526 
8953 4146 4147 4145 
8954 4852 4892 4158 
8955 4195 4897 4398 
8956 4118 4920 4117 
8957 4131 4426 4133 
8958 4152 4927 4156 
8959 4193 4194 4191 
8960 4333 4339 4194 
8961 4265 4863 4264 
8962 4836 4950 4279 
8963 4292 4294 4293 
8964 4372 4697 4696 
8965 4580 4901 4403 
8966 4528 4533 4532 
8967 4708 4817 4580 
8968 4165 4166 4159 
8969 4165 4892 4192 
8970 4225 4925 4224 
8971 4227 4906 4230 
8972 4300 4301 4299 
8973 4353 4903 4383 
8974 4390 4595 4421 
8975 4393 4574 4519 
8976 4397 4538 4476 
8977 4416 4685 4640 
8978 4555 4556 4448 
8979 4830 4869 4559 
8980 4155 4160 4154 
8981 4155 4167 4161 
8982 4167 4170 4168 
8983 4167 4424 4170 
8984 4424 4505 4170 
8985 4198 4380 4197 
8986 4352 4903 4350 
8987 4827 4983 4360 
8988 4361 4513 4362 
8989 4609 4813 4505 
8990 4546 4875 4676 
8991 4676 4751 4554 
8992 4843 4977 4866 
8993 4314 4315 4313 
8994 4338 4590 4589 
8995 4358 4360 4356 
8996 4572 4625 4549 
8997 5052 5056 4620 
8998 4908 4909 615 
8999 4508 4845 4188 
9000 4227 4229 4228 
9001 4340 4613 4342 
9002 4368 4429 4387 
9003 4401 4547 4546 
9004 4406 4643 4477 
9005 4556 4557 4448 
9006 4567 4593 4569 
9007 4657 4658 4656 
9008 4880 4904 4681 
9009 4317 4832 4394 
9010 4394 4584 4582 
9011 4549 4550 4417 
9012 4997 5022 4198 
9013 4294 4296 4293 
9014 4307 4308 4305 
9015 4319 4412 4318 
9016 4364 4371 4363 
9017 4371 4984 4616 
9018 4413 4539 4412 
9019 4426 4959 4855 
9020 4590 4741 4589 
9021 4607 4810 4806 
9022 4312 4313 4311 
9023 4335 4979 4315 
9024 4165 4180 4166 
9025 4179 4200 4199 
9026 4401 4546 4402 
9027 4542 5040 5021 
9028 4547 4876 4875 
9029 4634 5018 4636 
9030 4904 4912 4658 
9031 4190 4193 4191 
9032 4340 4863 4613 
9033 4377 4404 4352 
9034 5000 5001 4445 
9035 4347 4351 4350 
9036 4998 5000 4445 
9037 4886 4904 4658 
9038 641 4073 640 
9039 646 4040 645 
9040 4140 4511 4149 
9041 4179 4181 4177 
9042 4199 4205 4181 
9043 4427 4523 4268 
9044 4523 4868 4268 
9045 4278 4280 4277 
9046 4477 4938 4375 
9047 4611 4612 4428 
9048 4918 5054 5051 
9049 617 4873 4001 
9050 661 4888 4036 
9051 4366 4427 4268 
9052 4281 4286 4284 
9053 4316 4990 4293 
9054 4310 4311 4301 
9055 4533 4725 4532 
9056 4777 4778 4775 
9057 4144 4145 4142 
9058 4150 4158 4151 
9059 4153 4845 4324 
9060 4158 4892 4165 
9061 4166 4177 4159 
9062 4165 4192 4180 
9063 4202 4881 4401 
9064 4266 4366 4268 
9065 4281 4283 4280 
9066 4333 4989 4339 
9067 4355 4356 4348 
9068 4509 4903 4352 
9069 4361 4892 4517 
9070 4514 4516 4515 
9071 4856 4928 4913 
9072 4257 4276 4259 
9073 4314 4321 4315 
9074 4835 4836 4279 
9075 4306 4846 4289 
9076 4422 4605 4479 
9077 4868 5028 5007 
9078 4146 4164 4152 
9079 4153 4324 4147 
9080 4149 4893 4155 
9081 4150 4913 4852 
9082 4160 4178 4154 
9083 4322 4363 4187 
9084 4191 4877 4508 
9085 4192 4202 4201 
9086 4198 4388 4380 
9087 4223 4224 4221 
9088 4233 4926 4236 
9089 4236 4397 4238 
9090 4243 4244 4241 
9091 4247 4248 4245 
9092 4267 4269 4265 
9093 4273 4277 4274 
9094 4299 4834 4280 
9095 4286 4288 4287 
9096 4298 4307 4305 
9097 4513 4514 4362 
9098 4388 4495 4494 
9099 4408 4530 4409 
9100 4416 4640 4638 
9101 4424 4848 4609 
9102 4612 4847 4428 
9103 4643 4690 4477 
9104 4481 4536 4483 
9105 4516 4627 4626 
9106 4882 4994 4522 
9107 4988 5004 4524 
9108 4539 4752 4540 
9109 4605 4808 4805 
9110 4634 4635 4633 
9111 4141 4143 4142 
9112 4163 4172 4157 
9113 4206 4415 4203 
9114 4263 4265 4264 
9115 4290 4292 4291 
9116 4517 4928 4855 
9117 4564 4567 4566 
9118 618 4873 617 
9119 4043 4924 642 
9120 648 4887 647 
9121 663 4943 662 
9122 670 4890 669 
9123 4138 4139 4137 
9124 4174 4175 4169 
9125 4252 4944 4250 
9126 4274 4950 4275 
9127 4276 5025 5012 
9128 4313 4507 4311 
9129 4348 4853 4345 
9130 4359 4422 4378 
9131 4359 4425 4422 
9132 4383 4861 4598 
9133 643 4043 642 
9134 4856 4913 4138 
9135 4868 5007 4270 
9136 4295 4298 4297 
9137 4320 4384 4317 
9138 4369 4414 4333 
9139 4408 4409 4407 
9140 4683 4956 4480 
9141 4858 4860 4859 
9142 4116 4119 4118 
9143 4920 4921 4117 
9144 4121 4123 4122 
9145 4123 4125 4124 
9146 4127 4129 4128 
9147 4135 4137 4136 
9148 4141 4142 4139 
9149 4143 4144 4142 
9150 4218 4219 4217 
9151 4219 4221 4220 
9152 4223 4225 4224 
9153 4229 4947 4390 
9154 4230 4906 4393 
9155 4519 4926 4232 
9156 4236 4237 4235 
9157 4235 4900 4372 
9158 4236 4926 4397 
9159 4238 4239 4237 
9160 4242 4243 4241 
9161 4263 4264 4262 
9162 4264 4340 4272 
9163 4321 4334 4315 
9164 4404 4509 4352 
9165 4520 4895 4354 
9166 4383 4598 4548 
9167 4390 4948 4595 
9168 4397 4907 4538 
9169 4688 4689 4421 
9170 4655 4656 4502 
9171 4852 4928 4517 
9172 4560 4561 4558 
9173 4561 4918 4917 
9174 4575 4681 4680 
9175 4716 4717 4674 
9176 4149 4155 4154 
9177 4170 4839 4168 
9178 4186 4198 4197 
9179 4262 4953 4260 
9180 4281 4284 4283 
9181 4288 4289 4287 
9182 4290 4291 4289 
9183 4353 4354 4349 
9184 4376 4408 4407 
9185 4584 4675 4582 
9186 4604 4827 4732 
9187 4277 4279 4274 
9188 4528 4534 4533 
9189 649 4045 648 
9190 651 4070 650 
9191 654 4898 653 
9192 661 4036 660 
9193 664 4021 663 
9194 666 4068 665 
9195 671 4035 670 
9196 674 4061 673 
9197 676 4492 675 
9198 4151 4864 4143 
9199 4173 4968 4172 
9200 4183 4184 4173 
9201 4264 4863 4340 
9202 4317 4394 4316 
9203 4342 4964 4344 
9204 4345 4346 4343 
9205 4366 4840 4427 
9206 4383 4903 4861 
9207 4541 4641 4542 
9208 4270 4271 4269 
9209 4418 4572 4549 
9210 4392 4403 4111 
9211 4389 4622 4115 
9212 4196 4920 4118 
9213 4119 4121 4120 
9214 4129 4131 4130 
9215 4144 4146 4145 
9216 4150 4852 4158 
9217 4216 4501 4218 
9218 4223 4885 4226 
9219 4227 4230 4229 
9220 4235 4372 4234 
9221 4249 4251 4250 
9222 4257 4259 4258 
9223 4296 4320 4317 
9224 4306 4990 4851 
9225 4332 4522 4420 
9226 4334 4400 4335 
9227 4349 4895 4346 
9228 4347 4350 4349 
9229 4353 4381 4354 
9230 4382 4520 4354 
9231 4372 4900 4697 
9232 4930 4931 4496 
9233 4696 4698 4518 
9234 4575 4906 4880 
9235 4817 4901 4580 
9236 4682 4724 4646 
9237 4671 4673 4672 
9238 4673 4716 4674 
9239 4681 4700 4680 
9240 4681 4904 4886 
9241 4142 4866 4139 
9242 4140 4149 4148 
9243 4158 4165 4159 
9244 4505 4506 4170 
9245 4286 4287 4284 
9246 4308 4326 4325 
9247 4516 4626 4515 
9248 5047 5050 4536 
9249 4638 4693 4639 
9250 4295 4862 4298 
9251 4310 4312 4311 
9252 4419 4504 4331 
9253 4354 4895 4349 
9254 4376 4407 4406 
9255 4404 4652 4509 
9256 4409 4481 4480 
9257 4690 4850 4477 
9258 4481 4483 4482 
9259 4521 4525 4520 
9260 4953 4954 4260 
9261 4273 4274 4271 
9262 4291 4990 4306 
9263 4359 4378 4358 
9264 4427 4831 4524 
9265 4483 4644 4482 
9266 4521 4541 4529 
9267 4535 5031 5013 
9268 4789 4790 4577 
9269 4109 4905 4110 
9270 4110 4113 4112 
9271 4113 4115 4114 
9272 4125 4127 4126 
9273 4171 4959 4129 
9274 4131 4133 4132 
9275 4133 4135 4134 
9276 4218 4915 4219 
9277 4219 4222 4221 
9278 4223 4226 4225 
9279 4390 4421 4228 
9280 4230 4232 4231 
9281 4393 4519 4232 
9282 4397 4476 4238 
9283 4247 4302 4249 
9284 4250 4944 4391 
9285 4253 4254 4252 
9286 4255 4256 4254 
9287 4274 4275 4271 
9288 4309 4310 4301 
9289 4345 4347 4346 
9290 4389 4905 4624 
9291 4393 4906 4575 
9292 4544 4579 4403 
9293 4595 4688 4421 
9294 4538 4671 4476 
9295 4520 4986 4895 
9296 4545 4921 4687 
9297 4575 4880 4681 
9298 4579 4707 4580 
9299 4605 4805 4606 
9300 4655 4657 4656 
9301 4069 4898 654 
9302 4283 4299 4280 
9303 4327 4328 4326 
9304 4373 4374 4370 
9305 4382 4521 4520 
9306 4636 4670 4635 
9307 4966 4994 4882 
9308 4492 4958 675 
9309 4898 4899 4042 
9310 4110 4112 4111 
9311 4112 4919 4392 
9312 4116 4118 4117 
9313 4121 4122 4120 
9314 4123 4124 4122 
9315 4127 4128 4126 
9316 4129 4130 4128 
9317 4131 4132 4130 
9318 4133 4134 4132 
9319 4132 4945 4162 
9320 4135 4136 4134 
9321 4134 4949 4945 
9322 4137 4140 4136 
9323 4141 4150 4143 
9324 4156 4157 4153 
9325 4167 4893 4424 
9326 4182 4204 4183 
9327 4200 4882 4332 
9328 4278 4281 4280 
9329 4278 4857 4281 
9330 4287 4303 4284 
9331 4291 4306 4289 
9332 4332 4420 4419 
9333 4389 4624 4623 
9334 4579 4580 4403 
9335 4420 4602 4601 
9336 4427 4524 4523 
9337 4618 4619 4478 
9338 4545 4687 4686 
9339 4556 4559 4558 
9340 4707 4708 4580 
9341 4193 4333 4194 
9342 4266 4268 4267 
9343 4300 4309 4301 
9344 4308 4327 4326 
9345 4534 4660 4533 
9346 4776 4779 4777 
9347 4110 4111 4108 
9348 4113 4389 4115 
9349 4116 4117 4114 
9350 4117 4921 4919 
9351 4120 4196 4118 
9352 4126 4176 4124 
9353 4132 4162 4130 
9354 4158 4159 4151 
9355 4168 4169 4161 
9356 4180 4995 4166 
9357 4179 4199 4181 
9358 4186 4197 4187 
9359 4192 4361 4202 
9360 4205 4475 4373 
9361 4229 4390 4228 
9362 4332 4419 4331 
9363 4342 4344 4343 
9364 4344 4348 4345 
9365 4381 4382 4354 
9366 4372 4696 4518 
9367 4377 4603 4404 
9368 4388 4485 4380 
9369 4389 4623 4622 
9370 4392 4544 4403 
9371 4401 4881 4547 
9372 4420 4601 4419 
9373 4689 4925 4421 
9374 4424 4609 4505 
9375 4541 4542 4529 
9376 4547 4883 4876 
9377 4556 4558 4557 
9378 4560 4562 4561 
9379 4567 4568 4566 
9380 4569 4570 4568 
9381 4596 4597 4570 
9382 4575 4680 4574 
9383 4741 4742 4589 
9384 4629 4630 4597 
9385 4609 4841 4813 
9386 4697 4706 4696 
9387 4111 4901 4108 
9388 4141 4913 4150 
9389 4501 4502 4218 
9390 4222 4885 4223 
9391 4234 4947 4231 
9392 4232 4926 4233 
9393 4233 4236 4235 
9394 4372 4518 4234 
9395 4236 4238 4237 
9396 4239 4242 4241 
9397 4242 4946 4243 
9398 4243 4246 4245 
9399 4288 4290 4289 
9400 4368 4614 4429 
9401 4397 4926 4907 
9402 4418 4573 4572 
9403 4586 4655 4502 
9404 4365 4988 4902 
9405 4539 4540 4412 
9406 4536 4537 4483 
9407 4113 4905 4389 
9408 4131 4959 4426 
9409 4152 4153 4147 
9410 4156 4163 4157 
9411 4222 4915 4912 
9412 4880 4906 4226 
9413 4230 4231 4229 
9414 4292 4295 4294 
9415 4308 4325 4305 
9416 4342 4343 4341 
9417 4344 4355 4348 
9418 4350 4353 4349 
9419 4359 5005 4425 
9420 4406 4477 4375 
9421 4392 4545 4544 
9422 4447 4555 4448 
9423 4671 4672 4476 
9424 4647 4907 4519 
9425 4528 4532 4527 
9426 4531 4617 4530 
9427 4561 4917 4558 
9428 4567 4569 4568 
9429 4596 4629 4597 
9430 4629 4631 4630 
9431 4673 4674 4672 
9432 4842 4977 4843 
9433 4978 5029 5024 
9434 612 4871 611 
9435 617 4001 616 
9436 627 4047 626 
9437 632 4041 631 
9438 640 4936 639 
9439 653 4042 652 
9440 655 4069 654 
9441 658 4046 657 
9442 662 4888 661 
9443 668 4000 667 
9444 4251 4282 4253 
9445 4254 4330 4252 
9446 4266 4267 4265 
9447 4273 4278 4277 
9448 4344 4345 4343 
9449 4394 4582 4510 
9450 4652 4653 4509 
9451 4847 4965 4531 
9452 4534 4661 4660 
9453 4604 4732 4731 
9454 4106 4109 4108 
9455 4387 4512 4204 
9456 4270 4273 4271 
9457 4315 4979 4313 
9458 4392 4919 4545 
9459 4619 4662 4478 
9460 4296 4317 4316 
9461 4298 4304 4297 
9462 4351 4352 4350 
9463 4361 4517 4513 
9464 4514 4515 4362 
9465 4376 4406 4375 
9466 4547 4875 4546 
9467 4560 4563 4562 
9468 4590 4743 4741 
9469 4962 4983 4827 
9470 4931 4974 4973 
9471 4182 4967 4368 
9472 4195 4203 4184 
9473 4195 4206 4203 
9474 4206 4416 4415 
9475 4216 4217 4215 
9476 4222 4223 4221 
9477 4243 4245 4244 
9478 4247 4249 4248 
9479 4302 4940 4249 
9480 4253 4255 4254 
9481 4259 4260 4258 
9482 4261 4262 4260 
9483 4264 4272 4262 
9484 4340 4341 4272 
9485 4341 4367 4272 
9486 4292 4293 4291 
9487 4327 4428 4328 
9488 4355 4610 4357 
9489 4578 4800 4386 
9490 4480 4956 4407 
9491 4416 4638 4415 
9492 4582 4583 4510 
9493 4521 4529 4525 
9494 4550 5037 5036 
9495 4604 4731 4603 
9496 4674 4961 4672 
9497 5000 5002 5001 
9498 4304 4528 4527 
9499 4374 5031 4535 
9500 4410 4551 4384 
9501 4534 4937 4661 
9502 4163 4173 4172 
9503 4261 4969 4263 
9504 4272 4953 4262 
9505 4263 4266 4265 
9506 4356 4983 4348 
9507 4355 4357 4356 
9508 4911 5004 4365 
9509 4406 4956 4643 
9510 4530 4941 4409 
9511 4001 4908 616 
9512 4072 4873 618 
9513 4034 4874 623 
9514 4073 4936 640 
9515 4045 4887 648 
9516 4021 4943 663 
9517 4068 4889 665 
9518 4035 4890 670 
9519 4267 4270 4269 
9520 4327 4611 4428 
9521 4383 4548 4381 
9522 639 4039 638 
9523 4138 4913 4141 
9524 4182 4183 4173 
9525 4192 4201 4180 
9526 4183 4195 4184 
9527 4339 4423 4194 
9528 4202 4401 4201 
9529 4203 4978 4615 
9530 4251 4940 4282 
9531 4300 4942 4309 
9532 4319 4413 4412 
9533 4340 4342 4341 
9534 4351 4377 4352 
9535 4353 4383 4381 
9536 4609 4842 4841 
9537 4304 4527 4297 
9538 4422 4479 4378 
9539 4409 4941 4481 
9540 4482 4683 4480 
9541 4309 4417 4310 
9542 4312 4314 4313 
9543 4138 4141 4139 
9544 4144 4955 4146 
9545 4163 4182 4173 
9546 4168 4174 4169 
9547 4184 4968 4173 
9548 4203 4615 4184 
9549 4189 4318 4185 
9550 4190 4191 4188 
9551 4200 4331 4199 
9552 4258 4285 4256 
9553 4300 4996 4942 
9554 4328 4375 4326 
9555 4357 4359 4358 
9556 4515 4881 4362 
9557 4429 4478 4387 
9558 4605 4606 4479 
9559 4481 4941 4536 
9560 4637 4682 4646 
9561 4687 4727 4686 
9562 4999 5000 4998 
9563 4149 4154 4148 
9564 4200 4332 4331 
9565 4219 4915 4222 
9566 4227 4228 4225 
9567 4231 4947 4229 
9568 4230 4393 4232 
9569 4239 4910 4242 
9570 4243 4946 4246 
9571 4249 4250 4248 
9572 4251 4252 4250 
9573 4330 4944 4252 
9574 4283 4300 4299 
9575 4309 4418 4417 
9576 4347 4349 4346 
9577 4546 4554 4402 
9578 4517 4855 4513 
9579 4907 4926 4519 
9580 4658 4912 4656 
9581 4185 4186 4175 
9582 4370 4981 4181 
9583 4191 4508 4188 
9584 4394 4510 4316 
9585 4374 4526 4370 
9586 4413 4607 4587 
9587 4929 4930 4496 
9588 4189 4815 4319 
9589 4284 4996 4283 
9590 4371 4616 4363 
9591 4377 4604 4603 
9592 4447 4571 4555 
9593 4532 5034 5026 
9594 4564 4565 4562 
9595 4593 4826 4825 
9596 4607 4806 4608 
9597 4806 4807 4608 
9598 609 4933 4493 
9599 619 4932 4072 
9600 639 4936 4039 
9601 653 4898 4042 
9602 662 4943 4888 
9603 666 4916 4068 
9604 674 4958 4061 
9605 4172 4968 4190 
9606 4364 5041 4447 
9607 4481 4482 4480 
9608 4698 4948 4518 
9609 4564 5003 4567 
9610 4566 4620 4565 
9611 642 4924 641 
9612 4205 4370 4181 
9613 4249 4940 4251 
9614 4307 4985 4308 
9615 4312 4329 4314 
9616 4365 5004 4988 
9617 4479 4496 4378 
9618 4641 4642 4542 
9619 4546 4676 4554 
9620 4636 4957 4670 
9621 4172 4190 4188 
9622 4189 4319 4318 
9623 4261 4263 4262 
9624 4309 4942 4418 
9625 4338 4589 4588 
9626 4836 4951 4950 
9627 4308 4985 4327 
9628 4328 4376 4375 
9629 4606 4929 4479 
9630 4193 4369 4333 
9631 4502 4915 4218 
9632 4226 4227 4225 
9633 4232 4233 4231 
9634 4233 4235 4234 
9635 4476 4910 4238 
9636 4239 4241 4240 
9637 4246 4247 4245 
9638 4321 4444 4334 
9639 4343 4971 4341 
9640 4393 4575 4574 
9641 609 4493 608 
9642 611 4062 610 
9643 614 4033 613 
9644 619 4072 618 
9645 621 4022 620 
9646 623 4874 622 
9647 624 4034 623 
9648 625 4934 624 
9649 629 4067 628 
9650 634 4071 633 
9651 636 4044 635 
9652 4167 4168 4161 
9653 4377 4962 4604 
9654 4494 4659 4592 
9655 4534 4939 4937 
9656 4429 4618 4478 
9657 641 4924 4073 
9658 4228 4925 4225 
9659 4394 4832 4584 
9660 4409 4480 4407 
9661 4251 4253 4252 
9662 4255 4257 4256 
9663 4259 4261 4260 
9664 4408 4914 4531 
9665 4931 4973 4496 
9666 4311 4952 4301 
9667 4388 4494 4485 
9668 4615 4987 4968 
9669 4172 4188 4157 
9670 4638 4639 4415 
9671 4110 4905 4113 
9672 4112 4392 4111 
9673 4119 4399 4121 
9674 4123 4323 4125 
9675 4125 4960 4127 
9676 4127 4171 4129 
9677 4134 4945 4132 
9678 4140 4148 4136 
9679 4238 4910 4239 
9680 4357 4358 4356 
9681 4358 4973 4360 
9682 4526 4981 4370 
9683 4947 4948 4390 
9684 4672 4910 4476 
9685 4561 4923 4918 
9686 4631 4632 4630 
9687 4693 4694 4639 
9688 4201 4966 4180 
9689 4516 4922 4627 
9690 4109 4110 4108 
9691 4119 4120 4118 
9692 4127 4960 4171 
9693 4174 4189 4185 
9694 4351 4962 4377 
9695 4413 4587 4539 
9696 4558 4917 4557 
9697 4607 4608 4587 
9698 4910 4961 4242 
9699 4491 4648 4414 
9700 4479 4929 4496 
9701 4518 4948 4947 
9702 4295 4902 4862 
9703 4447 4448 4371 
9704 4554 4994 4402 
9705 4751 4992 4554 
9706 4563 4564 4562 
9707 4181 4981 4177 
9708 4197 4322 4187 
9709 4421 4925 4228 
9710 4518 4947 4234 
9711 4367 4953 4272 
9712 4288 4365 4290 
9713 4610 5005 4357 
9714 4528 4939 4534 
9715 4672 4961 4910 
9716 4982 5019 4864 
9717 4973 4974 4360 
9718 4552 5023 4832 
9719 4573 4633 4572 
9720 4360 4983 4356 
9721 4373 4405 4374 
9722 4583 4851 4510 
9723 4295 4297 4294 
9724 4551 4552 4384 
9725 4553 4812 4811 
9726 4137 4865 4140 
9727 4525 5017 5014 
9728 4883 4884 4876 
9729 4157 4845 4153 
9730 4407 4956 4406 
9731 4413 4976 4607 
9732 4634 4636 4635 
9733 4514 4819 4516 
9734 4107 4799 4104 
9735 4338 4588 4214 
9736 4321 4445 4444 
9737 4525 4986 4520 
9738 4294 4991 4296 
9739 5014 5017 4954 
9740 4242 4961 4946 
9741 4215 4828 4338 
9742 4320 4410 4384 
9743 611 4871 4062 
9744 624 4934 4034 
9745 4361 4362 4202 
9746 4851 4990 4510 
9747 4857 5028 4911 
9748 5012 5025 4844 
9749 4297 4991 4294 
9750 4902 4988 4862 
9751 4114 4919 4112 
9752 4494 4592 4485 
9753 4522 4994 4992 
9754 4659 4668 4592 
9755 4140 4865 4511 
9756 4927 4967 4156 
9757 4417 5006 4310 
9758 4776 4777 4775 
9759 4115 4896 4116 
9760 4992 4994 4554 
9761 4637 4646 4552 
9762 4615 4968 4184 
9763 4954 5017 4285 
9764 4117 4919 4114 
9765 4323 4960 4125 
9766 4146 4955 4164 
9767 4937 4938 4850 
9768 4913 4928 4852 
9769 4527 4991 4297 
9770 4569 4596 4570 
9771 4290 4902 4292 
9772 4146 4152 4147 
9773 4524 5008 4988 
9774 4607 4976 4810 
9775 4836 5049 4951 
9776 4971 4986 4367 
9777 4648 4649 4414 
9778 4850 4938 4477 
9779 4646 5023 4552 
9780 4136 4949 4134 
9781 4139 4865 4137 
9782 4341 4971 4367 
9783 4557 4984 4448 
9784 4584 5023 4679 
9785 4178 4963 4154 
9786 4166 4995 4179 
9787 4276 5012 4259 
9788 4327 4985 4611 
9789 4163 4967 4182 
9790 4604 4962 4827 
9791 4613 4964 4342 
9792 5026 5034 4410 
9793 4148 4963 4949 
9794 4270 5007 4273 
9795 4854 5049 4809 
9796 4622 4896 4115 
9797 4292 4902 4295 
9798 4821 4823 4503 
9799 5021 5040 4894 
9800 4299 4952 4834 
9801 610 4933 609 
9802 4198 5022 4388 
9803 5042 5045 4178 
9804 4675 5016 4582 
9805 4774 4776 4775 
9806 4524 5004 4523 
9807 4614 5032 5013 
9808 4957 5015 4670 
9809 4999 5010 5009 
9810 4301 4952 4299 
9811 4988 5008 4862 
9812 4968 4987 4190 
9813 4161 4980 4160 
9814 4981 4982 4177 
9815 4402 4994 4966 
9816 4329 4998 4314 
9817 4820 4821 4503 
9818 4980 4993 4616 
9819 4285 5021 4894 
9820 4154 4963 4148 
9821 4402 4966 4201 
9822 4494 4970 4659 
9823 4531 4965 4617 
9824 4179 4995 4200 
9825 4809 5049 4972 
9826 4148 4949 4136 
9827 4583 4957 4851 
9828 4296 4991 4320 
9829 4151 4982 4864 
9830 4156 4967 4163 
9831 4193 4987 4369 
9832 4200 4995 4882 
9833 4819 4922 4516 
9834 4639 5029 4978 
9835 5037 5038 5010 
9836 4526 5019 4981 
9837 4388 5022 4495 
9838 4583 5015 4957 
9839 4563 5003 4564 
9840 4273 5007 4278 
9841 4942 5027 4573 
9842 4831 5008 4524 
9843 4177 4982 4159 
9844 4278 5007 4857 
9845 4255 5035 4257 
9846 4864 5019 4955 
9847 4106 4108 4107 
9848 4870 5003 4563 
9849 4634 5027 5018 
9850 4385 4789 4577 
9851 4525 5014 4986 
9852 5017 5021 4285 
9853 4953 5014 4954 
9854 4577 4578 4386 
9855 4303 4996 4284 
9856 4062 4933 610 
9857 4190 4987 4193 
9858 4846 5018 4303 
9859 4213 4216 4215 
9860 4582 5016 4583 
9861 4318 4997 4185 
9862 4969 5012 4844 
9863 4329 4999 4998 
9864 4169 4980 4161 
9865 4535 5033 4526 
9866 4999 5009 5000 
9867 4405 5046 5031 
9868 4694 5029 4639 
9869 4984 5042 5020 
9870 4532 5026 4527 
9871 4617 5044 4530 
9872 5043 5044 4617 
9873 5031 5046 4618 
9874 4636 5011 4957 
9875 4642 5040 4542 
9876 5051 5054 4945 
9877 4526 5033 5019 
9878 4911 5028 5004 
9879 4506 4839 4170 
9880 4367 5014 4953 
9881 4583 5016 5015 
9882 4832 5023 4584 
9883 4310 5006 4312 
9884 4215 4338 4214 
9885 4159 4982 4151 
9886 4253 5043 4255 
9887 4429 5013 4618 
9888 4529 5017 4525 
9889 4941 5047 4536 
9890 4495 4970 4494 
9891 4986 5014 4367 
9892 5000 5009 5002 
9893 4542 5021 4529 
9894 4996 5027 4942 
9895 4175 4993 4169 
9896 4529 5021 5017 
9897 4320 5026 4410 
9898 4312 5006 4329 
9899 4540 5030 4816 
9900 4917 5045 5042 
9901 4505 5048 4506 
9902 4972 5049 4836 
9903 4164 5032 4927 
9904 5004 5028 4523 
9905 4523 5028 4868 
9906 4259 5012 4261 
9907 4302 5050 4940 
9908 4612 5025 4847 
9909 4917 5042 4557 
9910 4255 5043 5035 
9911 4927 5032 4614 
9912 4851 5011 4306 
9913 5032 5033 4535 
9914 4980 5020 4160 
9915 4844 5025 4612 
9916 4999 5036 5010 
9917 4725 5034 4532 
9918 5036 5037 5010 
9919 4614 5013 4429 
9920 4261 5012 4969 
9921 5022 5030 4495 
9922 5019 5033 4955 
9923 4410 5034 4553 
9924 4178 5045 4963 
9925 4186 4997 4198 
9926 5013 5031 4618 
9927 4282 5043 4253 
9928 4816 5030 5022 
9929 4303 5027 4996 
9930 5029 5039 4491 
9931 4282 5044 5043 
9932 4694 5039 5029 
9933 4955 5033 4164 
9934 4164 5033 5032 
9935 4169 4993 4980 
9936 4615 5024 4987 
9937 4405 5031 4374 
9938 4894 5040 4330 
9939 4987 5024 4369 
9940 4506 5048 4833 
9941 4923 5055 5054 
9942 4527 5026 4991 
9943 4491 5039 4648 
9944 4122 5061 5057 
9945 4859 5046 4405 
9946 4949 5051 4945 
9947 4557 5042 4984 
9948 4965 5035 4617 
9949 4185 4997 4186 
9950 4616 5020 4980 
9951 5058 5060 4176 
9952 4991 5026 4320 
9953 4447 5041 4571 
9954 4978 5024 4615 
9955 4530 5044 4941 
9956 5018 5027 4303 
9957 4128 5052 4126 
9958 4984 5020 4616 
9959 4565 5055 4923 
9960 4618 5046 4619 
9961 4957 5011 4851 
9962 4923 5054 4918 
9963 5035 5043 4617 
9964 4813 5048 4505 
9965 4940 5047 4282 
9966 4918 5045 4917 
9967 4106 4107 4104 
9968 4385 4577 4386 
9969 4536 5050 4537 
9970 4130 5056 4128 
9971 4963 5051 4949 
9972 4213 4215 4214 
9973 4774 4775 4651 
9974 5044 5047 4941 
9975 4566 5058 4620 
9976 4282 5047 5044 
9977 5045 5051 4963 
9978 4597 5059 4621 
9979 4120 5057 4196 
9980 4570 5060 4568 
9981 4918 5051 5045 
9982 4126 5052 4176 
9983 4945 5054 4162 
9984 5057 5061 4621 
9985 4921 5062 4687 
9986 5054 5055 4162 
9987 4620 5055 4565 
9988 4620 5058 5052 
9989 4630 5063 5059 
9990 5046 5053 4619 
9991 4124 5061 4122 
9992 4621 5059 5057 
9993 4859 5053 5046 
9994 4162 5056 4130 
9995 5057 5059 4196 
9996 4122 5057 4120 
9997 5052 5058 4176 
9998 4568 5058 4566 
9999 4176 5061 4124 
10000 5059 5063 4196 
10001 4630 5059 4597 
10002 4621 5060 4570 
10003 4632 5063 4630 
10004 5055 5056 4162 
10005 4620 5056 5055 
10006 4920 5062 4921 
10007 4920 5063 5062 
10008 5062 5063 4632 
10009 4196 5063 4920 
10010 5060 5061 4176 
10011 4677 4678 4411 
10012 4385 4386 4212 
10013 4773 4774 4651 
10014 4213 4214 4211 
10015 4105 4106 4104 
10016 4621 5061 5060 
10017 4395 4763 4667 
10018 4667 4677 4411 
10019 4102 4105 4104 
10020 4212 4213 4211 
10021 4379 4794 4691 
10022 4210 4385 4212 
10023 4500 4773 4651 
10024 4102 4104 4103 
10025 4395 4667 4411 
10026 4500 4651 4650 
10027 4379 4691 4396 
10028 4210 4212 4211 
10029 4650 4795 4499 
10030 4379 4396 4208 
10031 4101 4796 4102 
10032 4209 4798 4379 
10033 4500 4650 4499 
10034 4210 4211 4209 
10035 4102 4103 4100 
10036 4395 4411 4101 
10037 4096 4210 4209 
10038 4337 4500 4499 
10039 4209 4379 4208 
10040 4499 4591 4498 
10041 4099 4395 4101 
10042 4101 4102 4100 
10043 4099 4101 4100 
10044 4096 4209 4208 
10045 4337 4499 4498 
10046 4337 4498 4095 
10047 4336 4787 4097 
10048 4095 4797 4096 
10049 4098 4791 4336 
10050 4096 4208 4094 
10051 4099 4100 4098 
10052 4098 4336 4097 
10053 4092 4099 4098 
10054 4095 4096 4094 
10055 4093 4337 4095 
10056 4093 4095 4094 
10057 4092 4098 4097 
10058 4097 4207 4091 
10059 4088 4792 4092 
10060 4092 4097 4091 
10061 4093 4094 4090 
10062 4089 4793 4093 
10063 4088 4092 4091 
10064 4089 4093 4090 
10065 4088 4091 4087 
10066 4089 4090 4086 
10067 4717 5064 4674 
10068 4961 5064 4946 
10069 4087 4089 4086 
10070 4085 4088 4087 
10071 4674 5064 4961 
10072 4770 4771 4497 
10073 4085 4087 4086 
10074 4083 4785 4085 
10075 4085 4086 4084 
10076 4084 4770 4497 
10077 4625 5065 4549 
10078 4550 5065 5037 
10079 4599 5126 4749 
10080 4549 5065 4550 
10081 4742 5140 4014 
10082 4925 5066 4224 
10083 4084 4497 4082 
10084 4083 4085 4084 
10085 4051 5143 4472 
10086 4689 5066 4925 
10087 4302 5074 5050 
10088 4488 4713 4701 
10089 4330 5075 4944 
10090 4642 5075 5040 
10091 4768 5129 4838 
10092 4764 5268 5128 
10093 4081 4576 4083 
10094 4083 4084 4082 
10095 4585 4711 4710 
10096 4743 5077 4745 
10097 592 4064 591 
10098 595 4037 594 
10099 693 4063 692 
10100 598 4004 597 
10101 600 4075 599 
10102 602 4025 601 
10103 605 4066 604 
10104 687 4005 686 
10105 690 4038 689 
10106 683 4026 682 
10107 680 4065 679 
10108 685 4074 684 
10109 601 5069 600 
10110 684 5067 683 
10111 599 5071 598 
10112 688 5068 687 
10113 686 5070 685 
10114 5050 5074 4537 
10115 4722 5240 4723 
10116 4055 5124 4860 
10117 5040 5075 4330 
10118 4625 5134 5068 
10119 4220 5077 4828 
10120 4590 5077 4743 
10121 4106 5078 4109 
10122 5066 5080 4224 
10123 4724 5205 4065 
10124 4036 5204 4723 
10125 4946 5079 4246 
10126 4455 4747 4028 
10127 4459 4628 4027 
10128 4302 5083 5074 
10129 4464 4749 3993 
10130 4221 5080 4220 
10131 4713 5254 4701 
10132 4745 5080 5066 
10133 4020 4645 4443 
10134 4814 5194 4047 
10135 4025 5069 601 
10136 4074 5067 684 
10137 683 5067 4026 
10138 687 5068 4005 
10139 685 5070 4074 
10140 4005 5070 686 
10141 600 5069 4075 
10142 598 5071 4004 
10143 4075 5071 599 
10144 4651 5081 4650 
10145 4778 5081 4775 
10146 4887 5082 647 
10147 646 5082 4040 
10148 5074 5083 4721 
10149 4246 5083 4247 
10150 4488 4701 4474 
10151 4431 5143 4013 
10152 4721 5079 4719 
10153 4719 5079 5064 
10154 4779 5087 4781 
10155 4828 5077 4590 
10156 4105 5078 4106 
10157 4899 5133 4538 
10158 5009 5213 5002 
10159 5064 5079 4946 
10160 694 5072 693 
10161 4224 5080 4221 
10162 5160 5219 4726 
10163 4062 5149 4933 
10164 4081 4083 4082 
10165 5175 5241 4767 
10166 4484 4715 4714 
10167 4585 4710 4695 
10168 4727 5151 4067 
10169 4336 5087 4787 
10170 4776 5087 4779 
10171 4754 5084 4755 
10172 5095 5139 4442 
10173 4629 5243 4631 
10174 4689 5104 5066 
10175 4458 5109 4654 
10176 691 5248 5038 
10177 4922 5089 4627 
10178 4537 5090 4483 
10179 5068 5134 4005 
10180 4775 5081 4651 
10181 647 5082 646 
10182 4539 5091 4752 
10183 4035 5236 4890 
10184 4247 5083 4302 
10185 4720 5088 4721 
10186 5095 5184 4623 
10187 4924 5141 4073 
10188 4593 5092 4826 
10189 4870 5092 5003 
10190 4746 5156 4645 
10191 4026 5086 682 
10192 4484 5093 4715 
10193 5074 5088 4537 
10194 4721 5088 5074 
10195 4956 5096 4643 
10196 4555 5097 4829 
10197 668 5098 4000 
10198 4890 5098 669 
10199 4652 5085 4653 
10200 4588 5101 4794 
10201 4742 5101 4589 
10202 655 5102 4069 
10203 5078 5218 4735 
10204 4037 5094 594 
10205 4578 5103 4802 
10206 4790 5103 4577 
10207 5128 5268 4078 
10208 4783 5114 4818 
10209 4669 5212 5110 
10210 5001 5211 5107 
10211 5112 5202 4667 
10212 5001 5107 4445 
10213 5183 5200 4730 
10214 4652 5181 5085 
10215 682 5086 681 
10216 4761 5131 4695 
10217 470 5253 471 
10218 4763 5112 4667 
10219 4791 5113 4336 
10220 5073 5135 4452 
10221 4787 5087 4776 
10222 5073 5210 5002 
10223 4103 5114 4791 
10224 4818 5114 4799 
10225 5069 5091 4075 
10226 4772 5089 4323 
10227 4713 5089 4772 
10228 5134 5186 4005 
10229 4723 5088 4720 
10230 4323 5089 4922 
10231 4483 5090 4644 
10232 5138 5220 5153 
10233 4471 5269 4766 
10234 4823 5203 4033 
10235 4038 5106 689 
10236 688 5106 5068 
10237 3992 4684 4463 
10238 5189 5222 4709 
10239 4014 5144 4742 
10240 4058 5168 5105 
10241 4032 5160 4454 
10242 4009 4488 4474 
10243 4587 5091 4539 
10244 4434 4746 4645 
10245 4886 5215 4045 
10246 4861 5115 4598 
10247 4030 5269 4471 
10248 4600 5187 3999 
10249 5003 5092 4593 
10250 4541 5093 4641 
10251 4784 5136 4071 
10252 4049 4764 4489 
10253 4654 4766 4053 
10254 4466 4768 4684 
10255 4467 4769 4600 
10256 4626 5119 4884 
10257 5136 5178 4041 
10258 4067 5189 4739 
10259 4682 5192 4958 
10260 594 5094 593 
10261 4690 5120 4850 
10262 651 5122 4070 
10263 4042 5122 652 
10264 4924 5264 5141 
10265 4811 5258 4061 
10266 5010 5123 5009 
10267 4860 5124 4859 
10268 4064 5108 591 
10269 4683 5096 4956 
10270 4404 5126 4652 
10271 680 5117 4065 
10272 4571 5097 4555 
10273 5107 5211 4628 
10274 4858 5129 4860 
10275 4838 5129 4475 
10276 4697 5200 4706 
10277 4619 5130 4662 
10278 4644 5204 4888 
10279 4043 5227 4802 
10280 669 5098 668 
10281 4803 5132 4801 
10282 4586 5132 4655 
10283 4830 5116 4869 
10284 4400 5100 4805 
10285 4643 5209 4690 
10286 4572 5134 4625 
10287 4760 5260 4685 
10288 4829 5214 4830 
10289 591 5108 590 
10290 4071 5136 633 
10291 632 5136 4041 
10292 592 5125 4064 
10293 4640 5199 4765 
10294 4069 5133 4898 
10295 5073 5213 5072 
10296 4589 5101 4588 
10297 656 5102 655 
10298 4581 5073 5072 
10299 4729 5252 4244 
10300 4430 5140 4431 
10301 4746 5267 5156 
10302 5091 5118 4075 
10303 4795 5141 4591 
10304 4812 5258 4811 
10305 4543 5108 4765 
10306 4577 5103 4578 
10307 4745 5104 4744 
10308 4900 5146 4697 
10309 4081 4082 4080 
10310 4336 5113 5087 
10311 4732 5147 4731 
10312 4592 5149 4824 
10313 4457 4726 4456 
10314 4484 4714 4461 
10315 4585 4695 4468 
10316 360 5262 361 
10317 4391 5150 4248 
10318 4245 5150 4244 
10319 4067 5151 628 
10320 627 5151 4047 
10321 5066 5104 4745 
10322 4606 5105 4929 
10323 4769 5100 4600 
10324 4445 5107 4444 
10325 4780 5216 4044 
10326 5023 5154 4679 
10327 4724 5154 4646 
10328 5086 5117 681 
10329 4823 5155 5041 
10330 4441 5202 5112 
10331 4587 5118 5091 
10332 689 5106 688 
10333 4596 5157 4629 
10334 4822 5247 4871 
10335 4061 5192 4811 
10336 636 5166 4044 
10337 4576 5112 4763 
10338 5119 5190 5158 
10339 4691 5156 4396 
10340 4457 5145 4726 
10341 4070 5174 650 
10342 649 5174 4045 
10343 4750 5169 4449 
10344 4420 5175 4602 
10345 4992 5175 4522 
10346 4644 5176 4482 
10347 4638 5177 4693 
10348 4035 5185 4891 
10349 4664 5183 4730 
10350 671 5185 4035 
10351 607 5110 606 
10352 678 5111 677 
10353 629 5189 4067 
10354 4011 4704 4433 
10355 4473 5144 4052 
10356 4649 5191 4807 
10357 4704 5230 4705 
10358 4046 5173 4718 
10359 4781 5113 4783 
10360 259 5268 260 
10361 313 5269 314 
10362 288 5270 289 
10363 4381 5148 4382 
10364 456 5271 457 
10365 4451 5211 4452 
10366 4799 5114 4103 
10367 4435 5183 4446 
10368 4869 5116 4870 
10369 389 5265 390 
10370 4872 5203 4822 
10371 4005 5186 5070 
10372 5094 5125 593 
10373 4826 5225 4874 
10374 4822 5203 4821 
10375 5087 5113 4781 
10376 5078 5229 4109 
10377 4811 5192 4637 
10378 596 5201 595 
10379 5131 5165 3995 
10380 4657 5215 4658 
10381 4705 5230 4736 
10382 4706 5207 4490 
10383 4000 5120 4916 
10384 4044 5216 635 
10385 634 5216 4071 
10386 4678 5218 4796 
10387 4449 5169 4450 
10388 4484 5251 5093 
10389 4041 5222 631 
10390 4081 5263 4576 
10391 621 5225 4022 
10392 4874 5225 622 
10393 4824 5247 4822 
10394 4736 5229 5078 
10395 4419 5280 4504 
10396 643 5227 4043 
10397 4065 5205 679 
10398 4905 5229 4624 
10399 4046 5233 657 
10400 4660 5236 4533 
10401 4948 5274 4595 
10402 4765 5279 4640 
10403 4653 5115 4861 
10404 4659 5238 4669 
10405 4932 5116 4072 
10406 660 5240 659 
10407 4930 5242 4931 
10408 4666 5109 4458 
10409 673 5258 672 
10410 4622 5254 4896 
10411 4244 5252 4241 
10412 4382 5249 4521 
10413 605 5212 4066 
10414 4504 5280 5076 
10415 4663 5244 4699 
10416 386 4737 387 
10417 4105 5218 5078 
10418 691 5272 690 
10419 340 4733 341 
10420 5186 5217 5070 
10421 357 4740 358 
10422 681 5117 680 
10423 4608 5118 4587 
10424 4627 5119 4626 
10425 4075 5118 5071 
10426 16 5234 676 
10427 608 5235 15 
10428 4063 5248 692 
10429 5093 5249 4715 
10430 658 5173 4046 
10431 677 5234 16 
10432 15 5235 607 
10433 4648 5259 4703 
10434 5110 5231 4669 
10435 4850 5120 4661 
10436 4595 5196 4688 
10437 4777 5166 4778 
10438 652 5122 651 
10439 5038 5123 5010 
10440 4859 5124 5053 
10441 4002 4750 4449 
10442 4723 5204 5090 
10443 4662 5131 4761 
10444 4603 5126 4404 
10445 593 5125 592 
10446 4018 5195 4439 
10447 4702 5162 4029 
10448 4784 5178 5136 
10449 4436 5200 5183 
10450 344 5275 345 
10451 4450 5188 4031 
10452 5100 5206 4805 
10453 4707 5178 4708 
10454 4627 5190 5119 
10455 4653 5145 5115 
10456 341 4733 4016 
10457 4069 5261 5133 
10458 4769 5206 5100 
10459 5093 5251 4641 
10460 358 4740 4015 
10461 4475 5129 4858 
10462 4935 5194 4631 
10463 4631 5194 4632 
10464 4650 5197 4795 
10465 5053 5130 4619 
10466 4452 5253 4048 
10467 4898 5133 4899 
10468 387 4737 4017 
10469 5118 5152 5071 
10470 4077 5109 4666 
10471 4899 5208 4042 
10472 4801 5132 4586 
10473 4538 5133 4671 
10474 4628 5211 4451 
10475 4541 5249 5093 
10476 4608 5152 5118 
10477 4750 5280 4601 
10478 4633 5134 4572 
10479 4606 5206 5105 
10480 4766 5137 4767 
10481 590 5108 4543 
10482 5121 5274 4698 
10483 633 5136 632 
10484 4712 5208 4647 
10485 4623 5139 5095 
10486 5135 5253 4452 
10487 656 5233 5102 
10488 4042 5208 5122 
10489 4737 4738 4017 
10490 5119 5221 4884 
10491 4548 5148 4381 
10492 4432 5121 4490 
10493 5161 5251 4484 
10494 678 5205 5111 
10495 4641 5138 4642 
10496 4624 5139 4623 
10497 268 4756 269 
10498 410 4757 411 
10499 441 4758 442 
10500 273 4759 274 
10501 4741 5140 4742 
10502 4601 5169 4750 
10503 4591 5141 4790 
10504 5070 5217 4074 
10505 4581 5072 694 
10506 659 5173 658 
10507 5110 5212 606 
10508 4581 5135 5073 
10509 4654 5137 4766 
10510 4045 5215 4887 
10511 4975 5164 5147 
10512 4860 5170 4055 
10513 4240 5146 4900 
10514 4738 5274 5121 
10515 4436 5183 4435 
10516 5116 5237 4870 
10517 5138 5153 4642 
10518 4975 5147 4732 
10519 4026 5273 5016 
10520 4668 5149 4592 
10521 4803 5227 644 
10522 5141 5264 4790 
10523 4000 5245 5120 
10524 5132 5246 4655 
10525 4715 5148 4714 
10526 4633 5186 5134 
10527 5123 5248 4063 
10528 5076 5280 4750 
10529 4452 5210 5073 
10530 4248 5150 4245 
10531 4807 5152 4608 
10532 628 5151 627 
10533 5217 5239 4074 
10534 4488 5190 4713 
10535 4685 5199 4640 
10536 4456 5219 4665 
10537 4642 5153 5075 
10538 4759 5131 3995 
10539 4932 5237 5116 
10540 4699 5153 4487 
10541 4702 5278 5162 
10542 4646 5154 5023 
10543 4391 5244 5150 
10544 5071 5152 4004 
10545 4396 5156 4771 
10546 5041 5155 4571 
10547 5085 5145 4653 
10548 5075 5153 4699 
10549 5081 5197 4650 
10550 5109 5226 4654 
10551 4009 4474 4437 
10552 4825 5157 4596 
10553 5195 5257 4688 
10554 4430 4431 4013 
10555 4432 4490 4010 
10556 4632 5194 4814 
10557 4051 4472 4440 
10558 4434 4645 4020 
10559 637 5166 636 
10560 4004 5223 597 
10561 4718 5173 4722 
10562 5120 5245 4661 
10563 650 5174 649 
10564 4873 5214 4001 
10565 269 4756 3998 
10566 411 4757 4006 
10567 442 4758 3988 
10568 274 4759 3995 
10569 4522 5175 4420 
10570 5142 5263 4081 
10571 4482 5176 4683 
10572 4640 5177 4638 
10573 5147 5164 3988 
10574 4888 5204 4036 
10575 4782 5193 4784 
10576 3998 4756 4585 
10577 4006 4757 4748 
10578 4039 5197 5081 
10579 4891 5185 4812 
10580 4688 5257 4689 
10581 4682 5232 4724 
10582 5167 5242 4930 
10583 4446 5183 4664 
10584 4701 5184 4474 
10585 4802 5227 4803 
10586 4443 5198 4473 
10587 4689 5257 5104 
10588 4623 5184 4622 
10589 3991 5221 5119 
10590 4713 5190 5089 
10591 672 5185 671 
10592 4635 5186 4633 
10593 5133 5261 4671 
10594 4049 4489 4455 
10595 4032 4454 4453 
10596 4458 4654 4053 
10597 4003 4599 4464 
10598 4466 4684 3992 
10599 4030 4471 4470 
10600 4467 4600 3999 
10601 4818 5193 4783 
10602 4064 5279 5108 
10603 4930 5168 3987 
10604 630 5189 629 
10605 4033 5203 4872 
10606 4751 5250 4471 
10607 4703 5259 5201 
10608 4068 5209 4889 
10609 5127 5135 4581 
10610 5089 5190 4627 
10611 5072 5213 4063 
10612 4703 5191 4649 
10613 4655 5246 4657 
10614 4637 5192 4682 
10615 4459 5187 4692 
10616 4783 5193 4782 
10617 4074 5239 5067 
10618 4958 5192 4061 
10619 4047 5194 4935 
10620 4240 5252 5146 
10621 5085 5181 4454 
10622 4471 5241 4751 
10623 4936 5197 4039 
10624 4884 5221 4060 
10625 597 5223 596 
10626 5156 5267 4771 
10627 5239 5273 5067 
10628 4635 5217 5186 
10629 4738 5265 4017 
10630 4657 5246 5082 
10631 4001 5214 5097 
10632 4007 5250 5163 
10633 5122 5208 4712 
10634 4037 5259 5039 
10635 4667 5202 4677 
10636 4821 5203 4823 
10637 630 5222 5189 
10638 595 5201 4037 
10639 4805 5206 4606 
10640 5149 5247 4824 
10641 5096 5209 4643 
10642 679 5205 678 
10643 5158 5190 4488 
10644 5102 5261 4069 
10645 4433 4733 340 
10646 4080 4740 357 
10647 4043 5264 4924 
10648 4439 4737 386 
10649 5002 5210 5001 
10650 4758 5147 3988 
10651 5097 5214 4829 
10652 606 5212 605 
10653 4658 5215 4886 
10654 4469 5228 4702 
10655 4889 5209 5096 
10656 635 5216 634 
10657 4670 5217 4635 
10658 4796 5218 4105 
10659 5121 5265 4738 
10660 4762 5266 4692 
10661 4444 5266 4762 
10662 4009 4437 330 
10663 4040 5246 5132 
10664 375 4430 4013 
10665 392 4432 4010 
10666 5157 5243 4629 
10667 4051 4440 381 
10668 4737 5196 4738 
10669 589 5128 588 
10670 696 5127 695 
10671 4010 4594 395 
10672 364 4434 4020 
10673 257 5256 4078 
10674 4079 5255 474 
10675 333 4437 4024 
10676 347 4438 4019 
10677 397 4594 4023 
10678 383 4440 4018 
10679 5067 5273 4026 
10680 354 5142 4012 
10681 379 5143 4051 
10682 371 5144 4014 
10683 4487 5220 4008 
10684 5104 5257 4472 
10685 5098 5245 4000 
10686 4472 5195 4440 
10687 4870 5237 5092 
10688 5090 5204 4644 
10689 631 5222 630 
10690 4670 5239 5217 
10691 622 5225 621 
10692 4493 5235 608 
10693 676 5234 4492 
10694 4050 5142 352 
10695 4011 4433 338 
10696 4052 5144 369 
10697 4012 4080 355 
10698 4013 5143 377 
10699 3987 5167 4930 
10700 644 5227 643 
10701 4711 5260 4760 
10702 4109 5229 4905 
10703 4669 5231 4668 
10704 4490 5207 4010 
10705 4020 4443 365 
10706 4024 4442 334 
10707 657 5233 656 
10708 4018 4439 384 
10709 4019 4441 348 
10710 4023 4435 398 
10711 5145 5278 5115 
10712 4533 5236 4725 
10713 4726 5219 4456 
10714 5153 5220 4487 
10715 4460 4756 268 
10716 4461 4757 410 
10717 4465 4758 441 
10718 4468 4759 273 
10719 4079 5135 5127 
10720 4767 5241 4471 
10721 4751 5241 4992 
10722 4012 4081 4080 
10723 4023 4436 4435 
10724 4024 5095 4442 
10725 4022 5237 4932 
10726 4970 5238 4659 
10727 5015 5239 4670 
10728 4036 5240 660 
10729 4543 5128 589 
10730 695 5127 4581 
10731 4931 5242 4975 
10732 4934 5243 4034 
10733 4027 4628 4451 
10734 4054 4457 4456 
10735 4028 4747 4460 
10736 3996 4484 4461 
10737 3993 4749 4465 
10738 3998 4585 4468 
10739 4006 4748 4469 
10740 4728 5244 4663 
10741 4673 5261 5102 
10742 4661 5245 4660 
10743 5082 5246 4040 
10744 4871 5247 4062 
10745 4027 4451 467 
10746 4002 4449 298 
10747 4028 4460 267 
10748 4054 4456 421 
10749 3996 4461 409 
10750 5103 5264 4043 
10751 3992 4463 294 
10752 3993 4465 440 
10753 3998 4468 272 
10754 4006 4469 414 
10755 4467 5271 4769 
10756 4466 5270 4768 
10757 4766 5269 4053 
10758 4049 5268 4764 
10759 5015 5273 5239 
10760 5053 5180 5130 
10761 4521 5249 4541 
10762 5150 5244 4728 
10763 4493 5231 5110 
10764 4057 5165 5130 
10765 5039 5259 4648 
10766 4241 5252 4240 
10767 5171 5219 4076 
10768 4790 5264 5103 
10769 692 5248 691 
10770 4896 5254 4399 
10771 4061 5258 673 
10772 4671 5261 4673 
10773 5038 5248 5123 
10774 4771 5267 4497 
10775 5016 5273 5015 
10776 4698 5274 4948 
10777 403 5159 4059 
10778 3990 5159 402 
10779 4601 5280 4419 
10780 4076 5160 428 
10781 429 5160 4032 
10782 4049 4455 262 
10783 4032 4453 431 
10784 308 4666 4458 
10785 433 4453 4003 
10786 264 4455 4028 
10787 4059 5161 405 
10788 406 5161 3996 
10789 310 4458 4053 
10790 4003 4464 435 
10791 465 4459 4027 
10792 323 4462 3997 
10793 419 5162 4054 
10794 4029 5162 418 
10795 437 4464 3993 
10796 321 5163 4462 
10797 4007 5163 320 
10798 292 4466 3992 
10799 4030 4470 315 
10800 460 4467 3999 
10801 317 4470 4007 
10802 3988 5164 444 
10803 445 5164 4056 
10804 3995 5165 276 
10805 277 5165 4057 
10806 4056 5167 447 
10807 448 5167 3987 
10808 3987 5168 451 
10809 452 5168 4058 
10810 426 5171 427 
10811 4055 5170 285 
10812 287 5170 3989 
10813 424 5171 425 
10814 4434 5262 4746 
10815 5092 5237 4022 
10816 690 5272 4038 
10817 5191 5223 4004 
10818 4057 5180 279 
10819 5177 5279 4064 
10820 4624 5230 5139 
10821 5139 5230 4704 
10822 326 5182 4060 
10823 4660 5245 5098 
10824 4471 5250 4470 
10825 4009 5158 4488 
10826 4740 5179 4015 
10827 463 5187 4459 
10828 303 5188 4077 
10829 281 5180 3986 
10830 4077 5172 304 
10831 3997 5182 324 
10832 3999 5187 461 
10833 4665 5219 5171 
10834 4031 5188 301 
10835 5110 5235 4493 
10836 4492 5234 5111 
10837 607 5235 5110 
10838 5111 5234 677 
10839 5111 5232 4492 
10840 3990 5220 5138 
10841 4748 5228 4469 
10842 5179 5262 4015 
10843 4746 5262 5179 
10844 4076 5219 5160 
10845 4640 5279 5177 
10846 362 5262 4434 
10847 4452 5211 5210 
10848 5210 5211 5001 
10849 391 5265 4432 
10850 4060 5221 327 
10851 4062 5247 5149 
10852 4016 5275 343 
10853 4058 5224 453 
10854 4440 5195 4018 
10855 4019 5202 4441 
10856 5107 5266 4444 
10857 5099 5275 4016 
10858 5138 5159 3990 
10859 4576 5263 5112 
10860 4975 5242 5164 
10861 4012 5142 4081 
10862 4654 5226 5137 
10863 5164 5242 4056 
10864 5105 5224 4058 
10865 5162 5278 4457 
10866 472 5253 4079 
10867 4077 5188 5109 
10868 4010 5207 4594 
10869 4457 5278 5145 
10870 3996 5161 4484 
10871 4054 5162 4457 
10872 261 5268 4049 
10873 4053 5269 312 
10874 290 5270 4466 
10875 458 5271 4467 
10876 5119 5158 3991 
10877 4497 5267 5179 
10878 5115 5278 4702 
10879 4034 5243 5157 
10880 5108 5279 4765 
10881 4703 5223 5191 
10882 4666 5172 4077 
10883 4432 5265 5121 
10884 5179 5267 4746 
10885 4056 5242 5167 
10886 5130 5180 4057 
10887 329 5221 3991 
10888 455 5224 3994 
10889 4439 5196 4737 
10890 4079 5253 5135 
10891 4472 5257 5195 
10892 5201 5259 4037 
10893 4470 5250 4007 
10894 4050 5263 5142 
10895 9 5158 4009 
10896 4008 5220 10 
10897 5159 5251 4059 
10898 4059 5251 5161 
10899 4048 5253 470 
10900 4078 5256 5128 
10901 5127 5255 4079 
10902 4015 5262 360 
10903 3991 5158 9 
10904 4017 5265 389 
10905 10 5220 3990 
10906 4078 5268 259 
10907 314 5269 4030 
10908 3989 5270 288 
10909 3994 5271 456 
10910 345 5275 4438 
10911 5172 5276 305 
10912 5128 5256 588 
10913 696 5255 5127 
10914 588 5256 7 
10915 12 5255 696 
10916 401 4008 10 
10917 9 4009 330 
10918 383 4018 384 
10919 347 4019 348 
10920 397 4023 398 
10921 333 4024 334 
10922 364 4020 365 
10923 395 4594 396 
10924 381 4440 382 
10925 391 4432 392 
10926 374 4430 375 
10927 388 4017 389 
10928 342 4016 343 
10929 359 4015 360 
10930 371 4014 372 
10931 345 4438 346 
10932 331 4437 332 
10933 354 4012 355 
10934 376 4013 377 
10935 368 4052 369 
10936 362 4434 363 
10937 337 4011 338 
10938 393 4010 394 
10939 379 4051 380 
10940 351 4050 352 
10941 329 3991 9 
10942 10 3990 402 
10943 472 4079 473 
10944 427 4076 428 
10945 258 4078 259 
10946 303 4077 304 
10947 261 4049 262 
10948 430 4032 431 
10949 300 4031 301 
10950 469 4048 470 
10951 307 4666 308 
10952 423 4665 424 
10953 432 4453 433 
10954 263 4455 264 
10955 404 4059 405 
10956 326 4060 327 
10957 309 4458 310 
10958 434 4003 435 
10959 296 4002 297 
10960 265 4028 266 
10961 465 4027 466 
10962 323 3997 324 
10963 419 4054 420 
10964 311 4053 312 
10965 407 3996 408 
10966 463 4459 464 
10967 436 4464 437 
10968 321 4462 322 
10969 438 3993 439 
10970 292 3992 293 
10971 416 4029 417 
10972 314 4030 315 
10973 460 3999 461 
10974 270 3998 271 
10975 290 4466 291 
10976 318 4007 319 
10977 316 4470 317 
10978 412 4006 413 
10979 458 4467 459 
10980 443 3988 444 
10981 287 3989 288 
10982 275 3995 276 
10983 455 3994 456 
10984 284 4055 285 
10985 446 4056 447 
10986 278 4057 279 
10987 452 4058 453 
10988 449 3987 450 
10989 281 3986 282 
10990 427 5171 4076 
10991 4665 5171 424 
10992 306 5172 307 
10993 474 5255 12 
10994 7 5256 257 
10995 305 5276 8 
10996 11 5277 426 
10997 425 5277 11 
10998 8 5276 306 
10999 307 5172 4666 
11000 5171 5277 425 
11001 426 5277 5171 
11002 306 5276 5172 
$EndElements
